location_id,warehouse_id,zone,aisle,rack,bin,location_type,max_weight_lbs,max_volume_cuft,is_active,_ingested_at
LOC-OR-05-O07-05,WH-NOR-05,RECEIVING,O,07,05,HAZMAT,5000,48.0,True,2026-04-30T04:36:50.726872
LOC-AS-02-O06-08,WH-EAS-02,ZONE-A,O,06,08,BULK,2000,136.9,True,2026-04-30T04:36:50.726872
LOC-OU-09-J29-05,WH-SOU-09,SHIPPING,J,29,05,STANDARD,1000,160.8,True,2026-04-30T04:36:50.726872
LOC-AS-02-G26-03,WH-EAS-02,ZONE-B,G,26,03,BULK,500,78.6,True,2026-04-30T04:36:50.726872
LOC-EN-08-E20-02,WH-CEN-08,ZONE-A,E,20,02,STANDARD,5000,109.9,True,2026-04-30T04:36:50.726872
LOC-EN-10-C05-06,WH-CEN-10,RECEIVING,C,05,06,STANDARD,5000,139.2,True,2026-04-30T04:36:50.726872
LOC-OU-09-F25-03,WH-SOU-09,ZONE-D,F,25,03,STANDARD,500,168.0,True,2026-04-30T04:36:50.726872
LOC-OR-05-F06-06,WH-NOR-05,RECEIVING,F,06,06,STANDARD,2000,170.7,True,2026-04-30T04:36:50.726872
LOC-OU-09-I05-05,WH-SOU-09,ZONE-E,I,05,05,STANDARD,1000,122.4,True,2026-04-30T04:36:50.726872
LOC-AS-03-K27-01,WH-EAS-03,SHIPPING,K,27,01,COLD,500,18.6,True,2026-04-30T04:36:50.726872
LOC-EN-10-I21-04,WH-CEN-10,SHIPPING,I,21,04,STANDARD,500,104.6,True,2026-04-30T04:36:50.726872
LOC-OR-05-J16-04,WH-NOR-05,SHIPPING,J,16,04,BULK,5000,66.5,True,2026-04-30T04:36:50.726872
LOC-AS-01-F15-07,WH-EAS-01,ZONE-D,F,15,07,STANDARD,2000,125.3,True,2026-04-30T04:36:50.726872
LOC-AS-06-L13-03,WH-EAS-06,SHIPPING,L,13,03,STANDARD,500,70.6,True,2026-04-30T04:36:50.726872
LOC-OR-05-O08-03,WH-NOR-05,ZONE-A,O,08,03,STANDARD,5000,174.2,True,2026-04-30T04:36:50.726872
LOC-AS-03-K30-06,WH-EAS-03,ZONE-B,K,30,06,BULK,5000,199.2,True,2026-04-30T04:36:50.726872
LOC-OR-05-P01-02,WH-NOR-05,ZONE-D,P,01,02,STANDARD,1000,50.9,True,2026-04-30T04:36:50.726872
LOC-AS-01-J16-08,WH-EAS-01,ZONE-C,J,16,08,STANDARD,500,91.9,True,2026-04-30T04:36:50.726872
LOC-AS-06-M12-01,WH-EAS-06,ZONE-D,M,12,01,STANDARD,1000,78.9,True,2026-04-30T04:36:50.726872
LOC-ES-07-O25-05,WH-WES-07,SHIPPING,O,25,05,OVERSIZE,500,34.4,True,2026-04-30T04:36:50.726872
LOC-AS-06-K18-06,WH-EAS-06,SHIPPING,K,18,06,STANDARD,5000,105.0,True,2026-04-30T04:36:50.726872
LOC-AS-03-K26-08,WH-EAS-03,ZONE-E,K,26,08,STANDARD,1000,72.3,True,2026-04-30T04:36:50.726872
LOC-AS-03-M20-05,WH-EAS-03,ZONE-E,M,20,05,STANDARD,5000,144.7,True,2026-04-30T04:36:50.726872
LOC-AS-01-L11-02,WH-EAS-01,ZONE-D,L,11,02,STANDARD,500,123.4,True,2026-04-30T04:36:50.726872
LOC-EN-10-H24-01,WH-CEN-10,ZONE-E,H,24,01,STANDARD,5000,38.1,True,2026-04-30T04:36:50.726872
LOC-AS-01-D07-01,WH-EAS-01,ZONE-D,D,07,01,STANDARD,1000,88.5,True,2026-04-30T04:36:50.726872
LOC-OU-09-P28-01,WH-SOU-09,RECEIVING,P,28,01,STANDARD,1000,116.6,False,2026-04-30T04:36:50.726872
LOC-EN-08-M11-03,WH-CEN-08,ZONE-D,M,11,03,HAZMAT,2000,113.8,True,2026-04-30T04:36:50.726872
LOC-OR-05-P07-04,WH-NOR-05,ZONE-C,P,07,04,STANDARD,1000,188.9,False,2026-04-30T04:36:50.726872
LOC-OR-05-G23-08,WH-NOR-05,ZONE-C,G,23,08,STANDARD,2000,64.7,True,2026-04-30T04:36:50.726872
LOC-OU-09-M29-07,WH-SOU-09,SHIPPING,M,29,07,STANDARD,1000,65.2,True,2026-04-30T04:36:50.726872
LOC-AS-02-L30-08,WH-EAS-02,RECEIVING,L,30,08,STANDARD,5000,50.7,True,2026-04-30T04:36:50.726872
LOC-OR-05-I05-02,WH-NOR-05,ZONE-E,I,05,02,BULK,1000,56.1,True,2026-04-30T04:36:50.726872
LOC-OU-09-H21-04,WH-SOU-09,ZONE-A,H,21,04,STANDARD,2000,146.3,True,2026-04-30T04:36:50.726872
LOC-AS-03-A18-03,WH-EAS-03,ZONE-D,A,18,03,STANDARD,5000,100.7,True,2026-04-30T04:36:50.726872
LOC-OR-05-K10-01,WH-NOR-05,SHIPPING,K,10,01,STANDARD,1000,111.7,True,2026-04-30T04:36:50.726872
LOC-AS-01-F14-03,WH-EAS-01,ZONE-A,F,14,03,OVERSIZE,5000,159.7,True,2026-04-30T04:36:50.726872
LOC-OR-05-B01-05,WH-NOR-05,ZONE-E,B,01,05,STANDARD,2000,64.1,False,2026-04-30T04:36:50.726872
LOC-OU-09-P29-03,WH-SOU-09,SHIPPING,P,29,03,STANDARD,2000,46.6,True,2026-04-30T04:36:50.726872
LOC-AS-03-O21-05,WH-EAS-03,RECEIVING,O,21,05,STANDARD,2000,160.2,True,2026-04-30T04:36:50.726872
LOC-OR-04-F20-07,WH-NOR-04,SHIPPING,F,20,07,STANDARD,2000,26.5,True,2026-04-30T04:36:50.726872
LOC-AS-03-E16-06,WH-EAS-03,ZONE-B,E,16,06,STANDARD,5000,54.7,True,2026-04-30T04:36:50.726872
LOC-AS-06-J19-01,WH-EAS-06,ZONE-C,J,19,01,STANDARD,1000,21.8,True,2026-04-30T04:36:50.726872
LOC-OR-05-F13-05,WH-NOR-05,RECEIVING,F,13,05,STANDARD,2000,79.8,True,2026-04-30T04:36:50.726872
LOC-AS-03-P05-08,WH-EAS-03,RECEIVING,P,05,08,OVERSIZE,2000,89.0,True,2026-04-30T04:36:50.726872
LOC-EN-08-G25-04,WH-CEN-08,RECEIVING,G,25,04,BULK,500,109.8,True,2026-04-30T04:36:50.726872
LOC-AS-06-C30-02,WH-EAS-06,ZONE-A,C,30,02,BULK,1000,118.8,True,2026-04-30T04:36:50.726872
LOC-AS-06-O04-04,WH-EAS-06,RECEIVING,O,04,04,STANDARD,500,180.8,True,2026-04-30T04:36:50.726872
LOC-AS-01-O05-07,WH-EAS-01,ZONE-D,O,05,07,STANDARD,5000,137.8,True,2026-04-30T04:36:50.726872
LOC-AS-01-M09-01,WH-EAS-01,RECEIVING,M,09,01,STANDARD,500,18.6,True,2026-04-30T04:36:50.726872
LOC-AS-02-B30-02,WH-EAS-02,ZONE-D,B,30,02,STANDARD,5000,44.2,True,2026-04-30T04:36:50.726872
LOC-ES-07-L29-07,WH-WES-07,ZONE-D,L,29,07,COLD,5000,81.4,True,2026-04-30T04:36:50.726872
LOC-OU-09-E21-06,WH-SOU-09,ZONE-A,E,21,06,STANDARD,5000,110.5,True,2026-04-30T04:36:50.726872
LOC-OR-04-A25-01,WH-NOR-04,ZONE-C,A,25,01,STANDARD,5000,111.1,True,2026-04-30T04:36:50.726872
LOC-OR-04-O12-03,WH-NOR-04,ZONE-C,O,12,03,STANDARD,500,16.1,True,2026-04-30T04:36:50.726872
LOC-EN-10-A08-04,WH-CEN-10,ZONE-A,A,08,04,STANDARD,500,94.8,True,2026-04-30T04:36:50.726872
LOC-AS-01-H24-01,WH-EAS-01,ZONE-D,H,24,01,STANDARD,1000,153.3,True,2026-04-30T04:36:50.726872
LOC-AS-03-J08-06,WH-EAS-03,ZONE-E,J,08,06,STANDARD,2000,55.0,True,2026-04-30T04:36:50.726872
LOC-OU-09-H14-05,WH-SOU-09,ZONE-C,H,14,05,STANDARD,1000,128.9,True,2026-04-30T04:36:50.726872
LOC-EN-08-B12-07,WH-CEN-08,SHIPPING,B,12,07,STANDARD,5000,87.6,True,2026-04-30T04:36:50.726872
LOC-AS-03-P08-04,WH-EAS-03,ZONE-C,P,08,04,COLD,1000,163.1,True,2026-04-30T04:36:50.726872
LOC-OU-09-N14-03,WH-SOU-09,ZONE-D,N,14,03,STANDARD,1000,72.7,True,2026-04-30T04:36:50.726872
LOC-EN-08-L03-04,WH-CEN-08,ZONE-A,L,03,04,STANDARD,500,176.0,True,2026-04-30T04:36:50.726872
LOC-EN-10-G16-04,WH-CEN-10,SHIPPING,G,16,04,COLD,2000,191.8,True,2026-04-30T04:36:50.726872
LOC-OR-04-D24-08,WH-NOR-04,ZONE-B,D,24,08,STANDARD,1000,85.4,True,2026-04-30T04:36:50.726872
LOC-AS-06-J13-08,WH-EAS-06,ZONE-E,J,13,08,STANDARD,2000,59.7,True,2026-04-30T04:36:50.726872
LOC-EN-08-O04-08,WH-CEN-08,SHIPPING,O,04,08,BULK,1000,80.4,True,2026-04-30T04:36:50.726872
LOC-EN-10-H24-03,WH-CEN-10,ZONE-A,H,24,03,STANDARD,5000,66.1,True,2026-04-30T04:36:50.726872
LOC-OR-04-M19-04,WH-NOR-04,ZONE-D,M,19,04,STANDARD,2000,58.9,True,2026-04-30T04:36:50.726872
LOC-EN-08-O06-06,WH-CEN-08,ZONE-B,O,06,06,STANDARD,5000,45.0,True,2026-04-30T04:36:50.726872
LOC-AS-01-B27-02,WH-EAS-01,SHIPPING,B,27,02,STANDARD,500,88.4,True,2026-04-30T04:36:50.726872
LOC-OR-04-C23-03,WH-NOR-04,ZONE-A,C,23,03,STANDARD,5000,80.9,True,2026-04-30T04:36:50.726872
LOC-EN-10-P22-08,WH-CEN-10,ZONE-A,P,22,08,STANDARD,5000,12.3,True,2026-04-30T04:36:50.726872
LOC-OR-05-J01-07,WH-NOR-05,SHIPPING,J,01,07,HAZMAT,1000,30.3,True,2026-04-30T04:36:50.726872
LOC-AS-03-H07-05,WH-EAS-03,SHIPPING,H,07,05,STANDARD,5000,25.0,True,2026-04-30T04:36:50.726872
LOC-EN-08-H23-04,WH-CEN-08,ZONE-C,H,23,04,STANDARD,500,134.2,True,2026-04-30T04:36:50.726872
LOC-AS-01-C13-07,WH-EAS-01,ZONE-D,C,13,07,STANDARD,500,131.0,True,2026-04-30T04:36:50.726872
LOC-AS-02-P28-07,WH-EAS-02,RECEIVING,P,28,07,BULK,500,180.0,True,2026-04-30T04:36:50.726872
LOC-OR-04-G29-08,WH-NOR-04,ZONE-C,G,29,08,STANDARD,500,140.0,True,2026-04-30T04:36:50.726872
LOC-OU-09-B06-06,WH-SOU-09,ZONE-A,B,06,06,OVERSIZE,1000,152.9,True,2026-04-30T04:36:50.726872
LOC-ES-07-C10-03,WH-WES-07,ZONE-E,C,10,03,STANDARD,5000,138.6,True,2026-04-30T04:36:50.726872
LOC-ES-07-E26-02,WH-WES-07,ZONE-E,E,26,02,BULK,2000,20.2,True,2026-04-30T04:36:50.726872
LOC-AS-02-K20-07,WH-EAS-02,SHIPPING,K,20,07,STANDARD,2000,158.9,True,2026-04-30T04:36:50.726872
LOC-OR-04-L18-07,WH-NOR-04,ZONE-D,L,18,07,STANDARD,5000,26.3,True,2026-04-30T04:36:50.726872
LOC-OR-04-C03-05,WH-NOR-04,ZONE-B,C,03,05,STANDARD,1000,150.5,True,2026-04-30T04:36:50.726872
LOC-AS-02-C01-05,WH-EAS-02,ZONE-D,C,01,05,STANDARD,2000,29.4,True,2026-04-30T04:36:50.726872
LOC-ES-07-O18-07,WH-WES-07,ZONE-A,O,18,07,STANDARD,2000,115.3,True,2026-04-30T04:36:50.726872
LOC-AS-06-M01-05,WH-EAS-06,ZONE-D,M,01,05,STANDARD,500,147.7,True,2026-04-30T04:36:50.726872
LOC-OR-04-F22-07,WH-NOR-04,ZONE-B,F,22,07,STANDARD,2000,61.0,True,2026-04-30T04:36:50.726872
LOC-AS-03-N09-07,WH-EAS-03,ZONE-C,N,09,07,STANDARD,500,78.6,True,2026-04-30T04:36:50.726872
LOC-EN-08-G15-02,WH-CEN-08,ZONE-B,G,15,02,STANDARD,5000,73.1,True,2026-04-30T04:36:50.726872
LOC-AS-06-O11-07,WH-EAS-06,SHIPPING,O,11,07,BULK,1000,67.1,True,2026-04-30T04:36:50.726872
LOC-OR-04-P11-03,WH-NOR-04,ZONE-D,P,11,03,OVERSIZE,2000,149.6,True,2026-04-30T04:36:50.726872
LOC-EN-10-H11-07,WH-CEN-10,ZONE-C,H,11,07,BULK,5000,79.4,True,2026-04-30T04:36:50.726872
LOC-OR-04-F22-01,WH-NOR-04,RECEIVING,F,22,01,STANDARD,1000,93.3,True,2026-04-30T04:36:50.726872
LOC-AS-02-N22-08,WH-EAS-02,ZONE-B,N,22,08,STANDARD,1000,58.0,True,2026-04-30T04:36:50.726872
LOC-ES-07-M03-08,WH-WES-07,ZONE-E,M,03,08,STANDARD,5000,111.5,True,2026-04-30T04:36:50.726872
LOC-ES-07-B26-06,WH-WES-07,RECEIVING,B,26,06,COLD,500,30.8,True,2026-04-30T04:36:50.726872
LOC-AS-06-F21-01,WH-EAS-06,ZONE-E,F,21,01,OVERSIZE,5000,193.7,True,2026-04-30T04:36:50.726872
LOC-ES-07-D01-02,WH-WES-07,ZONE-C,D,01,02,STANDARD,1000,94.7,True,2026-04-30T04:36:50.726872
LOC-EN-10-E12-01,WH-CEN-10,ZONE-D,E,12,01,STANDARD,5000,184.9,True,2026-04-30T04:36:50.726872
LOC-AS-03-L10-06,WH-EAS-03,ZONE-D,L,10,06,BULK,5000,76.2,True,2026-04-30T04:36:50.726872
LOC-EN-08-K03-05,WH-CEN-08,ZONE-A,K,03,05,BULK,500,14.3,True,2026-04-30T04:36:50.726872
LOC-AS-02-F30-04,WH-EAS-02,ZONE-E,F,30,04,STANDARD,1000,72.9,True,2026-04-30T04:36:50.726872
LOC-EN-08-H26-07,WH-CEN-08,RECEIVING,H,26,07,STANDARD,5000,85.2,True,2026-04-30T04:36:50.726872
LOC-OR-04-O19-07,WH-NOR-04,ZONE-D,O,19,07,STANDARD,1000,49.1,True,2026-04-30T04:36:50.726872
LOC-AS-02-D26-03,WH-EAS-02,ZONE-C,D,26,03,STANDARD,5000,31.7,True,2026-04-30T04:36:50.726872
LOC-EN-08-K20-07,WH-CEN-08,ZONE-E,K,20,07,STANDARD,500,76.1,True,2026-04-30T04:36:50.726872
LOC-EN-10-F27-05,WH-CEN-10,ZONE-E,F,27,05,STANDARD,1000,69.5,True,2026-04-30T04:36:50.726872
LOC-AS-02-F12-03,WH-EAS-02,ZONE-E,F,12,03,STANDARD,1000,119.2,True,2026-04-30T04:36:50.726872
LOC-EN-08-F18-03,WH-CEN-08,ZONE-D,F,18,03,STANDARD,1000,69.8,True,2026-04-30T04:36:50.726872
LOC-AS-01-L01-08,WH-EAS-01,ZONE-B,L,01,08,STANDARD,5000,193.1,True,2026-04-30T04:36:50.726872
LOC-EN-08-N22-08,WH-CEN-08,ZONE-D,N,22,08,BULK,5000,102.9,True,2026-04-30T04:36:50.726872
LOC-AS-01-H10-01,WH-EAS-01,ZONE-C,H,10,01,STANDARD,2000,42.0,True,2026-04-30T04:36:50.726872
LOC-EN-08-D19-02,WH-CEN-08,ZONE-C,D,19,02,BULK,2000,113.0,True,2026-04-30T04:36:50.726872
LOC-EN-08-G14-02,WH-CEN-08,RECEIVING,G,14,02,BULK,1000,66.6,False,2026-04-30T04:36:50.726872
LOC-EN-08-I12-02,WH-CEN-08,ZONE-D,I,12,02,COLD,500,157.4,True,2026-04-30T04:36:50.726872
LOC-EN-10-L28-07,WH-CEN-10,ZONE-B,L,28,07,STANDARD,1000,164.6,True,2026-04-30T04:36:50.726872
LOC-EN-10-L18-05,WH-CEN-10,ZONE-E,L,18,05,STANDARD,2000,196.0,True,2026-04-30T04:36:50.726872
LOC-EN-10-I28-02,WH-CEN-10,ZONE-B,I,28,02,OVERSIZE,5000,184.6,False,2026-04-30T04:36:50.726872
LOC-AS-03-E08-03,WH-EAS-03,RECEIVING,E,08,03,STANDARD,1000,154.7,True,2026-04-30T04:36:50.726872
LOC-EN-08-E19-05,WH-CEN-08,RECEIVING,E,19,05,STANDARD,5000,24.3,True,2026-04-30T04:36:50.726872
LOC-AS-02-M17-05,WH-EAS-02,RECEIVING,M,17,05,HAZMAT,2000,96.4,True,2026-04-30T04:36:50.726872
LOC-EN-10-A28-02,WH-CEN-10,RECEIVING,A,28,02,OVERSIZE,2000,171.5,True,2026-04-30T04:36:50.726872
LOC-ES-07-G14-04,WH-WES-07,ZONE-D,G,14,04,STANDARD,2000,74.2,True,2026-04-30T04:36:50.726872
LOC-EN-10-P26-06,WH-CEN-10,RECEIVING,P,26,06,BULK,500,28.9,True,2026-04-30T04:36:50.726872
LOC-EN-08-A04-03,WH-CEN-08,ZONE-D,A,04,03,STANDARD,5000,48.4,True,2026-04-30T04:36:50.726872
LOC-AS-03-J06-05,WH-EAS-03,ZONE-A,J,06,05,STANDARD,2000,25.7,True,2026-04-30T04:36:50.726872
LOC-AS-03-B13-05,WH-EAS-03,RECEIVING,B,13,05,STANDARD,1000,91.6,True,2026-04-30T04:36:50.726872
LOC-AS-02-A07-08,WH-EAS-02,ZONE-A,A,07,08,STANDARD,1000,108.7,True,2026-04-30T04:36:50.726872
LOC-AS-01-K27-02,WH-EAS-01,SHIPPING,K,27,02,STANDARD,1000,100.8,True,2026-04-30T04:36:50.726872
LOC-AS-02-D04-06,WH-EAS-02,ZONE-C,D,04,06,COLD,1000,82.7,True,2026-04-30T04:36:50.726872
LOC-AS-03-E03-01,WH-EAS-03,ZONE-E,E,03,01,STANDARD,5000,76.7,True,2026-04-30T04:36:50.726872
LOC-AS-03-N20-08,WH-EAS-03,SHIPPING,N,20,08,STANDARD,500,36.6,True,2026-04-30T04:36:50.726872
LOC-ES-07-L14-06,WH-WES-07,SHIPPING,L,14,06,STANDARD,2000,132.5,True,2026-04-30T04:36:50.726872
LOC-EN-10-J25-01,WH-CEN-10,SHIPPING,J,25,01,BULK,2000,49.0,True,2026-04-30T04:36:50.726872
LOC-OR-04-M10-01,WH-NOR-04,SHIPPING,M,10,01,COLD,1000,104.0,True,2026-04-30T04:36:50.726872
LOC-EN-08-C17-01,WH-CEN-08,ZONE-C,C,17,01,HAZMAT,1000,83.5,True,2026-04-30T04:36:50.726872
LOC-ES-07-L18-03,WH-WES-07,SHIPPING,L,18,03,STANDARD,500,13.2,True,2026-04-30T04:36:50.726872
LOC-OR-05-G02-01,WH-NOR-05,SHIPPING,G,02,01,STANDARD,2000,129.4,True,2026-04-30T04:36:50.726872
LOC-ES-07-N23-07,WH-WES-07,ZONE-A,N,23,07,STANDARD,1000,62.7,True,2026-04-30T04:36:50.726872
LOC-OU-09-G26-03,WH-SOU-09,ZONE-E,G,26,03,STANDARD,500,68.9,True,2026-04-30T04:36:50.726872
LOC-OR-04-B08-02,WH-NOR-04,ZONE-D,B,08,02,STANDARD,500,68.8,True,2026-04-30T04:36:50.726872
LOC-AS-03-D01-03,WH-EAS-03,RECEIVING,D,01,03,STANDARD,5000,191.1,True,2026-04-30T04:36:50.726872
LOC-OR-05-F12-03,WH-NOR-05,RECEIVING,F,12,03,BULK,2000,149.3,True,2026-04-30T04:36:50.726872
LOC-AS-01-K26-07,WH-EAS-01,ZONE-C,K,26,07,STANDARD,2000,145.3,True,2026-04-30T04:36:50.726872
LOC-AS-02-P15-06,WH-EAS-02,ZONE-A,P,15,06,STANDARD,1000,79.9,True,2026-04-30T04:36:50.726872
LOC-AS-02-D08-01,WH-EAS-02,ZONE-A,D,08,01,COLD,500,56.5,True,2026-04-30T04:36:50.726872
LOC-ES-07-E06-01,WH-WES-07,ZONE-E,E,06,01,BULK,5000,52.7,True,2026-04-30T04:36:50.726872
LOC-AS-06-I27-02,WH-EAS-06,ZONE-E,I,27,02,STANDARD,500,44.1,True,2026-04-30T04:36:50.726872
LOC-AS-01-M03-08,WH-EAS-01,SHIPPING,M,03,08,STANDARD,2000,72.2,True,2026-04-30T04:36:50.726872
LOC-AS-01-L07-05,WH-EAS-01,ZONE-E,L,07,05,BULK,1000,98.1,True,2026-04-30T04:36:50.726872
LOC-EN-08-G24-04,WH-CEN-08,ZONE-B,G,24,04,STANDARD,5000,14.5,True,2026-04-30T04:36:50.726872
LOC-AS-01-K01-07,WH-EAS-01,SHIPPING,K,01,07,BULK,2000,29.8,True,2026-04-30T04:36:50.726872
LOC-OR-04-N16-01,WH-NOR-04,ZONE-B,N,16,01,BULK,500,18.3,True,2026-04-30T04:36:50.726872
LOC-OU-09-N23-06,WH-SOU-09,ZONE-D,N,23,06,OVERSIZE,500,120.3,True,2026-04-30T04:36:50.726872
LOC-ES-07-C19-01,WH-WES-07,ZONE-D,C,19,01,STANDARD,1000,55.0,True,2026-04-30T04:36:50.726872
LOC-AS-06-M23-06,WH-EAS-06,ZONE-C,M,23,06,STANDARD,1000,24.2,True,2026-04-30T04:36:50.726872
LOC-EN-10-D05-02,WH-CEN-10,ZONE-B,D,05,02,STANDARD,2000,87.2,True,2026-04-30T04:36:50.726872
LOC-OR-04-O10-08,WH-NOR-04,ZONE-C,O,10,08,COLD,500,39.9,True,2026-04-30T04:36:50.726872
LOC-EN-10-B07-06,WH-CEN-10,ZONE-B,B,07,06,STANDARD,1000,194.0,True,2026-04-30T04:36:50.726872
LOC-AS-01-J09-03,WH-EAS-01,ZONE-A,J,09,03,OVERSIZE,5000,115.6,True,2026-04-30T04:36:50.726872
LOC-AS-02-O04-03,WH-EAS-02,ZONE-A,O,04,03,STANDARD,1000,34.8,True,2026-04-30T04:36:50.726872
LOC-AS-06-C19-05,WH-EAS-06,SHIPPING,C,19,05,STANDARD,500,47.6,True,2026-04-30T04:36:50.726872
LOC-AS-03-C29-06,WH-EAS-03,ZONE-A,C,29,06,STANDARD,5000,19.6,True,2026-04-30T04:36:50.726872
LOC-ES-07-M16-01,WH-WES-07,ZONE-D,M,16,01,STANDARD,1000,77.2,True,2026-04-30T04:36:50.726872
LOC-OR-05-I15-03,WH-NOR-05,ZONE-A,I,15,03,STANDARD,1000,133.0,True,2026-04-30T04:36:50.726872
LOC-OU-09-P02-02,WH-SOU-09,ZONE-C,P,02,02,STANDARD,5000,47.9,True,2026-04-30T04:36:50.726872
LOC-OU-09-H21-01,WH-SOU-09,ZONE-D,H,21,01,BULK,2000,101.1,True,2026-04-30T04:36:50.726872
LOC-AS-06-K13-05,WH-EAS-06,ZONE-B,K,13,05,STANDARD,1000,15.6,True,2026-04-30T04:36:50.726872
LOC-OR-05-B26-08,WH-NOR-05,ZONE-E,B,26,08,STANDARD,1000,195.1,True,2026-04-30T04:36:50.726872
LOC-OR-04-I18-01,WH-NOR-04,SHIPPING,I,18,01,OVERSIZE,1000,119.4,False,2026-04-30T04:36:50.726872
LOC-ES-07-L30-03,WH-WES-07,ZONE-B,L,30,03,STANDARD,2000,163.2,True,2026-04-30T04:36:50.726872
LOC-EN-10-A23-06,WH-CEN-10,ZONE-E,A,23,06,STANDARD,1000,169.0,True,2026-04-30T04:36:50.726872
LOC-EN-08-J06-08,WH-CEN-08,ZONE-A,J,06,08,STANDARD,1000,124.3,True,2026-04-30T04:36:50.726872
LOC-EN-08-A11-04,WH-CEN-08,SHIPPING,A,11,04,STANDARD,1000,184.6,True,2026-04-30T04:36:50.726872
LOC-AS-06-B01-03,WH-EAS-06,ZONE-E,B,01,03,BULK,1000,157.1,True,2026-04-30T04:36:50.726872
LOC-AS-06-C12-07,WH-EAS-06,ZONE-E,C,12,07,STANDARD,2000,71.3,False,2026-04-30T04:36:50.726872
LOC-ES-07-P21-06,WH-WES-07,ZONE-B,P,21,06,BULK,2000,52.4,True,2026-04-30T04:36:50.726872
LOC-AS-03-M10-05,WH-EAS-03,ZONE-B,M,10,05,STANDARD,500,190.3,True,2026-04-30T04:36:50.726872
LOC-ES-07-B06-06,WH-WES-07,SHIPPING,B,06,06,OVERSIZE,1000,131.5,True,2026-04-30T04:36:50.726872
LOC-EN-08-E11-02,WH-CEN-08,ZONE-B,E,11,02,STANDARD,2000,41.9,True,2026-04-30T04:36:50.726872
LOC-AS-02-K15-01,WH-EAS-02,ZONE-C,K,15,01,STANDARD,500,76.6,True,2026-04-30T04:36:50.726872
LOC-AS-01-B13-08,WH-EAS-01,RECEIVING,B,13,08,STANDARD,1000,178.1,True,2026-04-30T04:36:50.726872
LOC-ES-07-L18-07,WH-WES-07,ZONE-A,L,18,07,BULK,1000,40.9,True,2026-04-30T04:36:50.726872
LOC-AS-01-J01-06,WH-EAS-01,ZONE-C,J,01,06,OVERSIZE,500,74.9,True,2026-04-30T04:36:50.726872
LOC-AS-03-C18-02,WH-EAS-03,ZONE-C,C,18,02,STANDARD,5000,143.9,True,2026-04-30T04:36:50.726872
LOC-AS-03-N06-01,WH-EAS-03,ZONE-A,N,06,01,STANDARD,1000,87.8,True,2026-04-30T04:36:50.726872
LOC-OU-09-I22-05,WH-SOU-09,ZONE-C,I,22,05,STANDARD,500,84.7,True,2026-04-30T04:36:50.726872
LOC-EN-08-E02-06,WH-CEN-08,ZONE-A,E,02,06,STANDARD,2000,166.5,True,2026-04-30T04:36:50.726872
LOC-EN-08-G04-01,WH-CEN-08,ZONE-B,G,04,01,STANDARD,2000,195.6,True,2026-04-30T04:36:50.726872
LOC-AS-02-J26-07,WH-EAS-02,ZONE-D,J,26,07,STANDARD,2000,27.3,True,2026-04-30T04:36:50.726872
LOC-AS-03-L29-07,WH-EAS-03,ZONE-C,L,29,07,STANDARD,500,60.0,True,2026-04-30T04:36:50.726872
LOC-OR-04-I19-01,WH-NOR-04,ZONE-B,I,19,01,BULK,500,26.3,True,2026-04-30T04:36:50.726872
LOC-OU-09-N25-04,WH-SOU-09,ZONE-E,N,25,04,STANDARD,5000,165.5,True,2026-04-30T04:36:50.726872
LOC-OU-09-P19-04,WH-SOU-09,ZONE-D,P,19,04,STANDARD,5000,181.5,True,2026-04-30T04:36:50.726872
LOC-OU-09-E04-08,WH-SOU-09,ZONE-B,E,04,08,HAZMAT,1000,194.7,True,2026-04-30T04:36:50.726872
LOC-AS-03-B14-02,WH-EAS-03,RECEIVING,B,14,02,STANDARD,1000,168.5,True,2026-04-30T04:36:50.726872
LOC-AS-02-C13-07,WH-EAS-02,ZONE-E,C,13,07,STANDARD,2000,108.7,True,2026-04-30T04:36:50.726872
LOC-AS-01-N04-07,WH-EAS-01,ZONE-B,N,04,07,STANDARD,500,185.7,True,2026-04-30T04:36:50.726872
LOC-AS-02-J28-06,WH-EAS-02,ZONE-D,J,28,06,STANDARD,5000,118.7,True,2026-04-30T04:36:50.726872
LOC-AS-03-I13-03,WH-EAS-03,ZONE-E,I,13,03,STANDARD,5000,17.4,True,2026-04-30T04:36:50.726872
LOC-AS-06-H02-08,WH-EAS-06,ZONE-C,H,02,08,COLD,500,74.2,True,2026-04-30T04:36:50.726872
LOC-OR-05-I27-08,WH-NOR-05,SHIPPING,I,27,08,STANDARD,500,194.8,True,2026-04-30T04:36:50.726872
LOC-OR-05-O25-06,WH-NOR-05,ZONE-C,O,25,06,BULK,500,45.7,True,2026-04-30T04:36:50.726872
LOC-ES-07-P25-06,WH-WES-07,SHIPPING,P,25,06,STANDARD,1000,22.5,True,2026-04-30T04:36:50.726872
LOC-ES-07-E25-01,WH-WES-07,ZONE-B,E,25,01,STANDARD,1000,169.0,True,2026-04-30T04:36:50.726872
LOC-EN-08-B30-06,WH-CEN-08,RECEIVING,B,30,06,STANDARD,2000,166.5,True,2026-04-30T04:36:50.726872
LOC-AS-02-A08-06,WH-EAS-02,ZONE-D,A,08,06,STANDARD,1000,192.5,True,2026-04-30T04:36:50.726872
LOC-OU-09-L12-03,WH-SOU-09,SHIPPING,L,12,03,COLD,500,64.2,True,2026-04-30T04:36:50.726872
LOC-AS-03-G28-04,WH-EAS-03,RECEIVING,G,28,04,STANDARD,1000,61.1,True,2026-04-30T04:36:50.726872
LOC-AS-01-A16-03,WH-EAS-01,RECEIVING,A,16,03,STANDARD,500,52.5,True,2026-04-30T04:36:50.726872
LOC-OR-05-I14-07,WH-NOR-05,SHIPPING,I,14,07,STANDARD,2000,51.5,True,2026-04-30T04:36:50.726872
LOC-OU-09-M19-02,WH-SOU-09,ZONE-A,M,19,02,STANDARD,2000,116.7,True,2026-04-30T04:36:50.726872
LOC-OR-05-J22-02,WH-NOR-05,ZONE-D,J,22,02,STANDARD,2000,131.7,True,2026-04-30T04:36:50.726872
LOC-OR-05-J07-03,WH-NOR-05,ZONE-E,J,07,03,BULK,500,163.0,True,2026-04-30T04:36:50.726872
LOC-EN-10-M22-06,WH-CEN-10,RECEIVING,M,22,06,STANDARD,500,134.5,False,2026-04-30T04:36:50.726872
LOC-OR-05-N13-07,WH-NOR-05,RECEIVING,N,13,07,STANDARD,1000,75.2,True,2026-04-30T04:36:50.726872
LOC-OU-09-P30-06,WH-SOU-09,ZONE-E,P,30,06,STANDARD,1000,169.7,True,2026-04-30T04:36:50.726872
LOC-AS-03-J04-08,WH-EAS-03,ZONE-B,J,04,08,BULK,1000,189.9,True,2026-04-30T04:36:50.726872
LOC-AS-02-H12-04,WH-EAS-02,RECEIVING,H,12,04,COLD,5000,159.7,True,2026-04-30T04:36:50.726872
LOC-OR-05-J15-02,WH-NOR-05,ZONE-D,J,15,02,STANDARD,500,99.7,True,2026-04-30T04:36:50.726872
LOC-AS-02-M17-05,WH-EAS-02,ZONE-D,M,17,05,STANDARD,1000,36.1,True,2026-04-30T04:36:50.726872
LOC-ES-07-O05-06,WH-WES-07,SHIPPING,O,05,06,BULK,500,102.6,True,2026-04-30T04:36:50.726872
LOC-AS-03-K21-01,WH-EAS-03,ZONE-A,K,21,01,STANDARD,1000,154.6,True,2026-04-30T04:36:50.726872
LOC-AS-03-P26-02,WH-EAS-03,ZONE-B,P,26,02,STANDARD,5000,86.6,True,2026-04-30T04:36:50.726872
LOC-ES-07-A02-04,WH-WES-07,RECEIVING,A,02,04,STANDARD,500,179.5,True,2026-04-30T04:36:50.726872
LOC-OU-09-G01-01,WH-SOU-09,RECEIVING,G,01,01,BULK,1000,141.8,True,2026-04-30T04:36:50.726872
LOC-AS-03-D13-05,WH-EAS-03,ZONE-B,D,13,05,STANDARD,500,66.7,True,2026-04-30T04:36:50.726872
LOC-OU-09-K14-03,WH-SOU-09,ZONE-C,K,14,03,OVERSIZE,5000,78.3,True,2026-04-30T04:36:50.726872
LOC-ES-07-A08-04,WH-WES-07,RECEIVING,A,08,04,OVERSIZE,1000,149.5,True,2026-04-30T04:36:50.726872
LOC-AS-03-D12-01,WH-EAS-03,ZONE-D,D,12,01,COLD,2000,156.5,True,2026-04-30T04:36:50.726872
LOC-EN-10-B22-02,WH-CEN-10,RECEIVING,B,22,02,BULK,500,141.1,True,2026-04-30T04:36:50.726872
LOC-ES-07-D18-05,WH-WES-07,ZONE-D,D,18,05,BULK,1000,142.1,True,2026-04-30T04:36:50.726872
LOC-OR-05-N22-02,WH-NOR-05,RECEIVING,N,22,02,STANDARD,1000,89.6,True,2026-04-30T04:36:50.726872
LOC-OU-09-D10-02,WH-SOU-09,SHIPPING,D,10,02,STANDARD,1000,125.7,True,2026-04-30T04:36:50.726872
LOC-OU-09-G12-07,WH-SOU-09,ZONE-C,G,12,07,STANDARD,5000,183.0,True,2026-04-30T04:36:50.726872
LOC-EN-08-K08-01,WH-CEN-08,ZONE-A,K,08,01,STANDARD,500,168.7,True,2026-04-30T04:36:50.726872
LOC-AS-03-C25-02,WH-EAS-03,RECEIVING,C,25,02,BULK,2000,132.4,True,2026-04-30T04:36:50.726872
LOC-OR-05-I15-01,WH-NOR-05,ZONE-A,I,15,01,BULK,500,171.9,True,2026-04-30T04:36:50.726872
LOC-AS-06-N24-02,WH-EAS-06,ZONE-A,N,24,02,COLD,500,11.8,True,2026-04-30T04:36:50.726872
LOC-AS-03-K12-08,WH-EAS-03,ZONE-E,K,12,08,STANDARD,500,80.8,True,2026-04-30T04:36:50.726872
LOC-AS-02-M13-08,WH-EAS-02,ZONE-C,M,13,08,BULK,5000,162.0,True,2026-04-30T04:36:50.726872
LOC-AS-03-D05-01,WH-EAS-03,SHIPPING,D,05,01,STANDARD,5000,183.1,True,2026-04-30T04:36:50.726872
LOC-EN-10-O06-07,WH-CEN-10,SHIPPING,O,06,07,STANDARD,500,173.9,True,2026-04-30T04:36:50.726872
LOC-AS-03-P30-08,WH-EAS-03,ZONE-A,P,30,08,COLD,5000,18.7,True,2026-04-30T04:36:50.726872
LOC-AS-06-A23-04,WH-EAS-06,RECEIVING,A,23,04,COLD,500,92.2,True,2026-04-30T04:36:50.726872
LOC-EN-08-L22-07,WH-CEN-08,ZONE-B,L,22,07,BULK,500,12.2,True,2026-04-30T04:36:50.726872
LOC-OU-09-P28-08,WH-SOU-09,SHIPPING,P,28,08,STANDARD,5000,70.9,True,2026-04-30T04:36:50.726872
LOC-OR-05-B17-04,WH-NOR-05,ZONE-E,B,17,04,STANDARD,5000,165.2,True,2026-04-30T04:36:50.726872
LOC-EN-08-O03-08,WH-CEN-08,ZONE-D,O,03,08,STANDARD,5000,151.6,True,2026-04-30T04:36:50.726872
LOC-ES-07-N02-01,WH-WES-07,SHIPPING,N,02,01,STANDARD,2000,179.1,True,2026-04-30T04:36:50.726872
LOC-EN-08-K12-01,WH-CEN-08,SHIPPING,K,12,01,STANDARD,5000,73.1,True,2026-04-30T04:36:50.726872
LOC-EN-10-P23-06,WH-CEN-10,RECEIVING,P,23,06,STANDARD,500,154.3,True,2026-04-30T04:36:50.726872
LOC-AS-06-L27-05,WH-EAS-06,ZONE-E,L,27,05,STANDARD,500,18.7,True,2026-04-30T04:36:50.726872
LOC-AS-03-N04-05,WH-EAS-03,ZONE-E,N,04,05,STANDARD,500,186.7,True,2026-04-30T04:36:50.726872
LOC-EN-08-G23-06,WH-CEN-08,ZONE-A,G,23,06,BULK,500,186.1,True,2026-04-30T04:36:50.726872
LOC-EN-10-D25-08,WH-CEN-10,ZONE-D,D,25,08,STANDARD,1000,193.1,True,2026-04-30T04:36:50.726872
LOC-AS-01-N27-08,WH-EAS-01,ZONE-E,N,27,08,BULK,1000,141.4,True,2026-04-30T04:36:50.726872
LOC-AS-03-D13-06,WH-EAS-03,ZONE-E,D,13,06,COLD,5000,196.1,True,2026-04-30T04:36:50.726872
LOC-OR-04-I13-06,WH-NOR-04,ZONE-C,I,13,06,STANDARD,1000,36.3,True,2026-04-30T04:36:50.726872
LOC-OU-09-J27-06,WH-SOU-09,RECEIVING,J,27,06,BULK,1000,48.2,True,2026-04-30T04:36:50.726872
LOC-OR-05-L30-03,WH-NOR-05,RECEIVING,L,30,03,STANDARD,1000,105.7,True,2026-04-30T04:36:50.726872
LOC-AS-06-D25-06,WH-EAS-06,ZONE-E,D,25,06,STANDARD,5000,138.1,True,2026-04-30T04:36:50.726872
LOC-OU-09-J29-07,WH-SOU-09,SHIPPING,J,29,07,STANDARD,500,14.8,True,2026-04-30T04:36:50.726872
LOC-AS-01-G09-03,WH-EAS-01,ZONE-C,G,09,03,STANDARD,1000,169.5,True,2026-04-30T04:36:50.726872
LOC-OR-05-G25-01,WH-NOR-05,ZONE-C,G,25,01,BULK,500,127.1,True,2026-04-30T04:36:50.726872
LOC-OU-09-H24-07,WH-SOU-09,ZONE-B,H,24,07,STANDARD,2000,141.7,True,2026-04-30T04:36:50.726872
LOC-ES-07-M14-06,WH-WES-07,ZONE-E,M,14,06,STANDARD,2000,48.6,True,2026-04-30T04:36:50.726872
LOC-EN-08-H30-06,WH-CEN-08,SHIPPING,H,30,06,STANDARD,1000,157.5,True,2026-04-30T04:36:50.726872
LOC-OR-05-O06-02,WH-NOR-05,ZONE-B,O,06,02,OVERSIZE,500,81.7,True,2026-04-30T04:36:50.726872
LOC-OU-09-I05-03,WH-SOU-09,ZONE-E,I,05,03,BULK,500,72.8,True,2026-04-30T04:36:50.726872
LOC-AS-03-B05-06,WH-EAS-03,ZONE-E,B,05,06,STANDARD,2000,103.2,True,2026-04-30T04:36:50.726872
LOC-AS-06-C26-06,WH-EAS-06,ZONE-E,C,26,06,STANDARD,1000,108.9,True,2026-04-30T04:36:50.726872
LOC-AS-03-N18-07,WH-EAS-03,ZONE-A,N,18,07,STANDARD,1000,136.0,True,2026-04-30T04:36:50.726872
LOC-OR-05-G25-08,WH-NOR-05,ZONE-E,G,25,08,BULK,500,31.8,True,2026-04-30T04:36:50.726872
LOC-OR-04-H02-06,WH-NOR-04,ZONE-D,H,02,06,HAZMAT,500,83.3,True,2026-04-30T04:36:50.726872
LOC-OR-05-A30-06,WH-NOR-05,ZONE-E,A,30,06,BULK,5000,102.5,True,2026-04-30T04:36:50.726872
LOC-OR-04-K17-02,WH-NOR-04,ZONE-A,K,17,02,STANDARD,500,129.1,True,2026-04-30T04:36:50.726872
LOC-OR-04-N27-02,WH-NOR-04,ZONE-B,N,27,02,STANDARD,5000,132.8,True,2026-04-30T04:36:50.726872
LOC-AS-03-A15-06,WH-EAS-03,ZONE-A,A,15,06,STANDARD,500,43.8,True,2026-04-30T04:36:50.726872
LOC-AS-02-H30-05,WH-EAS-02,ZONE-D,H,30,05,STANDARD,5000,92.3,True,2026-04-30T04:36:50.726872
LOC-AS-02-A21-02,WH-EAS-02,SHIPPING,A,21,02,BULK,500,143.2,True,2026-04-30T04:36:50.726872
LOC-OU-09-D10-05,WH-SOU-09,ZONE-E,D,10,05,STANDARD,5000,82.5,True,2026-04-30T04:36:50.726872
LOC-AS-01-P06-04,WH-EAS-01,ZONE-B,P,06,04,BULK,2000,192.4,True,2026-04-30T04:36:50.726872
LOC-AS-06-A18-03,WH-EAS-06,ZONE-A,A,18,03,STANDARD,5000,112.1,True,2026-04-30T04:36:50.726872
LOC-OR-05-G24-06,WH-NOR-05,ZONE-B,G,24,06,STANDARD,1000,40.6,True,2026-04-30T04:36:50.726872
LOC-OR-05-G04-03,WH-NOR-05,RECEIVING,G,04,03,BULK,500,171.8,True,2026-04-30T04:36:50.726872
LOC-OU-09-O21-02,WH-SOU-09,ZONE-C,O,21,02,STANDARD,2000,28.7,True,2026-04-30T04:36:50.726872
LOC-EN-08-K12-03,WH-CEN-08,RECEIVING,K,12,03,STANDARD,500,64.2,True,2026-04-30T04:36:50.726872
LOC-OR-04-K16-08,WH-NOR-04,ZONE-C,K,16,08,STANDARD,2000,141.8,True,2026-04-30T04:36:50.726872
LOC-EN-10-L26-06,WH-CEN-10,ZONE-D,L,26,06,STANDARD,2000,56.8,True,2026-04-30T04:36:50.726872
LOC-ES-07-I27-06,WH-WES-07,ZONE-B,I,27,06,STANDARD,2000,176.8,True,2026-04-30T04:36:50.726872
LOC-AS-06-J16-02,WH-EAS-06,ZONE-B,J,16,02,STANDARD,500,169.9,True,2026-04-30T04:36:50.726872
LOC-AS-03-G09-02,WH-EAS-03,RECEIVING,G,09,02,STANDARD,500,171.4,True,2026-04-30T04:36:50.726872
LOC-EN-10-M25-04,WH-CEN-10,ZONE-A,M,25,04,STANDARD,5000,134.2,True,2026-04-30T04:36:50.726872
LOC-ES-07-H29-05,WH-WES-07,ZONE-B,H,29,05,STANDARD,500,85.4,True,2026-04-30T04:36:50.726872
LOC-OR-04-F25-03,WH-NOR-04,ZONE-D,F,25,03,STANDARD,1000,149.8,True,2026-04-30T04:36:50.726872
LOC-AS-06-B08-08,WH-EAS-06,ZONE-B,B,08,08,STANDARD,2000,54.5,True,2026-04-30T04:36:50.726872
LOC-OU-09-L13-08,WH-SOU-09,ZONE-D,L,13,08,COLD,500,196.3,True,2026-04-30T04:36:50.726872
LOC-OU-09-I27-05,WH-SOU-09,ZONE-E,I,27,05,STANDARD,1000,81.6,True,2026-04-30T04:36:50.726872
LOC-EN-10-C17-05,WH-CEN-10,ZONE-D,C,17,05,OVERSIZE,1000,108.1,True,2026-04-30T04:36:50.726872
LOC-AS-06-P26-08,WH-EAS-06,ZONE-E,P,26,08,STANDARD,1000,93.6,True,2026-04-30T04:36:50.726872
LOC-OU-09-I07-03,WH-SOU-09,ZONE-B,I,07,03,STANDARD,500,135.6,True,2026-04-30T04:36:50.726872
LOC-AS-06-D16-08,WH-EAS-06,ZONE-D,D,16,08,STANDARD,1000,133.0,True,2026-04-30T04:36:50.726872
LOC-OR-04-B05-03,WH-NOR-04,ZONE-B,B,05,03,STANDARD,500,179.3,True,2026-04-30T04:36:50.726872
LOC-AS-03-I30-03,WH-EAS-03,ZONE-E,I,30,03,OVERSIZE,500,176.9,True,2026-04-30T04:36:50.726872
LOC-OR-05-C07-08,WH-NOR-05,ZONE-E,C,07,08,OVERSIZE,5000,42.4,True,2026-04-30T04:36:50.726872
LOC-EN-10-E26-03,WH-CEN-10,ZONE-E,E,26,03,STANDARD,2000,41.9,True,2026-04-30T04:36:50.726872
LOC-EN-08-C08-07,WH-CEN-08,ZONE-D,C,08,07,STANDARD,500,48.4,True,2026-04-30T04:36:50.726872
LOC-OU-09-N27-03,WH-SOU-09,ZONE-E,N,27,03,STANDARD,5000,181.3,True,2026-04-30T04:36:50.726872
LOC-OU-09-D03-08,WH-SOU-09,RECEIVING,D,03,08,STANDARD,500,180.4,True,2026-04-30T04:36:50.726872
LOC-ES-07-N12-01,WH-WES-07,RECEIVING,N,12,01,STANDARD,1000,188.3,True,2026-04-30T04:36:50.726872
LOC-ES-07-L19-02,WH-WES-07,ZONE-D,L,19,02,STANDARD,5000,155.5,True,2026-04-30T04:36:50.726872
LOC-AS-02-J20-07,WH-EAS-02,ZONE-C,J,20,07,STANDARD,500,119.8,True,2026-04-30T04:36:50.726872
LOC-AS-01-M21-04,WH-EAS-01,RECEIVING,M,21,04,BULK,5000,78.8,True,2026-04-30T04:36:50.726872
LOC-EN-10-I09-07,WH-CEN-10,ZONE-E,I,09,07,STANDARD,2000,198.4,True,2026-04-30T04:36:50.726872
LOC-OR-04-N18-08,WH-NOR-04,ZONE-B,N,18,08,STANDARD,5000,58.2,True,2026-04-30T04:36:50.726872
LOC-AS-06-M24-03,WH-EAS-06,SHIPPING,M,24,03,COLD,500,152.1,True,2026-04-30T04:36:50.726872
LOC-AS-03-D07-07,WH-EAS-03,SHIPPING,D,07,07,STANDARD,500,40.5,True,2026-04-30T04:36:50.726872
LOC-AS-01-C27-03,WH-EAS-01,ZONE-D,C,27,03,HAZMAT,5000,26.7,True,2026-04-30T04:36:50.726872
LOC-AS-06-C20-01,WH-EAS-06,RECEIVING,C,20,01,STANDARD,5000,126.7,True,2026-04-30T04:36:50.726872
LOC-EN-10-B25-03,WH-CEN-10,RECEIVING,B,25,03,STANDARD,500,48.3,True,2026-04-30T04:36:50.726872
LOC-OU-09-J07-01,WH-SOU-09,SHIPPING,J,07,01,STANDARD,1000,126.9,True,2026-04-30T04:36:50.726872
LOC-AS-06-H21-01,WH-EAS-06,ZONE-B,H,21,01,STANDARD,2000,158.1,True,2026-04-30T04:36:50.726872
LOC-ES-07-M19-04,WH-WES-07,ZONE-E,M,19,04,STANDARD,500,184.6,True,2026-04-30T04:36:50.726872
LOC-OU-09-L12-05,WH-SOU-09,ZONE-B,L,12,05,STANDARD,1000,96.4,True,2026-04-30T04:36:50.726872
LOC-AS-01-I06-07,WH-EAS-01,ZONE-E,I,06,07,STANDARD,500,105.6,True,2026-04-30T04:36:50.726872
LOC-AS-02-I29-05,WH-EAS-02,RECEIVING,I,29,05,STANDARD,5000,117.0,True,2026-04-30T04:36:50.726872
LOC-AS-06-O22-08,WH-EAS-06,ZONE-E,O,22,08,COLD,5000,32.1,True,2026-04-30T04:36:50.726872
LOC-OR-04-H26-06,WH-NOR-04,ZONE-D,H,26,06,OVERSIZE,500,143.2,True,2026-04-30T04:36:50.726872
LOC-OR-05-C13-06,WH-NOR-05,ZONE-A,C,13,06,STANDARD,1000,100.5,True,2026-04-30T04:36:50.726872
LOC-EN-10-I06-04,WH-CEN-10,ZONE-D,I,06,04,BULK,1000,149.7,True,2026-04-30T04:36:50.726872
LOC-OR-04-H07-04,WH-NOR-04,SHIPPING,H,07,04,STANDARD,1000,158.0,True,2026-04-30T04:36:50.726872
LOC-AS-02-P20-01,WH-EAS-02,SHIPPING,P,20,01,COLD,500,171.1,True,2026-04-30T04:36:50.726872
LOC-AS-06-P29-05,WH-EAS-06,ZONE-D,P,29,05,STANDARD,2000,85.6,True,2026-04-30T04:36:50.726872
LOC-AS-03-B17-07,WH-EAS-03,ZONE-D,B,17,07,HAZMAT,500,105.5,True,2026-04-30T04:36:50.726872
LOC-AS-03-O04-08,WH-EAS-03,ZONE-C,O,04,08,STANDARD,500,138.1,True,2026-04-30T04:36:50.726872
LOC-AS-02-K12-05,WH-EAS-02,ZONE-B,K,12,05,STANDARD,1000,61.2,True,2026-04-30T04:36:50.726872
LOC-AS-06-L06-08,WH-EAS-06,ZONE-D,L,06,08,STANDARD,2000,79.4,True,2026-04-30T04:36:50.726872
LOC-EN-08-F19-03,WH-CEN-08,ZONE-E,F,19,03,STANDARD,500,147.0,True,2026-04-30T04:36:50.726872
LOC-OU-09-N28-07,WH-SOU-09,ZONE-B,N,28,07,STANDARD,1000,99.9,True,2026-04-30T04:36:50.726872
LOC-ES-07-P05-06,WH-WES-07,SHIPPING,P,05,06,STANDARD,2000,116.8,True,2026-04-30T04:36:50.726872
LOC-ES-07-D23-03,WH-WES-07,ZONE-A,D,23,03,STANDARD,2000,100.5,True,2026-04-30T04:36:50.726872
LOC-EN-08-K09-06,WH-CEN-08,ZONE-C,K,09,06,STANDARD,2000,75.4,True,2026-04-30T04:36:50.726872
LOC-AS-06-G19-03,WH-EAS-06,SHIPPING,G,19,03,STANDARD,2000,137.9,True,2026-04-30T04:36:50.726872
LOC-EN-08-C13-05,WH-CEN-08,ZONE-D,C,13,05,STANDARD,1000,175.0,True,2026-04-30T04:36:50.726872
LOC-AS-06-N21-07,WH-EAS-06,SHIPPING,N,21,07,COLD,500,40.8,True,2026-04-30T04:36:50.726872
LOC-AS-06-J23-05,WH-EAS-06,ZONE-E,J,23,05,STANDARD,2000,178.7,True,2026-04-30T04:36:50.726872
LOC-AS-06-O14-03,WH-EAS-06,ZONE-B,O,14,03,COLD,1000,148.3,True,2026-04-30T04:36:50.726872
LOC-AS-02-G06-07,WH-EAS-02,ZONE-A,G,06,07,STANDARD,5000,114.2,True,2026-04-30T04:36:50.726872
LOC-ES-07-C04-05,WH-WES-07,ZONE-E,C,04,05,STANDARD,5000,68.8,True,2026-04-30T04:36:50.726872
LOC-OR-05-O21-03,WH-NOR-05,ZONE-B,O,21,03,STANDARD,1000,15.4,True,2026-04-30T04:36:50.726872
LOC-AS-06-P15-05,WH-EAS-06,ZONE-E,P,15,05,STANDARD,1000,122.3,True,2026-04-30T04:36:50.726872
LOC-EN-10-N17-05,WH-CEN-10,ZONE-C,N,17,05,STANDARD,1000,162.9,True,2026-04-30T04:36:50.726872
LOC-AS-06-N09-03,WH-EAS-06,ZONE-C,N,09,03,STANDARD,1000,75.3,True,2026-04-30T04:36:50.726872
LOC-AS-01-P25-08,WH-EAS-01,ZONE-C,P,25,08,STANDARD,5000,161.6,True,2026-04-30T04:36:50.726872
LOC-AS-01-L07-07,WH-EAS-01,ZONE-E,L,07,07,STANDARD,1000,41.0,True,2026-04-30T04:36:50.726872
LOC-ES-07-M08-05,WH-WES-07,ZONE-A,M,08,05,STANDARD,1000,108.2,True,2026-04-30T04:36:50.726872
LOC-EN-10-I10-05,WH-CEN-10,ZONE-D,I,10,05,STANDARD,500,44.7,True,2026-04-30T04:36:50.726872
LOC-EN-08-O09-08,WH-CEN-08,ZONE-B,O,09,08,STANDARD,1000,19.4,True,2026-04-30T04:36:50.726872
LOC-AS-03-D10-05,WH-EAS-03,ZONE-B,D,10,05,BULK,500,54.2,True,2026-04-30T04:36:50.726872
LOC-EN-08-G11-07,WH-CEN-08,ZONE-C,G,11,07,BULK,5000,199.6,True,2026-04-30T04:36:50.726872
LOC-AS-01-K03-03,WH-EAS-01,ZONE-A,K,03,03,STANDARD,5000,23.6,True,2026-04-30T04:36:50.726872
LOC-OR-04-I27-07,WH-NOR-04,SHIPPING,I,27,07,STANDARD,1000,83.1,False,2026-04-30T04:36:50.726872
LOC-OR-04-B07-08,WH-NOR-04,RECEIVING,B,07,08,BULK,1000,99.8,True,2026-04-30T04:36:50.726872
LOC-OR-05-K06-01,WH-NOR-05,RECEIVING,K,06,01,HAZMAT,500,58.1,True,2026-04-30T04:36:50.726872
LOC-OR-04-L29-01,WH-NOR-04,SHIPPING,L,29,01,STANDARD,500,54.8,True,2026-04-30T04:36:50.726872
LOC-AS-01-F26-05,WH-EAS-01,ZONE-E,F,26,05,STANDARD,1000,11.7,True,2026-04-30T04:36:50.726872
LOC-EN-08-E12-02,WH-CEN-08,ZONE-B,E,12,02,STANDARD,500,140.3,True,2026-04-30T04:36:50.726872
LOC-AS-01-B12-03,WH-EAS-01,RECEIVING,B,12,03,STANDARD,500,33.9,True,2026-04-30T04:36:50.726872
LOC-OU-09-L26-08,WH-SOU-09,RECEIVING,L,26,08,STANDARD,5000,78.1,True,2026-04-30T04:36:50.726872
LOC-AS-01-P23-08,WH-EAS-01,ZONE-E,P,23,08,STANDARD,5000,46.1,True,2026-04-30T04:36:50.726872
LOC-AS-06-K24-08,WH-EAS-06,ZONE-C,K,24,08,COLD,1000,23.1,True,2026-04-30T04:36:50.726872
LOC-OR-05-I18-06,WH-NOR-05,ZONE-D,I,18,06,STANDARD,5000,149.4,True,2026-04-30T04:36:50.726872
LOC-EN-10-L25-04,WH-CEN-10,ZONE-C,L,25,04,BULK,5000,46.1,True,2026-04-30T04:36:50.726872
LOC-OU-09-E20-05,WH-SOU-09,ZONE-C,E,20,05,STANDARD,2000,31.0,True,2026-04-30T04:36:50.726872
LOC-AS-02-B27-03,WH-EAS-02,ZONE-B,B,27,03,COLD,1000,30.3,True,2026-04-30T04:36:50.726872
LOC-AS-01-M22-08,WH-EAS-01,ZONE-E,M,22,08,STANDARD,2000,19.3,True,2026-04-30T04:36:50.726872
LOC-AS-02-A30-04,WH-EAS-02,RECEIVING,A,30,04,STANDARD,500,98.9,True,2026-04-30T04:36:50.726872
LOC-AS-06-N27-06,WH-EAS-06,SHIPPING,N,27,06,BULK,2000,110.5,True,2026-04-30T04:36:50.726872
LOC-OR-05-C07-02,WH-NOR-05,ZONE-A,C,07,02,BULK,5000,46.0,True,2026-04-30T04:36:50.726872
LOC-OR-04-F18-07,WH-NOR-04,RECEIVING,F,18,07,STANDARD,2000,138.2,True,2026-04-30T04:36:50.726872
LOC-ES-07-D06-03,WH-WES-07,ZONE-E,D,06,03,STANDARD,2000,134.9,True,2026-04-30T04:36:50.726872
LOC-EN-10-O30-06,WH-CEN-10,ZONE-C,O,30,06,STANDARD,2000,170.5,True,2026-04-30T04:36:50.726872
LOC-ES-07-K20-04,WH-WES-07,ZONE-E,K,20,04,STANDARD,5000,155.5,True,2026-04-30T04:36:50.726872
LOC-OR-05-L15-08,WH-NOR-05,ZONE-D,L,15,08,STANDARD,500,196.8,True,2026-04-30T04:36:50.726872
LOC-OU-09-E29-05,WH-SOU-09,ZONE-A,E,29,05,STANDARD,1000,50.8,True,2026-04-30T04:36:50.726872
LOC-OR-05-E04-01,WH-NOR-05,ZONE-D,E,04,01,STANDARD,1000,60.3,True,2026-04-30T04:36:50.726872
LOC-OR-04-H09-05,WH-NOR-04,ZONE-A,H,09,05,STANDARD,1000,149.5,True,2026-04-30T04:36:50.726872
LOC-EN-08-F16-02,WH-CEN-08,ZONE-E,F,16,02,STANDARD,500,148.8,True,2026-04-30T04:36:50.726872
LOC-AS-02-B30-06,WH-EAS-02,ZONE-C,B,30,06,COLD,5000,89.1,True,2026-04-30T04:36:50.726872
LOC-OR-04-A21-07,WH-NOR-04,ZONE-A,A,21,07,STANDARD,500,70.7,True,2026-04-30T04:36:50.726872
LOC-AS-06-H05-01,WH-EAS-06,RECEIVING,H,05,01,BULK,5000,194.5,True,2026-04-30T04:36:50.726872
LOC-EN-10-C08-07,WH-CEN-10,ZONE-C,C,08,07,BULK,1000,35.1,True,2026-04-30T04:36:50.726872
LOC-EN-10-B18-07,WH-CEN-10,ZONE-C,B,18,07,STANDARD,5000,157.0,True,2026-04-30T04:36:50.726872
LOC-AS-03-P18-04,WH-EAS-03,ZONE-D,P,18,04,STANDARD,1000,116.6,False,2026-04-30T04:36:50.726872
LOC-OU-09-H08-02,WH-SOU-09,ZONE-C,H,08,02,BULK,2000,140.1,True,2026-04-30T04:36:50.726872
LOC-AS-02-N14-06,WH-EAS-02,ZONE-C,N,14,06,STANDARD,2000,122.8,True,2026-04-30T04:36:50.726872
LOC-OR-05-F12-08,WH-NOR-05,ZONE-E,F,12,08,STANDARD,500,185.6,True,2026-04-30T04:36:50.726872
LOC-AS-06-E25-02,WH-EAS-06,ZONE-A,E,25,02,BULK,1000,190.3,True,2026-04-30T04:36:50.726872
LOC-OR-05-A11-02,WH-NOR-05,ZONE-C,A,11,02,STANDARD,500,73.1,True,2026-04-30T04:36:50.726872
LOC-OR-04-G18-05,WH-NOR-04,ZONE-E,G,18,05,STANDARD,1000,142.1,True,2026-04-30T04:36:50.726872
LOC-ES-07-B09-03,WH-WES-07,ZONE-A,B,09,03,STANDARD,2000,20.1,True,2026-04-30T04:36:50.726872
LOC-AS-01-C13-05,WH-EAS-01,RECEIVING,C,13,05,COLD,2000,174.2,True,2026-04-30T04:36:50.726872
LOC-ES-07-H13-02,WH-WES-07,ZONE-C,H,13,02,STANDARD,500,45.4,True,2026-04-30T04:36:50.726872
LOC-EN-08-A02-04,WH-CEN-08,ZONE-E,A,02,04,STANDARD,5000,84.7,True,2026-04-30T04:36:50.726872
LOC-AS-06-L12-05,WH-EAS-06,ZONE-B,L,12,05,OVERSIZE,2000,164.3,True,2026-04-30T04:36:50.726872
LOC-ES-07-A18-05,WH-WES-07,ZONE-B,A,18,05,STANDARD,5000,134.8,True,2026-04-30T04:36:50.726872
LOC-ES-07-H14-04,WH-WES-07,ZONE-E,H,14,04,STANDARD,2000,182.8,True,2026-04-30T04:36:50.726872
LOC-OU-09-E07-03,WH-SOU-09,ZONE-E,E,07,03,STANDARD,1000,173.9,True,2026-04-30T04:36:50.726872
LOC-OU-09-E14-03,WH-SOU-09,RECEIVING,E,14,03,HAZMAT,1000,70.3,True,2026-04-30T04:36:50.726872
LOC-AS-02-F11-03,WH-EAS-02,RECEIVING,F,11,03,STANDARD,2000,177.2,True,2026-04-30T04:36:50.726872
LOC-ES-07-J15-05,WH-WES-07,ZONE-B,J,15,05,BULK,500,35.0,True,2026-04-30T04:36:50.726872
LOC-EN-10-I20-04,WH-CEN-10,ZONE-E,I,20,04,STANDARD,500,78.3,True,2026-04-30T04:36:50.726872
LOC-EN-08-E17-08,WH-CEN-08,RECEIVING,E,17,08,STANDARD,1000,171.9,True,2026-04-30T04:36:50.726872
LOC-AS-03-F07-04,WH-EAS-03,ZONE-A,F,07,04,STANDARD,500,185.8,True,2026-04-30T04:36:50.726872
LOC-OR-04-G25-04,WH-NOR-04,ZONE-A,G,25,04,STANDARD,5000,174.8,True,2026-04-30T04:36:50.726872
LOC-AS-06-O29-04,WH-EAS-06,ZONE-D,O,29,04,STANDARD,500,125.5,True,2026-04-30T04:36:50.726872
LOC-AS-06-M20-01,WH-EAS-06,ZONE-E,M,20,01,STANDARD,5000,167.1,True,2026-04-30T04:36:50.726872
LOC-OR-04-M24-01,WH-NOR-04,ZONE-E,M,24,01,STANDARD,500,46.1,True,2026-04-30T04:36:50.726872
LOC-OR-05-J15-03,WH-NOR-05,ZONE-D,J,15,03,STANDARD,500,141.1,True,2026-04-30T04:36:50.726872
LOC-EN-08-O03-02,WH-CEN-08,ZONE-B,O,03,02,BULK,1000,84.7,True,2026-04-30T04:36:50.726872
LOC-AS-01-F15-04,WH-EAS-01,ZONE-D,F,15,04,STANDARD,2000,141.4,True,2026-04-30T04:36:50.726872
LOC-AS-03-D03-02,WH-EAS-03,RECEIVING,D,03,02,STANDARD,2000,26.2,True,2026-04-30T04:36:50.726872
LOC-OU-09-F13-07,WH-SOU-09,ZONE-A,F,13,07,BULK,2000,117.4,True,2026-04-30T04:36:50.726872
LOC-AS-03-F28-03,WH-EAS-03,ZONE-B,F,28,03,BULK,500,89.7,True,2026-04-30T04:36:50.726872
LOC-EN-08-J21-03,WH-CEN-08,ZONE-A,J,21,03,COLD,1000,10.7,True,2026-04-30T04:36:50.726872
LOC-AS-01-O16-08,WH-EAS-01,ZONE-E,O,16,08,BULK,5000,55.2,True,2026-04-30T04:36:50.726872
LOC-EN-08-O14-08,WH-CEN-08,ZONE-A,O,14,08,STANDARD,500,56.5,True,2026-04-30T04:36:50.726872
LOC-EN-10-G02-03,WH-CEN-10,ZONE-B,G,02,03,STANDARD,2000,17.0,True,2026-04-30T04:36:50.726872
LOC-EN-10-J11-02,WH-CEN-10,ZONE-A,J,11,02,STANDARD,1000,40.7,True,2026-04-30T04:36:50.726872
LOC-EN-10-F15-06,WH-CEN-10,ZONE-A,F,15,06,STANDARD,2000,71.3,True,2026-04-30T04:36:50.726872
LOC-AS-02-N27-02,WH-EAS-02,ZONE-C,N,27,02,STANDARD,500,142.0,True,2026-04-30T04:36:50.726872
LOC-OU-09-N17-04,WH-SOU-09,RECEIVING,N,17,04,STANDARD,500,30.8,True,2026-04-30T04:36:50.726872
LOC-OU-09-C16-05,WH-SOU-09,ZONE-D,C,16,05,STANDARD,2000,59.3,True,2026-04-30T04:36:50.726872
LOC-EN-10-L30-03,WH-CEN-10,ZONE-E,L,30,03,STANDARD,5000,103.6,True,2026-04-30T04:36:50.726872
LOC-EN-10-H23-05,WH-CEN-10,ZONE-B,H,23,05,STANDARD,500,98.3,True,2026-04-30T04:36:50.726872
LOC-OR-04-N14-01,WH-NOR-04,ZONE-C,N,14,01,STANDARD,1000,12.1,True,2026-04-30T04:36:50.726872
LOC-OR-05-I26-02,WH-NOR-05,ZONE-C,I,26,02,STANDARD,2000,155.7,True,2026-04-30T04:36:50.726872
LOC-AS-06-K13-01,WH-EAS-06,SHIPPING,K,13,01,STANDARD,2000,168.4,True,2026-04-30T04:36:50.726872
LOC-EN-08-P26-01,WH-CEN-08,RECEIVING,P,26,01,STANDARD,1000,129.2,True,2026-04-30T04:36:50.726872
LOC-OU-09-K15-07,WH-SOU-09,RECEIVING,K,15,07,STANDARD,2000,117.3,True,2026-04-30T04:36:50.726872
LOC-OU-09-A07-06,WH-SOU-09,SHIPPING,A,07,06,HAZMAT,2000,22.6,True,2026-04-30T04:36:50.726872
LOC-AS-01-K13-03,WH-EAS-01,ZONE-E,K,13,03,STANDARD,1000,123.1,True,2026-04-30T04:36:50.726872
LOC-OR-05-K23-01,WH-NOR-05,ZONE-C,K,23,01,STANDARD,5000,176.6,True,2026-04-30T04:36:50.726872
LOC-OR-05-G17-05,WH-NOR-05,ZONE-B,G,17,05,STANDARD,500,157.8,True,2026-04-30T04:36:50.726872
LOC-EN-08-A26-08,WH-CEN-08,ZONE-E,A,26,08,STANDARD,2000,185.5,True,2026-04-30T04:36:50.726872
LOC-OU-09-J25-06,WH-SOU-09,ZONE-B,J,25,06,BULK,500,166.2,True,2026-04-30T04:36:50.726872
LOC-AS-03-G24-01,WH-EAS-03,ZONE-D,G,24,01,STANDARD,500,10.8,True,2026-04-30T04:36:50.726872
LOC-EN-10-C11-08,WH-CEN-10,ZONE-A,C,11,08,STANDARD,2000,14.3,True,2026-04-30T04:36:50.726872
LOC-OR-04-K07-04,WH-NOR-04,ZONE-C,K,07,04,STANDARD,2000,156.8,True,2026-04-30T04:36:50.726872
LOC-OR-05-E06-05,WH-NOR-05,ZONE-A,E,06,05,STANDARD,500,49.2,True,2026-04-30T04:36:50.726872
LOC-AS-06-I05-05,WH-EAS-06,ZONE-E,I,05,05,STANDARD,500,69.2,True,2026-04-30T04:36:50.726872
LOC-OU-09-O02-03,WH-SOU-09,ZONE-A,O,02,03,STANDARD,500,30.1,True,2026-04-30T04:36:50.726872
LOC-ES-07-M06-08,WH-WES-07,ZONE-E,M,06,08,STANDARD,2000,165.3,True,2026-04-30T04:36:50.726872
LOC-OU-09-C30-08,WH-SOU-09,ZONE-E,C,30,08,STANDARD,5000,28.5,True,2026-04-30T04:36:50.726872
LOC-EN-08-P08-04,WH-CEN-08,ZONE-B,P,08,04,COLD,2000,183.4,True,2026-04-30T04:36:50.726872
LOC-AS-06-K15-08,WH-EAS-06,ZONE-A,K,15,08,STANDARD,500,76.8,True,2026-04-30T04:36:50.726872
LOC-AS-03-J25-06,WH-EAS-03,ZONE-E,J,25,06,STANDARD,500,87.1,True,2026-04-30T04:36:50.726872
LOC-AS-02-K18-02,WH-EAS-02,SHIPPING,K,18,02,STANDARD,5000,86.2,True,2026-04-30T04:36:50.726872
LOC-EN-10-H18-03,WH-CEN-10,ZONE-D,H,18,03,STANDARD,2000,49.6,True,2026-04-30T04:36:50.726872
LOC-ES-07-N19-06,WH-WES-07,ZONE-E,N,19,06,STANDARD,1000,135.9,True,2026-04-30T04:36:50.726872
LOC-EN-10-P04-08,WH-CEN-10,ZONE-C,P,04,08,STANDARD,5000,43.5,True,2026-04-30T04:36:50.726872
LOC-AS-02-D22-07,WH-EAS-02,ZONE-C,D,22,07,STANDARD,500,27.2,True,2026-04-30T04:36:50.726872
LOC-EN-10-A25-03,WH-CEN-10,RECEIVING,A,25,03,STANDARD,2000,84.1,True,2026-04-30T04:36:50.726872
LOC-OR-04-G22-06,WH-NOR-04,ZONE-C,G,22,06,STANDARD,2000,184.5,True,2026-04-30T04:36:50.726872
LOC-AS-06-C19-01,WH-EAS-06,ZONE-E,C,19,01,OVERSIZE,5000,171.1,True,2026-04-30T04:36:50.726872
LOC-AS-01-L29-01,WH-EAS-01,ZONE-A,L,29,01,BULK,2000,30.8,True,2026-04-30T04:36:50.726872
LOC-AS-01-H14-07,WH-EAS-01,RECEIVING,H,14,07,STANDARD,5000,87.1,True,2026-04-30T04:36:50.726872
LOC-OR-04-F16-03,WH-NOR-04,ZONE-B,F,16,03,STANDARD,2000,169.6,True,2026-04-30T04:36:50.726872
LOC-AS-03-E01-02,WH-EAS-03,RECEIVING,E,01,02,STANDARD,5000,135.0,False,2026-04-30T04:36:50.726872
LOC-AS-03-C05-07,WH-EAS-03,SHIPPING,C,05,07,STANDARD,5000,128.4,True,2026-04-30T04:36:50.726872
LOC-ES-07-O13-06,WH-WES-07,ZONE-B,O,13,06,STANDARD,500,119.8,True,2026-04-30T04:36:50.726872
LOC-OR-04-I14-06,WH-NOR-04,ZONE-A,I,14,06,OVERSIZE,5000,143.9,True,2026-04-30T04:36:50.726872
LOC-EN-08-C05-05,WH-CEN-08,ZONE-D,C,05,05,STANDARD,500,56.6,True,2026-04-30T04:36:50.726872
LOC-AS-02-J20-01,WH-EAS-02,ZONE-C,J,20,01,STANDARD,500,99.1,True,2026-04-30T04:36:50.726872
LOC-EN-08-K14-06,WH-CEN-08,SHIPPING,K,14,06,STANDARD,1000,16.7,True,2026-04-30T04:36:50.726872
LOC-OR-05-I02-08,WH-NOR-05,ZONE-E,I,02,08,STANDARD,500,134.7,True,2026-04-30T04:36:50.726872
LOC-EN-10-A10-08,WH-CEN-10,ZONE-A,A,10,08,STANDARD,500,171.8,True,2026-04-30T04:36:50.726872
LOC-AS-03-I09-05,WH-EAS-03,ZONE-A,I,09,05,BULK,1000,182.9,True,2026-04-30T04:36:50.726872
LOC-EN-08-L26-03,WH-CEN-08,ZONE-C,L,26,03,BULK,1000,102.1,True,2026-04-30T04:36:50.726872
LOC-AS-01-K03-03,WH-EAS-01,ZONE-E,K,03,03,HAZMAT,1000,169.1,True,2026-04-30T04:36:50.726872
LOC-ES-07-M08-08,WH-WES-07,RECEIVING,M,08,08,STANDARD,1000,119.8,True,2026-04-30T04:36:50.726872
LOC-AS-01-I25-02,WH-EAS-01,ZONE-A,I,25,02,STANDARD,5000,100.5,True,2026-04-30T04:36:50.726872
LOC-OU-09-H13-07,WH-SOU-09,ZONE-D,H,13,07,STANDARD,5000,12.3,True,2026-04-30T04:36:50.726872
LOC-EN-08-M22-06,WH-CEN-08,ZONE-E,M,22,06,STANDARD,500,28.5,True,2026-04-30T04:36:50.726872
LOC-AS-06-N20-05,WH-EAS-06,ZONE-C,N,20,05,STANDARD,500,58.5,True,2026-04-30T04:36:50.726872
LOC-EN-08-H24-04,WH-CEN-08,ZONE-E,H,24,04,STANDARD,1000,69.5,True,2026-04-30T04:36:50.726872
LOC-AS-01-C01-07,WH-EAS-01,ZONE-A,C,01,07,STANDARD,5000,76.8,True,2026-04-30T04:36:50.726872
LOC-OR-05-G02-01,WH-NOR-05,ZONE-E,G,02,01,STANDARD,1000,190.6,True,2026-04-30T04:36:50.726872
LOC-AS-02-C28-03,WH-EAS-02,ZONE-D,C,28,03,STANDARD,1000,180.2,True,2026-04-30T04:36:50.726872
LOC-OR-05-J15-02,WH-NOR-05,RECEIVING,J,15,02,STANDARD,2000,156.2,True,2026-04-30T04:36:50.726872
LOC-AS-06-I06-02,WH-EAS-06,ZONE-C,I,06,02,BULK,5000,83.8,False,2026-04-30T04:36:50.726872
LOC-OR-05-I06-08,WH-NOR-05,ZONE-A,I,06,08,STANDARD,1000,126.0,True,2026-04-30T04:36:50.726872
LOC-EN-08-D05-07,WH-CEN-08,ZONE-B,D,05,07,STANDARD,500,183.4,True,2026-04-30T04:36:50.726872
LOC-AS-02-B03-02,WH-EAS-02,ZONE-E,B,03,02,BULK,5000,13.6,True,2026-04-30T04:36:50.726872
LOC-AS-01-B22-07,WH-EAS-01,ZONE-C,B,22,07,STANDARD,2000,181.9,True,2026-04-30T04:36:50.726872
LOC-OU-09-P16-07,WH-SOU-09,ZONE-D,P,16,07,BULK,500,112.6,True,2026-04-30T04:36:50.726872
LOC-EN-08-D19-06,WH-CEN-08,ZONE-C,D,19,06,STANDARD,5000,20.5,False,2026-04-30T04:36:50.726872
LOC-AS-02-L18-06,WH-EAS-02,ZONE-A,L,18,06,BULK,2000,133.1,True,2026-04-30T04:36:50.726872
LOC-AS-01-M22-04,WH-EAS-01,ZONE-C,M,22,04,STANDARD,500,129.8,True,2026-04-30T04:36:50.726872
LOC-AS-02-O24-04,WH-EAS-02,ZONE-B,O,24,04,STANDARD,500,146.8,True,2026-04-30T04:36:50.726872
LOC-EN-08-M03-05,WH-CEN-08,ZONE-D,M,03,05,STANDARD,5000,193.6,True,2026-04-30T04:36:50.726872
LOC-AS-06-B11-01,WH-EAS-06,ZONE-D,B,11,01,STANDARD,5000,188.6,True,2026-04-30T04:36:50.726872
LOC-OU-09-E24-04,WH-SOU-09,ZONE-A,E,24,04,STANDARD,1000,102.9,True,2026-04-30T04:36:50.726872
LOC-EN-10-B08-03,WH-CEN-10,ZONE-A,B,08,03,STANDARD,500,181.9,True,2026-04-30T04:36:50.726872
LOC-AS-02-O20-03,WH-EAS-02,SHIPPING,O,20,03,STANDARD,500,31.7,True,2026-04-30T04:36:50.726872
LOC-EN-10-H03-04,WH-CEN-10,ZONE-D,H,03,04,STANDARD,5000,71.6,False,2026-04-30T04:36:50.726872
LOC-EN-10-E11-04,WH-CEN-10,SHIPPING,E,11,04,STANDARD,1000,73.7,True,2026-04-30T04:36:50.726872
LOC-AS-03-N06-06,WH-EAS-03,ZONE-E,N,06,06,STANDARD,1000,185.9,True,2026-04-30T04:36:50.726872
LOC-AS-02-M25-03,WH-EAS-02,ZONE-A,M,25,03,COLD,500,11.2,True,2026-04-30T04:36:50.726872
LOC-AS-02-J14-08,WH-EAS-02,RECEIVING,J,14,08,STANDARD,1000,131.6,True,2026-04-30T04:36:50.726872
LOC-ES-07-H06-01,WH-WES-07,ZONE-E,H,06,01,STANDARD,5000,126.3,True,2026-04-30T04:36:50.726872
LOC-OR-05-L14-01,WH-NOR-05,ZONE-E,L,14,01,STANDARD,500,197.5,False,2026-04-30T04:36:50.726872
LOC-EN-10-L28-04,WH-CEN-10,ZONE-D,L,28,04,BULK,1000,62.5,True,2026-04-30T04:36:50.726872
LOC-AS-03-P16-03,WH-EAS-03,ZONE-B,P,16,03,STANDARD,500,20.3,True,2026-04-30T04:36:50.726872
LOC-OR-04-N09-06,WH-NOR-04,ZONE-E,N,09,06,BULK,5000,18.2,True,2026-04-30T04:36:50.726872
LOC-OU-09-F06-01,WH-SOU-09,ZONE-D,F,06,01,STANDARD,500,180.1,True,2026-04-30T04:36:50.726872
LOC-EN-10-K14-04,WH-CEN-10,RECEIVING,K,14,04,STANDARD,2000,53.7,True,2026-04-30T04:36:50.726872
LOC-OR-04-D08-07,WH-NOR-04,SHIPPING,D,08,07,STANDARD,1000,24.0,True,2026-04-30T04:36:50.726872
LOC-AS-01-N05-04,WH-EAS-01,ZONE-E,N,05,04,STANDARD,5000,81.0,True,2026-04-30T04:36:50.726872
LOC-OR-04-L09-04,WH-NOR-04,ZONE-C,L,09,04,STANDARD,500,63.3,True,2026-04-30T04:36:50.726872
LOC-EN-08-O14-03,WH-CEN-08,SHIPPING,O,14,03,STANDARD,2000,124.7,True,2026-04-30T04:36:50.726872
LOC-EN-10-F19-04,WH-CEN-10,ZONE-A,F,19,04,STANDARD,5000,173.8,True,2026-04-30T04:36:50.726872
LOC-EN-08-O09-01,WH-CEN-08,RECEIVING,O,09,01,STANDARD,1000,57.1,True,2026-04-30T04:36:50.726872
LOC-OR-04-E30-01,WH-NOR-04,ZONE-D,E,30,01,OVERSIZE,500,198.3,True,2026-04-30T04:36:50.726872
LOC-OU-09-B14-07,WH-SOU-09,ZONE-D,B,14,07,BULK,500,96.0,True,2026-04-30T04:36:50.726872
LOC-OU-09-A23-07,WH-SOU-09,ZONE-B,A,23,07,STANDARD,2000,55.4,False,2026-04-30T04:36:50.726872
LOC-AS-01-P22-05,WH-EAS-01,ZONE-B,P,22,05,BULK,500,195.5,True,2026-04-30T04:36:50.726872
LOC-AS-03-M06-06,WH-EAS-03,RECEIVING,M,06,06,STANDARD,500,173.5,True,2026-04-30T04:36:50.726872
LOC-AS-06-B10-07,WH-EAS-06,SHIPPING,B,10,07,STANDARD,1000,159.7,True,2026-04-30T04:36:50.726872
LOC-AS-06-B17-06,WH-EAS-06,ZONE-A,B,17,06,STANDARD,2000,98.4,True,2026-04-30T04:36:50.726872
LOC-AS-06-F21-02,WH-EAS-06,ZONE-E,F,21,02,BULK,1000,36.3,True,2026-04-30T04:36:50.726872
LOC-OU-09-D21-08,WH-SOU-09,RECEIVING,D,21,08,HAZMAT,1000,153.1,True,2026-04-30T04:36:50.726872
LOC-AS-06-L29-05,WH-EAS-06,ZONE-E,L,29,05,STANDARD,2000,20.3,True,2026-04-30T04:36:50.726872
LOC-EN-08-P17-02,WH-CEN-08,ZONE-D,P,17,02,BULK,2000,95.9,True,2026-04-30T04:36:50.726872
LOC-AS-02-G29-08,WH-EAS-02,ZONE-A,G,29,08,STANDARD,1000,64.8,True,2026-04-30T04:36:50.726872
LOC-AS-02-F09-02,WH-EAS-02,RECEIVING,F,09,02,STANDARD,1000,176.2,True,2026-04-30T04:36:50.726872
LOC-AS-01-J14-03,WH-EAS-01,ZONE-D,J,14,03,STANDARD,5000,150.2,True,2026-04-30T04:36:50.726872
LOC-OR-04-C01-04,WH-NOR-04,SHIPPING,C,01,04,HAZMAT,2000,88.2,True,2026-04-30T04:36:50.726872
LOC-AS-06-P19-08,WH-EAS-06,ZONE-D,P,19,08,STANDARD,1000,180.7,True,2026-04-30T04:36:50.726872
LOC-OR-05-H16-06,WH-NOR-05,ZONE-C,H,16,06,BULK,500,38.2,True,2026-04-30T04:36:50.726872
LOC-AS-03-F23-05,WH-EAS-03,ZONE-B,F,23,05,OVERSIZE,1000,40.6,True,2026-04-30T04:36:50.726872
LOC-AS-06-E15-05,WH-EAS-06,ZONE-C,E,15,05,STANDARD,500,136.5,False,2026-04-30T04:36:50.726872
LOC-AS-03-L15-03,WH-EAS-03,ZONE-E,L,15,03,STANDARD,500,86.9,True,2026-04-30T04:36:50.726872
LOC-AS-03-O30-06,WH-EAS-03,ZONE-B,O,30,06,STANDARD,2000,133.0,True,2026-04-30T04:36:50.726872
LOC-OR-05-E26-08,WH-NOR-05,ZONE-C,E,26,08,STANDARD,5000,181.0,True,2026-04-30T04:36:50.726872
LOC-OU-09-D10-01,WH-SOU-09,ZONE-D,D,10,01,STANDARD,1000,94.7,True,2026-04-30T04:36:50.726872
LOC-AS-01-G19-04,WH-EAS-01,SHIPPING,G,19,04,HAZMAT,2000,47.2,True,2026-04-30T04:36:50.726872
LOC-EN-08-C17-07,WH-CEN-08,ZONE-B,C,17,07,STANDARD,500,182.6,True,2026-04-30T04:36:50.726872
LOC-AS-03-N12-07,WH-EAS-03,ZONE-C,N,12,07,STANDARD,2000,76.8,False,2026-04-30T04:36:50.726872
LOC-OU-09-C07-08,WH-SOU-09,RECEIVING,C,07,08,OVERSIZE,5000,64.8,True,2026-04-30T04:36:50.726872
LOC-ES-07-N05-02,WH-WES-07,ZONE-B,N,05,02,STANDARD,5000,197.8,True,2026-04-30T04:36:50.726872
LOC-AS-06-C30-07,WH-EAS-06,ZONE-A,C,30,07,STANDARD,2000,88.8,True,2026-04-30T04:36:50.726872
LOC-EN-10-E07-03,WH-CEN-10,SHIPPING,E,07,03,STANDARD,5000,18.0,True,2026-04-30T04:36:50.726872
LOC-EN-10-J16-08,WH-CEN-10,ZONE-B,J,16,08,STANDARD,500,39.3,True,2026-04-30T04:36:50.726872
LOC-EN-08-D21-05,WH-CEN-08,ZONE-D,D,21,05,STANDARD,1000,15.4,True,2026-04-30T04:36:50.726872
LOC-EN-08-C20-06,WH-CEN-08,ZONE-E,C,20,06,STANDARD,5000,175.0,True,2026-04-30T04:36:50.726872
LOC-EN-08-D12-01,WH-CEN-08,SHIPPING,D,12,01,STANDARD,500,37.8,True,2026-04-30T04:36:50.726872
LOC-AS-03-L06-01,WH-EAS-03,ZONE-C,L,06,01,STANDARD,2000,19.3,True,2026-04-30T04:36:50.726872
LOC-AS-02-G25-03,WH-EAS-02,SHIPPING,G,25,03,STANDARD,1000,113.3,True,2026-04-30T04:36:50.726872
LOC-OR-05-I22-06,WH-NOR-05,ZONE-A,I,22,06,STANDARD,2000,166.4,True,2026-04-30T04:36:50.726872
LOC-OU-09-J12-08,WH-SOU-09,ZONE-D,J,12,08,STANDARD,1000,29.5,True,2026-04-30T04:36:50.726872
LOC-OR-04-G26-02,WH-NOR-04,ZONE-D,G,26,02,STANDARD,500,32.1,True,2026-04-30T04:36:50.726872
LOC-AS-01-P12-05,WH-EAS-01,RECEIVING,P,12,05,STANDARD,5000,179.0,True,2026-04-30T04:36:50.726872
LOC-AS-06-F23-05,WH-EAS-06,ZONE-A,F,23,05,BULK,500,52.2,True,2026-04-30T04:36:50.726872
LOC-AS-03-H10-03,WH-EAS-03,ZONE-B,H,10,03,STANDARD,500,90.7,True,2026-04-30T04:36:50.726872
LOC-AS-02-C01-08,WH-EAS-02,SHIPPING,C,01,08,STANDARD,1000,30.5,True,2026-04-30T04:36:50.726872
LOC-OU-09-B16-02,WH-SOU-09,ZONE-C,B,16,02,STANDARD,2000,136.8,True,2026-04-30T04:36:50.726872
LOC-AS-02-G19-04,WH-EAS-02,ZONE-B,G,19,04,STANDARD,500,27.2,True,2026-04-30T04:36:50.726872
LOC-OR-05-L12-03,WH-NOR-05,SHIPPING,L,12,03,STANDARD,1000,105.9,True,2026-04-30T04:36:50.726872
LOC-EN-10-A17-04,WH-CEN-10,RECEIVING,A,17,04,STANDARD,2000,42.6,True,2026-04-30T04:36:50.726872
LOC-AS-01-D30-04,WH-EAS-01,ZONE-E,D,30,04,COLD,5000,79.6,True,2026-04-30T04:36:50.726872
LOC-EN-08-D06-06,WH-CEN-08,ZONE-D,D,06,06,STANDARD,1000,87.4,True,2026-04-30T04:36:50.726872
LOC-AS-06-D15-02,WH-EAS-06,ZONE-E,D,15,02,STANDARD,2000,143.9,True,2026-04-30T04:36:50.726872
LOC-AS-01-C11-08,WH-EAS-01,ZONE-A,C,11,08,STANDARD,5000,124.1,True,2026-04-30T04:36:50.726872
LOC-EN-08-H18-07,WH-CEN-08,ZONE-C,H,18,07,OVERSIZE,5000,45.9,True,2026-04-30T04:36:50.726872
LOC-EN-08-L06-01,WH-CEN-08,RECEIVING,L,06,01,STANDARD,500,85.3,True,2026-04-30T04:36:50.726872
LOC-AS-02-D05-07,WH-EAS-02,ZONE-D,D,05,07,STANDARD,500,150.9,True,2026-04-30T04:36:50.726872
LOC-AS-03-C12-04,WH-EAS-03,ZONE-C,C,12,04,STANDARD,5000,33.3,True,2026-04-30T04:36:50.726872
LOC-EN-08-I25-05,WH-CEN-08,SHIPPING,I,25,05,BULK,5000,77.7,True,2026-04-30T04:36:50.726872
LOC-ES-07-P17-05,WH-WES-07,ZONE-B,P,17,05,BULK,500,33.2,True,2026-04-30T04:36:50.726872
LOC-OR-04-E01-02,WH-NOR-04,RECEIVING,E,01,02,STANDARD,500,104.6,True,2026-04-30T04:36:50.726872
LOC-AS-03-M20-06,WH-EAS-03,ZONE-B,M,20,06,STANDARD,500,154.4,True,2026-04-30T04:36:50.726872
LOC-OU-09-P26-08,WH-SOU-09,ZONE-B,P,26,08,STANDARD,5000,103.1,True,2026-04-30T04:36:50.726872
LOC-AS-06-A25-01,WH-EAS-06,ZONE-D,A,25,01,COLD,500,82.9,True,2026-04-30T04:36:50.726872
LOC-ES-07-O15-01,WH-WES-07,ZONE-A,O,15,01,STANDARD,2000,178.1,True,2026-04-30T04:36:50.726872
LOC-ES-07-E10-07,WH-WES-07,ZONE-D,E,10,07,BULK,5000,135.4,True,2026-04-30T04:36:50.726872
LOC-EN-10-P16-03,WH-CEN-10,ZONE-E,P,16,03,STANDARD,2000,104.0,False,2026-04-30T04:36:50.726872
LOC-EN-10-L25-05,WH-CEN-10,ZONE-C,L,25,05,STANDARD,500,34.4,True,2026-04-30T04:36:50.726872
LOC-EN-10-A25-06,WH-CEN-10,ZONE-D,A,25,06,STANDARD,2000,198.5,True,2026-04-30T04:36:50.726872
LOC-AS-01-H08-04,WH-EAS-01,RECEIVING,H,08,04,STANDARD,500,183.0,True,2026-04-30T04:36:50.726872
LOC-OR-05-D11-03,WH-NOR-05,ZONE-A,D,11,03,STANDARD,500,97.6,True,2026-04-30T04:36:50.726872
LOC-EN-10-N09-01,WH-CEN-10,RECEIVING,N,09,01,STANDARD,500,197.3,True,2026-04-30T04:36:50.726872
LOC-ES-07-K19-02,WH-WES-07,SHIPPING,K,19,02,STANDARD,1000,73.8,True,2026-04-30T04:36:50.726872
LOC-AS-06-F20-05,WH-EAS-06,ZONE-C,F,20,05,OVERSIZE,1000,104.4,True,2026-04-30T04:36:50.726872
LOC-AS-02-G10-05,WH-EAS-02,ZONE-A,G,10,05,STANDARD,5000,162.9,True,2026-04-30T04:36:50.726872
LOC-AS-02-D19-06,WH-EAS-02,ZONE-C,D,19,06,STANDARD,5000,91.2,True,2026-04-30T04:36:50.726872
LOC-AS-02-J17-05,WH-EAS-02,ZONE-D,J,17,05,STANDARD,2000,48.0,True,2026-04-30T04:36:50.726872
LOC-EN-10-O22-03,WH-CEN-10,ZONE-A,O,22,03,STANDARD,1000,119.6,True,2026-04-30T04:36:50.726872
LOC-EN-08-I30-07,WH-CEN-08,ZONE-E,I,30,07,BULK,500,109.2,True,2026-04-30T04:36:50.726872
LOC-AS-03-H05-05,WH-EAS-03,SHIPPING,H,05,05,STANDARD,2000,173.4,True,2026-04-30T04:36:50.726872
LOC-OR-04-N09-05,WH-NOR-04,RECEIVING,N,09,05,STANDARD,1000,87.1,True,2026-04-30T04:36:50.726872
LOC-OR-04-A08-05,WH-NOR-04,ZONE-D,A,08,05,STANDARD,5000,90.2,True,2026-04-30T04:36:50.726872
LOC-OR-04-F09-03,WH-NOR-04,ZONE-A,F,09,03,STANDARD,2000,135.1,True,2026-04-30T04:36:50.726872
LOC-AS-01-P26-01,WH-EAS-01,ZONE-A,P,26,01,COLD,500,69.6,True,2026-04-30T04:36:50.726872
LOC-AS-02-N29-06,WH-EAS-02,RECEIVING,N,29,06,STANDARD,500,85.4,True,2026-04-30T04:36:50.726872
LOC-AS-03-H04-02,WH-EAS-03,ZONE-E,H,04,02,STANDARD,2000,104.3,True,2026-04-30T04:36:50.726872
LOC-EN-10-D25-06,WH-CEN-10,ZONE-C,D,25,06,BULK,5000,163.1,True,2026-04-30T04:36:50.726872
LOC-ES-07-G05-02,WH-WES-07,ZONE-B,G,05,02,STANDARD,2000,93.5,True,2026-04-30T04:36:50.726872
LOC-EN-10-B16-06,WH-CEN-10,RECEIVING,B,16,06,HAZMAT,2000,113.7,True,2026-04-30T04:36:50.726872
LOC-OR-04-I29-03,WH-NOR-04,ZONE-C,I,29,03,STANDARD,2000,166.1,True,2026-04-30T04:36:50.726872
LOC-EN-10-B27-01,WH-CEN-10,RECEIVING,B,27,01,HAZMAT,1000,58.1,True,2026-04-30T04:36:50.726872
LOC-AS-06-D18-04,WH-EAS-06,SHIPPING,D,18,04,STANDARD,500,182.9,True,2026-04-30T04:36:50.726872
LOC-OR-05-J03-04,WH-NOR-05,ZONE-C,J,03,04,STANDARD,1000,184.0,True,2026-04-30T04:36:50.726872
LOC-ES-07-B09-02,WH-WES-07,SHIPPING,B,09,02,BULK,5000,99.5,True,2026-04-30T04:36:50.726872
LOC-AS-06-N29-02,WH-EAS-06,SHIPPING,N,29,02,STANDARD,2000,106.2,True,2026-04-30T04:36:50.726872
LOC-EN-10-K15-01,WH-CEN-10,SHIPPING,K,15,01,STANDARD,1000,129.7,True,2026-04-30T04:36:50.726872
LOC-AS-03-A13-04,WH-EAS-03,RECEIVING,A,13,04,STANDARD,500,31.1,True,2026-04-30T04:36:50.726872
LOC-AS-03-N26-06,WH-EAS-03,ZONE-D,N,26,06,STANDARD,1000,59.5,True,2026-04-30T04:36:50.726872
LOC-AS-06-J07-02,WH-EAS-06,ZONE-D,J,07,02,STANDARD,5000,176.5,True,2026-04-30T04:36:50.726872
LOC-EN-10-H01-01,WH-CEN-10,ZONE-E,H,01,01,STANDARD,1000,182.3,False,2026-04-30T04:36:50.726872
LOC-OR-04-I23-03,WH-NOR-04,ZONE-A,I,23,03,STANDARD,5000,124.1,True,2026-04-30T04:36:50.726872
LOC-AS-06-F19-02,WH-EAS-06,ZONE-A,F,19,02,BULK,5000,156.9,True,2026-04-30T04:36:50.726872
LOC-EN-08-D08-04,WH-CEN-08,ZONE-B,D,08,04,HAZMAT,2000,64.7,True,2026-04-30T04:36:50.726872
LOC-AS-03-N28-04,WH-EAS-03,ZONE-E,N,28,04,STANDARD,2000,148.1,True,2026-04-30T04:36:50.726872
LOC-AS-03-N26-03,WH-EAS-03,ZONE-A,N,26,03,STANDARD,2000,54.7,True,2026-04-30T04:36:50.726872
LOC-OR-04-L19-08,WH-NOR-04,ZONE-A,L,19,08,STANDARD,1000,175.6,False,2026-04-30T04:36:50.726872
LOC-ES-07-G23-07,WH-WES-07,RECEIVING,G,23,07,STANDARD,2000,23.9,True,2026-04-30T04:36:50.726872
LOC-AS-01-K30-04,WH-EAS-01,ZONE-D,K,30,04,COLD,500,11.0,True,2026-04-30T04:36:50.726872
LOC-ES-07-J13-06,WH-WES-07,ZONE-B,J,13,06,OVERSIZE,500,120.3,True,2026-04-30T04:36:50.726872
LOC-OU-09-P30-06,WH-SOU-09,ZONE-D,P,30,06,STANDARD,2000,144.9,True,2026-04-30T04:36:50.726872
LOC-OR-05-D11-01,WH-NOR-05,ZONE-B,D,11,01,STANDARD,2000,152.1,True,2026-04-30T04:36:50.726872
LOC-OR-05-I20-05,WH-NOR-05,ZONE-E,I,20,05,STANDARD,1000,70.0,False,2026-04-30T04:36:50.726872
LOC-AS-03-O02-04,WH-EAS-03,ZONE-B,O,02,04,STANDARD,1000,16.8,True,2026-04-30T04:36:50.726872
LOC-EN-08-N04-08,WH-CEN-08,ZONE-A,N,04,08,STANDARD,5000,97.0,True,2026-04-30T04:36:50.726872
LOC-AS-03-D12-02,WH-EAS-03,ZONE-B,D,12,02,COLD,1000,168.6,True,2026-04-30T04:36:50.726872
LOC-OR-05-G19-01,WH-NOR-05,ZONE-E,G,19,01,BULK,1000,89.1,True,2026-04-30T04:36:50.726872
LOC-EN-08-D29-06,WH-CEN-08,ZONE-A,D,29,06,STANDARD,500,84.9,True,2026-04-30T04:36:50.726872
LOC-AS-02-K05-01,WH-EAS-02,ZONE-A,K,05,01,STANDARD,5000,96.3,True,2026-04-30T04:36:50.726872
LOC-EN-10-A11-01,WH-CEN-10,RECEIVING,A,11,01,STANDARD,5000,71.7,True,2026-04-30T04:36:50.726872
LOC-EN-10-E07-01,WH-CEN-10,SHIPPING,E,07,01,STANDARD,2000,161.6,True,2026-04-30T04:36:50.726872
LOC-OU-09-M03-07,WH-SOU-09,ZONE-C,M,03,07,STANDARD,5000,26.9,True,2026-04-30T04:36:50.726872
LOC-AS-03-M25-07,WH-EAS-03,ZONE-C,M,25,07,STANDARD,1000,32.9,True,2026-04-30T04:36:50.726872
LOC-ES-07-J29-03,WH-WES-07,ZONE-C,J,29,03,STANDARD,2000,107.4,True,2026-04-30T04:36:50.726872
LOC-ES-07-P09-07,WH-WES-07,ZONE-A,P,09,07,BULK,2000,126.6,True,2026-04-30T04:36:50.726872
LOC-ES-07-C02-06,WH-WES-07,ZONE-D,C,02,06,STANDARD,1000,186.8,True,2026-04-30T04:36:50.726872
LOC-OU-09-C10-08,WH-SOU-09,ZONE-D,C,10,08,STANDARD,5000,67.1,False,2026-04-30T04:36:50.726872
LOC-OR-05-H17-07,WH-NOR-05,ZONE-C,H,17,07,STANDARD,500,184.3,True,2026-04-30T04:36:50.726872
LOC-OU-09-N14-02,WH-SOU-09,ZONE-D,N,14,02,STANDARD,2000,77.5,True,2026-04-30T04:36:50.726872
LOC-OU-09-A04-08,WH-SOU-09,ZONE-B,A,04,08,BULK,5000,18.6,True,2026-04-30T04:36:50.726872
LOC-OR-05-K19-08,WH-NOR-05,SHIPPING,K,19,08,STANDARD,2000,74.9,True,2026-04-30T04:36:50.726872
LOC-AS-03-G06-02,WH-EAS-03,RECEIVING,G,06,02,OVERSIZE,2000,175.6,True,2026-04-30T04:36:50.726872
LOC-OU-09-A01-07,WH-SOU-09,ZONE-A,A,01,07,STANDARD,5000,97.4,True,2026-04-30T04:36:50.726872
LOC-EN-10-P10-06,WH-CEN-10,RECEIVING,P,10,06,STANDARD,5000,162.9,True,2026-04-30T04:36:50.726872
LOC-AS-03-A07-02,WH-EAS-03,SHIPPING,A,07,02,STANDARD,1000,173.2,True,2026-04-30T04:36:50.726872
LOC-AS-03-H14-04,WH-EAS-03,ZONE-A,H,14,04,STANDARD,5000,38.2,True,2026-04-30T04:36:50.726872
LOC-AS-02-F29-03,WH-EAS-02,RECEIVING,F,29,03,BULK,5000,99.6,True,2026-04-30T04:36:50.726872
LOC-EN-10-H07-05,WH-CEN-10,ZONE-E,H,07,05,BULK,5000,19.7,True,2026-04-30T04:36:50.726872
LOC-ES-07-N28-08,WH-WES-07,RECEIVING,N,28,08,STANDARD,2000,17.0,True,2026-04-30T04:36:50.726872
LOC-OU-09-P08-01,WH-SOU-09,ZONE-E,P,08,01,STANDARD,2000,115.1,True,2026-04-30T04:36:50.726872
LOC-ES-07-P04-08,WH-WES-07,ZONE-E,P,04,08,HAZMAT,2000,95.2,True,2026-04-30T04:36:50.726872
LOC-AS-03-J24-04,WH-EAS-03,ZONE-D,J,24,04,STANDARD,1000,106.5,True,2026-04-30T04:36:50.726872
LOC-AS-06-O05-05,WH-EAS-06,RECEIVING,O,05,05,BULK,5000,168.3,True,2026-04-30T04:36:50.726872
LOC-AS-06-P26-03,WH-EAS-06,ZONE-E,P,26,03,STANDARD,500,136.7,True,2026-04-30T04:36:50.726872
LOC-OR-04-F20-08,WH-NOR-04,ZONE-A,F,20,08,BULK,5000,67.7,True,2026-04-30T04:36:50.726872
LOC-AS-01-A12-05,WH-EAS-01,ZONE-C,A,12,05,STANDARD,1000,167.3,True,2026-04-30T04:36:50.726872
LOC-AS-01-C11-07,WH-EAS-01,ZONE-A,C,11,07,STANDARD,500,116.8,True,2026-04-30T04:36:50.726872
LOC-AS-06-L25-01,WH-EAS-06,SHIPPING,L,25,01,COLD,2000,180.3,True,2026-04-30T04:36:50.726872
LOC-OU-09-D23-01,WH-SOU-09,ZONE-D,D,23,01,BULK,500,195.2,True,2026-04-30T04:36:50.726872
LOC-EN-10-D27-01,WH-CEN-10,ZONE-E,D,27,01,STANDARD,500,175.5,True,2026-04-30T04:36:50.726872
LOC-AS-03-J23-08,WH-EAS-03,SHIPPING,J,23,08,STANDARD,500,39.3,True,2026-04-30T04:36:50.726872
LOC-AS-03-D28-04,WH-EAS-03,ZONE-D,D,28,04,OVERSIZE,500,56.6,True,2026-04-30T04:36:50.726872
LOC-AS-06-J17-03,WH-EAS-06,ZONE-A,J,17,03,STANDARD,5000,78.5,True,2026-04-30T04:36:50.726872
LOC-AS-03-N26-04,WH-EAS-03,ZONE-B,N,26,04,BULK,5000,184.4,True,2026-04-30T04:36:50.726872
LOC-OU-09-L01-08,WH-SOU-09,ZONE-B,L,01,08,BULK,500,26.1,True,2026-04-30T04:36:50.726872
LOC-AS-03-N02-07,WH-EAS-03,SHIPPING,N,02,07,STANDARD,1000,181.5,True,2026-04-30T04:36:50.726872
LOC-OU-09-J14-07,WH-SOU-09,RECEIVING,J,14,07,BULK,2000,147.1,True,2026-04-30T04:36:50.726872
LOC-AS-06-A27-05,WH-EAS-06,ZONE-E,A,27,05,STANDARD,1000,143.1,True,2026-04-30T04:36:50.726872
LOC-OR-04-O23-06,WH-NOR-04,SHIPPING,O,23,06,BULK,5000,157.3,True,2026-04-30T04:36:50.726872
LOC-AS-02-B18-06,WH-EAS-02,ZONE-D,B,18,06,BULK,1000,108.9,True,2026-04-30T04:36:50.726872
LOC-OR-04-C17-05,WH-NOR-04,ZONE-E,C,17,05,STANDARD,1000,14.5,True,2026-04-30T04:36:50.726872
LOC-OU-09-I08-05,WH-SOU-09,RECEIVING,I,08,05,STANDARD,500,149.1,True,2026-04-30T04:36:50.726872
LOC-OR-05-L04-01,WH-NOR-05,SHIPPING,L,04,01,STANDARD,500,95.3,True,2026-04-30T04:36:50.726872
LOC-AS-01-O11-04,WH-EAS-01,SHIPPING,O,11,04,BULK,1000,76.6,True,2026-04-30T04:36:50.726872
LOC-EN-10-E23-07,WH-CEN-10,ZONE-E,E,23,07,BULK,500,72.3,True,2026-04-30T04:36:50.726872
LOC-AS-06-O04-03,WH-EAS-06,RECEIVING,O,04,03,STANDARD,5000,25.6,True,2026-04-30T04:36:50.726872
LOC-AS-03-P07-08,WH-EAS-03,ZONE-A,P,07,08,STANDARD,5000,121.8,True,2026-04-30T04:36:50.726872
LOC-ES-07-I19-08,WH-WES-07,RECEIVING,I,19,08,STANDARD,5000,140.9,True,2026-04-30T04:36:50.726872
LOC-ES-07-F05-03,WH-WES-07,ZONE-D,F,05,03,BULK,1000,193.9,True,2026-04-30T04:36:50.726872
LOC-OU-09-D23-04,WH-SOU-09,ZONE-D,D,23,04,STANDARD,1000,189.4,True,2026-04-30T04:36:50.726872
LOC-AS-02-N04-02,WH-EAS-02,ZONE-C,N,04,02,STANDARD,500,109.3,True,2026-04-30T04:36:50.726872
LOC-OR-05-L10-05,WH-NOR-05,ZONE-D,L,10,05,STANDARD,1000,37.0,True,2026-04-30T04:36:50.726872
LOC-AS-01-J29-05,WH-EAS-01,ZONE-B,J,29,05,STANDARD,5000,10.4,True,2026-04-30T04:36:50.726872
LOC-AS-02-B14-08,WH-EAS-02,ZONE-E,B,14,08,STANDARD,5000,181.1,True,2026-04-30T04:36:50.726872
LOC-EN-08-E25-03,WH-CEN-08,ZONE-E,E,25,03,STANDARD,5000,136.8,True,2026-04-30T04:36:50.726872
LOC-AS-06-C26-07,WH-EAS-06,ZONE-D,C,26,07,STANDARD,5000,74.4,True,2026-04-30T04:36:50.726872
LOC-EN-08-I21-02,WH-CEN-08,SHIPPING,I,21,02,STANDARD,500,118.7,True,2026-04-30T04:36:50.726872
LOC-OR-05-D21-02,WH-NOR-05,ZONE-B,D,21,02,OVERSIZE,500,191.9,True,2026-04-30T04:36:50.726872
LOC-EN-08-A04-03,WH-CEN-08,ZONE-A,A,04,03,STANDARD,1000,56.6,True,2026-04-30T04:36:50.726872
LOC-EN-10-O03-06,WH-CEN-10,ZONE-D,O,03,06,STANDARD,5000,173.8,True,2026-04-30T04:36:50.726872
LOC-ES-07-F14-01,WH-WES-07,SHIPPING,F,14,01,STANDARD,5000,58.9,True,2026-04-30T04:36:50.726872
LOC-AS-02-F10-03,WH-EAS-02,ZONE-B,F,10,03,STANDARD,500,39.3,True,2026-04-30T04:36:50.726872
LOC-AS-03-B20-06,WH-EAS-03,ZONE-B,B,20,06,STANDARD,500,66.6,True,2026-04-30T04:36:50.726872
LOC-AS-03-N29-06,WH-EAS-03,ZONE-C,N,29,06,STANDARD,500,19.9,True,2026-04-30T04:36:50.726872
LOC-EN-10-H16-07,WH-CEN-10,ZONE-A,H,16,07,STANDARD,2000,98.3,True,2026-04-30T04:36:50.726872
LOC-EN-08-A14-04,WH-CEN-08,ZONE-A,A,14,04,STANDARD,500,56.8,True,2026-04-30T04:36:50.726872
LOC-AS-03-J19-07,WH-EAS-03,ZONE-D,J,19,07,STANDARD,1000,158.7,True,2026-04-30T04:36:50.726872
LOC-OU-09-F26-04,WH-SOU-09,ZONE-E,F,26,04,OVERSIZE,5000,17.9,True,2026-04-30T04:36:50.726872
LOC-EN-10-J21-03,WH-CEN-10,ZONE-A,J,21,03,STANDARD,5000,61.9,True,2026-04-30T04:36:50.726872
LOC-ES-07-L27-04,WH-WES-07,ZONE-E,L,27,04,BULK,2000,18.6,True,2026-04-30T04:36:50.726872
LOC-EN-10-C10-02,WH-CEN-10,ZONE-D,C,10,02,STANDARD,1000,147.8,False,2026-04-30T04:36:50.726872
LOC-ES-07-G20-06,WH-WES-07,RECEIVING,G,20,06,HAZMAT,2000,196.1,True,2026-04-30T04:36:50.726872
LOC-OR-05-H22-06,WH-NOR-05,ZONE-C,H,22,06,STANDARD,2000,13.0,True,2026-04-30T04:36:50.726872
LOC-AS-01-P01-01,WH-EAS-01,RECEIVING,P,01,01,STANDARD,5000,154.9,True,2026-04-30T04:36:50.726872
LOC-AS-02-A29-08,WH-EAS-02,RECEIVING,A,29,08,STANDARD,5000,167.2,True,2026-04-30T04:36:50.726872
LOC-AS-03-A04-08,WH-EAS-03,ZONE-C,A,04,08,HAZMAT,5000,11.8,True,2026-04-30T04:36:50.726872
LOC-OR-05-L07-02,WH-NOR-05,SHIPPING,L,07,02,STANDARD,2000,163.6,True,2026-04-30T04:36:50.726872
LOC-EN-08-L02-05,WH-CEN-08,ZONE-D,L,02,05,COLD,1000,11.4,False,2026-04-30T04:36:50.726872
LOC-ES-07-D28-05,WH-WES-07,ZONE-E,D,28,05,STANDARD,1000,114.8,True,2026-04-30T04:36:50.726872
LOC-EN-10-F03-03,WH-CEN-10,RECEIVING,F,03,03,STANDARD,2000,187.4,True,2026-04-30T04:36:50.726872
LOC-OU-09-I07-01,WH-SOU-09,RECEIVING,I,07,01,STANDARD,2000,139.3,True,2026-04-30T04:36:50.726872
LOC-AS-01-N21-01,WH-EAS-01,SHIPPING,N,21,01,HAZMAT,5000,170.4,True,2026-04-30T04:36:50.726872
LOC-AS-02-O16-06,WH-EAS-02,ZONE-E,O,16,06,BULK,1000,18.9,True,2026-04-30T04:36:50.726872
LOC-OU-09-O11-01,WH-SOU-09,ZONE-D,O,11,01,STANDARD,500,177.2,True,2026-04-30T04:36:50.726872
LOC-OR-04-N03-04,WH-NOR-04,ZONE-B,N,03,04,STANDARD,2000,21.9,True,2026-04-30T04:36:50.726872
LOC-AS-01-P14-01,WH-EAS-01,ZONE-E,P,14,01,BULK,2000,169.7,True,2026-04-30T04:36:50.726872
LOC-EN-08-H11-01,WH-CEN-08,SHIPPING,H,11,01,STANDARD,1000,189.3,True,2026-04-30T04:36:50.726872
LOC-EN-10-O25-02,WH-CEN-10,RECEIVING,O,25,02,STANDARD,500,26.3,True,2026-04-30T04:36:50.726872
LOC-AS-01-M11-02,WH-EAS-01,SHIPPING,M,11,02,STANDARD,5000,20.4,True,2026-04-30T04:36:50.726872
LOC-ES-07-C04-01,WH-WES-07,ZONE-E,C,04,01,STANDARD,5000,86.3,True,2026-04-30T04:36:50.726872
LOC-ES-07-H28-01,WH-WES-07,ZONE-D,H,28,01,STANDARD,5000,177.2,True,2026-04-30T04:36:50.726872
LOC-AS-06-A15-06,WH-EAS-06,ZONE-E,A,15,06,STANDARD,500,12.3,True,2026-04-30T04:36:50.726872
LOC-EN-10-G29-03,WH-CEN-10,RECEIVING,G,29,03,STANDARD,2000,90.0,True,2026-04-30T04:36:50.726872
LOC-EN-08-F08-03,WH-CEN-08,SHIPPING,F,08,03,STANDARD,1000,69.2,True,2026-04-30T04:36:50.726872
LOC-AS-06-J19-03,WH-EAS-06,ZONE-B,J,19,03,STANDARD,2000,65.3,False,2026-04-30T04:36:50.726872
LOC-OU-09-E02-04,WH-SOU-09,ZONE-E,E,02,04,BULK,500,90.2,True,2026-04-30T04:36:50.726872
LOC-OR-04-G26-02,WH-NOR-04,ZONE-C,G,26,02,STANDARD,5000,142.0,False,2026-04-30T04:36:50.726872
LOC-EN-10-K28-06,WH-CEN-10,ZONE-E,K,28,06,STANDARD,2000,40.8,True,2026-04-30T04:36:50.726872
LOC-AS-01-P08-01,WH-EAS-01,RECEIVING,P,08,01,STANDARD,1000,98.6,True,2026-04-30T04:36:50.726872
LOC-EN-08-K26-07,WH-CEN-08,ZONE-B,K,26,07,STANDARD,500,78.9,True,2026-04-30T04:36:50.726872
LOC-AS-01-D05-05,WH-EAS-01,ZONE-D,D,05,05,STANDARD,2000,18.3,True,2026-04-30T04:36:50.726872
LOC-OR-04-J06-04,WH-NOR-04,ZONE-C,J,06,04,BULK,2000,171.0,True,2026-04-30T04:36:50.726872
LOC-OR-04-A06-05,WH-NOR-04,ZONE-A,A,06,05,STANDARD,1000,82.0,True,2026-04-30T04:36:50.726872
LOC-AS-02-K30-04,WH-EAS-02,ZONE-C,K,30,04,STANDARD,2000,163.8,True,2026-04-30T04:36:50.726872
LOC-OU-09-N29-02,WH-SOU-09,ZONE-A,N,29,02,STANDARD,1000,161.0,True,2026-04-30T04:36:50.726872
LOC-ES-07-L11-07,WH-WES-07,RECEIVING,L,11,07,STANDARD,500,155.0,True,2026-04-30T04:36:50.726872
LOC-OU-09-J26-03,WH-SOU-09,ZONE-C,J,26,03,STANDARD,2000,175.8,True,2026-04-30T04:36:50.726872
LOC-EN-10-P07-02,WH-CEN-10,SHIPPING,P,07,02,STANDARD,500,41.8,True,2026-04-30T04:36:50.726872
LOC-OU-09-L16-08,WH-SOU-09,ZONE-B,L,16,08,STANDARD,2000,109.8,True,2026-04-30T04:36:50.726872
LOC-EN-08-P09-07,WH-CEN-08,RECEIVING,P,09,07,HAZMAT,500,49.4,True,2026-04-30T04:36:50.726872
LOC-EN-08-H13-04,WH-CEN-08,ZONE-C,H,13,04,STANDARD,5000,118.6,True,2026-04-30T04:36:50.726872
LOC-AS-06-I18-02,WH-EAS-06,ZONE-B,I,18,02,BULK,2000,94.5,True,2026-04-30T04:36:50.726872
LOC-EN-10-B15-06,WH-CEN-10,ZONE-D,B,15,06,STANDARD,5000,87.7,True,2026-04-30T04:36:50.726872
LOC-AS-06-I13-01,WH-EAS-06,ZONE-B,I,13,01,STANDARD,2000,132.6,True,2026-04-30T04:36:50.726872
LOC-AS-02-J27-02,WH-EAS-02,SHIPPING,J,27,02,STANDARD,1000,28.7,True,2026-04-30T04:36:50.726872
LOC-AS-01-G11-04,WH-EAS-01,RECEIVING,G,11,04,STANDARD,2000,151.6,True,2026-04-30T04:36:50.726872
LOC-OR-05-G23-03,WH-NOR-05,SHIPPING,G,23,03,BULK,2000,11.6,True,2026-04-30T04:36:50.726872
LOC-AS-06-M13-01,WH-EAS-06,ZONE-D,M,13,01,STANDARD,1000,174.4,True,2026-04-30T04:36:50.726872
LOC-OR-04-P08-08,WH-NOR-04,RECEIVING,P,08,08,BULK,2000,160.5,True,2026-04-30T04:36:50.726872
LOC-OR-04-N25-07,WH-NOR-04,ZONE-B,N,25,07,STANDARD,500,81.2,True,2026-04-30T04:36:50.726872
LOC-AS-03-J24-01,WH-EAS-03,ZONE-D,J,24,01,BULK,2000,74.6,True,2026-04-30T04:36:50.726872
LOC-ES-07-J11-01,WH-WES-07,ZONE-E,J,11,01,BULK,1000,39.2,True,2026-04-30T04:36:50.726872
LOC-AS-06-M13-04,WH-EAS-06,ZONE-D,M,13,04,STANDARD,5000,45.8,True,2026-04-30T04:36:50.726872
LOC-EN-10-O21-05,WH-CEN-10,ZONE-A,O,21,05,STANDARD,1000,16.1,True,2026-04-30T04:36:50.726872
LOC-EN-08-A06-04,WH-CEN-08,ZONE-A,A,06,04,HAZMAT,5000,63.9,True,2026-04-30T04:36:50.726872
LOC-OU-09-C15-01,WH-SOU-09,ZONE-C,C,15,01,STANDARD,1000,72.1,True,2026-04-30T04:36:50.726872
LOC-ES-07-F04-03,WH-WES-07,ZONE-E,F,04,03,STANDARD,500,83.9,True,2026-04-30T04:36:50.726872
LOC-OR-04-E28-04,WH-NOR-04,ZONE-C,E,28,04,STANDARD,5000,40.2,True,2026-04-30T04:36:50.726872
LOC-OR-05-G17-08,WH-NOR-05,ZONE-C,G,17,08,STANDARD,1000,94.7,True,2026-04-30T04:36:50.726872
LOC-EN-10-H17-06,WH-CEN-10,ZONE-E,H,17,06,COLD,5000,97.9,True,2026-04-30T04:36:50.726872
LOC-AS-02-J21-08,WH-EAS-02,ZONE-C,J,21,08,BULK,2000,84.3,True,2026-04-30T04:36:50.726872
LOC-AS-03-N08-03,WH-EAS-03,ZONE-E,N,08,03,BULK,5000,83.1,True,2026-04-30T04:36:50.726872
LOC-EN-10-D13-01,WH-CEN-10,ZONE-B,D,13,01,COLD,1000,62.0,True,2026-04-30T04:36:50.726872
LOC-OR-05-C23-04,WH-NOR-05,ZONE-D,C,23,04,STANDARD,500,199.1,True,2026-04-30T04:36:50.726872
LOC-AS-02-K14-08,WH-EAS-02,ZONE-B,K,14,08,STANDARD,500,97.8,True,2026-04-30T04:36:50.726872
LOC-EN-08-M11-07,WH-CEN-08,SHIPPING,M,11,07,STANDARD,500,12.0,True,2026-04-30T04:36:50.726872
LOC-AS-03-K22-08,WH-EAS-03,ZONE-D,K,22,08,STANDARD,500,114.2,True,2026-04-30T04:36:50.726872
LOC-EN-08-E16-05,WH-CEN-08,SHIPPING,E,16,05,STANDARD,500,125.3,True,2026-04-30T04:36:50.726872
LOC-AS-02-M06-02,WH-EAS-02,RECEIVING,M,06,02,BULK,2000,39.2,True,2026-04-30T04:36:50.726872
LOC-OR-04-B29-04,WH-NOR-04,ZONE-D,B,29,04,STANDARD,500,84.2,True,2026-04-30T04:36:50.726872
LOC-AS-01-A02-07,WH-EAS-01,SHIPPING,A,02,07,STANDARD,1000,81.2,True,2026-04-30T04:36:50.726872
LOC-AS-02-A14-01,WH-EAS-02,ZONE-A,A,14,01,STANDARD,1000,139.2,True,2026-04-30T04:36:50.726872
LOC-AS-02-F24-03,WH-EAS-02,ZONE-A,F,24,03,STANDARD,500,165.0,True,2026-04-30T04:36:50.726872
LOC-OR-04-G30-07,WH-NOR-04,ZONE-D,G,30,07,STANDARD,1000,30.1,True,2026-04-30T04:36:50.726872
LOC-AS-01-M21-06,WH-EAS-01,ZONE-A,M,21,06,STANDARD,5000,51.8,True,2026-04-30T04:36:50.726872
LOC-OR-05-L02-02,WH-NOR-05,ZONE-B,L,02,02,STANDARD,5000,196.8,True,2026-04-30T04:36:50.726872
LOC-OU-09-F09-02,WH-SOU-09,ZONE-E,F,09,02,STANDARD,5000,138.8,False,2026-04-30T04:36:50.726872
LOC-AS-03-K06-06,WH-EAS-03,SHIPPING,K,06,06,STANDARD,500,73.7,True,2026-04-30T04:36:50.726872
LOC-EN-10-O13-04,WH-CEN-10,ZONE-E,O,13,04,STANDARD,500,54.2,True,2026-04-30T04:36:50.726872
LOC-AS-02-J08-07,WH-EAS-02,SHIPPING,J,08,07,STANDARD,500,21.4,True,2026-04-30T04:36:50.726872
LOC-OR-05-G05-07,WH-NOR-05,ZONE-B,G,05,07,STANDARD,1000,185.4,True,2026-04-30T04:36:50.726872
LOC-EN-08-K05-05,WH-CEN-08,ZONE-C,K,05,05,STANDARD,500,109.0,False,2026-04-30T04:36:50.726872
LOC-OR-05-A08-06,WH-NOR-05,ZONE-C,A,08,06,STANDARD,500,182.3,True,2026-04-30T04:36:50.726872
LOC-OR-04-H20-07,WH-NOR-04,ZONE-E,H,20,07,STANDARD,5000,129.7,True,2026-04-30T04:36:50.726872
LOC-EN-08-C07-01,WH-CEN-08,RECEIVING,C,07,01,OVERSIZE,1000,33.9,True,2026-04-30T04:36:50.726872
LOC-OU-09-G08-02,WH-SOU-09,ZONE-D,G,08,02,BULK,2000,41.2,True,2026-04-30T04:36:50.726872
LOC-ES-07-F20-04,WH-WES-07,ZONE-C,F,20,04,STANDARD,5000,193.9,True,2026-04-30T04:36:50.726872
LOC-EN-08-C12-07,WH-CEN-08,ZONE-D,C,12,07,STANDARD,5000,90.3,True,2026-04-30T04:36:50.726872
LOC-ES-07-E27-08,WH-WES-07,ZONE-A,E,27,08,BULK,5000,172.3,True,2026-04-30T04:36:50.726872
LOC-OR-05-E18-03,WH-NOR-05,ZONE-C,E,18,03,STANDARD,2000,96.2,True,2026-04-30T04:36:50.726872
LOC-EN-10-P03-06,WH-CEN-10,ZONE-B,P,03,06,BULK,1000,39.4,True,2026-04-30T04:36:50.726872
LOC-AS-01-L16-07,WH-EAS-01,ZONE-D,L,16,07,HAZMAT,2000,83.0,True,2026-04-30T04:36:50.726872
LOC-EN-10-C14-01,WH-CEN-10,ZONE-A,C,14,01,STANDARD,1000,46.9,True,2026-04-30T04:36:50.726872
LOC-OR-05-L17-08,WH-NOR-05,RECEIVING,L,17,08,STANDARD,500,133.7,True,2026-04-30T04:36:50.726872
LOC-OR-04-H16-01,WH-NOR-04,SHIPPING,H,16,01,STANDARD,500,142.5,True,2026-04-30T04:36:50.726872
LOC-OR-05-O22-03,WH-NOR-05,ZONE-C,O,22,03,STANDARD,1000,12.3,True,2026-04-30T04:36:50.726872
LOC-ES-07-M23-02,WH-WES-07,ZONE-E,M,23,02,COLD,5000,41.5,True,2026-04-30T04:36:50.726872
LOC-OR-05-M19-05,WH-NOR-05,RECEIVING,M,19,05,STANDARD,500,30.8,True,2026-04-30T04:36:50.726872
LOC-AS-06-E09-04,WH-EAS-06,RECEIVING,E,09,04,STANDARD,2000,11.2,True,2026-04-30T04:36:50.726872
LOC-EN-08-A04-02,WH-CEN-08,SHIPPING,A,04,02,STANDARD,5000,134.4,True,2026-04-30T04:36:50.726872
LOC-AS-03-F12-03,WH-EAS-03,RECEIVING,F,12,03,STANDARD,5000,44.6,True,2026-04-30T04:36:50.726872
LOC-EN-08-G06-04,WH-CEN-08,ZONE-A,G,06,04,BULK,1000,59.3,True,2026-04-30T04:36:50.726872
LOC-ES-07-O21-02,WH-WES-07,SHIPPING,O,21,02,STANDARD,500,65.7,True,2026-04-30T04:36:50.726872
LOC-OR-05-C11-01,WH-NOR-05,ZONE-E,C,11,01,STANDARD,5000,137.8,True,2026-04-30T04:36:50.726872
LOC-AS-01-I25-01,WH-EAS-01,RECEIVING,I,25,01,STANDARD,500,28.4,True,2026-04-30T04:36:50.726872
LOC-AS-01-M20-05,WH-EAS-01,ZONE-D,M,20,05,STANDARD,2000,124.8,True,2026-04-30T04:36:50.726872
LOC-AS-06-K27-04,WH-EAS-06,ZONE-C,K,27,04,STANDARD,5000,126.1,False,2026-04-30T04:36:50.726872
LOC-AS-06-D01-08,WH-EAS-06,SHIPPING,D,01,08,STANDARD,1000,14.9,True,2026-04-30T04:36:50.726872
LOC-OU-09-I23-04,WH-SOU-09,ZONE-C,I,23,04,STANDARD,5000,107.8,True,2026-04-30T04:36:50.726872
LOC-AS-01-K01-06,WH-EAS-01,SHIPPING,K,01,06,STANDARD,2000,138.8,True,2026-04-30T04:36:50.726872
LOC-EN-08-M24-02,WH-CEN-08,ZONE-C,M,24,02,STANDARD,5000,197.5,True,2026-04-30T04:36:50.726872
LOC-AS-02-M10-04,WH-EAS-02,RECEIVING,M,10,04,STANDARD,500,34.3,True,2026-04-30T04:36:50.726872
LOC-OR-05-O06-08,WH-NOR-05,ZONE-A,O,06,08,STANDARD,1000,56.2,True,2026-04-30T04:36:50.726872
LOC-AS-02-D14-01,WH-EAS-02,ZONE-B,D,14,01,HAZMAT,2000,181.5,True,2026-04-30T04:36:50.726872
LOC-OR-04-I22-08,WH-NOR-04,RECEIVING,I,22,08,STANDARD,1000,185.3,True,2026-04-30T04:36:50.726872
LOC-EN-08-C26-06,WH-CEN-08,SHIPPING,C,26,06,STANDARD,500,132.4,True,2026-04-30T04:36:50.726872
LOC-ES-07-N26-04,WH-WES-07,ZONE-B,N,26,04,STANDARD,2000,26.7,True,2026-04-30T04:36:50.726872
LOC-EN-10-G24-02,WH-CEN-10,ZONE-E,G,24,02,STANDARD,2000,191.3,True,2026-04-30T04:36:50.726872
LOC-AS-01-J02-04,WH-EAS-01,SHIPPING,J,02,04,STANDARD,5000,70.7,True,2026-04-30T04:36:50.726872
LOC-AS-03-H04-07,WH-EAS-03,ZONE-A,H,04,07,STANDARD,5000,70.0,True,2026-04-30T04:36:50.726872
LOC-OR-05-H16-08,WH-NOR-05,ZONE-B,H,16,08,STANDARD,1000,151.9,True,2026-04-30T04:36:50.726872
LOC-AS-01-K10-02,WH-EAS-01,ZONE-C,K,10,02,OVERSIZE,5000,129.9,True,2026-04-30T04:36:50.726872
LOC-OR-05-M02-06,WH-NOR-05,ZONE-B,M,02,06,BULK,1000,171.1,True,2026-04-30T04:36:50.726872
LOC-OR-04-B30-03,WH-NOR-04,SHIPPING,B,30,03,STANDARD,5000,66.8,True,2026-04-30T04:36:50.726872
LOC-AS-03-A18-07,WH-EAS-03,ZONE-C,A,18,07,STANDARD,5000,198.2,True,2026-04-30T04:36:50.726872
LOC-ES-07-C17-05,WH-WES-07,ZONE-C,C,17,05,STANDARD,1000,143.2,True,2026-04-30T04:36:50.726872
LOC-AS-02-E11-01,WH-EAS-02,SHIPPING,E,11,01,HAZMAT,2000,96.9,True,2026-04-30T04:36:50.726872
LOC-AS-03-O23-08,WH-EAS-03,ZONE-C,O,23,08,COLD,1000,51.4,True,2026-04-30T04:36:50.726872
LOC-AS-01-L24-02,WH-EAS-01,RECEIVING,L,24,02,BULK,1000,81.5,False,2026-04-30T04:36:50.726872
LOC-AS-03-B04-06,WH-EAS-03,ZONE-D,B,04,06,STANDARD,500,32.3,True,2026-04-30T04:36:50.726872
LOC-AS-06-N05-07,WH-EAS-06,ZONE-B,N,05,07,STANDARD,1000,85.4,True,2026-04-30T04:36:50.726872
LOC-EN-10-F21-07,WH-CEN-10,SHIPPING,F,21,07,STANDARD,500,157.8,True,2026-04-30T04:36:50.726872
LOC-ES-07-I21-08,WH-WES-07,ZONE-C,I,21,08,STANDARD,500,25.7,True,2026-04-30T04:36:50.726872
LOC-OU-09-H01-08,WH-SOU-09,ZONE-C,H,01,08,STANDARD,500,160.9,True,2026-04-30T04:36:50.726872
LOC-EN-08-N10-03,WH-CEN-08,ZONE-A,N,10,03,STANDARD,1000,87.0,True,2026-04-30T04:36:50.726872
LOC-ES-07-P03-02,WH-WES-07,SHIPPING,P,03,02,BULK,500,44.3,True,2026-04-30T04:36:50.726872
LOC-AS-03-A18-08,WH-EAS-03,SHIPPING,A,18,08,STANDARD,500,34.5,True,2026-04-30T04:36:50.726872
LOC-AS-03-C18-05,WH-EAS-03,SHIPPING,C,18,05,BULK,500,196.2,True,2026-04-30T04:36:50.726872
LOC-AS-06-F14-01,WH-EAS-06,ZONE-B,F,14,01,STANDARD,2000,135.2,True,2026-04-30T04:36:50.726872
LOC-EN-10-P23-06,WH-CEN-10,ZONE-E,P,23,06,HAZMAT,2000,125.2,True,2026-04-30T04:36:50.726872
LOC-AS-02-B08-01,WH-EAS-02,ZONE-B,B,08,01,STANDARD,1000,191.9,True,2026-04-30T04:36:50.726872
LOC-OR-04-L09-03,WH-NOR-04,RECEIVING,L,09,03,STANDARD,500,114.5,True,2026-04-30T04:36:50.726872
LOC-AS-03-M15-02,WH-EAS-03,ZONE-C,M,15,02,STANDARD,1000,111.8,True,2026-04-30T04:36:50.726872
LOC-OR-05-G23-06,WH-NOR-05,ZONE-E,G,23,06,STANDARD,1000,89.7,True,2026-04-30T04:36:50.726872
LOC-ES-07-M01-04,WH-WES-07,ZONE-A,M,01,04,STANDARD,500,140.0,True,2026-04-30T04:36:50.726872
LOC-AS-06-C12-06,WH-EAS-06,SHIPPING,C,12,06,STANDARD,1000,62.0,True,2026-04-30T04:36:50.726872
LOC-OR-04-M04-02,WH-NOR-04,ZONE-B,M,04,02,STANDARD,2000,121.9,True,2026-04-30T04:36:50.726872
LOC-AS-02-L23-05,WH-EAS-02,ZONE-E,L,23,05,STANDARD,500,180.3,True,2026-04-30T04:36:50.726872
LOC-ES-07-F12-07,WH-WES-07,ZONE-D,F,12,07,STANDARD,2000,11.8,True,2026-04-30T04:36:50.726872
LOC-AS-03-E05-07,WH-EAS-03,ZONE-E,E,05,07,BULK,500,184.5,True,2026-04-30T04:36:50.726872
LOC-AS-06-H22-07,WH-EAS-06,RECEIVING,H,22,07,STANDARD,5000,197.4,True,2026-04-30T04:36:50.726872
LOC-OU-09-J09-07,WH-SOU-09,ZONE-E,J,09,07,HAZMAT,1000,68.0,True,2026-04-30T04:36:50.726872
LOC-OR-05-N25-06,WH-NOR-05,SHIPPING,N,25,06,STANDARD,500,24.6,True,2026-04-30T04:36:50.726872
LOC-AS-02-F19-01,WH-EAS-02,ZONE-A,F,19,01,BULK,5000,163.6,True,2026-04-30T04:36:50.726872
LOC-ES-07-E16-08,WH-WES-07,ZONE-E,E,16,08,STANDARD,500,87.0,True,2026-04-30T04:36:50.726872
LOC-AS-01-N23-06,WH-EAS-01,ZONE-B,N,23,06,OVERSIZE,500,125.4,True,2026-04-30T04:36:50.726872
LOC-OU-09-H06-02,WH-SOU-09,ZONE-C,H,06,02,BULK,2000,191.0,True,2026-04-30T04:36:50.726872
LOC-ES-07-F12-02,WH-WES-07,ZONE-C,F,12,02,HAZMAT,1000,168.0,True,2026-04-30T04:36:50.726872
LOC-AS-02-J10-08,WH-EAS-02,ZONE-C,J,10,08,STANDARD,500,150.2,True,2026-04-30T04:36:50.726872
LOC-OR-04-J30-01,WH-NOR-04,ZONE-D,J,30,01,COLD,5000,20.9,True,2026-04-30T04:36:50.726872
LOC-EN-08-K10-06,WH-CEN-08,ZONE-A,K,10,06,STANDARD,1000,86.4,True,2026-04-30T04:36:50.726872
LOC-ES-07-P07-02,WH-WES-07,ZONE-E,P,07,02,STANDARD,1000,88.0,True,2026-04-30T04:36:50.726872
LOC-AS-01-E25-05,WH-EAS-01,ZONE-B,E,25,05,STANDARD,2000,66.9,True,2026-04-30T04:36:50.726872
LOC-AS-03-I04-08,WH-EAS-03,RECEIVING,I,04,08,BULK,1000,36.6,True,2026-04-30T04:36:50.726872
LOC-AS-01-L29-04,WH-EAS-01,ZONE-A,L,29,04,STANDARD,500,35.4,True,2026-04-30T04:36:50.726872
LOC-AS-06-B06-04,WH-EAS-06,ZONE-D,B,06,04,OVERSIZE,2000,32.6,True,2026-04-30T04:36:50.726872
LOC-EN-08-E11-07,WH-CEN-08,ZONE-E,E,11,07,BULK,5000,35.0,True,2026-04-30T04:36:50.726872
LOC-AS-01-E05-06,WH-EAS-01,ZONE-E,E,05,06,STANDARD,1000,19.9,True,2026-04-30T04:36:50.726872
LOC-ES-07-A14-08,WH-WES-07,ZONE-C,A,14,08,STANDARD,500,154.6,True,2026-04-30T04:36:50.726872
LOC-AS-03-F08-05,WH-EAS-03,SHIPPING,F,08,05,STANDARD,2000,198.9,True,2026-04-30T04:36:50.726872
LOC-ES-07-G16-02,WH-WES-07,RECEIVING,G,16,02,BULK,1000,45.8,True,2026-04-30T04:36:50.726872
LOC-AS-03-H04-03,WH-EAS-03,ZONE-D,H,04,03,STANDARD,1000,186.5,True,2026-04-30T04:36:50.726872
LOC-EN-10-G03-01,WH-CEN-10,ZONE-D,G,03,01,STANDARD,2000,143.0,False,2026-04-30T04:36:50.726872
LOC-OR-04-K14-08,WH-NOR-04,ZONE-A,K,14,08,STANDARD,500,67.8,True,2026-04-30T04:36:50.726872
LOC-OR-05-L23-07,WH-NOR-05,ZONE-B,L,23,07,STANDARD,500,44.5,True,2026-04-30T04:36:50.726872
LOC-AS-06-G10-08,WH-EAS-06,ZONE-C,G,10,08,COLD,500,91.9,True,2026-04-30T04:36:50.726872
LOC-EN-08-L11-05,WH-CEN-08,ZONE-A,L,11,05,STANDARD,500,139.8,True,2026-04-30T04:36:50.726872
LOC-AS-03-K12-06,WH-EAS-03,RECEIVING,K,12,06,BULK,2000,55.3,True,2026-04-30T04:36:50.726872
LOC-EN-10-M03-02,WH-CEN-10,ZONE-B,M,03,02,STANDARD,500,17.8,True,2026-04-30T04:36:50.726872
LOC-OR-04-G23-08,WH-NOR-04,ZONE-A,G,23,08,STANDARD,2000,67.3,True,2026-04-30T04:36:50.726872
LOC-OR-04-E02-03,WH-NOR-04,ZONE-B,E,02,03,STANDARD,2000,179.4,True,2026-04-30T04:36:50.726872
LOC-OU-09-L29-06,WH-SOU-09,ZONE-D,L,29,06,STANDARD,500,183.1,True,2026-04-30T04:36:50.726872
LOC-ES-07-A06-05,WH-WES-07,RECEIVING,A,06,05,OVERSIZE,2000,18.6,True,2026-04-30T04:36:50.726872
LOC-OR-04-M16-02,WH-NOR-04,ZONE-B,M,16,02,STANDARD,5000,116.9,True,2026-04-30T04:36:50.726872
LOC-EN-10-I07-03,WH-CEN-10,ZONE-A,I,07,03,STANDARD,1000,122.5,True,2026-04-30T04:36:50.726872
LOC-OU-09-O17-05,WH-SOU-09,ZONE-C,O,17,05,COLD,2000,144.6,True,2026-04-30T04:36:50.726872
LOC-AS-03-H02-04,WH-EAS-03,ZONE-C,H,02,04,STANDARD,1000,189.0,True,2026-04-30T04:36:50.726872
LOC-AS-03-I28-01,WH-EAS-03,RECEIVING,I,28,01,OVERSIZE,1000,111.6,True,2026-04-30T04:36:50.726872
LOC-AS-06-L11-02,WH-EAS-06,RECEIVING,L,11,02,COLD,2000,147.2,True,2026-04-30T04:36:50.726872
LOC-EN-10-J11-01,WH-CEN-10,RECEIVING,J,11,01,BULK,2000,51.7,True,2026-04-30T04:36:50.726872
LOC-AS-03-I01-02,WH-EAS-03,RECEIVING,I,01,02,BULK,5000,189.7,True,2026-04-30T04:36:50.726872
LOC-EN-10-G27-08,WH-CEN-10,ZONE-B,G,27,08,STANDARD,1000,120.5,True,2026-04-30T04:36:50.726872
LOC-ES-07-E15-04,WH-WES-07,RECEIVING,E,15,04,BULK,2000,38.2,True,2026-04-30T04:36:50.726872
LOC-EN-08-F15-03,WH-CEN-08,SHIPPING,F,15,03,COLD,1000,118.2,True,2026-04-30T04:36:50.726872
LOC-AS-03-J01-05,WH-EAS-03,ZONE-B,J,01,05,COLD,5000,140.6,True,2026-04-30T04:36:50.726872
LOC-AS-03-C14-04,WH-EAS-03,ZONE-D,C,14,04,COLD,5000,29.0,True,2026-04-30T04:36:50.726872
LOC-AS-01-D13-07,WH-EAS-01,ZONE-A,D,13,07,STANDARD,500,155.1,True,2026-04-30T04:36:50.726872
LOC-AS-01-E08-02,WH-EAS-01,ZONE-C,E,08,02,STANDARD,500,160.6,True,2026-04-30T04:36:50.726872
LOC-AS-02-K28-02,WH-EAS-02,ZONE-B,K,28,02,STANDARD,5000,164.9,True,2026-04-30T04:36:50.726872
LOC-EN-08-E08-01,WH-CEN-08,ZONE-E,E,08,01,STANDARD,500,14.0,True,2026-04-30T04:36:50.726872
LOC-OU-09-J04-07,WH-SOU-09,ZONE-B,J,04,07,STANDARD,1000,14.6,True,2026-04-30T04:36:50.726872
LOC-AS-03-L21-05,WH-EAS-03,ZONE-B,L,21,05,HAZMAT,5000,140.5,True,2026-04-30T04:36:50.726872
LOC-AS-02-P06-02,WH-EAS-02,ZONE-B,P,06,02,STANDARD,2000,77.9,True,2026-04-30T04:36:50.726872
LOC-AS-02-L30-02,WH-EAS-02,ZONE-A,L,30,02,STANDARD,1000,91.4,True,2026-04-30T04:36:50.726872
LOC-AS-03-N05-05,WH-EAS-03,ZONE-E,N,05,05,BULK,2000,176.3,True,2026-04-30T04:36:50.726872
LOC-EN-08-L30-05,WH-CEN-08,SHIPPING,L,30,05,COLD,500,159.9,True,2026-04-30T04:36:50.726872
LOC-AS-03-E11-03,WH-EAS-03,ZONE-D,E,11,03,STANDARD,5000,164.8,True,2026-04-30T04:36:50.726872
LOC-ES-07-I05-02,WH-WES-07,ZONE-C,I,05,02,OVERSIZE,1000,155.8,True,2026-04-30T04:36:50.726872
LOC-EN-08-N16-07,WH-CEN-08,ZONE-E,N,16,07,BULK,2000,36.3,True,2026-04-30T04:36:50.726872
LOC-OR-04-M14-08,WH-NOR-04,ZONE-E,M,14,08,STANDARD,1000,83.1,True,2026-04-30T04:36:50.726872
LOC-ES-07-H23-02,WH-WES-07,ZONE-B,H,23,02,STANDARD,1000,198.8,True,2026-04-30T04:36:50.726872
LOC-OU-09-P05-02,WH-SOU-09,ZONE-A,P,05,02,HAZMAT,2000,171.3,True,2026-04-30T04:36:50.726872
LOC-AS-03-J15-03,WH-EAS-03,SHIPPING,J,15,03,COLD,5000,56.1,True,2026-04-30T04:36:50.726872
LOC-AS-01-E04-03,WH-EAS-01,ZONE-D,E,04,03,BULK,5000,80.6,True,2026-04-30T04:36:50.726872
LOC-EN-10-C16-03,WH-CEN-10,ZONE-A,C,16,03,STANDARD,1000,25.0,True,2026-04-30T04:36:50.726872
LOC-EN-10-N05-03,WH-CEN-10,ZONE-D,N,05,03,BULK,2000,99.3,True,2026-04-30T04:36:50.726872
LOC-EN-08-A10-02,WH-CEN-08,ZONE-B,A,10,02,STANDARD,500,124.8,True,2026-04-30T04:36:50.726872
LOC-AS-03-A13-07,WH-EAS-03,RECEIVING,A,13,07,HAZMAT,5000,115.3,True,2026-04-30T04:36:50.726872
LOC-EN-10-J23-04,WH-CEN-10,ZONE-D,J,23,04,HAZMAT,2000,194.9,True,2026-04-30T04:36:50.726872
LOC-AS-03-G13-01,WH-EAS-03,ZONE-B,G,13,01,STANDARD,500,165.1,True,2026-04-30T04:36:50.726872
LOC-AS-06-M27-07,WH-EAS-06,ZONE-B,M,27,07,STANDARD,2000,132.9,True,2026-04-30T04:36:50.726872
LOC-AS-02-D03-06,WH-EAS-02,ZONE-E,D,03,06,BULK,2000,15.3,True,2026-04-30T04:36:50.726872
LOC-OU-09-D03-04,WH-SOU-09,ZONE-E,D,03,04,STANDARD,2000,45.7,True,2026-04-30T04:36:50.726872
LOC-AS-01-H09-02,WH-EAS-01,ZONE-E,H,09,02,STANDARD,5000,18.7,True,2026-04-30T04:36:50.726872
LOC-OR-05-A12-05,WH-NOR-05,ZONE-D,A,12,05,STANDARD,2000,152.9,True,2026-04-30T04:36:50.726872
LOC-AS-03-D11-07,WH-EAS-03,RECEIVING,D,11,07,STANDARD,1000,14.5,True,2026-04-30T04:36:50.726872
LOC-EN-08-B10-03,WH-CEN-08,ZONE-B,B,10,03,STANDARD,500,178.2,True,2026-04-30T04:36:50.726872
LOC-OR-04-G26-03,WH-NOR-04,SHIPPING,G,26,03,BULK,2000,95.0,True,2026-04-30T04:36:50.726872
LOC-OR-05-L20-07,WH-NOR-05,ZONE-A,L,20,07,COLD,5000,55.4,False,2026-04-30T04:36:50.726872
LOC-EN-10-C05-08,WH-CEN-10,ZONE-A,C,05,08,BULK,1000,155.6,True,2026-04-30T04:36:50.726872
LOC-AS-02-P04-08,WH-EAS-02,ZONE-C,P,04,08,STANDARD,2000,40.7,True,2026-04-30T04:36:50.726872
LOC-AS-06-L03-02,WH-EAS-06,ZONE-B,L,03,02,BULK,5000,59.0,True,2026-04-30T04:36:50.726872
LOC-OR-05-O21-03,WH-NOR-05,ZONE-A,O,21,03,OVERSIZE,5000,17.5,True,2026-04-30T04:36:50.726872
LOC-ES-07-N28-03,WH-WES-07,ZONE-D,N,28,03,STANDARD,2000,81.0,True,2026-04-30T04:36:50.726872
LOC-OU-09-O09-01,WH-SOU-09,ZONE-E,O,09,01,OVERSIZE,500,150.8,True,2026-04-30T04:36:50.726872
LOC-OU-09-A05-02,WH-SOU-09,ZONE-C,A,05,02,STANDARD,5000,172.2,True,2026-04-30T04:36:50.726872
LOC-EN-08-C12-08,WH-CEN-08,ZONE-D,C,12,08,STANDARD,5000,30.7,True,2026-04-30T04:36:50.726872
LOC-AS-02-M25-07,WH-EAS-02,ZONE-B,M,25,07,STANDARD,500,70.3,False,2026-04-30T04:36:50.726872
LOC-EN-08-G23-08,WH-CEN-08,ZONE-A,G,23,08,STANDARD,500,113.6,True,2026-04-30T04:36:50.726872
LOC-AS-03-G11-01,WH-EAS-03,ZONE-E,G,11,01,BULK,500,187.9,True,2026-04-30T04:36:50.726872
LOC-ES-07-P07-01,WH-WES-07,ZONE-B,P,07,01,COLD,5000,61.3,True,2026-04-30T04:36:50.726872
LOC-AS-02-E03-05,WH-EAS-02,ZONE-D,E,03,05,STANDARD,5000,175.5,True,2026-04-30T04:36:50.726872
LOC-OR-05-F27-01,WH-NOR-05,ZONE-A,F,27,01,COLD,5000,75.0,True,2026-04-30T04:36:50.726872
LOC-AS-03-G12-07,WH-EAS-03,ZONE-D,G,12,07,STANDARD,1000,193.5,True,2026-04-30T04:36:50.726872
LOC-EN-10-M27-01,WH-CEN-10,ZONE-E,M,27,01,BULK,1000,24.8,True,2026-04-30T04:36:50.726872
LOC-EN-10-E11-06,WH-CEN-10,ZONE-A,E,11,06,STANDARD,5000,187.4,True,2026-04-30T04:36:50.726872
LOC-AS-06-D26-07,WH-EAS-06,ZONE-C,D,26,07,STANDARD,500,197.8,True,2026-04-30T04:36:50.726872
LOC-AS-03-O21-02,WH-EAS-03,ZONE-A,O,21,02,STANDARD,1000,89.8,True,2026-04-30T04:36:50.726872
LOC-AS-03-M07-06,WH-EAS-03,ZONE-B,M,07,06,OVERSIZE,500,80.3,True,2026-04-30T04:36:50.726872
LOC-OR-05-J17-02,WH-NOR-05,RECEIVING,J,17,02,STANDARD,5000,88.7,True,2026-04-30T04:36:50.726872
LOC-OU-09-N17-06,WH-SOU-09,ZONE-A,N,17,06,HAZMAT,5000,91.4,True,2026-04-30T04:36:50.726872
LOC-EN-10-F18-07,WH-CEN-10,ZONE-D,F,18,07,STANDARD,5000,130.5,True,2026-04-30T04:36:50.726872
LOC-AS-02-C26-02,WH-EAS-02,ZONE-A,C,26,02,STANDARD,5000,29.7,True,2026-04-30T04:36:50.726872
LOC-EN-10-D21-08,WH-CEN-10,ZONE-E,D,21,08,STANDARD,500,136.9,True,2026-04-30T04:36:50.726872
LOC-OR-04-H25-08,WH-NOR-04,ZONE-E,H,25,08,STANDARD,1000,172.7,True,2026-04-30T04:36:50.726872
LOC-AS-06-O14-07,WH-EAS-06,ZONE-A,O,14,07,HAZMAT,1000,106.4,True,2026-04-30T04:36:50.726872
LOC-OR-05-J27-07,WH-NOR-05,RECEIVING,J,27,07,STANDARD,5000,16.2,True,2026-04-30T04:36:50.726872
LOC-AS-06-K11-03,WH-EAS-06,ZONE-E,K,11,03,OVERSIZE,1000,115.6,True,2026-04-30T04:36:50.726872
LOC-EN-10-M27-01,WH-CEN-10,SHIPPING,M,27,01,HAZMAT,5000,34.5,True,2026-04-30T04:36:50.726872
LOC-AS-03-M29-06,WH-EAS-03,ZONE-E,M,29,06,STANDARD,1000,28.9,True,2026-04-30T04:36:50.726872
LOC-OU-09-D21-07,WH-SOU-09,SHIPPING,D,21,07,BULK,2000,169.1,True,2026-04-30T04:36:50.726872
LOC-AS-06-G03-02,WH-EAS-06,ZONE-A,G,03,02,STANDARD,1000,15.3,True,2026-04-30T04:36:50.726872
LOC-AS-02-M01-03,WH-EAS-02,ZONE-D,M,01,03,STANDARD,2000,45.4,True,2026-04-30T04:36:50.726872
LOC-OR-04-J07-04,WH-NOR-04,RECEIVING,J,07,04,BULK,5000,156.4,True,2026-04-30T04:36:50.726872
LOC-OR-05-C30-03,WH-NOR-05,RECEIVING,C,30,03,STANDARD,500,31.1,True,2026-04-30T04:36:50.726872
LOC-AS-02-D05-05,WH-EAS-02,ZONE-C,D,05,05,COLD,500,24.7,True,2026-04-30T04:36:50.726872
LOC-OR-04-M04-08,WH-NOR-04,SHIPPING,M,04,08,STANDARD,500,102.4,True,2026-04-30T04:36:50.726872
LOC-OR-04-N13-06,WH-NOR-04,RECEIVING,N,13,06,COLD,1000,44.2,True,2026-04-30T04:36:50.726872
LOC-AS-03-B04-06,WH-EAS-03,ZONE-C,B,04,06,STANDARD,500,40.1,True,2026-04-30T04:36:50.726872
LOC-AS-02-G20-01,WH-EAS-02,ZONE-E,G,20,01,STANDARD,1000,51.1,True,2026-04-30T04:36:50.726872
LOC-OR-04-A11-03,WH-NOR-04,ZONE-B,A,11,03,STANDARD,1000,60.8,True,2026-04-30T04:36:50.726872
LOC-AS-02-L23-05,WH-EAS-02,ZONE-D,L,23,05,BULK,5000,92.9,True,2026-04-30T04:36:50.726872
LOC-OR-04-I06-04,WH-NOR-04,RECEIVING,I,06,04,BULK,2000,192.8,True,2026-04-30T04:36:50.726872
LOC-EN-10-J06-04,WH-CEN-10,RECEIVING,J,06,04,STANDARD,5000,90.5,True,2026-04-30T04:36:50.726872
LOC-AS-06-D20-07,WH-EAS-06,ZONE-D,D,20,07,STANDARD,2000,81.1,True,2026-04-30T04:36:50.726872
LOC-AS-02-O06-01,WH-EAS-02,ZONE-E,O,06,01,STANDARD,5000,65.8,True,2026-04-30T04:36:50.726872
LOC-OU-09-L13-01,WH-SOU-09,ZONE-A,L,13,01,STANDARD,2000,91.6,True,2026-04-30T04:36:50.726872
LOC-OR-04-C07-06,WH-NOR-04,ZONE-C,C,07,06,STANDARD,2000,33.2,True,2026-04-30T04:36:50.726872
LOC-AS-01-K07-08,WH-EAS-01,ZONE-E,K,07,08,BULK,1000,116.7,True,2026-04-30T04:36:50.726872
LOC-EN-10-G17-04,WH-CEN-10,ZONE-A,G,17,04,STANDARD,500,119.1,True,2026-04-30T04:36:50.726872
LOC-ES-07-K27-06,WH-WES-07,ZONE-B,K,27,06,STANDARD,5000,104.7,False,2026-04-30T04:36:50.726872
LOC-ES-07-D04-08,WH-WES-07,ZONE-B,D,04,08,STANDARD,5000,54.9,True,2026-04-30T04:36:50.726872
LOC-AS-01-A30-08,WH-EAS-01,ZONE-C,A,30,08,STANDARD,5000,17.0,True,2026-04-30T04:36:50.726872
LOC-OU-09-B11-01,WH-SOU-09,ZONE-A,B,11,01,STANDARD,5000,147.4,True,2026-04-30T04:36:50.726872
LOC-AS-06-M03-06,WH-EAS-06,ZONE-D,M,03,06,STANDARD,5000,66.7,False,2026-04-30T04:36:50.726872
LOC-EN-08-D27-06,WH-CEN-08,ZONE-E,D,27,06,STANDARD,1000,19.1,True,2026-04-30T04:36:50.726872
LOC-AS-02-K28-07,WH-EAS-02,ZONE-B,K,28,07,STANDARD,1000,147.6,True,2026-04-30T04:36:50.726872
LOC-OU-09-A30-01,WH-SOU-09,ZONE-C,A,30,01,COLD,500,31.1,True,2026-04-30T04:36:50.726872
LOC-AS-02-I11-07,WH-EAS-02,ZONE-C,I,11,07,STANDARD,1000,120.9,True,2026-04-30T04:36:50.726872
LOC-AS-06-E25-07,WH-EAS-06,RECEIVING,E,25,07,STANDARD,500,109.1,True,2026-04-30T04:36:50.726872
LOC-EN-08-P09-06,WH-CEN-08,SHIPPING,P,09,06,BULK,1000,27.4,True,2026-04-30T04:36:50.726872
LOC-AS-02-L18-04,WH-EAS-02,RECEIVING,L,18,04,STANDARD,1000,142.0,True,2026-04-30T04:36:50.726872
LOC-EN-08-B07-01,WH-CEN-08,RECEIVING,B,07,01,STANDARD,5000,45.7,True,2026-04-30T04:36:50.726872
LOC-OR-04-K25-05,WH-NOR-04,RECEIVING,K,25,05,STANDARD,1000,171.1,True,2026-04-30T04:36:50.726872
LOC-AS-03-H30-06,WH-EAS-03,ZONE-D,H,30,06,OVERSIZE,1000,158.2,True,2026-04-30T04:36:50.726872
LOC-OR-05-N06-05,WH-NOR-05,SHIPPING,N,06,05,STANDARD,500,38.0,True,2026-04-30T04:36:50.726872
LOC-AS-02-H01-08,WH-EAS-02,ZONE-B,H,01,08,STANDARD,5000,135.8,True,2026-04-30T04:36:50.726872
LOC-OR-05-D30-02,WH-NOR-05,ZONE-C,D,30,02,STANDARD,1000,85.4,True,2026-04-30T04:36:50.726872
LOC-AS-06-B15-05,WH-EAS-06,ZONE-C,B,15,05,STANDARD,5000,149.1,True,2026-04-30T04:36:50.726872
LOC-OR-05-G13-03,WH-NOR-05,ZONE-E,G,13,03,STANDARD,5000,108.5,True,2026-04-30T04:36:50.726872
LOC-AS-01-H04-04,WH-EAS-01,ZONE-A,H,04,04,STANDARD,500,119.3,True,2026-04-30T04:36:50.726872
LOC-OU-09-D09-04,WH-SOU-09,ZONE-E,D,09,04,STANDARD,5000,84.5,True,2026-04-30T04:36:50.726872
LOC-OR-05-P07-03,WH-NOR-05,SHIPPING,P,07,03,STANDARD,2000,144.1,True,2026-04-30T04:36:50.726872
LOC-AS-01-D06-08,WH-EAS-01,RECEIVING,D,06,08,STANDARD,1000,42.3,True,2026-04-30T04:36:50.726872
LOC-AS-03-F11-08,WH-EAS-03,ZONE-B,F,11,08,OVERSIZE,5000,91.3,True,2026-04-30T04:36:50.726872
LOC-OR-05-C06-01,WH-NOR-05,ZONE-E,C,06,01,STANDARD,5000,120.8,True,2026-04-30T04:36:50.726872
LOC-OR-04-P04-01,WH-NOR-04,SHIPPING,P,04,01,STANDARD,2000,168.7,True,2026-04-30T04:36:50.726872
LOC-AS-03-E25-02,WH-EAS-03,ZONE-A,E,25,02,STANDARD,2000,96.0,True,2026-04-30T04:36:50.726872
LOC-OU-09-I22-08,WH-SOU-09,ZONE-C,I,22,08,STANDARD,500,167.3,True,2026-04-30T04:36:50.726872
LOC-AS-06-P04-05,WH-EAS-06,RECEIVING,P,04,05,STANDARD,500,38.1,True,2026-04-30T04:36:50.726872
LOC-OR-04-E12-08,WH-NOR-04,ZONE-A,E,12,08,STANDARD,5000,78.3,True,2026-04-30T04:36:50.726872
LOC-OR-04-M21-02,WH-NOR-04,ZONE-C,M,21,02,COLD,5000,197.6,True,2026-04-30T04:36:50.726872
LOC-AS-03-I30-06,WH-EAS-03,ZONE-C,I,30,06,STANDARD,5000,189.6,True,2026-04-30T04:36:50.726872
LOC-OR-04-B19-06,WH-NOR-04,SHIPPING,B,19,06,STANDARD,5000,161.1,True,2026-04-30T04:36:50.726872
LOC-AS-06-J04-01,WH-EAS-06,ZONE-D,J,04,01,HAZMAT,1000,98.6,True,2026-04-30T04:36:50.726872
LOC-OR-05-F10-08,WH-NOR-05,ZONE-C,F,10,08,STANDARD,2000,13.0,True,2026-04-30T04:36:50.726872
LOC-OR-05-D02-08,WH-NOR-05,ZONE-C,D,02,08,STANDARD,2000,135.4,True,2026-04-30T04:36:50.726872
LOC-OR-05-E12-05,WH-NOR-05,SHIPPING,E,12,05,COLD,1000,191.2,True,2026-04-30T04:36:50.726872
LOC-AS-03-G14-02,WH-EAS-03,ZONE-C,G,14,02,STANDARD,5000,187.3,True,2026-04-30T04:36:50.726872
LOC-ES-07-N13-02,WH-WES-07,ZONE-C,N,13,02,HAZMAT,2000,42.9,True,2026-04-30T04:36:50.726872
LOC-AS-06-E22-04,WH-EAS-06,ZONE-C,E,22,04,STANDARD,1000,67.2,True,2026-04-30T04:36:50.726872
LOC-EN-10-O18-03,WH-CEN-10,ZONE-D,O,18,03,BULK,5000,28.2,True,2026-04-30T04:36:50.726872
LOC-AS-06-L15-06,WH-EAS-06,ZONE-D,L,15,06,STANDARD,5000,97.6,True,2026-04-30T04:36:50.726872
LOC-AS-01-N03-03,WH-EAS-01,ZONE-E,N,03,03,COLD,1000,120.3,True,2026-04-30T04:36:50.726872
LOC-EN-10-J02-07,WH-CEN-10,ZONE-B,J,02,07,STANDARD,500,97.9,True,2026-04-30T04:36:50.726872
LOC-OU-09-O27-01,WH-SOU-09,ZONE-A,O,27,01,STANDARD,500,73.4,True,2026-04-30T04:36:50.726872
LOC-OR-05-P23-06,WH-NOR-05,SHIPPING,P,23,06,STANDARD,500,143.3,True,2026-04-30T04:36:50.726872
LOC-OU-09-P05-04,WH-SOU-09,RECEIVING,P,05,04,STANDARD,1000,67.2,True,2026-04-30T04:36:50.726872
LOC-AS-01-P20-04,WH-EAS-01,ZONE-A,P,20,04,STANDARD,1000,124.7,True,2026-04-30T04:36:50.726872
LOC-AS-02-H07-02,WH-EAS-02,ZONE-D,H,07,02,STANDARD,5000,84.2,True,2026-04-30T04:36:50.726872
LOC-OR-05-M16-03,WH-NOR-05,SHIPPING,M,16,03,STANDARD,2000,166.1,True,2026-04-30T04:36:50.726872
LOC-EN-10-D14-03,WH-CEN-10,RECEIVING,D,14,03,STANDARD,1000,165.5,True,2026-04-30T04:36:50.726872
LOC-AS-03-G16-08,WH-EAS-03,ZONE-C,G,16,08,STANDARD,500,192.2,True,2026-04-30T04:36:50.726872
LOC-OR-05-M13-02,WH-NOR-05,ZONE-D,M,13,02,STANDARD,5000,38.2,True,2026-04-30T04:36:50.726872
LOC-AS-02-M01-05,WH-EAS-02,ZONE-A,M,01,05,STANDARD,5000,18.1,True,2026-04-30T04:36:50.726872
LOC-AS-03-O29-08,WH-EAS-03,ZONE-C,O,29,08,STANDARD,1000,78.0,True,2026-04-30T04:36:50.726872
LOC-OU-09-G12-07,WH-SOU-09,ZONE-E,G,12,07,STANDARD,1000,76.9,True,2026-04-30T04:36:50.726872
LOC-AS-06-O23-03,WH-EAS-06,ZONE-C,O,23,03,BULK,2000,185.5,True,2026-04-30T04:36:50.726872
LOC-EN-08-M16-03,WH-CEN-08,ZONE-E,M,16,03,BULK,2000,34.6,True,2026-04-30T04:36:50.726872
LOC-EN-10-L19-07,WH-CEN-10,ZONE-A,L,19,07,STANDARD,1000,54.0,True,2026-04-30T04:36:50.726872
LOC-EN-08-P11-04,WH-CEN-08,SHIPPING,P,11,04,BULK,1000,30.0,True,2026-04-30T04:36:50.726872
LOC-ES-07-N30-02,WH-WES-07,ZONE-A,N,30,02,STANDARD,500,17.1,True,2026-04-30T04:36:50.726872
LOC-EN-08-L20-01,WH-CEN-08,ZONE-B,L,20,01,STANDARD,5000,81.7,False,2026-04-30T04:36:50.726872
LOC-EN-10-G07-05,WH-CEN-10,ZONE-D,G,07,05,STANDARD,2000,52.8,True,2026-04-30T04:36:50.726872
LOC-ES-07-G03-01,WH-WES-07,RECEIVING,G,03,01,OVERSIZE,500,48.7,True,2026-04-30T04:36:50.726872
LOC-AS-01-L25-07,WH-EAS-01,ZONE-E,L,25,07,STANDARD,500,74.7,True,2026-04-30T04:36:50.726872
LOC-OU-09-P07-04,WH-SOU-09,ZONE-E,P,07,04,BULK,2000,77.7,True,2026-04-30T04:36:50.726872
LOC-AS-03-C15-07,WH-EAS-03,RECEIVING,C,15,07,STANDARD,500,118.1,True,2026-04-30T04:36:50.726872
LOC-OU-09-J04-02,WH-SOU-09,ZONE-D,J,04,02,STANDARD,2000,14.3,True,2026-04-30T04:36:50.726872
LOC-OR-05-I13-06,WH-NOR-05,ZONE-A,I,13,06,COLD,1000,193.9,True,2026-04-30T04:36:50.726872
LOC-EN-10-H28-05,WH-CEN-10,ZONE-D,H,28,05,STANDARD,500,120.7,True,2026-04-30T04:36:50.726872
LOC-OR-05-A02-06,WH-NOR-05,ZONE-D,A,02,06,STANDARD,2000,178.7,True,2026-04-30T04:36:50.726872
LOC-OR-04-K30-01,WH-NOR-04,ZONE-B,K,30,01,STANDARD,500,75.7,True,2026-04-30T04:36:50.726872
LOC-ES-07-C29-08,WH-WES-07,ZONE-B,C,29,08,STANDARD,500,29.8,True,2026-04-30T04:36:50.726872
LOC-OR-04-L14-08,WH-NOR-04,ZONE-C,L,14,08,BULK,1000,14.1,True,2026-04-30T04:36:50.726872
LOC-OR-04-M22-01,WH-NOR-04,ZONE-E,M,22,01,STANDARD,5000,155.5,True,2026-04-30T04:36:50.726872
LOC-ES-07-N18-03,WH-WES-07,ZONE-A,N,18,03,STANDARD,2000,76.8,True,2026-04-30T04:36:50.726872
LOC-AS-01-H08-02,WH-EAS-01,ZONE-E,H,08,02,STANDARD,5000,152.0,True,2026-04-30T04:36:50.726872
LOC-OU-09-B26-01,WH-SOU-09,SHIPPING,B,26,01,BULK,500,24.6,True,2026-04-30T04:36:50.726872
LOC-AS-03-J02-06,WH-EAS-03,ZONE-C,J,02,06,STANDARD,1000,199.6,True,2026-04-30T04:36:50.726872
LOC-ES-07-P22-02,WH-WES-07,RECEIVING,P,22,02,STANDARD,2000,188.3,True,2026-04-30T04:36:50.726872
LOC-AS-06-H15-05,WH-EAS-06,ZONE-C,H,15,05,BULK,2000,175.1,True,2026-04-30T04:36:50.726872
LOC-OR-05-K23-02,WH-NOR-05,ZONE-A,K,23,02,STANDARD,5000,144.0,True,2026-04-30T04:36:50.726872
LOC-OR-05-C07-03,WH-NOR-05,SHIPPING,C,07,03,OVERSIZE,1000,67.9,True,2026-04-30T04:36:50.726872
LOC-AS-02-L24-03,WH-EAS-02,ZONE-A,L,24,03,OVERSIZE,5000,133.5,True,2026-04-30T04:36:50.726872
LOC-AS-02-A16-01,WH-EAS-02,ZONE-C,A,16,01,STANDARD,5000,67.1,True,2026-04-30T04:36:50.726872
LOC-AS-01-I28-07,WH-EAS-01,ZONE-D,I,28,07,STANDARD,5000,83.1,True,2026-04-30T04:36:50.726872
LOC-OR-04-M06-07,WH-NOR-04,ZONE-E,M,06,07,STANDARD,2000,15.9,True,2026-04-30T04:36:50.726872
LOC-AS-01-K30-05,WH-EAS-01,SHIPPING,K,30,05,BULK,1000,153.9,True,2026-04-30T04:36:50.726872
LOC-EN-10-N28-07,WH-CEN-10,SHIPPING,N,28,07,BULK,500,163.4,True,2026-04-30T04:36:50.726872
LOC-OR-05-O14-05,WH-NOR-05,ZONE-B,O,14,05,OVERSIZE,5000,151.7,True,2026-04-30T04:36:50.726872
LOC-AS-03-A09-05,WH-EAS-03,ZONE-A,A,09,05,OVERSIZE,2000,74.1,True,2026-04-30T04:36:50.726872
LOC-EN-10-I12-05,WH-CEN-10,RECEIVING,I,12,05,STANDARD,500,33.6,True,2026-04-30T04:36:50.726872
LOC-AS-06-I28-03,WH-EAS-06,ZONE-D,I,28,03,STANDARD,5000,11.7,True,2026-04-30T04:36:50.726872
LOC-AS-06-P21-04,WH-EAS-06,ZONE-D,P,21,04,STANDARD,500,62.5,True,2026-04-30T04:36:50.726872
LOC-AS-06-C15-03,WH-EAS-06,ZONE-C,C,15,03,BULK,2000,59.3,True,2026-04-30T04:36:50.726872
LOC-OR-04-F05-01,WH-NOR-04,ZONE-B,F,05,01,STANDARD,500,45.0,True,2026-04-30T04:36:50.726872
LOC-EN-08-K02-04,WH-CEN-08,ZONE-A,K,02,04,OVERSIZE,2000,195.3,True,2026-04-30T04:36:50.726872
LOC-AS-06-B20-04,WH-EAS-06,ZONE-C,B,20,04,STANDARD,5000,31.5,True,2026-04-30T04:36:50.726872
LOC-OR-04-K19-06,WH-NOR-04,SHIPPING,K,19,06,BULK,5000,23.6,True,2026-04-30T04:36:50.726872
LOC-OR-05-E01-06,WH-NOR-05,ZONE-E,E,01,06,BULK,2000,195.3,True,2026-04-30T04:36:50.726872
LOC-AS-06-P10-01,WH-EAS-06,ZONE-B,P,10,01,STANDARD,2000,186.8,True,2026-04-30T04:36:50.726872
LOC-AS-01-D20-04,WH-EAS-01,SHIPPING,D,20,04,STANDARD,2000,188.6,True,2026-04-30T04:36:50.726872
LOC-EN-10-B22-03,WH-CEN-10,ZONE-D,B,22,03,BULK,500,191.5,True,2026-04-30T04:36:50.726872
LOC-OR-04-N18-02,WH-NOR-04,SHIPPING,N,18,02,COLD,500,125.3,True,2026-04-30T04:36:50.726872
LOC-OU-09-O11-05,WH-SOU-09,ZONE-B,O,11,05,BULK,2000,183.1,True,2026-04-30T04:36:50.726872
LOC-AS-06-H15-06,WH-EAS-06,RECEIVING,H,15,06,OVERSIZE,1000,94.6,True,2026-04-30T04:36:50.726872
LOC-ES-07-L03-06,WH-WES-07,ZONE-E,L,03,06,STANDARD,2000,134.1,True,2026-04-30T04:36:50.726872
LOC-EN-08-N08-03,WH-CEN-08,ZONE-E,N,08,03,STANDARD,5000,138.1,True,2026-04-30T04:36:50.726872
LOC-EN-10-I26-05,WH-CEN-10,ZONE-C,I,26,05,STANDARD,500,87.6,True,2026-04-30T04:36:50.726872
LOC-AS-03-P21-04,WH-EAS-03,ZONE-B,P,21,04,COLD,500,41.7,True,2026-04-30T04:36:50.726872
LOC-OU-09-P24-02,WH-SOU-09,ZONE-B,P,24,02,COLD,5000,14.5,True,2026-04-30T04:36:50.726872
LOC-AS-02-E17-07,WH-EAS-02,ZONE-D,E,17,07,STANDARD,5000,142.4,True,2026-04-30T04:36:50.726872
LOC-OR-05-D11-06,WH-NOR-05,ZONE-E,D,11,06,STANDARD,500,198.9,True,2026-04-30T04:36:50.726872
LOC-AS-06-O30-07,WH-EAS-06,RECEIVING,O,30,07,STANDARD,5000,65.0,True,2026-04-30T04:36:50.726872
LOC-AS-03-F24-02,WH-EAS-03,ZONE-B,F,24,02,COLD,2000,138.0,True,2026-04-30T04:36:50.726872
LOC-AS-06-O06-05,WH-EAS-06,SHIPPING,O,06,05,STANDARD,2000,103.7,True,2026-04-30T04:36:50.726872
LOC-OU-09-N10-06,WH-SOU-09,ZONE-D,N,10,06,STANDARD,1000,191.2,True,2026-04-30T04:36:50.726872
LOC-OR-04-N17-05,WH-NOR-04,ZONE-E,N,17,05,COLD,2000,28.9,True,2026-04-30T04:36:50.726872
LOC-AS-02-J09-08,WH-EAS-02,ZONE-D,J,09,08,STANDARD,1000,64.8,True,2026-04-30T04:36:50.726872
LOC-EN-10-D30-04,WH-CEN-10,RECEIVING,D,30,04,STANDARD,500,49.3,True,2026-04-30T04:36:50.726872
LOC-AS-03-A20-01,WH-EAS-03,ZONE-E,A,20,01,STANDARD,1000,11.3,True,2026-04-30T04:36:50.726872
LOC-AS-01-L07-05,WH-EAS-01,ZONE-E,L,07,05,STANDARD,5000,109.0,True,2026-04-30T04:36:50.726872
LOC-OR-05-D23-02,WH-NOR-05,ZONE-D,D,23,02,COLD,5000,60.0,True,2026-04-30T04:36:50.726872
LOC-OR-05-D12-02,WH-NOR-05,RECEIVING,D,12,02,BULK,500,72.2,True,2026-04-30T04:36:50.726872
LOC-OR-05-O21-02,WH-NOR-05,RECEIVING,O,21,02,STANDARD,500,92.3,True,2026-04-30T04:36:50.726872
LOC-OU-09-K07-01,WH-SOU-09,RECEIVING,K,07,01,STANDARD,1000,36.0,True,2026-04-30T04:36:50.726872
LOC-OR-04-G09-08,WH-NOR-04,ZONE-B,G,09,08,STANDARD,1000,149.4,True,2026-04-30T04:36:50.726872
LOC-OR-04-C17-04,WH-NOR-04,ZONE-A,C,17,04,STANDARD,5000,116.0,True,2026-04-30T04:36:50.726872
LOC-AS-03-B14-05,WH-EAS-03,ZONE-E,B,14,05,STANDARD,1000,131.2,True,2026-04-30T04:36:50.726872
LOC-AS-03-J27-04,WH-EAS-03,ZONE-C,J,27,04,STANDARD,5000,161.4,True,2026-04-30T04:36:50.726872
LOC-AS-06-P10-02,WH-EAS-06,ZONE-B,P,10,02,STANDARD,2000,89.7,True,2026-04-30T04:36:50.726872
LOC-OR-04-N04-03,WH-NOR-04,ZONE-D,N,04,03,OVERSIZE,500,76.0,True,2026-04-30T04:36:50.726872
LOC-AS-03-P27-08,WH-EAS-03,ZONE-E,P,27,08,STANDARD,1000,15.5,True,2026-04-30T04:36:50.726872
LOC-OR-04-N02-06,WH-NOR-04,ZONE-C,N,02,06,STANDARD,5000,84.4,True,2026-04-30T04:36:50.726872
LOC-ES-07-I30-01,WH-WES-07,ZONE-C,I,30,01,STANDARD,1000,74.6,True,2026-04-30T04:36:50.726872
LOC-OR-05-O14-04,WH-NOR-05,ZONE-E,O,14,04,COLD,1000,158.1,True,2026-04-30T04:36:50.726872
LOC-EN-10-K05-01,WH-CEN-10,RECEIVING,K,05,01,STANDARD,5000,27.1,True,2026-04-30T04:36:50.726872
LOC-AS-06-C21-01,WH-EAS-06,ZONE-E,C,21,01,STANDARD,1000,197.2,True,2026-04-30T04:36:50.726872
LOC-ES-07-H10-03,WH-WES-07,ZONE-C,H,10,03,STANDARD,1000,115.1,True,2026-04-30T04:36:50.726872
LOC-AS-01-B28-01,WH-EAS-01,SHIPPING,B,28,01,HAZMAT,500,105.3,True,2026-04-30T04:36:50.726872
LOC-AS-01-F10-05,WH-EAS-01,ZONE-A,F,10,05,STANDARD,1000,16.4,True,2026-04-30T04:36:50.726872
LOC-ES-07-M05-05,WH-WES-07,SHIPPING,M,05,05,STANDARD,500,105.9,True,2026-04-30T04:36:50.726872
LOC-ES-07-A01-03,WH-WES-07,ZONE-A,A,01,03,BULK,5000,46.9,True,2026-04-30T04:36:50.726872
LOC-OR-05-K14-01,WH-NOR-05,ZONE-C,K,14,01,STANDARD,1000,28.9,True,2026-04-30T04:36:50.726872
LOC-EN-10-P13-05,WH-CEN-10,ZONE-D,P,13,05,STANDARD,5000,116.6,True,2026-04-30T04:36:50.726872
LOC-OU-09-H13-01,WH-SOU-09,ZONE-D,H,13,01,BULK,2000,154.9,True,2026-04-30T04:36:50.726872
LOC-EN-08-H19-01,WH-CEN-08,ZONE-D,H,19,01,BULK,5000,80.3,True,2026-04-30T04:36:50.726872
LOC-OR-05-K05-02,WH-NOR-05,ZONE-A,K,05,02,STANDARD,1000,174.3,True,2026-04-30T04:36:50.726872
LOC-OR-04-C05-07,WH-NOR-04,ZONE-E,C,05,07,BULK,1000,21.2,True,2026-04-30T04:36:50.726872
LOC-ES-07-J24-06,WH-WES-07,SHIPPING,J,24,06,STANDARD,2000,140.9,True,2026-04-30T04:36:50.726872
LOC-AS-01-I23-04,WH-EAS-01,SHIPPING,I,23,04,STANDARD,5000,113.7,True,2026-04-30T04:36:50.726872
LOC-OR-04-K15-08,WH-NOR-04,ZONE-E,K,15,08,STANDARD,500,185.0,True,2026-04-30T04:36:50.726872
LOC-AS-02-M05-01,WH-EAS-02,ZONE-B,M,05,01,STANDARD,500,41.6,True,2026-04-30T04:36:50.726872
LOC-AS-02-B29-07,WH-EAS-02,ZONE-D,B,29,07,STANDARD,5000,36.6,True,2026-04-30T04:36:50.726872
LOC-ES-07-M01-05,WH-WES-07,ZONE-A,M,01,05,STANDARD,2000,146.8,True,2026-04-30T04:36:50.726872
LOC-OR-05-K20-06,WH-NOR-05,ZONE-E,K,20,06,STANDARD,1000,65.1,True,2026-04-30T04:36:50.726872
LOC-EN-10-L17-05,WH-CEN-10,ZONE-D,L,17,05,STANDARD,2000,186.1,True,2026-04-30T04:36:50.726872
LOC-AS-03-F17-08,WH-EAS-03,ZONE-A,F,17,08,STANDARD,1000,38.6,True,2026-04-30T04:36:50.726872
LOC-AS-01-J23-04,WH-EAS-01,ZONE-B,J,23,04,STANDARD,5000,72.9,True,2026-04-30T04:36:50.726872
LOC-EN-08-F03-06,WH-CEN-08,RECEIVING,F,03,06,STANDARD,1000,75.5,True,2026-04-30T04:36:50.726872
LOC-OR-04-I10-07,WH-NOR-04,ZONE-E,I,10,07,BULK,2000,128.7,True,2026-04-30T04:36:50.726872
LOC-OR-05-G03-03,WH-NOR-05,ZONE-A,G,03,03,BULK,2000,43.9,True,2026-04-30T04:36:50.726872
LOC-AS-03-M11-05,WH-EAS-03,SHIPPING,M,11,05,BULK,5000,49.8,True,2026-04-30T04:36:50.726872
LOC-OR-04-G03-03,WH-NOR-04,ZONE-B,G,03,03,STANDARD,500,71.4,True,2026-04-30T04:36:50.726872
LOC-AS-01-E17-08,WH-EAS-01,ZONE-D,E,17,08,STANDARD,2000,67.5,True,2026-04-30T04:36:50.726872
LOC-OR-04-M13-07,WH-NOR-04,RECEIVING,M,13,07,STANDARD,2000,169.3,True,2026-04-30T04:36:50.726872
LOC-AS-02-G06-05,WH-EAS-02,RECEIVING,G,06,05,STANDARD,5000,116.5,True,2026-04-30T04:36:50.726872
LOC-OR-05-D18-07,WH-NOR-05,RECEIVING,D,18,07,STANDARD,500,174.6,True,2026-04-30T04:36:50.726872
LOC-AS-06-N07-04,WH-EAS-06,ZONE-D,N,07,04,STANDARD,500,47.2,True,2026-04-30T04:36:50.726872
LOC-OR-04-A19-05,WH-NOR-04,ZONE-C,A,19,05,STANDARD,2000,184.0,True,2026-04-30T04:36:50.726872
LOC-AS-01-I02-05,WH-EAS-01,RECEIVING,I,02,05,STANDARD,500,199.2,True,2026-04-30T04:36:50.726872
LOC-OR-05-B19-01,WH-NOR-05,SHIPPING,B,19,01,BULK,5000,199.5,True,2026-04-30T04:36:50.726872
LOC-EN-08-F16-02,WH-CEN-08,ZONE-A,F,16,02,STANDARD,1000,144.1,True,2026-04-30T04:36:50.726872
LOC-AS-03-C14-02,WH-EAS-03,ZONE-A,C,14,02,STANDARD,500,69.7,True,2026-04-30T04:36:50.726872
LOC-OR-05-G21-01,WH-NOR-05,ZONE-C,G,21,01,BULK,2000,180.6,True,2026-04-30T04:36:50.726872
LOC-EN-10-L17-01,WH-CEN-10,RECEIVING,L,17,01,STANDARD,500,22.3,True,2026-04-30T04:36:50.726872
LOC-OU-09-E24-05,WH-SOU-09,ZONE-A,E,24,05,STANDARD,500,62.3,True,2026-04-30T04:36:50.726872
LOC-OU-09-N06-01,WH-SOU-09,ZONE-C,N,06,01,STANDARD,2000,32.4,True,2026-04-30T04:36:50.726872
LOC-AS-02-O03-02,WH-EAS-02,ZONE-A,O,03,02,STANDARD,500,45.3,True,2026-04-30T04:36:50.726872
LOC-AS-01-F26-01,WH-EAS-01,ZONE-B,F,26,01,STANDARD,5000,25.4,True,2026-04-30T04:36:50.726872
LOC-OR-04-J27-04,WH-NOR-04,RECEIVING,J,27,04,BULK,1000,69.0,True,2026-04-30T04:36:50.726872
LOC-OR-05-F09-03,WH-NOR-05,ZONE-E,F,09,03,STANDARD,1000,168.7,True,2026-04-30T04:36:50.726872
LOC-OR-04-F10-05,WH-NOR-04,RECEIVING,F,10,05,STANDARD,500,103.1,True,2026-04-30T04:36:50.726872
LOC-AS-06-O27-03,WH-EAS-06,ZONE-A,O,27,03,HAZMAT,5000,39.6,True,2026-04-30T04:36:50.726872
LOC-ES-07-L21-05,WH-WES-07,ZONE-B,L,21,05,STANDARD,2000,27.2,True,2026-04-30T04:36:50.726872
LOC-OR-05-G15-05,WH-NOR-05,ZONE-A,G,15,05,HAZMAT,1000,100.3,True,2026-04-30T04:36:50.726872
LOC-AS-06-L19-07,WH-EAS-06,RECEIVING,L,19,07,STANDARD,500,71.3,True,2026-04-30T04:36:50.726872
LOC-AS-06-A06-07,WH-EAS-06,ZONE-D,A,06,07,STANDARD,500,45.6,True,2026-04-30T04:36:50.726872
LOC-AS-03-O18-03,WH-EAS-03,SHIPPING,O,18,03,STANDARD,5000,122.8,True,2026-04-30T04:36:50.726872
LOC-ES-07-P27-04,WH-WES-07,ZONE-C,P,27,04,BULK,2000,101.7,True,2026-04-30T04:36:50.726872
LOC-AS-01-H25-02,WH-EAS-01,ZONE-D,H,25,02,STANDARD,2000,191.3,True,2026-04-30T04:36:50.726872
LOC-AS-01-F17-03,WH-EAS-01,ZONE-C,F,17,03,COLD,1000,190.8,True,2026-04-30T04:36:50.726872
LOC-AS-03-E22-06,WH-EAS-03,SHIPPING,E,22,06,OVERSIZE,500,68.8,True,2026-04-30T04:36:50.726872
LOC-AS-06-O13-03,WH-EAS-06,ZONE-D,O,13,03,STANDARD,1000,48.1,True,2026-04-30T04:36:50.726872
LOC-OR-05-C06-04,WH-NOR-05,SHIPPING,C,06,04,STANDARD,500,147.6,True,2026-04-30T04:36:50.726872
LOC-OU-09-L01-08,WH-SOU-09,ZONE-B,L,01,08,STANDARD,5000,114.5,True,2026-04-30T04:36:50.726872
LOC-OR-04-P22-07,WH-NOR-04,SHIPPING,P,22,07,STANDARD,1000,155.0,True,2026-04-30T04:36:50.726872
LOC-AS-03-K25-03,WH-EAS-03,ZONE-D,K,25,03,BULK,2000,165.8,True,2026-04-30T04:36:50.726872
LOC-ES-07-M18-02,WH-WES-07,ZONE-C,M,18,02,STANDARD,500,52.1,True,2026-04-30T04:36:50.726872
LOC-OR-04-L12-06,WH-NOR-04,ZONE-E,L,12,06,BULK,5000,183.8,True,2026-04-30T04:36:50.726872
LOC-AS-03-P07-01,WH-EAS-03,ZONE-B,P,07,01,STANDARD,500,74.5,True,2026-04-30T04:36:50.726872
LOC-ES-07-E10-05,WH-WES-07,ZONE-D,E,10,05,STANDARD,5000,16.6,True,2026-04-30T04:36:50.726872
LOC-ES-07-F06-07,WH-WES-07,RECEIVING,F,06,07,STANDARD,500,98.3,True,2026-04-30T04:36:50.726872
LOC-AS-02-M26-01,WH-EAS-02,ZONE-B,M,26,01,STANDARD,5000,140.4,True,2026-04-30T04:36:50.726872
LOC-ES-07-N25-01,WH-WES-07,ZONE-C,N,25,01,STANDARD,500,124.7,True,2026-04-30T04:36:50.726872
LOC-EN-08-L25-08,WH-CEN-08,RECEIVING,L,25,08,STANDARD,2000,31.2,True,2026-04-30T04:36:50.726872
LOC-ES-07-M28-02,WH-WES-07,ZONE-B,M,28,02,STANDARD,2000,47.5,True,2026-04-30T04:36:50.726872
LOC-EN-08-N02-08,WH-CEN-08,ZONE-C,N,02,08,STANDARD,5000,97.4,True,2026-04-30T04:36:50.726872
LOC-EN-10-L09-07,WH-CEN-10,ZONE-C,L,09,07,STANDARD,500,113.1,True,2026-04-30T04:36:50.726872
LOC-AS-06-N01-08,WH-EAS-06,ZONE-C,N,01,08,STANDARD,500,123.2,True,2026-04-30T04:36:50.726872
LOC-AS-01-M08-03,WH-EAS-01,ZONE-A,M,08,03,STANDARD,1000,148.1,True,2026-04-30T04:36:50.726872
LOC-ES-07-I12-08,WH-WES-07,RECEIVING,I,12,08,STANDARD,5000,17.7,True,2026-04-30T04:36:50.726872
LOC-AS-01-E20-02,WH-EAS-01,ZONE-D,E,20,02,STANDARD,500,74.2,True,2026-04-30T04:36:50.726872
LOC-OR-05-N13-01,WH-NOR-05,ZONE-B,N,13,01,OVERSIZE,2000,147.1,True,2026-04-30T04:36:50.726872
LOC-AS-02-N04-04,WH-EAS-02,ZONE-E,N,04,04,STANDARD,2000,127.0,True,2026-04-30T04:36:50.726872
LOC-OR-04-B12-08,WH-NOR-04,ZONE-B,B,12,08,BULK,5000,62.2,True,2026-04-30T04:36:50.726872
LOC-AS-03-I17-01,WH-EAS-03,ZONE-E,I,17,01,STANDARD,1000,138.9,True,2026-04-30T04:36:50.726872
LOC-ES-07-G01-07,WH-WES-07,RECEIVING,G,01,07,STANDARD,2000,97.9,True,2026-04-30T04:36:50.726872
LOC-AS-06-D08-04,WH-EAS-06,ZONE-A,D,08,04,BULK,1000,22.1,True,2026-04-30T04:36:50.726872
LOC-EN-10-O19-07,WH-CEN-10,RECEIVING,O,19,07,STANDARD,5000,100.4,True,2026-04-30T04:36:50.726872
LOC-AS-06-K11-06,WH-EAS-06,SHIPPING,K,11,06,STANDARD,5000,172.3,True,2026-04-30T04:36:50.726872
LOC-OU-09-F22-07,WH-SOU-09,ZONE-C,F,22,07,STANDARD,500,130.0,True,2026-04-30T04:36:50.726872
LOC-AS-06-C07-06,WH-EAS-06,ZONE-C,C,07,06,STANDARD,2000,95.8,True,2026-04-30T04:36:50.726872
LOC-AS-03-F20-06,WH-EAS-03,ZONE-E,F,20,06,STANDARD,500,152.8,True,2026-04-30T04:36:50.726872
LOC-EN-08-H13-03,WH-CEN-08,ZONE-D,H,13,03,STANDARD,500,28.4,True,2026-04-30T04:36:50.726872
LOC-AS-02-J06-03,WH-EAS-02,SHIPPING,J,06,03,BULK,5000,114.5,True,2026-04-30T04:36:50.726872
LOC-OR-04-N29-05,WH-NOR-04,ZONE-C,N,29,05,BULK,500,136.2,True,2026-04-30T04:36:50.726872
LOC-AS-06-M08-07,WH-EAS-06,ZONE-D,M,08,07,BULK,2000,167.0,True,2026-04-30T04:36:50.726872
LOC-AS-03-M10-01,WH-EAS-03,ZONE-E,M,10,01,BULK,5000,134.7,True,2026-04-30T04:36:50.726872
LOC-AS-02-M19-07,WH-EAS-02,ZONE-D,M,19,07,STANDARD,500,127.6,True,2026-04-30T04:36:50.726872
LOC-EN-10-C20-07,WH-CEN-10,ZONE-A,C,20,07,STANDARD,1000,41.6,True,2026-04-30T04:36:50.726872
LOC-AS-02-L01-07,WH-EAS-02,ZONE-E,L,01,07,STANDARD,1000,171.6,True,2026-04-30T04:36:50.726872
LOC-AS-06-H06-08,WH-EAS-06,RECEIVING,H,06,08,HAZMAT,2000,35.2,True,2026-04-30T04:36:50.726872
LOC-AS-01-G19-08,WH-EAS-01,ZONE-D,G,19,08,STANDARD,5000,198.0,True,2026-04-30T04:36:50.726872
LOC-EN-08-D26-06,WH-CEN-08,SHIPPING,D,26,06,HAZMAT,1000,56.5,True,2026-04-30T04:36:50.726872
LOC-AS-02-A24-01,WH-EAS-02,RECEIVING,A,24,01,STANDARD,5000,173.8,True,2026-04-30T04:36:50.726872
LOC-ES-07-I29-02,WH-WES-07,RECEIVING,I,29,02,BULK,500,93.3,True,2026-04-30T04:36:50.726872
LOC-AS-01-J26-07,WH-EAS-01,SHIPPING,J,26,07,BULK,500,79.0,True,2026-04-30T04:36:50.726872
LOC-OU-09-O14-02,WH-SOU-09,ZONE-A,O,14,02,STANDARD,2000,154.0,True,2026-04-30T04:36:50.726872
LOC-AS-02-F12-07,WH-EAS-02,RECEIVING,F,12,07,STANDARD,1000,161.2,True,2026-04-30T04:36:50.726872
LOC-AS-02-K21-02,WH-EAS-02,ZONE-D,K,21,02,COLD,5000,153.0,True,2026-04-30T04:36:50.726872
LOC-AS-06-J23-08,WH-EAS-06,ZONE-C,J,23,08,BULK,2000,118.0,True,2026-04-30T04:36:50.726872
LOC-AS-03-E17-05,WH-EAS-03,ZONE-A,E,17,05,STANDARD,2000,117.1,True,2026-04-30T04:36:50.726872
LOC-OR-05-F19-05,WH-NOR-05,ZONE-D,F,19,05,BULK,2000,39.3,True,2026-04-30T04:36:50.726872
LOC-AS-03-E20-05,WH-EAS-03,SHIPPING,E,20,05,STANDARD,1000,15.3,True,2026-04-30T04:36:50.726872
LOC-OR-05-E19-01,WH-NOR-05,ZONE-C,E,19,01,STANDARD,5000,100.6,True,2026-04-30T04:36:50.726872
LOC-AS-06-E19-06,WH-EAS-06,ZONE-E,E,19,06,STANDARD,5000,133.2,True,2026-04-30T04:36:50.726872
LOC-EN-08-F16-07,WH-CEN-08,ZONE-A,F,16,07,STANDARD,500,75.0,True,2026-04-30T04:36:50.726872
LOC-OR-04-E09-02,WH-NOR-04,RECEIVING,E,09,02,STANDARD,5000,97.3,True,2026-04-30T04:36:50.726872
LOC-AS-01-H24-04,WH-EAS-01,ZONE-C,H,24,04,STANDARD,5000,129.0,True,2026-04-30T04:36:50.726872
LOC-OU-09-C09-02,WH-SOU-09,SHIPPING,C,09,02,STANDARD,1000,56.5,True,2026-04-30T04:36:50.726872
LOC-AS-03-H08-08,WH-EAS-03,ZONE-B,H,08,08,STANDARD,2000,114.9,True,2026-04-30T04:36:50.726872
LOC-OR-04-C29-03,WH-NOR-04,ZONE-E,C,29,03,STANDARD,1000,53.2,True,2026-04-30T04:36:50.726872
LOC-EN-10-P15-02,WH-CEN-10,ZONE-E,P,15,02,COLD,500,70.6,True,2026-04-30T04:36:50.726872
LOC-OR-04-P04-08,WH-NOR-04,ZONE-A,P,04,08,STANDARD,500,113.1,True,2026-04-30T04:36:50.726872
LOC-EN-08-J19-01,WH-CEN-08,ZONE-E,J,19,01,STANDARD,500,146.8,True,2026-04-30T04:36:50.726872
LOC-OR-04-O01-05,WH-NOR-04,SHIPPING,O,01,05,STANDARD,2000,103.6,True,2026-04-30T04:36:50.726872
LOC-OU-09-P17-05,WH-SOU-09,RECEIVING,P,17,05,STANDARD,1000,74.8,True,2026-04-30T04:36:50.726872
LOC-OU-09-J21-08,WH-SOU-09,ZONE-A,J,21,08,OVERSIZE,1000,102.6,True,2026-04-30T04:36:50.726872
LOC-OU-09-P16-03,WH-SOU-09,ZONE-B,P,16,03,STANDARD,5000,137.9,True,2026-04-30T04:36:50.726872
LOC-EN-08-K21-03,WH-CEN-08,ZONE-B,K,21,03,BULK,1000,50.5,True,2026-04-30T04:36:50.726872
LOC-AS-06-P04-05,WH-EAS-06,ZONE-E,P,04,05,STANDARD,1000,71.5,True,2026-04-30T04:36:50.726872
LOC-ES-07-F28-03,WH-WES-07,ZONE-E,F,28,03,STANDARD,2000,191.8,False,2026-04-30T04:36:50.726872
LOC-EN-10-N25-05,WH-CEN-10,ZONE-B,N,25,05,HAZMAT,5000,187.5,True,2026-04-30T04:36:50.726872
LOC-AS-06-E10-06,WH-EAS-06,RECEIVING,E,10,06,STANDARD,2000,95.4,True,2026-04-30T04:36:50.726872
LOC-ES-07-N01-07,WH-WES-07,ZONE-A,N,01,07,OVERSIZE,2000,132.7,True,2026-04-30T04:36:50.726872
LOC-EN-08-I01-04,WH-CEN-08,ZONE-B,I,01,04,STANDARD,2000,66.0,True,2026-04-30T04:36:50.726872
LOC-AS-06-N26-07,WH-EAS-06,ZONE-C,N,26,07,STANDARD,1000,161.5,True,2026-04-30T04:36:50.726872
LOC-EN-08-I04-02,WH-CEN-08,ZONE-B,I,04,02,STANDARD,5000,188.9,True,2026-04-30T04:36:50.726872
LOC-AS-01-M23-08,WH-EAS-01,ZONE-B,M,23,08,STANDARD,5000,21.3,True,2026-04-30T04:36:50.726872
LOC-AS-06-I18-06,WH-EAS-06,ZONE-D,I,18,06,HAZMAT,500,99.6,True,2026-04-30T04:36:50.726872
LOC-AS-02-K25-07,WH-EAS-02,SHIPPING,K,25,07,STANDARD,1000,122.1,True,2026-04-30T04:36:50.726872
LOC-OU-09-C15-04,WH-SOU-09,ZONE-C,C,15,04,STANDARD,2000,115.8,True,2026-04-30T04:36:50.726872
LOC-AS-01-E25-02,WH-EAS-01,SHIPPING,E,25,02,BULK,2000,191.9,True,2026-04-30T04:36:50.726872
LOC-EN-08-G06-06,WH-CEN-08,ZONE-D,G,06,06,STANDARD,2000,73.3,True,2026-04-30T04:36:50.726872
LOC-OR-05-I20-01,WH-NOR-05,ZONE-B,I,20,01,STANDARD,5000,91.2,True,2026-04-30T04:36:50.726872
LOC-AS-01-B30-06,WH-EAS-01,ZONE-A,B,30,06,STANDARD,500,192.4,True,2026-04-30T04:36:50.726872
LOC-AS-06-P10-06,WH-EAS-06,RECEIVING,P,10,06,STANDARD,500,117.4,False,2026-04-30T04:36:50.726872
LOC-AS-02-F26-02,WH-EAS-02,ZONE-E,F,26,02,HAZMAT,1000,152.9,True,2026-04-30T04:36:50.726872
LOC-ES-07-I15-08,WH-WES-07,RECEIVING,I,15,08,STANDARD,2000,23.9,True,2026-04-30T04:36:50.726872
LOC-AS-06-O17-07,WH-EAS-06,ZONE-A,O,17,07,STANDARD,2000,11.2,True,2026-04-30T04:36:50.726872
LOC-AS-01-A08-06,WH-EAS-01,ZONE-D,A,08,06,STANDARD,1000,121.0,True,2026-04-30T04:36:50.726872
LOC-OU-09-O21-04,WH-SOU-09,SHIPPING,O,21,04,BULK,2000,179.7,True,2026-04-30T04:36:50.726872
LOC-EN-10-E07-03,WH-CEN-10,ZONE-B,E,07,03,STANDARD,500,15.0,True,2026-04-30T04:36:50.726872
LOC-AS-01-E18-06,WH-EAS-01,ZONE-A,E,18,06,STANDARD,2000,186.4,True,2026-04-30T04:36:50.726872
LOC-OR-04-J06-07,WH-NOR-04,ZONE-C,J,06,07,STANDARD,1000,156.7,True,2026-04-30T04:36:50.726872
LOC-EN-08-D27-07,WH-CEN-08,ZONE-A,D,27,07,STANDARD,1000,82.3,True,2026-04-30T04:36:50.726872
LOC-ES-07-G07-07,WH-WES-07,ZONE-E,G,07,07,BULK,500,194.2,True,2026-04-30T04:36:50.726872
LOC-EN-10-D06-04,WH-CEN-10,ZONE-A,D,06,04,HAZMAT,2000,152.4,True,2026-04-30T04:36:50.726872
LOC-OR-04-G03-06,WH-NOR-04,ZONE-D,G,03,06,STANDARD,500,189.5,True,2026-04-30T04:36:50.726872
LOC-ES-07-N13-02,WH-WES-07,ZONE-C,N,13,02,STANDARD,2000,168.9,True,2026-04-30T04:36:50.726872
LOC-OR-05-H23-02,WH-NOR-05,RECEIVING,H,23,02,STANDARD,5000,176.4,True,2026-04-30T04:36:50.726872
LOC-OR-05-K02-03,WH-NOR-05,SHIPPING,K,02,03,STANDARD,500,34.3,True,2026-04-30T04:36:50.726872
LOC-EN-08-B02-04,WH-CEN-08,SHIPPING,B,02,04,BULK,2000,80.6,True,2026-04-30T04:36:50.726872
LOC-AS-03-N06-03,WH-EAS-03,ZONE-E,N,06,03,OVERSIZE,1000,79.4,True,2026-04-30T04:36:50.726872
LOC-AS-03-A16-04,WH-EAS-03,ZONE-C,A,16,04,STANDARD,2000,182.7,True,2026-04-30T04:36:50.726872
LOC-AS-06-A26-01,WH-EAS-06,ZONE-C,A,26,01,STANDARD,5000,16.5,True,2026-04-30T04:36:50.726872
LOC-ES-07-B18-07,WH-WES-07,SHIPPING,B,18,07,STANDARD,1000,40.1,True,2026-04-30T04:36:50.726872
LOC-OR-04-C14-02,WH-NOR-04,ZONE-A,C,14,02,OVERSIZE,5000,196.8,True,2026-04-30T04:36:50.726872
LOC-OU-09-O05-01,WH-SOU-09,ZONE-C,O,05,01,STANDARD,2000,34.4,True,2026-04-30T04:36:50.726872
LOC-AS-06-D16-08,WH-EAS-06,RECEIVING,D,16,08,BULK,1000,33.9,True,2026-04-30T04:36:50.726872
LOC-AS-03-H22-02,WH-EAS-03,RECEIVING,H,22,02,STANDARD,5000,63.6,True,2026-04-30T04:36:50.726872
LOC-OR-04-H09-03,WH-NOR-04,RECEIVING,H,09,03,STANDARD,2000,145.0,True,2026-04-30T04:36:50.726872
LOC-EN-10-I25-03,WH-CEN-10,ZONE-C,I,25,03,STANDARD,1000,120.1,True,2026-04-30T04:36:50.726872
LOC-AS-01-M21-01,WH-EAS-01,SHIPPING,M,21,01,STANDARD,1000,12.7,True,2026-04-30T04:36:50.726872
LOC-OR-04-F13-06,WH-NOR-04,ZONE-A,F,13,06,STANDARD,5000,173.0,True,2026-04-30T04:36:50.726872
LOC-EN-10-M15-04,WH-CEN-10,ZONE-D,M,15,04,STANDARD,5000,32.4,True,2026-04-30T04:36:50.726872
LOC-OU-09-K11-03,WH-SOU-09,ZONE-C,K,11,03,STANDARD,5000,156.7,True,2026-04-30T04:36:50.726872
LOC-AS-02-K25-05,WH-EAS-02,ZONE-A,K,25,05,BULK,5000,132.0,True,2026-04-30T04:36:50.726872
LOC-AS-03-D08-08,WH-EAS-03,SHIPPING,D,08,08,STANDARD,2000,34.0,True,2026-04-30T04:36:50.726872
LOC-EN-08-N18-02,WH-CEN-08,SHIPPING,N,18,02,OVERSIZE,1000,85.5,True,2026-04-30T04:36:50.726872
LOC-OU-09-G05-04,WH-SOU-09,SHIPPING,G,05,04,STANDARD,2000,109.9,True,2026-04-30T04:36:50.726872
LOC-EN-10-B26-06,WH-CEN-10,ZONE-E,B,26,06,STANDARD,1000,81.1,True,2026-04-30T04:36:50.726872
LOC-AS-03-H27-03,WH-EAS-03,ZONE-E,H,27,03,HAZMAT,5000,173.1,True,2026-04-30T04:36:50.726872
LOC-ES-07-J13-07,WH-WES-07,ZONE-D,J,13,07,STANDARD,1000,147.1,True,2026-04-30T04:36:50.726872
LOC-AS-02-I23-05,WH-EAS-02,ZONE-B,I,23,05,HAZMAT,500,21.3,True,2026-04-30T04:36:50.726872
LOC-AS-03-P27-03,WH-EAS-03,SHIPPING,P,27,03,OVERSIZE,1000,84.3,True,2026-04-30T04:36:50.726872
LOC-ES-07-M19-04,WH-WES-07,ZONE-B,M,19,04,BULK,500,53.0,True,2026-04-30T04:36:50.726872
LOC-AS-03-M04-03,WH-EAS-03,ZONE-B,M,04,03,STANDARD,2000,154.5,True,2026-04-30T04:36:50.726872
LOC-AS-02-J17-02,WH-EAS-02,SHIPPING,J,17,02,STANDARD,5000,54.1,True,2026-04-30T04:36:50.726872
LOC-AS-02-O05-02,WH-EAS-02,SHIPPING,O,05,02,HAZMAT,2000,176.3,True,2026-04-30T04:36:50.726872
LOC-AS-01-M27-05,WH-EAS-01,ZONE-A,M,27,05,STANDARD,5000,121.1,True,2026-04-30T04:36:50.726872
LOC-EN-08-J08-02,WH-CEN-08,ZONE-A,J,08,02,OVERSIZE,2000,55.8,True,2026-04-30T04:36:50.726872
LOC-EN-08-N14-01,WH-CEN-08,RECEIVING,N,14,01,STANDARD,2000,170.0,True,2026-04-30T04:36:50.726872
LOC-OR-05-K14-05,WH-NOR-05,ZONE-C,K,14,05,STANDARD,500,145.5,True,2026-04-30T04:36:50.726872
LOC-EN-10-P08-07,WH-CEN-10,RECEIVING,P,08,07,STANDARD,5000,116.5,True,2026-04-30T04:36:50.726872
LOC-ES-07-M02-02,WH-WES-07,ZONE-E,M,02,02,BULK,500,119.4,True,2026-04-30T04:36:50.726872
LOC-OR-04-L19-07,WH-NOR-04,SHIPPING,L,19,07,STANDARD,500,76.0,True,2026-04-30T04:36:50.726872
LOC-EN-08-B13-07,WH-CEN-08,RECEIVING,B,13,07,COLD,1000,117.7,True,2026-04-30T04:36:50.726872
LOC-AS-06-D10-07,WH-EAS-06,SHIPPING,D,10,07,STANDARD,5000,171.4,True,2026-04-30T04:36:50.726872
LOC-AS-06-L08-05,WH-EAS-06,ZONE-D,L,08,05,BULK,2000,97.1,False,2026-04-30T04:36:50.726872
LOC-OR-05-F07-06,WH-NOR-05,RECEIVING,F,07,06,STANDARD,2000,158.4,True,2026-04-30T04:36:50.726872
LOC-EN-08-C11-06,WH-CEN-08,ZONE-E,C,11,06,STANDARD,1000,70.1,True,2026-04-30T04:36:50.726872
LOC-AS-02-M11-08,WH-EAS-02,RECEIVING,M,11,08,STANDARD,5000,48.4,True,2026-04-30T04:36:50.726872
LOC-EN-08-L11-08,WH-CEN-08,ZONE-C,L,11,08,BULK,1000,71.3,True,2026-04-30T04:36:50.726872
LOC-EN-10-J30-05,WH-CEN-10,SHIPPING,J,30,05,STANDARD,1000,85.6,True,2026-04-30T04:36:50.726872
LOC-OR-04-C03-07,WH-NOR-04,SHIPPING,C,03,07,STANDARD,2000,111.2,True,2026-04-30T04:36:50.726872
LOC-ES-07-D28-05,WH-WES-07,ZONE-E,D,28,05,STANDARD,500,71.5,True,2026-04-30T04:36:50.726872
LOC-AS-01-H18-03,WH-EAS-01,RECEIVING,H,18,03,OVERSIZE,500,104.0,True,2026-04-30T04:36:50.726872
LOC-OR-04-H29-04,WH-NOR-04,ZONE-D,H,29,04,STANDARD,1000,37.6,True,2026-04-30T04:36:50.726872
LOC-AS-01-P27-08,WH-EAS-01,ZONE-D,P,27,08,STANDARD,1000,88.3,True,2026-04-30T04:36:50.726872
LOC-EN-10-M21-07,WH-CEN-10,RECEIVING,M,21,07,STANDARD,2000,162.7,True,2026-04-30T04:36:50.726872
LOC-AS-06-L29-04,WH-EAS-06,ZONE-C,L,29,04,STANDARD,500,192.0,True,2026-04-30T04:36:50.726872
LOC-OR-04-E04-08,WH-NOR-04,ZONE-E,E,04,08,STANDARD,1000,146.8,True,2026-04-30T04:36:50.726872
LOC-OU-09-H15-05,WH-SOU-09,ZONE-E,H,15,05,BULK,5000,127.6,True,2026-04-30T04:36:50.726872
LOC-ES-07-C06-01,WH-WES-07,ZONE-E,C,06,01,STANDARD,500,180.2,True,2026-04-30T04:36:50.726872
LOC-AS-03-C22-06,WH-EAS-03,ZONE-A,C,22,06,OVERSIZE,2000,118.3,True,2026-04-30T04:36:50.726872
LOC-AS-01-P14-03,WH-EAS-01,ZONE-D,P,14,03,STANDARD,5000,68.9,True,2026-04-30T04:36:50.726872
LOC-OR-05-K08-07,WH-NOR-05,ZONE-B,K,08,07,BULK,2000,173.9,False,2026-04-30T04:36:50.726872
LOC-AS-01-L19-02,WH-EAS-01,SHIPPING,L,19,02,OVERSIZE,500,110.7,True,2026-04-30T04:36:50.726872
LOC-OR-04-H20-03,WH-NOR-04,SHIPPING,H,20,03,STANDARD,5000,148.4,True,2026-04-30T04:36:50.726872
LOC-AS-02-M19-07,WH-EAS-02,SHIPPING,M,19,07,STANDARD,5000,36.3,True,2026-04-30T04:36:50.726872
LOC-AS-02-J12-03,WH-EAS-02,RECEIVING,J,12,03,STANDARD,2000,104.9,True,2026-04-30T04:36:50.726872
LOC-ES-07-G08-06,WH-WES-07,RECEIVING,G,08,06,STANDARD,2000,95.8,True,2026-04-30T04:36:50.726872
LOC-OR-05-A29-01,WH-NOR-05,ZONE-E,A,29,01,STANDARD,2000,28.1,True,2026-04-30T04:36:50.726872
LOC-OU-09-A01-06,WH-SOU-09,ZONE-D,A,01,06,STANDARD,2000,173.3,True,2026-04-30T04:36:50.726872
LOC-OR-04-P06-04,WH-NOR-04,ZONE-C,P,06,04,STANDARD,1000,123.9,True,2026-04-30T04:36:50.726872
LOC-EN-08-F17-03,WH-CEN-08,SHIPPING,F,17,03,BULK,500,128.2,True,2026-04-30T04:36:50.726872
LOC-AS-02-J30-05,WH-EAS-02,ZONE-A,J,30,05,STANDARD,1000,122.1,True,2026-04-30T04:36:50.726872
LOC-AS-02-P07-03,WH-EAS-02,ZONE-E,P,07,03,HAZMAT,5000,186.4,True,2026-04-30T04:36:50.726872
LOC-ES-07-O04-02,WH-WES-07,ZONE-C,O,04,02,STANDARD,1000,55.5,True,2026-04-30T04:36:50.726872
LOC-OR-04-M02-06,WH-NOR-04,ZONE-A,M,02,06,HAZMAT,5000,164.1,True,2026-04-30T04:36:50.726872
LOC-EN-10-D28-02,WH-CEN-10,RECEIVING,D,28,02,STANDARD,5000,153.8,True,2026-04-30T04:36:50.726872
LOC-OR-05-K05-08,WH-NOR-05,SHIPPING,K,05,08,STANDARD,5000,86.8,True,2026-04-30T04:36:50.726872
LOC-EN-08-A16-02,WH-CEN-08,ZONE-C,A,16,02,STANDARD,5000,68.1,False,2026-04-30T04:36:50.726872
LOC-OR-05-B17-01,WH-NOR-05,ZONE-B,B,17,01,HAZMAT,2000,179.5,True,2026-04-30T04:36:50.726872
LOC-EN-10-F21-06,WH-CEN-10,RECEIVING,F,21,06,STANDARD,500,19.0,True,2026-04-30T04:36:50.726872
LOC-OR-04-L18-01,WH-NOR-04,SHIPPING,L,18,01,BULK,5000,150.3,True,2026-04-30T04:36:50.726872
LOC-AS-03-L22-01,WH-EAS-03,ZONE-B,L,22,01,STANDARD,1000,179.5,True,2026-04-30T04:36:50.726872
LOC-AS-02-G16-04,WH-EAS-02,ZONE-E,G,16,04,STANDARD,500,18.6,True,2026-04-30T04:36:50.726872
LOC-AS-02-J01-04,WH-EAS-02,RECEIVING,J,01,04,BULK,2000,197.0,False,2026-04-30T04:36:50.726872
LOC-OR-04-L30-07,WH-NOR-04,ZONE-A,L,30,07,STANDARD,1000,128.1,True,2026-04-30T04:36:50.726872
LOC-ES-07-J07-05,WH-WES-07,ZONE-D,J,07,05,STANDARD,5000,166.5,True,2026-04-30T04:36:50.726872
LOC-OR-04-P09-01,WH-NOR-04,RECEIVING,P,09,01,STANDARD,500,142.2,True,2026-04-30T04:36:50.726872
LOC-OR-04-C21-02,WH-NOR-04,ZONE-A,C,21,02,STANDARD,5000,22.6,True,2026-04-30T04:36:50.726872
LOC-AS-03-I22-07,WH-EAS-03,ZONE-C,I,22,07,STANDARD,2000,172.5,True,2026-04-30T04:36:50.726872
LOC-AS-02-M27-04,WH-EAS-02,ZONE-A,M,27,04,STANDARD,5000,48.1,True,2026-04-30T04:36:50.726872
LOC-AS-01-P16-02,WH-EAS-01,ZONE-A,P,16,02,STANDARD,5000,45.1,True,2026-04-30T04:36:50.726872
LOC-AS-02-H14-06,WH-EAS-02,ZONE-D,H,14,06,BULK,5000,123.4,True,2026-04-30T04:36:50.726872
LOC-OU-09-G25-04,WH-SOU-09,RECEIVING,G,25,04,STANDARD,500,190.2,True,2026-04-30T04:36:50.726872
LOC-OR-05-F12-08,WH-NOR-05,ZONE-B,F,12,08,COLD,500,84.3,True,2026-04-30T04:36:50.726872
LOC-OR-05-C08-03,WH-NOR-05,RECEIVING,C,08,03,STANDARD,5000,14.8,True,2026-04-30T04:36:50.726872
LOC-OR-04-J18-03,WH-NOR-04,ZONE-B,J,18,03,STANDARD,2000,20.8,True,2026-04-30T04:36:50.726872
LOC-ES-07-A20-03,WH-WES-07,RECEIVING,A,20,03,HAZMAT,2000,17.3,True,2026-04-30T04:36:50.726872
LOC-OR-04-A13-01,WH-NOR-04,ZONE-E,A,13,01,STANDARD,5000,156.1,True,2026-04-30T04:36:50.726872
LOC-OR-04-B19-02,WH-NOR-04,ZONE-A,B,19,02,STANDARD,5000,188.1,True,2026-04-30T04:36:50.726872
LOC-OR-05-M15-04,WH-NOR-05,RECEIVING,M,15,04,STANDARD,2000,75.6,False,2026-04-30T04:36:50.726872
LOC-EN-08-P30-03,WH-CEN-08,ZONE-D,P,30,03,STANDARD,2000,52.5,True,2026-04-30T04:36:50.726872
LOC-AS-03-M09-03,WH-EAS-03,ZONE-C,M,09,03,BULK,5000,163.0,True,2026-04-30T04:36:50.726872
LOC-EN-08-N23-04,WH-CEN-08,ZONE-D,N,23,04,STANDARD,2000,49.5,True,2026-04-30T04:36:50.726872
LOC-ES-07-O24-08,WH-WES-07,ZONE-D,O,24,08,OVERSIZE,5000,79.1,True,2026-04-30T04:36:50.726872
LOC-ES-07-E24-04,WH-WES-07,ZONE-B,E,24,04,STANDARD,1000,118.0,True,2026-04-30T04:36:50.726872
LOC-EN-10-L29-08,WH-CEN-10,ZONE-E,L,29,08,COLD,5000,81.2,True,2026-04-30T04:36:50.726872
LOC-ES-07-E16-02,WH-WES-07,ZONE-E,E,16,02,STANDARD,2000,181.9,True,2026-04-30T04:36:50.726872
LOC-EN-10-N02-04,WH-CEN-10,ZONE-B,N,02,04,STANDARD,1000,135.3,True,2026-04-30T04:36:50.726872
LOC-ES-07-F15-01,WH-WES-07,RECEIVING,F,15,01,STANDARD,1000,61.9,True,2026-04-30T04:36:50.726872
LOC-EN-10-E21-07,WH-CEN-10,ZONE-E,E,21,07,BULK,1000,38.6,True,2026-04-30T04:36:50.726872
LOC-OR-04-E25-08,WH-NOR-04,ZONE-C,E,25,08,STANDARD,500,138.5,True,2026-04-30T04:36:50.726872
LOC-AS-02-A01-01,WH-EAS-02,ZONE-C,A,01,01,COLD,2000,187.0,True,2026-04-30T04:36:50.726872
LOC-AS-03-G10-02,WH-EAS-03,ZONE-C,G,10,02,STANDARD,2000,120.9,True,2026-04-30T04:36:50.726872
LOC-EN-08-K23-03,WH-CEN-08,ZONE-C,K,23,03,STANDARD,1000,181.2,True,2026-04-30T04:36:50.726872
LOC-ES-07-D18-07,WH-WES-07,ZONE-B,D,18,07,STANDARD,5000,143.0,True,2026-04-30T04:36:50.726872
LOC-OR-04-D22-03,WH-NOR-04,ZONE-D,D,22,03,STANDARD,500,35.8,True,2026-04-30T04:36:50.726872
LOC-ES-07-P06-01,WH-WES-07,ZONE-E,P,06,01,STANDARD,2000,186.9,True,2026-04-30T04:36:50.726872
LOC-AS-03-O29-01,WH-EAS-03,ZONE-D,O,29,01,HAZMAT,2000,178.3,False,2026-04-30T04:36:50.726872
LOC-AS-06-C06-03,WH-EAS-06,ZONE-E,C,06,03,STANDARD,5000,184.2,True,2026-04-30T04:36:50.726872
LOC-OR-04-K10-02,WH-NOR-04,ZONE-C,K,10,02,STANDARD,5000,13.0,True,2026-04-30T04:36:50.726872
LOC-ES-07-F12-05,WH-WES-07,ZONE-B,F,12,05,STANDARD,500,103.0,True,2026-04-30T04:36:50.726872
LOC-AS-01-H23-05,WH-EAS-01,ZONE-C,H,23,05,STANDARD,5000,74.1,True,2026-04-30T04:36:50.726872
LOC-EN-08-C11-01,WH-CEN-08,ZONE-B,C,11,01,COLD,500,149.6,True,2026-04-30T04:36:50.726872
LOC-ES-07-G29-08,WH-WES-07,ZONE-D,G,29,08,STANDARD,2000,142.4,True,2026-04-30T04:36:50.726872
LOC-OU-09-N14-06,WH-SOU-09,ZONE-B,N,14,06,HAZMAT,2000,115.0,True,2026-04-30T04:36:50.726872
LOC-OR-05-C30-08,WH-NOR-05,RECEIVING,C,30,08,STANDARD,2000,173.7,True,2026-04-30T04:36:50.726872
LOC-AS-01-E26-02,WH-EAS-01,ZONE-B,E,26,02,STANDARD,2000,22.3,True,2026-04-30T04:36:50.726872
LOC-OR-04-C28-02,WH-NOR-04,ZONE-A,C,28,02,BULK,2000,175.3,True,2026-04-30T04:36:50.726872
LOC-AS-03-O21-06,WH-EAS-03,SHIPPING,O,21,06,STANDARD,500,20.7,True,2026-04-30T04:36:50.726872
LOC-AS-02-F03-02,WH-EAS-02,ZONE-A,F,03,02,STANDARD,1000,49.9,True,2026-04-30T04:36:50.726872
LOC-ES-07-K21-04,WH-WES-07,ZONE-D,K,21,04,BULK,5000,125.0,True,2026-04-30T04:36:50.726872
LOC-OR-05-B15-03,WH-NOR-05,ZONE-E,B,15,03,STANDARD,1000,195.1,True,2026-04-30T04:36:50.726872
LOC-OU-09-G23-02,WH-SOU-09,RECEIVING,G,23,02,BULK,1000,45.5,True,2026-04-30T04:36:50.726872
LOC-OR-04-F13-05,WH-NOR-04,ZONE-E,F,13,05,STANDARD,2000,51.5,True,2026-04-30T04:36:50.726872
LOC-AS-06-H17-01,WH-EAS-06,RECEIVING,H,17,01,COLD,2000,63.5,True,2026-04-30T04:36:50.726872
LOC-AS-01-C16-06,WH-EAS-01,RECEIVING,C,16,06,STANDARD,5000,25.2,True,2026-04-30T04:36:50.726872
LOC-EN-08-A24-02,WH-CEN-08,ZONE-C,A,24,02,STANDARD,2000,142.6,True,2026-04-30T04:36:50.726872
LOC-AS-02-I24-06,WH-EAS-02,ZONE-D,I,24,06,STANDARD,5000,80.4,True,2026-04-30T04:36:50.726872
LOC-EN-08-K18-04,WH-CEN-08,ZONE-B,K,18,04,STANDARD,500,141.3,True,2026-04-30T04:36:50.726872
LOC-EN-08-K30-07,WH-CEN-08,ZONE-D,K,30,07,COLD,5000,95.9,True,2026-04-30T04:36:50.726872
LOC-ES-07-N01-03,WH-WES-07,SHIPPING,N,01,03,STANDARD,1000,85.9,True,2026-04-30T04:36:50.726872
LOC-AS-03-E19-03,WH-EAS-03,ZONE-B,E,19,03,STANDARD,5000,99.7,True,2026-04-30T04:36:50.726872
LOC-OR-04-A16-07,WH-NOR-04,ZONE-B,A,16,07,STANDARD,2000,53.3,True,2026-04-30T04:36:50.726872
LOC-EN-08-N14-03,WH-CEN-08,ZONE-D,N,14,03,OVERSIZE,500,77.1,True,2026-04-30T04:36:50.726872
LOC-AS-06-P20-05,WH-EAS-06,ZONE-B,P,20,05,STANDARD,5000,162.7,True,2026-04-30T04:36:50.726872
LOC-AS-01-J21-03,WH-EAS-01,ZONE-C,J,21,03,STANDARD,5000,126.2,True,2026-04-30T04:36:50.726872
LOC-OU-09-J11-06,WH-SOU-09,SHIPPING,J,11,06,STANDARD,1000,80.2,False,2026-04-30T04:36:50.726872
LOC-AS-02-A15-06,WH-EAS-02,ZONE-D,A,15,06,STANDARD,2000,140.8,True,2026-04-30T04:36:50.726872
LOC-AS-06-P26-05,WH-EAS-06,ZONE-E,P,26,05,STANDARD,2000,142.7,True,2026-04-30T04:36:50.726872
LOC-AS-06-H23-04,WH-EAS-06,SHIPPING,H,23,04,BULK,5000,117.0,True,2026-04-30T04:36:50.726872
LOC-AS-06-D13-03,WH-EAS-06,ZONE-E,D,13,03,STANDARD,5000,97.9,True,2026-04-30T04:36:50.726872
LOC-OR-05-C15-07,WH-NOR-05,SHIPPING,C,15,07,STANDARD,2000,145.3,True,2026-04-30T04:36:50.726872
LOC-AS-01-P08-04,WH-EAS-01,RECEIVING,P,08,04,STANDARD,2000,166.7,True,2026-04-30T04:36:50.726872
LOC-AS-03-I11-08,WH-EAS-03,ZONE-C,I,11,08,STANDARD,1000,166.6,True,2026-04-30T04:36:50.726872
LOC-EN-10-D10-01,WH-CEN-10,RECEIVING,D,10,01,COLD,2000,57.2,True,2026-04-30T04:36:50.726872
LOC-AS-01-J09-04,WH-EAS-01,ZONE-B,J,09,04,STANDARD,500,133.8,True,2026-04-30T04:36:50.726872
LOC-AS-02-L15-03,WH-EAS-02,ZONE-D,L,15,03,STANDARD,1000,122.8,True,2026-04-30T04:36:50.726872
LOC-AS-02-I15-05,WH-EAS-02,ZONE-B,I,15,05,BULK,5000,64.1,True,2026-04-30T04:36:50.726872
LOC-AS-06-A04-01,WH-EAS-06,SHIPPING,A,04,01,STANDARD,5000,80.1,True,2026-04-30T04:36:50.726872
LOC-ES-07-A21-07,WH-WES-07,RECEIVING,A,21,07,STANDARD,1000,72.1,True,2026-04-30T04:36:50.726872
LOC-AS-01-J11-01,WH-EAS-01,ZONE-E,J,11,01,STANDARD,1000,104.4,True,2026-04-30T04:36:50.726872
LOC-AS-03-E04-03,WH-EAS-03,RECEIVING,E,04,03,STANDARD,2000,194.7,True,2026-04-30T04:36:50.726872
LOC-ES-07-K25-02,WH-WES-07,ZONE-D,K,25,02,STANDARD,500,109.7,True,2026-04-30T04:36:50.726872
LOC-ES-07-E18-02,WH-WES-07,SHIPPING,E,18,02,STANDARD,1000,31.9,True,2026-04-30T04:36:50.726872
LOC-OR-05-H08-01,WH-NOR-05,RECEIVING,H,08,01,STANDARD,500,20.0,True,2026-04-30T04:36:50.726872
LOC-OR-04-P02-01,WH-NOR-04,ZONE-B,P,02,01,BULK,1000,191.3,True,2026-04-30T04:36:50.726872
LOC-AS-06-K13-07,WH-EAS-06,ZONE-A,K,13,07,STANDARD,2000,103.5,True,2026-04-30T04:36:50.726872
LOC-ES-07-C02-04,WH-WES-07,ZONE-E,C,02,04,STANDARD,1000,120.7,True,2026-04-30T04:36:50.726872
LOC-AS-02-L17-03,WH-EAS-02,ZONE-D,L,17,03,STANDARD,500,183.9,True,2026-04-30T04:36:50.726872
LOC-OR-05-I18-06,WH-NOR-05,ZONE-E,I,18,06,STANDARD,1000,153.3,True,2026-04-30T04:36:50.726872
LOC-OR-04-K29-05,WH-NOR-04,ZONE-D,K,29,05,STANDARD,2000,95.8,True,2026-04-30T04:36:50.726872
LOC-OU-09-M07-03,WH-SOU-09,ZONE-A,M,07,03,STANDARD,500,151.1,True,2026-04-30T04:36:50.726872
LOC-OR-04-J27-04,WH-NOR-04,ZONE-E,J,27,04,BULK,2000,98.1,True,2026-04-30T04:36:50.726872
LOC-OR-04-I07-01,WH-NOR-04,ZONE-C,I,07,01,STANDARD,1000,173.5,True,2026-04-30T04:36:50.726872
LOC-ES-07-K15-07,WH-WES-07,ZONE-E,K,15,07,BULK,5000,101.2,True,2026-04-30T04:36:50.726872
LOC-OR-04-C20-02,WH-NOR-04,ZONE-A,C,20,02,COLD,500,172.9,True,2026-04-30T04:36:50.726872
LOC-AS-01-J15-07,WH-EAS-01,RECEIVING,J,15,07,STANDARD,1000,28.5,True,2026-04-30T04:36:50.726872
LOC-OR-04-N24-06,WH-NOR-04,ZONE-A,N,24,06,STANDARD,500,66.5,True,2026-04-30T04:36:50.726872
LOC-AS-02-J05-05,WH-EAS-02,ZONE-D,J,05,05,HAZMAT,1000,32.9,True,2026-04-30T04:36:50.726872
LOC-AS-01-P06-01,WH-EAS-01,ZONE-A,P,06,01,STANDARD,1000,96.5,True,2026-04-30T04:36:50.726872
LOC-OU-09-I09-01,WH-SOU-09,RECEIVING,I,09,01,STANDARD,500,149.0,True,2026-04-30T04:36:50.726872
LOC-AS-02-M22-07,WH-EAS-02,ZONE-A,M,22,07,STANDARD,5000,167.8,True,2026-04-30T04:36:50.726872
LOC-AS-01-B22-02,WH-EAS-01,SHIPPING,B,22,02,COLD,2000,146.6,True,2026-04-30T04:36:50.726872
LOC-OR-05-A22-05,WH-NOR-05,SHIPPING,A,22,05,STANDARD,5000,164.0,False,2026-04-30T04:36:50.726872
LOC-AS-01-N18-08,WH-EAS-01,SHIPPING,N,18,08,STANDARD,500,64.4,True,2026-04-30T04:36:50.726872
LOC-AS-06-O27-08,WH-EAS-06,ZONE-E,O,27,08,STANDARD,2000,148.0,True,2026-04-30T04:36:50.726872
LOC-AS-06-L14-03,WH-EAS-06,ZONE-E,L,14,03,STANDARD,5000,196.9,True,2026-04-30T04:36:50.726872
LOC-AS-03-P22-07,WH-EAS-03,ZONE-C,P,22,07,OVERSIZE,500,124.4,True,2026-04-30T04:36:50.726872
LOC-AS-06-L21-08,WH-EAS-06,ZONE-D,L,21,08,BULK,1000,179.1,True,2026-04-30T04:36:50.726872
LOC-AS-03-K18-03,WH-EAS-03,SHIPPING,K,18,03,BULK,1000,195.7,True,2026-04-30T04:36:50.726872
LOC-ES-07-C27-07,WH-WES-07,ZONE-A,C,27,07,OVERSIZE,500,108.7,True,2026-04-30T04:36:50.726872
LOC-OR-05-F24-04,WH-NOR-05,RECEIVING,F,24,04,BULK,2000,102.9,True,2026-04-30T04:36:50.726872
LOC-AS-06-M17-07,WH-EAS-06,ZONE-B,M,17,07,STANDARD,5000,140.7,False,2026-04-30T04:36:50.726872
LOC-OR-04-O05-04,WH-NOR-04,RECEIVING,O,05,04,STANDARD,500,104.1,True,2026-04-30T04:36:50.726872
LOC-OR-05-H25-07,WH-NOR-05,ZONE-C,H,25,07,BULK,500,190.8,True,2026-04-30T04:36:50.726872
LOC-AS-01-A10-02,WH-EAS-01,ZONE-B,A,10,02,STANDARD,500,22.7,True,2026-04-30T04:36:50.726872
LOC-AS-02-N12-07,WH-EAS-02,ZONE-A,N,12,07,STANDARD,2000,75.2,True,2026-04-30T04:36:50.726872
LOC-OR-05-N20-08,WH-NOR-05,RECEIVING,N,20,08,STANDARD,500,139.0,False,2026-04-30T04:36:50.726872
LOC-EN-08-K12-01,WH-CEN-08,ZONE-C,K,12,01,BULK,5000,153.1,True,2026-04-30T04:36:50.726872
LOC-ES-07-L22-08,WH-WES-07,ZONE-A,L,22,08,STANDARD,5000,154.2,True,2026-04-30T04:36:50.726872
LOC-OR-05-C03-04,WH-NOR-05,RECEIVING,C,03,04,BULK,500,96.4,True,2026-04-30T04:36:50.726872
LOC-OR-04-P02-06,WH-NOR-04,ZONE-C,P,02,06,STANDARD,5000,51.1,True,2026-04-30T04:36:50.726872
LOC-AS-01-E19-01,WH-EAS-01,ZONE-E,E,19,01,STANDARD,1000,98.0,True,2026-04-30T04:36:50.726872
LOC-ES-07-B09-02,WH-WES-07,RECEIVING,B,09,02,STANDARD,1000,181.4,True,2026-04-30T04:36:50.726872
LOC-AS-03-B10-06,WH-EAS-03,ZONE-D,B,10,06,STANDARD,1000,194.0,True,2026-04-30T04:36:50.726872
LOC-EN-08-P08-01,WH-CEN-08,ZONE-D,P,08,01,BULK,1000,156.8,True,2026-04-30T04:36:50.726872
LOC-AS-03-H11-08,WH-EAS-03,ZONE-B,H,11,08,BULK,500,29.3,True,2026-04-30T04:36:50.726872
LOC-EN-10-A15-08,WH-CEN-10,ZONE-C,A,15,08,BULK,5000,13.9,True,2026-04-30T04:36:50.726872
LOC-AS-06-D14-08,WH-EAS-06,ZONE-A,D,14,08,STANDARD,5000,22.7,True,2026-04-30T04:36:50.726872
LOC-AS-06-P13-04,WH-EAS-06,ZONE-B,P,13,04,STANDARD,1000,26.4,True,2026-04-30T04:36:50.726872
LOC-OR-04-O22-06,WH-NOR-04,ZONE-E,O,22,06,STANDARD,500,194.5,True,2026-04-30T04:36:50.726872
LOC-EN-10-N04-01,WH-CEN-10,ZONE-B,N,04,01,STANDARD,2000,35.3,True,2026-04-30T04:36:50.726872
LOC-AS-01-L02-01,WH-EAS-01,ZONE-A,L,02,01,STANDARD,2000,121.3,True,2026-04-30T04:36:50.726872
LOC-AS-03-K30-04,WH-EAS-03,SHIPPING,K,30,04,STANDARD,1000,45.8,True,2026-04-30T04:36:50.726872
LOC-EN-08-G04-03,WH-CEN-08,ZONE-D,G,04,03,STANDARD,500,37.8,True,2026-04-30T04:36:50.726872
LOC-OU-09-E28-02,WH-SOU-09,ZONE-D,E,28,02,STANDARD,500,117.6,True,2026-04-30T04:36:50.726872
LOC-ES-07-L08-05,WH-WES-07,ZONE-D,L,08,05,STANDARD,5000,18.2,True,2026-04-30T04:36:50.726872
LOC-ES-07-A07-06,WH-WES-07,ZONE-D,A,07,06,STANDARD,1000,152.2,True,2026-04-30T04:36:50.726872
LOC-EN-10-N21-03,WH-CEN-10,ZONE-B,N,21,03,STANDARD,2000,104.5,True,2026-04-30T04:36:50.726872
LOC-EN-10-A14-02,WH-CEN-10,ZONE-E,A,14,02,STANDARD,1000,156.9,True,2026-04-30T04:36:50.726872
LOC-OR-05-M09-08,WH-NOR-05,RECEIVING,M,09,08,BULK,2000,67.7,True,2026-04-30T04:36:50.726872
LOC-AS-06-J28-08,WH-EAS-06,ZONE-E,J,28,08,STANDARD,1000,99.2,True,2026-04-30T04:36:50.726872
LOC-EN-08-K18-02,WH-CEN-08,ZONE-C,K,18,02,STANDARD,2000,176.2,True,2026-04-30T04:36:50.726872
LOC-OR-04-K30-06,WH-NOR-04,ZONE-B,K,30,06,STANDARD,2000,194.7,True,2026-04-30T04:36:50.726872
LOC-AS-06-N09-05,WH-EAS-06,ZONE-E,N,09,05,STANDARD,1000,156.0,True,2026-04-30T04:36:50.726872
LOC-AS-03-J07-06,WH-EAS-03,RECEIVING,J,07,06,STANDARD,2000,48.8,True,2026-04-30T04:36:50.726872
LOC-OU-09-F04-05,WH-SOU-09,RECEIVING,F,04,05,STANDARD,2000,44.8,True,2026-04-30T04:36:50.726872
LOC-EN-08-L08-07,WH-CEN-08,ZONE-D,L,08,07,BULK,5000,112.1,True,2026-04-30T04:36:50.726872
LOC-EN-10-C09-02,WH-CEN-10,ZONE-D,C,09,02,BULK,5000,10.6,True,2026-04-30T04:36:50.726872
LOC-OR-05-P15-05,WH-NOR-05,ZONE-E,P,15,05,STANDARD,1000,60.5,False,2026-04-30T04:36:50.726872
LOC-EN-08-D16-07,WH-CEN-08,ZONE-D,D,16,07,STANDARD,1000,44.4,True,2026-04-30T04:36:50.726872
LOC-AS-01-B28-02,WH-EAS-01,ZONE-C,B,28,02,STANDARD,2000,34.2,True,2026-04-30T04:36:50.726872
LOC-ES-07-G02-01,WH-WES-07,ZONE-A,G,02,01,STANDARD,2000,64.0,True,2026-04-30T04:36:50.726872
LOC-OR-04-I30-06,WH-NOR-04,SHIPPING,I,30,06,STANDARD,500,115.2,True,2026-04-30T04:36:50.726872
LOC-OR-04-F26-07,WH-NOR-04,ZONE-B,F,26,07,STANDARD,500,191.3,True,2026-04-30T04:36:50.726872
LOC-EN-10-I26-08,WH-CEN-10,ZONE-A,I,26,08,STANDARD,5000,52.0,True,2026-04-30T04:36:50.726872
LOC-AS-03-F30-04,WH-EAS-03,ZONE-C,F,30,04,STANDARD,1000,137.5,True,2026-04-30T04:36:50.726872
LOC-EN-10-M15-04,WH-CEN-10,ZONE-B,M,15,04,STANDARD,500,87.6,True,2026-04-30T04:36:50.726872
LOC-AS-03-M28-07,WH-EAS-03,ZONE-A,M,28,07,STANDARD,2000,49.0,True,2026-04-30T04:36:50.726872
LOC-ES-07-K11-01,WH-WES-07,ZONE-D,K,11,01,STANDARD,5000,169.3,True,2026-04-30T04:36:50.726872
LOC-AS-06-E23-02,WH-EAS-06,ZONE-E,E,23,02,BULK,5000,42.0,True,2026-04-30T04:36:50.726872
LOC-OR-04-K12-07,WH-NOR-04,ZONE-C,K,12,07,STANDARD,2000,180.7,True,2026-04-30T04:36:50.726872
LOC-EN-08-A22-04,WH-CEN-08,RECEIVING,A,22,04,STANDARD,5000,145.5,True,2026-04-30T04:36:50.726872
LOC-EN-10-L12-07,WH-CEN-10,ZONE-A,L,12,07,STANDARD,5000,182.7,True,2026-04-30T04:36:50.726872
LOC-OR-05-L08-05,WH-NOR-05,ZONE-C,L,08,05,HAZMAT,2000,100.9,True,2026-04-30T04:36:50.726872
LOC-EN-10-G28-01,WH-CEN-10,ZONE-D,G,28,01,STANDARD,1000,27.1,True,2026-04-30T04:36:50.726872
LOC-AS-02-B09-02,WH-EAS-02,ZONE-E,B,09,02,HAZMAT,5000,38.3,True,2026-04-30T04:36:50.726872
LOC-ES-07-I28-03,WH-WES-07,ZONE-B,I,28,03,STANDARD,1000,108.9,True,2026-04-30T04:36:50.726872
LOC-AS-02-B19-03,WH-EAS-02,ZONE-C,B,19,03,STANDARD,5000,180.0,True,2026-04-30T04:36:50.726872
LOC-OR-04-C03-02,WH-NOR-04,ZONE-C,C,03,02,BULK,1000,111.5,True,2026-04-30T04:36:50.726872
LOC-OU-09-L24-03,WH-SOU-09,ZONE-B,L,24,03,STANDARD,1000,56.7,True,2026-04-30T04:36:50.726872
LOC-AS-03-I17-01,WH-EAS-03,ZONE-E,I,17,01,STANDARD,500,84.8,True,2026-04-30T04:36:50.726872
LOC-EN-08-E28-03,WH-CEN-08,ZONE-B,E,28,03,COLD,2000,119.0,True,2026-04-30T04:36:50.726872
LOC-OR-04-O06-02,WH-NOR-04,RECEIVING,O,06,02,STANDARD,500,22.7,True,2026-04-30T04:36:50.726872
LOC-AS-01-J15-08,WH-EAS-01,RECEIVING,J,15,08,BULK,5000,178.9,True,2026-04-30T04:36:50.726872
LOC-OU-09-L26-07,WH-SOU-09,SHIPPING,L,26,07,STANDARD,5000,41.7,True,2026-04-30T04:36:50.726872
LOC-AS-03-B07-02,WH-EAS-03,ZONE-E,B,07,02,OVERSIZE,2000,32.0,True,2026-04-30T04:36:50.726872
LOC-ES-07-M10-06,WH-WES-07,ZONE-A,M,10,06,STANDARD,1000,152.6,True,2026-04-30T04:36:50.726872
LOC-AS-03-O28-03,WH-EAS-03,RECEIVING,O,28,03,BULK,5000,56.5,True,2026-04-30T04:36:50.726872
LOC-OR-04-O09-08,WH-NOR-04,ZONE-D,O,09,08,STANDARD,5000,80.6,True,2026-04-30T04:36:50.726872
LOC-AS-03-N02-04,WH-EAS-03,ZONE-B,N,02,04,COLD,500,66.1,True,2026-04-30T04:36:50.726872
LOC-EN-08-M29-07,WH-CEN-08,ZONE-A,M,29,07,STANDARD,2000,166.0,True,2026-04-30T04:36:50.726872
LOC-AS-01-P03-06,WH-EAS-01,ZONE-C,P,03,06,STANDARD,1000,12.1,True,2026-04-30T04:36:50.726872
LOC-OU-09-I02-01,WH-SOU-09,ZONE-E,I,02,01,STANDARD,2000,14.6,True,2026-04-30T04:36:50.726872
LOC-EN-10-O12-06,WH-CEN-10,ZONE-C,O,12,06,STANDARD,500,177.9,True,2026-04-30T04:36:50.726872
LOC-ES-07-B22-02,WH-WES-07,ZONE-B,B,22,02,HAZMAT,5000,72.7,True,2026-04-30T04:36:50.726872
LOC-OR-05-E05-04,WH-NOR-05,ZONE-A,E,05,04,STANDARD,2000,84.9,True,2026-04-30T04:36:50.726872
LOC-OR-05-A05-04,WH-NOR-05,ZONE-D,A,05,04,STANDARD,5000,161.9,True,2026-04-30T04:36:50.726872
LOC-ES-07-I30-04,WH-WES-07,ZONE-A,I,30,04,OVERSIZE,1000,173.2,True,2026-04-30T04:36:50.726872
LOC-EN-08-C08-08,WH-CEN-08,ZONE-B,C,08,08,HAZMAT,5000,31.7,True,2026-04-30T04:36:50.726872
LOC-AS-06-L28-08,WH-EAS-06,ZONE-C,L,28,08,STANDARD,2000,130.0,True,2026-04-30T04:36:50.726872
LOC-AS-03-I26-04,WH-EAS-03,ZONE-B,I,26,04,BULK,5000,101.8,True,2026-04-30T04:36:50.726872
LOC-OU-09-J16-07,WH-SOU-09,ZONE-A,J,16,07,OVERSIZE,2000,162.3,True,2026-04-30T04:36:50.726872
LOC-AS-03-H28-04,WH-EAS-03,ZONE-B,H,28,04,STANDARD,1000,185.9,True,2026-04-30T04:36:50.726872
LOC-OU-09-L14-07,WH-SOU-09,ZONE-D,L,14,07,STANDARD,2000,25.4,True,2026-04-30T04:36:50.726872
LOC-EN-08-C25-06,WH-CEN-08,ZONE-A,C,25,06,STANDARD,5000,39.3,True,2026-04-30T04:36:50.726872
LOC-AS-01-K12-02,WH-EAS-01,ZONE-C,K,12,02,STANDARD,5000,186.3,True,2026-04-30T04:36:50.726872
LOC-OR-04-M14-04,WH-NOR-04,ZONE-C,M,14,04,STANDARD,1000,73.9,True,2026-04-30T04:36:50.726872
LOC-EN-10-M28-02,WH-CEN-10,ZONE-A,M,28,02,STANDARD,500,38.5,True,2026-04-30T04:36:50.726872
LOC-AS-02-E02-01,WH-EAS-02,ZONE-D,E,02,01,STANDARD,1000,65.4,True,2026-04-30T04:36:50.726872
LOC-AS-06-C02-03,WH-EAS-06,ZONE-C,C,02,03,STANDARD,500,199.3,True,2026-04-30T04:36:50.726872
LOC-AS-01-A27-04,WH-EAS-01,SHIPPING,A,27,04,STANDARD,5000,166.6,True,2026-04-30T04:36:50.726872
LOC-OR-05-J20-02,WH-NOR-05,SHIPPING,J,20,02,STANDARD,1000,22.3,True,2026-04-30T04:36:50.726872
LOC-OR-05-F21-02,WH-NOR-05,ZONE-D,F,21,02,STANDARD,2000,16.1,True,2026-04-30T04:36:50.726872
LOC-AS-03-P26-08,WH-EAS-03,ZONE-C,P,26,08,OVERSIZE,2000,65.8,True,2026-04-30T04:36:50.726872
LOC-ES-07-N26-04,WH-WES-07,SHIPPING,N,26,04,OVERSIZE,2000,136.6,True,2026-04-30T04:36:50.726872
LOC-EN-08-E23-03,WH-CEN-08,ZONE-A,E,23,03,STANDARD,500,38.1,False,2026-04-30T04:36:50.726872
LOC-AS-03-E24-02,WH-EAS-03,ZONE-C,E,24,02,BULK,2000,120.1,True,2026-04-30T04:36:50.726872
LOC-ES-07-N04-05,WH-WES-07,RECEIVING,N,04,05,STANDARD,5000,134.7,True,2026-04-30T04:36:50.726872
LOC-ES-07-G12-02,WH-WES-07,ZONE-A,G,12,02,STANDARD,2000,84.0,True,2026-04-30T04:36:50.726872
LOC-EN-08-M26-06,WH-CEN-08,ZONE-D,M,26,06,STANDARD,2000,151.6,True,2026-04-30T04:36:50.726872
LOC-AS-06-F01-03,WH-EAS-06,ZONE-C,F,01,03,STANDARD,5000,176.3,True,2026-04-30T04:36:50.726872
LOC-AS-01-E08-08,WH-EAS-01,ZONE-C,E,08,08,COLD,1000,89.4,True,2026-04-30T04:36:50.726872
LOC-AS-06-K26-06,WH-EAS-06,ZONE-C,K,26,06,STANDARD,5000,156.6,True,2026-04-30T04:36:50.726872
LOC-OR-04-G05-06,WH-NOR-04,RECEIVING,G,05,06,STANDARD,2000,110.9,True,2026-04-30T04:36:50.726872
LOC-EN-10-G14-01,WH-CEN-10,ZONE-D,G,14,01,OVERSIZE,2000,112.4,True,2026-04-30T04:36:50.726872
LOC-AS-01-J11-01,WH-EAS-01,ZONE-D,J,11,01,STANDARD,500,100.2,True,2026-04-30T04:36:50.726872
LOC-EN-08-H30-06,WH-CEN-08,SHIPPING,H,30,06,STANDARD,5000,60.3,True,2026-04-30T04:36:50.726872
LOC-AS-01-H22-05,WH-EAS-01,ZONE-D,H,22,05,STANDARD,1000,17.7,True,2026-04-30T04:36:50.726872
LOC-EN-08-H13-01,WH-CEN-08,ZONE-D,H,13,01,STANDARD,500,162.5,True,2026-04-30T04:36:50.726872
LOC-OU-09-N01-05,WH-SOU-09,SHIPPING,N,01,05,STANDARD,500,104.4,True,2026-04-30T04:36:50.726872
LOC-OU-09-J25-02,WH-SOU-09,SHIPPING,J,25,02,STANDARD,5000,116.5,True,2026-04-30T04:36:50.726872
LOC-OU-09-G01-07,WH-SOU-09,ZONE-A,G,01,07,STANDARD,1000,189.8,True,2026-04-30T04:36:50.726872
LOC-AS-03-I06-05,WH-EAS-03,RECEIVING,I,06,05,STANDARD,1000,182.1,True,2026-04-30T04:36:50.726872
LOC-AS-03-L04-05,WH-EAS-03,ZONE-C,L,04,05,OVERSIZE,500,24.5,True,2026-04-30T04:36:50.726872
LOC-AS-02-A08-02,WH-EAS-02,SHIPPING,A,08,02,BULK,2000,193.4,True,2026-04-30T04:36:50.726872
LOC-EN-08-K04-08,WH-CEN-08,ZONE-E,K,04,08,STANDARD,2000,159.2,True,2026-04-30T04:36:50.726872
LOC-AS-02-L06-07,WH-EAS-02,SHIPPING,L,06,07,STANDARD,2000,147.8,True,2026-04-30T04:36:50.726872
LOC-EN-10-C03-03,WH-CEN-10,ZONE-B,C,03,03,STANDARD,1000,101.0,True,2026-04-30T04:36:50.726872
LOC-AS-06-A11-07,WH-EAS-06,SHIPPING,A,11,07,BULK,500,163.4,True,2026-04-30T04:36:50.726872
LOC-ES-07-G06-04,WH-WES-07,ZONE-E,G,06,04,STANDARD,500,195.5,True,2026-04-30T04:36:50.726872
LOC-EN-08-O13-06,WH-CEN-08,RECEIVING,O,13,06,STANDARD,500,16.9,True,2026-04-30T04:36:50.726872
LOC-EN-10-L01-06,WH-CEN-10,RECEIVING,L,01,06,STANDARD,500,194.2,True,2026-04-30T04:36:50.726872
LOC-AS-02-E27-02,WH-EAS-02,ZONE-E,E,27,02,STANDARD,500,122.6,True,2026-04-30T04:36:50.726872
LOC-OU-09-K04-01,WH-SOU-09,SHIPPING,K,04,01,BULK,2000,56.7,True,2026-04-30T04:36:50.726872
LOC-ES-07-J02-02,WH-WES-07,ZONE-A,J,02,02,HAZMAT,1000,142.2,True,2026-04-30T04:36:50.726872
LOC-AS-03-I11-07,WH-EAS-03,ZONE-A,I,11,07,OVERSIZE,2000,24.3,True,2026-04-30T04:36:50.726872
LOC-OR-05-N01-01,WH-NOR-05,ZONE-C,N,01,01,STANDARD,500,175.2,True,2026-04-30T04:36:50.726872
LOC-EN-10-D12-02,WH-CEN-10,ZONE-A,D,12,02,OVERSIZE,2000,70.5,True,2026-04-30T04:36:50.726872
LOC-EN-10-G19-02,WH-CEN-10,ZONE-B,G,19,02,STANDARD,2000,169.9,True,2026-04-30T04:36:50.726872
LOC-OU-09-C26-05,WH-SOU-09,ZONE-E,C,26,05,STANDARD,500,180.1,True,2026-04-30T04:36:50.726872
LOC-AS-01-J30-07,WH-EAS-01,ZONE-A,J,30,07,STANDARD,2000,150.8,True,2026-04-30T04:36:50.726872
LOC-AS-02-A04-08,WH-EAS-02,ZONE-A,A,04,08,STANDARD,2000,87.1,True,2026-04-30T04:36:50.726872
LOC-AS-03-H03-06,WH-EAS-03,ZONE-B,H,03,06,STANDARD,500,129.9,True,2026-04-30T04:36:50.726872
LOC-OR-04-E06-04,WH-NOR-04,ZONE-D,E,06,04,STANDARD,2000,119.6,True,2026-04-30T04:36:50.726872
LOC-OR-04-P18-04,WH-NOR-04,ZONE-A,P,18,04,STANDARD,5000,46.6,True,2026-04-30T04:36:50.726872
LOC-AS-06-E13-07,WH-EAS-06,ZONE-E,E,13,07,STANDARD,1000,127.1,True,2026-04-30T04:36:50.726872
LOC-ES-07-I21-08,WH-WES-07,ZONE-A,I,21,08,OVERSIZE,5000,122.2,True,2026-04-30T04:36:50.726872
LOC-AS-03-F27-02,WH-EAS-03,RECEIVING,F,27,02,STANDARD,500,53.9,True,2026-04-30T04:36:50.726872
LOC-AS-01-C22-07,WH-EAS-01,ZONE-B,C,22,07,OVERSIZE,2000,192.3,True,2026-04-30T04:36:50.726872
LOC-OR-04-D27-01,WH-NOR-04,ZONE-D,D,27,01,STANDARD,1000,94.9,True,2026-04-30T04:36:50.726872
LOC-AS-02-L11-07,WH-EAS-02,ZONE-D,L,11,07,STANDARD,2000,94.2,True,2026-04-30T04:36:50.726872
LOC-AS-03-G13-06,WH-EAS-03,ZONE-B,G,13,06,COLD,1000,103.1,True,2026-04-30T04:36:50.726872
LOC-ES-07-B09-01,WH-WES-07,ZONE-D,B,09,01,STANDARD,500,158.5,True,2026-04-30T04:36:50.726872
LOC-EN-08-J07-07,WH-CEN-08,ZONE-A,J,07,07,COLD,1000,63.9,True,2026-04-30T04:36:50.726872
LOC-AS-01-P26-02,WH-EAS-01,ZONE-E,P,26,02,STANDARD,2000,132.4,True,2026-04-30T04:36:50.726872
LOC-OR-05-P13-05,WH-NOR-05,ZONE-B,P,13,05,STANDARD,5000,181.9,True,2026-04-30T04:36:50.726872
LOC-OR-04-P13-04,WH-NOR-04,ZONE-E,P,13,04,STANDARD,1000,30.9,True,2026-04-30T04:36:50.726872
LOC-OU-09-I23-02,WH-SOU-09,ZONE-C,I,23,02,COLD,2000,151.8,True,2026-04-30T04:36:50.726872
LOC-EN-10-D08-05,WH-CEN-10,ZONE-C,D,08,05,BULK,1000,129.2,False,2026-04-30T04:36:50.726872
LOC-AS-01-E01-06,WH-EAS-01,SHIPPING,E,01,06,STANDARD,5000,117.9,True,2026-04-30T04:36:50.726872
LOC-OR-04-F04-05,WH-NOR-04,RECEIVING,F,04,05,BULK,2000,142.2,True,2026-04-30T04:36:50.726872
LOC-OR-04-M22-06,WH-NOR-04,ZONE-A,M,22,06,STANDARD,1000,179.1,True,2026-04-30T04:36:50.726872
LOC-AS-06-L16-04,WH-EAS-06,ZONE-E,L,16,04,STANDARD,1000,91.9,True,2026-04-30T04:36:50.726872
LOC-AS-02-D19-03,WH-EAS-02,ZONE-B,D,19,03,STANDARD,500,48.9,True,2026-04-30T04:36:50.726872
LOC-AS-02-D22-08,WH-EAS-02,RECEIVING,D,22,08,STANDARD,1000,51.5,True,2026-04-30T04:36:50.726872
LOC-OR-05-A30-07,WH-NOR-05,ZONE-A,A,30,07,OVERSIZE,5000,179.7,True,2026-04-30T04:36:50.726872
LOC-OR-04-D03-05,WH-NOR-04,SHIPPING,D,03,05,STANDARD,1000,18.4,True,2026-04-30T04:36:50.726872
LOC-OU-09-F22-01,WH-SOU-09,SHIPPING,F,22,01,STANDARD,1000,161.2,True,2026-04-30T04:36:50.726872
LOC-AS-02-C17-04,WH-EAS-02,ZONE-E,C,17,04,STANDARD,5000,142.3,True,2026-04-30T04:36:50.726872
LOC-EN-08-F01-02,WH-CEN-08,RECEIVING,F,01,02,STANDARD,2000,46.6,True,2026-04-30T04:36:50.726872
LOC-OR-04-B24-03,WH-NOR-04,ZONE-B,B,24,03,BULK,1000,35.2,True,2026-04-30T04:36:50.726872
LOC-EN-08-H20-03,WH-CEN-08,ZONE-A,H,20,03,STANDARD,1000,79.7,True,2026-04-30T04:36:50.726872
LOC-OR-05-N05-02,WH-NOR-05,SHIPPING,N,05,02,COLD,5000,81.8,True,2026-04-30T04:36:50.726872
LOC-AS-01-F22-07,WH-EAS-01,ZONE-A,F,22,07,STANDARD,1000,50.2,True,2026-04-30T04:36:50.726872
LOC-AS-02-N08-03,WH-EAS-02,ZONE-C,N,08,03,BULK,2000,178.4,True,2026-04-30T04:36:50.726872
LOC-EN-10-G15-07,WH-CEN-10,ZONE-B,G,15,07,STANDARD,5000,63.0,True,2026-04-30T04:36:50.726872
LOC-OR-04-A07-07,WH-NOR-04,ZONE-C,A,07,07,STANDARD,5000,186.2,True,2026-04-30T04:36:50.726872
LOC-AS-02-E29-01,WH-EAS-02,ZONE-B,E,29,01,BULK,500,116.4,True,2026-04-30T04:36:50.726872
LOC-EN-10-E02-03,WH-CEN-10,ZONE-E,E,02,03,COLD,1000,55.7,True,2026-04-30T04:36:50.726872
LOC-EN-10-C08-02,WH-CEN-10,ZONE-C,C,08,02,STANDARD,500,59.3,True,2026-04-30T04:36:50.726872
LOC-AS-03-F02-07,WH-EAS-03,ZONE-D,F,02,07,COLD,1000,36.5,True,2026-04-30T04:36:50.726872
LOC-AS-02-E20-08,WH-EAS-02,ZONE-A,E,20,08,STANDARD,500,150.2,True,2026-04-30T04:36:50.726872
LOC-AS-03-I28-06,WH-EAS-03,ZONE-A,I,28,06,STANDARD,500,158.2,True,2026-04-30T04:36:50.726872
LOC-AS-01-A03-06,WH-EAS-01,ZONE-B,A,03,06,BULK,500,25.7,True,2026-04-30T04:36:50.726872
LOC-AS-02-O26-06,WH-EAS-02,ZONE-A,O,26,06,BULK,500,146.7,False,2026-04-30T04:36:50.726872
LOC-AS-06-M22-02,WH-EAS-06,SHIPPING,M,22,02,HAZMAT,2000,153.0,True,2026-04-30T04:36:50.726872
LOC-AS-02-E20-08,WH-EAS-02,ZONE-C,E,20,08,STANDARD,500,38.6,True,2026-04-30T04:36:50.726872
LOC-OR-05-B11-07,WH-NOR-05,ZONE-D,B,11,07,STANDARD,5000,98.8,True,2026-04-30T04:36:50.726872
LOC-AS-01-A22-05,WH-EAS-01,ZONE-B,A,22,05,STANDARD,2000,26.9,True,2026-04-30T04:36:50.726872
LOC-OR-05-E13-07,WH-NOR-05,ZONE-E,E,13,07,STANDARD,5000,38.4,True,2026-04-30T04:36:50.726872
LOC-OR-04-K12-01,WH-NOR-04,ZONE-C,K,12,01,STANDARD,1000,159.2,True,2026-04-30T04:36:50.726872
LOC-AS-01-B21-08,WH-EAS-01,ZONE-A,B,21,08,STANDARD,1000,87.9,True,2026-04-30T04:36:50.726872
LOC-OU-09-O20-06,WH-SOU-09,SHIPPING,O,20,06,OVERSIZE,1000,33.9,True,2026-04-30T04:36:50.726872
LOC-AS-01-D28-07,WH-EAS-01,ZONE-C,D,28,07,BULK,500,179.1,True,2026-04-30T04:36:50.726872
LOC-AS-01-I21-05,WH-EAS-01,SHIPPING,I,21,05,STANDARD,5000,104.7,True,2026-04-30T04:36:50.726872
LOC-OU-09-G13-04,WH-SOU-09,ZONE-E,G,13,04,STANDARD,5000,60.9,True,2026-04-30T04:36:50.726872
LOC-AS-02-E23-07,WH-EAS-02,ZONE-E,E,23,07,STANDARD,1000,109.1,True,2026-04-30T04:36:50.726872
LOC-OR-05-N10-03,WH-NOR-05,ZONE-A,N,10,03,STANDARD,5000,153.7,True,2026-04-30T04:36:50.726872
LOC-OU-09-N07-02,WH-SOU-09,ZONE-C,N,07,02,OVERSIZE,2000,25.6,True,2026-04-30T04:36:50.726872
LOC-ES-07-J21-07,WH-WES-07,ZONE-B,J,21,07,STANDARD,2000,154.0,True,2026-04-30T04:36:50.726872
LOC-AS-01-F13-04,WH-EAS-01,RECEIVING,F,13,04,STANDARD,2000,113.3,True,2026-04-30T04:36:50.726872
LOC-OR-04-A22-02,WH-NOR-04,ZONE-D,A,22,02,STANDARD,5000,160.5,True,2026-04-30T04:36:50.726872
LOC-OU-09-A25-04,WH-SOU-09,RECEIVING,A,25,04,STANDARD,1000,115.7,True,2026-04-30T04:36:50.726872
LOC-AS-03-I11-03,WH-EAS-03,ZONE-D,I,11,03,STANDARD,500,138.0,True,2026-04-30T04:36:50.726872
LOC-OR-05-B28-05,WH-NOR-05,ZONE-B,B,28,05,STANDARD,1000,49.7,True,2026-04-30T04:36:50.726872
LOC-AS-06-G27-05,WH-EAS-06,ZONE-E,G,27,05,STANDARD,500,85.0,True,2026-04-30T04:36:50.726872
LOC-AS-03-D03-02,WH-EAS-03,RECEIVING,D,03,02,STANDARD,5000,147.0,True,2026-04-30T04:36:50.726872
LOC-OU-09-B20-04,WH-SOU-09,ZONE-B,B,20,04,STANDARD,1000,103.6,True,2026-04-30T04:36:50.726872
LOC-AS-06-H02-07,WH-EAS-06,SHIPPING,H,02,07,STANDARD,500,191.7,True,2026-04-30T04:36:50.726872
LOC-EN-10-P25-06,WH-CEN-10,ZONE-D,P,25,06,STANDARD,5000,158.0,True,2026-04-30T04:36:50.726872
LOC-OU-09-A01-03,WH-SOU-09,ZONE-B,A,01,03,BULK,500,121.4,True,2026-04-30T04:36:50.726872
LOC-ES-07-D18-03,WH-WES-07,SHIPPING,D,18,03,STANDARD,500,56.4,True,2026-04-30T04:36:50.726872
LOC-EN-08-P09-05,WH-CEN-08,SHIPPING,P,09,05,OVERSIZE,500,192.5,True,2026-04-30T04:36:50.726872
LOC-AS-01-G13-06,WH-EAS-01,ZONE-E,G,13,06,BULK,1000,178.3,True,2026-04-30T04:36:50.726872
LOC-EN-10-C26-02,WH-CEN-10,SHIPPING,C,26,02,STANDARD,2000,30.7,True,2026-04-30T04:36:50.726872
LOC-OR-04-M17-08,WH-NOR-04,ZONE-C,M,17,08,BULK,1000,153.7,True,2026-04-30T04:36:50.726872
LOC-AS-03-F07-03,WH-EAS-03,ZONE-A,F,07,03,STANDARD,2000,73.7,True,2026-04-30T04:36:50.726872
LOC-AS-02-I30-01,WH-EAS-02,RECEIVING,I,30,01,BULK,2000,34.7,True,2026-04-30T04:36:50.726872
LOC-AS-01-L21-01,WH-EAS-01,SHIPPING,L,21,01,BULK,1000,103.6,True,2026-04-30T04:36:50.726872
LOC-ES-07-B17-02,WH-WES-07,ZONE-A,B,17,02,BULK,5000,158.3,True,2026-04-30T04:36:50.726872
LOC-AS-01-G28-01,WH-EAS-01,ZONE-E,G,28,01,COLD,2000,84.2,True,2026-04-30T04:36:50.726872
LOC-AS-02-A13-03,WH-EAS-02,RECEIVING,A,13,03,STANDARD,2000,188.7,True,2026-04-30T04:36:50.726872
LOC-AS-03-G09-06,WH-EAS-03,ZONE-C,G,09,06,STANDARD,5000,106.7,True,2026-04-30T04:36:50.726872
LOC-EN-10-D16-08,WH-CEN-10,ZONE-D,D,16,08,BULK,1000,128.0,False,2026-04-30T04:36:50.726872
LOC-OR-05-J24-01,WH-NOR-05,ZONE-A,J,24,01,STANDARD,500,160.8,False,2026-04-30T04:36:50.726872
LOC-OR-04-K10-04,WH-NOR-04,ZONE-D,K,10,04,COLD,1000,87.4,True,2026-04-30T04:36:50.726872
LOC-AS-06-D02-02,WH-EAS-06,RECEIVING,D,02,02,STANDARD,500,125.1,True,2026-04-30T04:36:50.726872
LOC-AS-06-C26-05,WH-EAS-06,ZONE-C,C,26,05,STANDARD,500,145.8,True,2026-04-30T04:36:50.726872
LOC-OR-05-F13-07,WH-NOR-05,SHIPPING,F,13,07,STANDARD,5000,175.2,True,2026-04-30T04:36:50.726872
LOC-OU-09-O03-05,WH-SOU-09,ZONE-B,O,03,05,STANDARD,2000,120.1,True,2026-04-30T04:36:50.726872
LOC-EN-10-H05-06,WH-CEN-10,ZONE-E,H,05,06,STANDARD,500,156.7,True,2026-04-30T04:36:50.726872
LOC-EN-10-G06-04,WH-CEN-10,ZONE-A,G,06,04,STANDARD,1000,65.9,True,2026-04-30T04:36:50.726872
LOC-ES-07-M19-01,WH-WES-07,ZONE-D,M,19,01,STANDARD,500,198.1,True,2026-04-30T04:36:50.726872
LOC-ES-07-D15-07,WH-WES-07,ZONE-A,D,15,07,STANDARD,1000,152.4,True,2026-04-30T04:36:50.726872
LOC-OR-04-H11-06,WH-NOR-04,RECEIVING,H,11,06,STANDARD,1000,134.9,True,2026-04-30T04:36:50.726872
LOC-AS-01-J27-01,WH-EAS-01,ZONE-C,J,27,01,OVERSIZE,500,196.5,True,2026-04-30T04:36:50.726872
LOC-EN-10-N11-01,WH-CEN-10,ZONE-E,N,11,01,BULK,1000,87.2,True,2026-04-30T04:36:50.726872
LOC-OU-09-E14-05,WH-SOU-09,ZONE-A,E,14,05,BULK,5000,118.9,True,2026-04-30T04:36:50.726872
LOC-AS-02-G01-08,WH-EAS-02,SHIPPING,G,01,08,STANDARD,1000,155.6,True,2026-04-30T04:36:50.726872
LOC-AS-06-K30-02,WH-EAS-06,ZONE-C,K,30,02,BULK,2000,85.7,True,2026-04-30T04:36:50.726872
LOC-EN-10-J28-05,WH-CEN-10,RECEIVING,J,28,05,COLD,500,168.2,True,2026-04-30T04:36:50.726872
LOC-OR-04-A01-07,WH-NOR-04,ZONE-E,A,01,07,STANDARD,5000,21.9,True,2026-04-30T04:36:50.726872
LOC-ES-07-G03-02,WH-WES-07,RECEIVING,G,03,02,STANDARD,2000,166.5,True,2026-04-30T04:36:50.726872
LOC-AS-01-B03-07,WH-EAS-01,ZONE-E,B,03,07,STANDARD,2000,25.2,True,2026-04-30T04:36:50.726872
LOC-AS-02-K02-08,WH-EAS-02,ZONE-D,K,02,08,BULK,1000,175.6,True,2026-04-30T04:36:50.726872
LOC-ES-07-E02-06,WH-WES-07,ZONE-B,E,02,06,STANDARD,2000,13.2,True,2026-04-30T04:36:50.726872
LOC-EN-08-J13-03,WH-CEN-08,ZONE-A,J,13,03,BULK,5000,178.2,True,2026-04-30T04:36:50.726872
LOC-ES-07-E20-03,WH-WES-07,ZONE-C,E,20,03,STANDARD,500,151.7,True,2026-04-30T04:36:50.726872
LOC-EN-08-M30-01,WH-CEN-08,ZONE-B,M,30,01,STANDARD,500,156.1,True,2026-04-30T04:36:50.726872
LOC-ES-07-I03-04,WH-WES-07,ZONE-B,I,03,04,STANDARD,1000,26.9,True,2026-04-30T04:36:50.726872
LOC-AS-06-L23-03,WH-EAS-06,ZONE-B,L,23,03,STANDARD,5000,30.7,True,2026-04-30T04:36:50.726872
LOC-AS-02-O01-04,WH-EAS-02,SHIPPING,O,01,04,OVERSIZE,1000,138.8,True,2026-04-30T04:36:50.726872
LOC-AS-03-A13-02,WH-EAS-03,ZONE-B,A,13,02,BULK,1000,166.8,False,2026-04-30T04:36:50.726872
LOC-AS-06-E15-08,WH-EAS-06,ZONE-E,E,15,08,STANDARD,2000,81.4,True,2026-04-30T04:36:50.726872
LOC-EN-08-C29-05,WH-CEN-08,ZONE-C,C,29,05,STANDARD,500,147.9,True,2026-04-30T04:36:50.726872
LOC-EN-10-K02-03,WH-CEN-10,SHIPPING,K,02,03,STANDARD,500,194.9,True,2026-04-30T04:36:50.726872
LOC-OR-05-J02-04,WH-NOR-05,ZONE-D,J,02,04,STANDARD,2000,168.1,True,2026-04-30T04:36:50.726872
LOC-OU-09-D30-03,WH-SOU-09,ZONE-D,D,30,03,BULK,5000,136.8,True,2026-04-30T04:36:50.726872
LOC-AS-03-C01-03,WH-EAS-03,RECEIVING,C,01,03,STANDARD,5000,179.9,True,2026-04-30T04:36:50.726872
LOC-AS-03-D21-04,WH-EAS-03,ZONE-C,D,21,04,STANDARD,5000,42.6,True,2026-04-30T04:36:50.726872
LOC-EN-08-O08-07,WH-CEN-08,SHIPPING,O,08,07,BULK,1000,176.6,True,2026-04-30T04:36:50.726872
LOC-AS-03-K14-01,WH-EAS-03,ZONE-C,K,14,01,STANDARD,5000,192.4,True,2026-04-30T04:36:50.726872
LOC-EN-10-N13-02,WH-CEN-10,ZONE-D,N,13,02,STANDARD,500,86.5,True,2026-04-30T04:36:50.726872
LOC-OR-04-M17-03,WH-NOR-04,SHIPPING,M,17,03,BULK,2000,155.3,True,2026-04-30T04:36:50.726872
LOC-AS-03-C22-03,WH-EAS-03,ZONE-B,C,22,03,STANDARD,2000,72.3,True,2026-04-30T04:36:50.726872
LOC-ES-07-L01-06,WH-WES-07,ZONE-E,L,01,06,OVERSIZE,500,140.5,True,2026-04-30T04:36:50.726872
LOC-AS-03-C17-03,WH-EAS-03,ZONE-A,C,17,03,OVERSIZE,1000,72.2,True,2026-04-30T04:36:50.726872
LOC-EN-08-B18-05,WH-CEN-08,ZONE-B,B,18,05,STANDARD,2000,158.8,True,2026-04-30T04:36:50.726872
LOC-AS-03-E29-01,WH-EAS-03,SHIPPING,E,29,01,STANDARD,500,190.8,True,2026-04-30T04:36:50.726872
LOC-OR-04-N24-05,WH-NOR-04,ZONE-E,N,24,05,OVERSIZE,1000,66.6,True,2026-04-30T04:36:50.726872
LOC-EN-10-C21-02,WH-CEN-10,ZONE-C,C,21,02,STANDARD,5000,192.9,True,2026-04-30T04:36:50.726872
LOC-AS-01-O03-06,WH-EAS-01,ZONE-B,O,03,06,STANDARD,5000,95.0,True,2026-04-30T04:36:50.726872
LOC-OU-09-F01-08,WH-SOU-09,ZONE-C,F,01,08,STANDARD,500,193.1,True,2026-04-30T04:36:50.726872
LOC-EN-08-P20-08,WH-CEN-08,ZONE-D,P,20,08,STANDARD,5000,106.1,True,2026-04-30T04:36:50.726872
LOC-AS-03-E11-04,WH-EAS-03,ZONE-D,E,11,04,OVERSIZE,500,160.2,True,2026-04-30T04:36:50.726872
LOC-OU-09-A13-03,WH-SOU-09,RECEIVING,A,13,03,STANDARD,1000,80.0,True,2026-04-30T04:36:50.726872
LOC-AS-01-L25-07,WH-EAS-01,ZONE-D,L,25,07,BULK,2000,140.3,True,2026-04-30T04:36:50.726872
LOC-AS-01-D06-05,WH-EAS-01,ZONE-E,D,06,05,STANDARD,2000,172.0,True,2026-04-30T04:36:50.726872
LOC-AS-03-M15-07,WH-EAS-03,ZONE-B,M,15,07,STANDARD,2000,45.3,True,2026-04-30T04:36:50.726872
LOC-AS-03-I26-07,WH-EAS-03,SHIPPING,I,26,07,COLD,1000,113.8,True,2026-04-30T04:36:50.726872
LOC-EN-10-D11-07,WH-CEN-10,ZONE-B,D,11,07,STANDARD,2000,45.5,True,2026-04-30T04:36:50.726872
LOC-EN-08-F30-06,WH-CEN-08,ZONE-D,F,30,06,STANDARD,1000,86.7,True,2026-04-30T04:36:50.726872
LOC-OR-04-K17-06,WH-NOR-04,ZONE-A,K,17,06,STANDARD,500,116.4,True,2026-04-30T04:36:50.726872
LOC-AS-06-A21-08,WH-EAS-06,ZONE-E,A,21,08,STANDARD,5000,190.4,True,2026-04-30T04:36:50.726872
LOC-AS-01-K25-08,WH-EAS-01,SHIPPING,K,25,08,STANDARD,2000,52.6,True,2026-04-30T04:36:50.726872
LOC-EN-10-D29-02,WH-CEN-10,SHIPPING,D,29,02,STANDARD,5000,123.8,True,2026-04-30T04:36:50.726872
LOC-OR-04-K19-04,WH-NOR-04,ZONE-C,K,19,04,BULK,500,169.3,True,2026-04-30T04:36:50.726872
LOC-OR-05-C11-05,WH-NOR-05,ZONE-D,C,11,05,STANDARD,2000,48.4,True,2026-04-30T04:36:50.726872
LOC-AS-03-L20-04,WH-EAS-03,SHIPPING,L,20,04,STANDARD,500,55.2,True,2026-04-30T04:36:50.726872
LOC-AS-06-B01-05,WH-EAS-06,SHIPPING,B,01,05,STANDARD,500,63.9,True,2026-04-30T04:36:50.726872
LOC-AS-02-B25-06,WH-EAS-02,ZONE-B,B,25,06,STANDARD,500,142.3,True,2026-04-30T04:36:50.726872
LOC-OU-09-B20-03,WH-SOU-09,SHIPPING,B,20,03,STANDARD,2000,78.6,True,2026-04-30T04:36:50.726872
LOC-OU-09-L13-03,WH-SOU-09,ZONE-B,L,13,03,HAZMAT,5000,89.1,True,2026-04-30T04:36:50.726872
LOC-EN-10-N26-08,WH-CEN-10,ZONE-E,N,26,08,STANDARD,2000,173.9,True,2026-04-30T04:36:50.726872
LOC-AS-06-K24-05,WH-EAS-06,ZONE-E,K,24,05,STANDARD,5000,193.3,True,2026-04-30T04:36:50.726872
LOC-AS-06-J06-03,WH-EAS-06,ZONE-C,J,06,03,OVERSIZE,500,193.9,True,2026-04-30T04:36:50.726872
LOC-ES-07-K01-03,WH-WES-07,SHIPPING,K,01,03,STANDARD,500,18.1,True,2026-04-30T04:36:50.726872
LOC-AS-06-H19-04,WH-EAS-06,ZONE-A,H,19,04,OVERSIZE,1000,132.1,True,2026-04-30T04:36:50.726872
LOC-AS-02-K28-06,WH-EAS-02,ZONE-A,K,28,06,STANDARD,2000,74.6,True,2026-04-30T04:36:50.726872
LOC-OR-04-N18-03,WH-NOR-04,RECEIVING,N,18,03,STANDARD,2000,64.0,True,2026-04-30T04:36:50.726872
LOC-EN-10-M13-08,WH-CEN-10,ZONE-B,M,13,08,STANDARD,1000,90.4,True,2026-04-30T04:36:50.726872
LOC-EN-08-J21-07,WH-CEN-08,ZONE-B,J,21,07,BULK,1000,79.6,True,2026-04-30T04:36:50.726872
LOC-AS-03-L10-04,WH-EAS-03,ZONE-A,L,10,04,STANDARD,1000,144.4,True,2026-04-30T04:36:50.726872
LOC-AS-02-E07-02,WH-EAS-02,ZONE-B,E,07,02,STANDARD,1000,176.9,True,2026-04-30T04:36:50.726872
LOC-OR-05-C02-07,WH-NOR-05,RECEIVING,C,02,07,STANDARD,500,108.7,True,2026-04-30T04:36:50.726872
LOC-EN-08-F07-08,WH-CEN-08,ZONE-C,F,07,08,STANDARD,1000,155.7,True,2026-04-30T04:36:50.726872
LOC-AS-02-O06-03,WH-EAS-02,ZONE-C,O,06,03,STANDARD,2000,59.5,False,2026-04-30T04:36:50.726872
LOC-OU-09-I16-03,WH-SOU-09,ZONE-D,I,16,03,STANDARD,500,71.8,True,2026-04-30T04:36:50.726872
LOC-OU-09-O13-04,WH-SOU-09,RECEIVING,O,13,04,STANDARD,500,114.4,True,2026-04-30T04:36:50.726872
LOC-EN-08-D21-08,WH-CEN-08,ZONE-B,D,21,08,STANDARD,1000,47.7,True,2026-04-30T04:36:50.726872
LOC-OR-04-F27-01,WH-NOR-04,ZONE-C,F,27,01,STANDARD,1000,119.6,True,2026-04-30T04:36:50.726872
LOC-EN-10-G24-07,WH-CEN-10,ZONE-B,G,24,07,OVERSIZE,5000,161.9,True,2026-04-30T04:36:50.726872
LOC-EN-10-C21-05,WH-CEN-10,ZONE-B,C,21,05,STANDARD,1000,54.9,True,2026-04-30T04:36:50.726872
LOC-AS-06-H26-04,WH-EAS-06,ZONE-C,H,26,04,STANDARD,2000,60.7,True,2026-04-30T04:36:50.726872
LOC-EN-08-P08-03,WH-CEN-08,SHIPPING,P,08,03,STANDARD,1000,189.0,True,2026-04-30T04:36:50.726872
LOC-OR-05-I19-08,WH-NOR-05,ZONE-E,I,19,08,BULK,500,44.3,True,2026-04-30T04:36:50.726872
LOC-EN-10-O01-03,WH-CEN-10,ZONE-E,O,01,03,STANDARD,500,40.8,True,2026-04-30T04:36:50.726872
LOC-EN-10-O25-08,WH-CEN-10,RECEIVING,O,25,08,STANDARD,5000,144.5,True,2026-04-30T04:36:50.726872
LOC-AS-03-H05-03,WH-EAS-03,ZONE-A,H,05,03,BULK,500,35.6,True,2026-04-30T04:36:50.726872
LOC-AS-01-G06-01,WH-EAS-01,ZONE-A,G,06,01,STANDARD,5000,125.3,True,2026-04-30T04:36:50.726872
LOC-EN-08-O12-04,WH-CEN-08,RECEIVING,O,12,04,BULK,2000,136.8,True,2026-04-30T04:36:50.726872
LOC-OR-04-M30-01,WH-NOR-04,SHIPPING,M,30,01,BULK,500,48.4,True,2026-04-30T04:36:50.726872
LOC-OR-05-H30-07,WH-NOR-05,RECEIVING,H,30,07,STANDARD,2000,30.8,True,2026-04-30T04:36:50.726872
LOC-AS-03-G28-02,WH-EAS-03,ZONE-A,G,28,02,BULK,1000,158.1,True,2026-04-30T04:36:50.726872
LOC-EN-10-L22-01,WH-CEN-10,ZONE-A,L,22,01,STANDARD,5000,62.7,True,2026-04-30T04:36:50.726872
LOC-OU-09-G02-04,WH-SOU-09,ZONE-A,G,02,04,STANDARD,5000,25.7,True,2026-04-30T04:36:50.726872
LOC-EN-08-C20-02,WH-CEN-08,ZONE-B,C,20,02,STANDARD,1000,149.0,True,2026-04-30T04:36:50.726872
LOC-AS-03-D28-08,WH-EAS-03,ZONE-D,D,28,08,STANDARD,1000,20.2,True,2026-04-30T04:36:50.726872
LOC-AS-02-D04-07,WH-EAS-02,ZONE-D,D,04,07,STANDARD,1000,18.0,True,2026-04-30T04:36:50.726872
LOC-AS-01-O05-06,WH-EAS-01,RECEIVING,O,05,06,BULK,5000,187.2,True,2026-04-30T04:36:50.726872
LOC-EN-10-G02-05,WH-CEN-10,ZONE-E,G,02,05,STANDARD,5000,74.1,True,2026-04-30T04:36:50.726872
LOC-AS-03-O21-05,WH-EAS-03,SHIPPING,O,21,05,STANDARD,1000,155.2,True,2026-04-30T04:36:50.726872
LOC-AS-02-C10-01,WH-EAS-02,SHIPPING,C,10,01,STANDARD,5000,128.8,True,2026-04-30T04:36:50.726872
LOC-AS-06-A19-06,WH-EAS-06,ZONE-B,A,19,06,STANDARD,2000,81.4,True,2026-04-30T04:36:50.726872
LOC-EN-10-G23-06,WH-CEN-10,ZONE-C,G,23,06,BULK,500,164.0,True,2026-04-30T04:36:50.726872
LOC-AS-01-G23-06,WH-EAS-01,ZONE-B,G,23,06,BULK,5000,166.5,True,2026-04-30T04:36:50.726872
LOC-OR-04-O04-03,WH-NOR-04,ZONE-C,O,04,03,STANDARD,2000,114.4,True,2026-04-30T04:36:50.726872
LOC-ES-07-J25-03,WH-WES-07,ZONE-B,J,25,03,BULK,2000,188.9,True,2026-04-30T04:36:50.726872
LOC-AS-03-A05-08,WH-EAS-03,ZONE-A,A,05,08,STANDARD,2000,126.7,True,2026-04-30T04:36:50.726872
LOC-OU-09-P09-01,WH-SOU-09,ZONE-B,P,09,01,STANDARD,500,94.2,True,2026-04-30T04:36:50.726872
LOC-AS-02-N14-01,WH-EAS-02,ZONE-D,N,14,01,STANDARD,1000,173.4,True,2026-04-30T04:36:50.726872
LOC-AS-02-K11-05,WH-EAS-02,SHIPPING,K,11,05,STANDARD,500,52.1,True,2026-04-30T04:36:50.726872
LOC-OR-05-B08-01,WH-NOR-05,ZONE-A,B,08,01,STANDARD,2000,182.5,True,2026-04-30T04:36:50.726872
LOC-EN-08-O12-07,WH-CEN-08,SHIPPING,O,12,07,STANDARD,500,80.5,True,2026-04-30T04:36:50.726872
LOC-AS-06-L10-07,WH-EAS-06,SHIPPING,L,10,07,STANDARD,1000,57.7,True,2026-04-30T04:36:50.726872
LOC-AS-03-I15-07,WH-EAS-03,ZONE-A,I,15,07,STANDARD,500,156.1,True,2026-04-30T04:36:50.726872
LOC-OU-09-D02-04,WH-SOU-09,ZONE-A,D,02,04,BULK,5000,115.2,True,2026-04-30T04:36:50.726872
LOC-ES-07-I25-02,WH-WES-07,ZONE-D,I,25,02,STANDARD,500,113.4,True,2026-04-30T04:36:50.726872
LOC-AS-06-O04-03,WH-EAS-06,ZONE-E,O,04,03,STANDARD,500,195.1,True,2026-04-30T04:36:50.726872
LOC-EN-08-C07-01,WH-CEN-08,ZONE-D,C,07,01,STANDARD,1000,20.2,True,2026-04-30T04:36:50.726872
LOC-AS-06-C02-05,WH-EAS-06,ZONE-C,C,02,05,OVERSIZE,2000,103.5,True,2026-04-30T04:36:50.726872
LOC-ES-07-F04-04,WH-WES-07,ZONE-A,F,04,04,STANDARD,5000,44.5,True,2026-04-30T04:36:50.726872
LOC-OU-09-L15-07,WH-SOU-09,RECEIVING,L,15,07,STANDARD,2000,104.3,True,2026-04-30T04:36:50.726872
LOC-OU-09-A11-04,WH-SOU-09,RECEIVING,A,11,04,BULK,1000,125.3,True,2026-04-30T04:36:50.726872
LOC-EN-08-I27-07,WH-CEN-08,ZONE-D,I,27,07,STANDARD,1000,25.0,True,2026-04-30T04:36:50.726872
LOC-OU-09-H27-03,WH-SOU-09,RECEIVING,H,27,03,COLD,500,16.1,False,2026-04-30T04:36:50.726872
LOC-ES-07-N14-02,WH-WES-07,ZONE-C,N,14,02,OVERSIZE,500,153.5,True,2026-04-30T04:36:50.726872
LOC-AS-01-O19-08,WH-EAS-01,RECEIVING,O,19,08,STANDARD,2000,17.1,True,2026-04-30T04:36:50.726872
LOC-OR-05-H18-02,WH-NOR-05,SHIPPING,H,18,02,BULK,2000,119.1,True,2026-04-30T04:36:50.726872
LOC-AS-02-K26-03,WH-EAS-02,ZONE-A,K,26,03,STANDARD,500,163.5,True,2026-04-30T04:36:50.726872
LOC-EN-10-P30-07,WH-CEN-10,SHIPPING,P,30,07,STANDARD,5000,131.4,True,2026-04-30T04:36:50.726872
LOC-OR-04-O19-08,WH-NOR-04,RECEIVING,O,19,08,STANDARD,5000,82.6,True,2026-04-30T04:36:50.726872
LOC-OR-05-D14-07,WH-NOR-05,ZONE-A,D,14,07,STANDARD,5000,64.5,True,2026-04-30T04:36:50.726872
LOC-EN-08-I08-04,WH-CEN-08,SHIPPING,I,08,04,STANDARD,2000,93.0,True,2026-04-30T04:36:50.726872
LOC-OU-09-J19-02,WH-SOU-09,ZONE-E,J,19,02,STANDARD,500,22.7,True,2026-04-30T04:36:50.726872
LOC-OR-05-F29-07,WH-NOR-05,SHIPPING,F,29,07,OVERSIZE,1000,15.0,True,2026-04-30T04:36:50.726872
LOC-OU-09-O27-03,WH-SOU-09,ZONE-A,O,27,03,STANDARD,500,169.8,True,2026-04-30T04:36:50.726872
LOC-AS-01-I04-02,WH-EAS-01,ZONE-B,I,04,02,STANDARD,5000,181.2,True,2026-04-30T04:36:50.726872
LOC-AS-02-O01-05,WH-EAS-02,RECEIVING,O,01,05,STANDARD,500,194.4,True,2026-04-30T04:36:50.726872
LOC-OR-05-J18-03,WH-NOR-05,ZONE-B,J,18,03,BULK,5000,189.9,True,2026-04-30T04:36:50.726872
LOC-OU-09-H19-08,WH-SOU-09,ZONE-E,H,19,08,STANDARD,500,112.4,True,2026-04-30T04:36:50.726872
LOC-AS-01-I18-01,WH-EAS-01,ZONE-D,I,18,01,STANDARD,5000,136.7,True,2026-04-30T04:36:50.726872
LOC-AS-03-G13-02,WH-EAS-03,ZONE-C,G,13,02,STANDARD,500,155.3,True,2026-04-30T04:36:50.726872
LOC-AS-03-P22-05,WH-EAS-03,SHIPPING,P,22,05,STANDARD,5000,116.3,True,2026-04-30T04:36:50.726872
LOC-EN-08-M19-08,WH-CEN-08,RECEIVING,M,19,08,STANDARD,2000,18.2,True,2026-04-30T04:36:50.726872
LOC-AS-02-I29-02,WH-EAS-02,SHIPPING,I,29,02,STANDARD,500,77.4,True,2026-04-30T04:36:50.726872
LOC-OU-09-H06-08,WH-SOU-09,ZONE-C,H,06,08,STANDARD,1000,73.3,True,2026-04-30T04:36:50.726872
LOC-AS-02-O19-07,WH-EAS-02,ZONE-B,O,19,07,STANDARD,500,178.1,True,2026-04-30T04:36:50.726872
LOC-OR-05-M13-04,WH-NOR-05,RECEIVING,M,13,04,STANDARD,5000,14.9,True,2026-04-30T04:36:50.726872
LOC-OR-05-E03-08,WH-NOR-05,ZONE-A,E,03,08,STANDARD,2000,29.4,True,2026-04-30T04:36:50.726872
LOC-AS-06-H27-07,WH-EAS-06,ZONE-C,H,27,07,STANDARD,1000,10.1,True,2026-04-30T04:36:50.726872
LOC-OR-04-I18-07,WH-NOR-04,ZONE-E,I,18,07,STANDARD,1000,126.7,True,2026-04-30T04:36:50.726872
LOC-AS-03-I13-08,WH-EAS-03,ZONE-B,I,13,08,OVERSIZE,5000,124.4,True,2026-04-30T04:36:50.726872
LOC-AS-01-C03-05,WH-EAS-01,ZONE-A,C,03,05,STANDARD,500,121.4,True,2026-04-30T04:36:50.726872
LOC-OR-04-L22-03,WH-NOR-04,SHIPPING,L,22,03,COLD,5000,30.5,True,2026-04-30T04:36:50.726872
LOC-ES-07-A11-03,WH-WES-07,ZONE-B,A,11,03,STANDARD,2000,71.0,True,2026-04-30T04:36:50.726872
LOC-ES-07-K25-01,WH-WES-07,ZONE-B,K,25,01,STANDARD,2000,152.6,True,2026-04-30T04:36:50.726872
LOC-OR-05-D20-02,WH-NOR-05,ZONE-D,D,20,02,STANDARD,500,175.9,True,2026-04-30T04:36:50.726872
LOC-OR-05-A26-07,WH-NOR-05,ZONE-D,A,26,07,BULK,5000,153.6,True,2026-04-30T04:36:50.726872
LOC-AS-02-E23-05,WH-EAS-02,ZONE-E,E,23,05,STANDARD,500,113.9,True,2026-04-30T04:36:50.726872
LOC-AS-01-M15-03,WH-EAS-01,ZONE-A,M,15,03,STANDARD,5000,61.5,True,2026-04-30T04:36:50.726872
LOC-AS-02-H27-06,WH-EAS-02,ZONE-E,H,27,06,STANDARD,5000,129.1,True,2026-04-30T04:36:50.726872
LOC-OU-09-N20-04,WH-SOU-09,RECEIVING,N,20,04,OVERSIZE,5000,142.3,True,2026-04-30T04:36:50.726872
LOC-OR-05-M19-05,WH-NOR-05,RECEIVING,M,19,05,COLD,500,72.2,True,2026-04-30T04:36:50.726872
LOC-AS-06-B04-02,WH-EAS-06,ZONE-E,B,04,02,STANDARD,1000,21.1,True,2026-04-30T04:36:50.726872
LOC-EN-08-L08-07,WH-CEN-08,RECEIVING,L,08,07,STANDARD,500,23.4,True,2026-04-30T04:36:50.726872
LOC-AS-01-H27-07,WH-EAS-01,ZONE-B,H,27,07,STANDARD,1000,88.1,True,2026-04-30T04:36:50.726872
LOC-AS-03-D17-05,WH-EAS-03,ZONE-C,D,17,05,STANDARD,500,82.0,True,2026-04-30T04:36:50.726872
LOC-AS-01-J26-03,WH-EAS-01,ZONE-C,J,26,03,STANDARD,2000,44.0,True,2026-04-30T04:36:50.726872
LOC-ES-07-M22-05,WH-WES-07,SHIPPING,M,22,05,COLD,5000,92.0,True,2026-04-30T04:36:50.726872
LOC-AS-06-N09-03,WH-EAS-06,ZONE-A,N,09,03,BULK,2000,69.8,True,2026-04-30T04:36:50.726872
LOC-EN-08-O11-01,WH-CEN-08,ZONE-E,O,11,01,STANDARD,2000,155.9,True,2026-04-30T04:36:50.726872
LOC-OR-04-A14-03,WH-NOR-04,ZONE-B,A,14,03,COLD,2000,59.0,True,2026-04-30T04:36:50.726872
LOC-ES-07-E28-03,WH-WES-07,SHIPPING,E,28,03,STANDARD,2000,20.3,True,2026-04-30T04:36:50.726872
LOC-AS-06-L08-01,WH-EAS-06,ZONE-A,L,08,01,STANDARD,5000,40.5,True,2026-04-30T04:36:50.726872
LOC-AS-03-E10-03,WH-EAS-03,SHIPPING,E,10,03,BULK,5000,193.2,True,2026-04-30T04:36:50.726872
LOC-EN-08-J13-03,WH-CEN-08,SHIPPING,J,13,03,STANDARD,500,84.1,True,2026-04-30T04:36:50.726872
LOC-AS-03-I23-02,WH-EAS-03,ZONE-A,I,23,02,STANDARD,2000,111.3,True,2026-04-30T04:36:50.726872
LOC-ES-07-B01-01,WH-WES-07,ZONE-A,B,01,01,STANDARD,5000,101.4,True,2026-04-30T04:36:50.726872
LOC-OU-09-E07-02,WH-SOU-09,ZONE-B,E,07,02,STANDARD,2000,94.4,True,2026-04-30T04:36:50.726872
LOC-AS-01-I15-03,WH-EAS-01,RECEIVING,I,15,03,STANDARD,2000,172.0,True,2026-04-30T04:36:50.726872
LOC-ES-07-C05-02,WH-WES-07,ZONE-B,C,05,02,STANDARD,2000,53.5,True,2026-04-30T04:36:50.726872
LOC-EN-08-K08-07,WH-CEN-08,ZONE-C,K,08,07,STANDARD,5000,174.6,True,2026-04-30T04:36:50.726872
LOC-EN-08-L27-03,WH-CEN-08,ZONE-C,L,27,03,OVERSIZE,1000,68.9,True,2026-04-30T04:36:50.726872
LOC-OU-09-H17-06,WH-SOU-09,ZONE-C,H,17,06,STANDARD,2000,19.0,True,2026-04-30T04:36:50.726872
LOC-ES-07-I10-06,WH-WES-07,ZONE-C,I,10,06,STANDARD,2000,150.6,True,2026-04-30T04:36:50.726872
LOC-AS-02-D05-04,WH-EAS-02,ZONE-B,D,05,04,HAZMAT,5000,64.2,True,2026-04-30T04:36:50.726872
LOC-EN-08-C15-08,WH-CEN-08,SHIPPING,C,15,08,STANDARD,1000,56.2,True,2026-04-30T04:36:50.726872
LOC-AS-03-P06-01,WH-EAS-03,ZONE-B,P,06,01,COLD,5000,140.2,True,2026-04-30T04:36:50.726872
LOC-EN-08-L23-01,WH-CEN-08,RECEIVING,L,23,01,STANDARD,500,125.3,True,2026-04-30T04:36:50.726872
LOC-OR-04-B09-06,WH-NOR-04,RECEIVING,B,09,06,STANDARD,500,83.5,False,2026-04-30T04:36:50.726872
LOC-OR-04-K24-03,WH-NOR-04,ZONE-C,K,24,03,STANDARD,1000,72.9,True,2026-04-30T04:36:50.726872
LOC-OR-05-A02-02,WH-NOR-05,ZONE-E,A,02,02,STANDARD,5000,93.7,True,2026-04-30T04:36:50.726872
LOC-OU-09-C27-07,WH-SOU-09,ZONE-C,C,27,07,OVERSIZE,2000,58.3,True,2026-04-30T04:36:50.726872
LOC-AS-06-I09-07,WH-EAS-06,ZONE-A,I,09,07,BULK,1000,165.7,True,2026-04-30T04:36:50.726872
LOC-AS-02-P20-04,WH-EAS-02,ZONE-D,P,20,04,BULK,500,13.0,True,2026-04-30T04:36:50.726872
LOC-AS-06-H21-02,WH-EAS-06,ZONE-B,H,21,02,STANDARD,2000,176.1,True,2026-04-30T04:36:50.726872
LOC-EN-10-N19-03,WH-CEN-10,SHIPPING,N,19,03,STANDARD,500,68.2,False,2026-04-30T04:36:50.726872
LOC-EN-08-E27-08,WH-CEN-08,ZONE-A,E,27,08,STANDARD,5000,139.4,True,2026-04-30T04:36:50.726872
LOC-OR-04-B26-02,WH-NOR-04,SHIPPING,B,26,02,BULK,5000,145.0,True,2026-04-30T04:36:50.726872
LOC-AS-03-G27-04,WH-EAS-03,ZONE-E,G,27,04,STANDARD,1000,55.3,True,2026-04-30T04:36:50.726872
LOC-AS-03-D21-08,WH-EAS-03,ZONE-A,D,21,08,STANDARD,1000,189.3,True,2026-04-30T04:36:50.726872
LOC-AS-03-B23-04,WH-EAS-03,ZONE-B,B,23,04,STANDARD,500,165.1,True,2026-04-30T04:36:50.726872
LOC-OR-04-F29-01,WH-NOR-04,ZONE-A,F,29,01,STANDARD,5000,97.6,True,2026-04-30T04:36:50.726872
LOC-AS-01-A17-08,WH-EAS-01,RECEIVING,A,17,08,STANDARD,500,114.1,True,2026-04-30T04:36:50.726872
LOC-OR-04-L13-02,WH-NOR-04,ZONE-C,L,13,02,STANDARD,1000,180.6,True,2026-04-30T04:36:50.726872
LOC-AS-06-H21-02,WH-EAS-06,ZONE-E,H,21,02,STANDARD,500,159.4,True,2026-04-30T04:36:50.726872
LOC-OU-09-E07-06,WH-SOU-09,ZONE-C,E,07,06,STANDARD,2000,168.1,True,2026-04-30T04:36:50.726872
LOC-AS-01-A07-01,WH-EAS-01,ZONE-D,A,07,01,BULK,5000,184.0,True,2026-04-30T04:36:50.726872
LOC-OR-05-K24-07,WH-NOR-05,ZONE-D,K,24,07,BULK,2000,13.7,True,2026-04-30T04:36:50.726872
LOC-ES-07-N29-07,WH-WES-07,ZONE-D,N,29,07,STANDARD,500,12.5,True,2026-04-30T04:36:50.726872
LOC-AS-06-J28-02,WH-EAS-06,RECEIVING,J,28,02,STANDARD,1000,197.5,True,2026-04-30T04:36:50.726872
LOC-EN-08-K04-07,WH-CEN-08,ZONE-E,K,04,07,BULK,2000,156.8,True,2026-04-30T04:36:50.726872
LOC-OU-09-A12-04,WH-SOU-09,ZONE-D,A,12,04,STANDARD,1000,65.9,True,2026-04-30T04:36:50.726872
LOC-OU-09-M06-07,WH-SOU-09,ZONE-E,M,06,07,STANDARD,500,110.3,True,2026-04-30T04:36:50.726872
LOC-OU-09-D16-08,WH-SOU-09,SHIPPING,D,16,08,STANDARD,2000,15.8,True,2026-04-30T04:36:50.726872
LOC-ES-07-F12-08,WH-WES-07,SHIPPING,F,12,08,STANDARD,5000,180.4,True,2026-04-30T04:36:50.726872
LOC-EN-10-H05-01,WH-CEN-10,ZONE-A,H,05,01,STANDARD,2000,96.4,True,2026-04-30T04:36:50.726872
LOC-OU-09-F13-01,WH-SOU-09,ZONE-C,F,13,01,OVERSIZE,500,154.6,False,2026-04-30T04:36:50.726872
LOC-EN-10-L30-03,WH-CEN-10,ZONE-A,L,30,03,BULK,2000,73.8,True,2026-04-30T04:36:50.726872
LOC-AS-02-O16-08,WH-EAS-02,ZONE-C,O,16,08,BULK,1000,102.8,True,2026-04-30T04:36:50.726872
LOC-AS-03-C04-03,WH-EAS-03,ZONE-C,C,04,03,STANDARD,5000,188.6,True,2026-04-30T04:36:50.726872
LOC-AS-03-F05-08,WH-EAS-03,ZONE-C,F,05,08,STANDARD,500,95.4,True,2026-04-30T04:36:50.726872
LOC-OR-05-L09-03,WH-NOR-05,ZONE-A,L,09,03,BULK,2000,139.4,True,2026-04-30T04:36:50.726872
LOC-AS-01-K14-03,WH-EAS-01,ZONE-A,K,14,03,BULK,1000,34.0,True,2026-04-30T04:36:50.726872
LOC-EN-08-A23-01,WH-CEN-08,RECEIVING,A,23,01,STANDARD,5000,51.7,True,2026-04-30T04:36:50.726872
LOC-AS-06-N09-01,WH-EAS-06,ZONE-D,N,09,01,STANDARD,1000,62.9,True,2026-04-30T04:36:50.726872
LOC-AS-03-F30-06,WH-EAS-03,RECEIVING,F,30,06,COLD,2000,11.0,True,2026-04-30T04:36:50.726872
LOC-OU-09-F06-05,WH-SOU-09,RECEIVING,F,06,05,STANDARD,500,35.9,True,2026-04-30T04:36:50.726872
LOC-ES-07-L01-08,WH-WES-07,ZONE-A,L,01,08,STANDARD,2000,189.2,True,2026-04-30T04:36:50.726872
LOC-AS-01-C04-06,WH-EAS-01,ZONE-A,C,04,06,STANDARD,5000,178.3,True,2026-04-30T04:36:50.726872
LOC-AS-02-K06-07,WH-EAS-02,ZONE-A,K,06,07,BULK,500,151.3,True,2026-04-30T04:36:50.726872
LOC-EN-08-B27-03,WH-CEN-08,ZONE-B,B,27,03,STANDARD,5000,23.5,True,2026-04-30T04:36:50.726872
LOC-AS-06-A01-08,WH-EAS-06,ZONE-C,A,01,08,COLD,500,176.7,True,2026-04-30T04:36:50.726872
LOC-OR-05-K23-05,WH-NOR-05,ZONE-B,K,23,05,BULK,1000,161.5,True,2026-04-30T04:36:50.726872
LOC-ES-07-G28-07,WH-WES-07,ZONE-C,G,28,07,STANDARD,2000,63.0,True,2026-04-30T04:36:50.726872
LOC-AS-02-N27-02,WH-EAS-02,ZONE-E,N,27,02,BULK,1000,195.7,True,2026-04-30T04:36:50.726872
LOC-OR-05-C07-02,WH-NOR-05,ZONE-A,C,07,02,STANDARD,500,39.2,True,2026-04-30T04:36:50.726872
LOC-EN-10-M08-03,WH-CEN-10,ZONE-A,M,08,03,STANDARD,2000,50.5,True,2026-04-30T04:36:50.726872
LOC-AS-06-O09-04,WH-EAS-06,ZONE-C,O,09,04,COLD,1000,89.9,True,2026-04-30T04:36:50.726872
LOC-OR-05-N02-07,WH-NOR-05,ZONE-D,N,02,07,STANDARD,1000,198.0,False,2026-04-30T04:36:50.726872
LOC-OR-05-G18-05,WH-NOR-05,ZONE-B,G,18,05,STANDARD,1000,82.7,False,2026-04-30T04:36:50.726872
LOC-OR-05-M30-03,WH-NOR-05,ZONE-E,M,30,03,STANDARD,2000,20.1,True,2026-04-30T04:36:50.726872
LOC-OR-05-B13-06,WH-NOR-05,ZONE-D,B,13,06,STANDARD,2000,25.2,True,2026-04-30T04:36:50.726872
LOC-AS-03-G19-03,WH-EAS-03,RECEIVING,G,19,03,BULK,500,112.8,True,2026-04-30T04:36:50.726872
LOC-AS-06-D02-08,WH-EAS-06,RECEIVING,D,02,08,STANDARD,500,136.6,True,2026-04-30T04:36:50.726872
LOC-OR-04-D03-02,WH-NOR-04,ZONE-D,D,03,02,BULK,5000,28.0,False,2026-04-30T04:36:50.726872
LOC-AS-01-E11-05,WH-EAS-01,RECEIVING,E,11,05,HAZMAT,5000,20.3,True,2026-04-30T04:36:50.726872
LOC-AS-03-A13-06,WH-EAS-03,ZONE-B,A,13,06,STANDARD,2000,142.7,True,2026-04-30T04:36:50.726872
LOC-AS-03-A29-02,WH-EAS-03,RECEIVING,A,29,02,STANDARD,5000,181.2,True,2026-04-30T04:36:50.726872
LOC-EN-10-L28-01,WH-CEN-10,ZONE-A,L,28,01,STANDARD,5000,154.3,True,2026-04-30T04:36:50.726872
LOC-AS-01-C11-02,WH-EAS-01,ZONE-C,C,11,02,STANDARD,1000,182.2,True,2026-04-30T04:36:50.726872
LOC-EN-10-I15-06,WH-CEN-10,ZONE-A,I,15,06,STANDARD,500,191.6,True,2026-04-30T04:36:50.726872
LOC-EN-08-G28-03,WH-CEN-08,ZONE-D,G,28,03,STANDARD,500,186.8,True,2026-04-30T04:36:50.726872
LOC-EN-10-L21-01,WH-CEN-10,ZONE-B,L,21,01,STANDARD,500,19.1,False,2026-04-30T04:36:50.726872
LOC-OR-05-G10-01,WH-NOR-05,ZONE-B,G,10,01,STANDARD,500,10.6,True,2026-04-30T04:36:50.726872
LOC-AS-01-G14-01,WH-EAS-01,ZONE-E,G,14,01,STANDARD,2000,22.2,True,2026-04-30T04:36:50.726872
LOC-EN-10-D08-06,WH-CEN-10,ZONE-E,D,08,06,STANDARD,1000,192.4,True,2026-04-30T04:36:50.726872
LOC-OR-04-L22-06,WH-NOR-04,ZONE-B,L,22,06,STANDARD,5000,23.4,True,2026-04-30T04:36:50.726872
LOC-EN-08-A21-01,WH-CEN-08,ZONE-D,A,21,01,STANDARD,500,24.0,True,2026-04-30T04:36:50.726872
LOC-EN-08-P09-01,WH-CEN-08,SHIPPING,P,09,01,STANDARD,1000,199.3,True,2026-04-30T04:36:50.726872
LOC-AS-03-G22-04,WH-EAS-03,ZONE-E,G,22,04,BULK,2000,120.4,True,2026-04-30T04:36:50.726872
LOC-AS-06-H01-01,WH-EAS-06,ZONE-D,H,01,01,STANDARD,5000,154.2,True,2026-04-30T04:36:50.726872
LOC-AS-06-K01-04,WH-EAS-06,ZONE-B,K,01,04,STANDARD,500,23.8,True,2026-04-30T04:36:50.726872
LOC-ES-07-K09-03,WH-WES-07,ZONE-D,K,09,03,STANDARD,500,97.3,True,2026-04-30T04:36:50.726872
LOC-EN-10-B21-03,WH-CEN-10,RECEIVING,B,21,03,HAZMAT,1000,51.6,True,2026-04-30T04:36:50.726872
LOC-AS-06-D03-01,WH-EAS-06,RECEIVING,D,03,01,BULK,500,132.2,True,2026-04-30T04:36:50.726872
LOC-AS-01-L08-01,WH-EAS-01,RECEIVING,L,08,01,BULK,5000,107.0,True,2026-04-30T04:36:50.726872
LOC-AS-03-D03-07,WH-EAS-03,ZONE-D,D,03,07,STANDARD,1000,127.1,True,2026-04-30T04:36:50.726872
LOC-AS-06-O11-08,WH-EAS-06,ZONE-C,O,11,08,COLD,1000,26.7,True,2026-04-30T04:36:50.726872
LOC-EN-10-N10-03,WH-CEN-10,ZONE-D,N,10,03,STANDARD,1000,89.6,True,2026-04-30T04:36:50.726872
LOC-AS-03-A29-03,WH-EAS-03,ZONE-D,A,29,03,STANDARD,1000,24.8,True,2026-04-30T04:36:50.726872
LOC-EN-08-A23-03,WH-CEN-08,ZONE-A,A,23,03,COLD,500,27.3,True,2026-04-30T04:36:50.726872
LOC-AS-03-H23-01,WH-EAS-03,ZONE-B,H,23,01,STANDARD,1000,28.8,True,2026-04-30T04:36:50.726872
LOC-AS-03-C12-02,WH-EAS-03,ZONE-E,C,12,02,STANDARD,5000,147.3,True,2026-04-30T04:36:50.726872
LOC-EN-10-D14-02,WH-CEN-10,SHIPPING,D,14,02,STANDARD,5000,50.2,True,2026-04-30T04:36:50.726872
LOC-OU-09-C24-06,WH-SOU-09,ZONE-E,C,24,06,BULK,5000,41.8,True,2026-04-30T04:36:50.726872
LOC-ES-07-B23-01,WH-WES-07,SHIPPING,B,23,01,OVERSIZE,2000,184.3,True,2026-04-30T04:36:50.726872
LOC-EN-10-G03-07,WH-CEN-10,ZONE-E,G,03,07,HAZMAT,5000,180.9,True,2026-04-30T04:36:50.726872
LOC-OR-05-K29-05,WH-NOR-05,SHIPPING,K,29,05,STANDARD,500,199.1,True,2026-04-30T04:36:50.726872
LOC-EN-08-F01-01,WH-CEN-08,ZONE-B,F,01,01,STANDARD,2000,112.0,True,2026-04-30T04:36:50.726872
LOC-OR-04-E22-03,WH-NOR-04,ZONE-A,E,22,03,STANDARD,2000,63.0,False,2026-04-30T04:36:50.726872
LOC-OR-04-E30-02,WH-NOR-04,ZONE-A,E,30,02,STANDARD,2000,119.7,True,2026-04-30T04:36:50.726872
LOC-AS-01-E24-01,WH-EAS-01,ZONE-B,E,24,01,STANDARD,1000,195.9,True,2026-04-30T04:36:50.726872
LOC-AS-03-H28-03,WH-EAS-03,ZONE-B,H,28,03,BULK,5000,78.2,True,2026-04-30T04:36:50.726872
LOC-AS-02-H12-04,WH-EAS-02,ZONE-A,H,12,04,COLD,1000,105.6,True,2026-04-30T04:36:50.726872
LOC-AS-01-N09-07,WH-EAS-01,ZONE-B,N,09,07,STANDARD,500,75.4,True,2026-04-30T04:36:50.726872
LOC-OR-04-O15-08,WH-NOR-04,ZONE-C,O,15,08,STANDARD,500,126.1,True,2026-04-30T04:36:50.726872
LOC-AS-02-A21-03,WH-EAS-02,ZONE-E,A,21,03,STANDARD,500,99.2,True,2026-04-30T04:36:50.726872
LOC-EN-10-B28-03,WH-CEN-10,ZONE-E,B,28,03,BULK,1000,32.7,True,2026-04-30T04:36:50.726872
LOC-OR-05-H27-05,WH-NOR-05,ZONE-A,H,27,05,STANDARD,5000,40.8,True,2026-04-30T04:36:50.726872
LOC-OR-04-D14-08,WH-NOR-04,ZONE-A,D,14,08,STANDARD,2000,87.1,True,2026-04-30T04:36:50.726872
LOC-ES-07-M15-01,WH-WES-07,ZONE-D,M,15,01,STANDARD,5000,186.7,True,2026-04-30T04:36:50.726872
LOC-OU-09-M12-06,WH-SOU-09,ZONE-A,M,12,06,STANDARD,2000,158.0,True,2026-04-30T04:36:50.726872
LOC-OR-05-B15-07,WH-NOR-05,ZONE-D,B,15,07,OVERSIZE,2000,124.9,True,2026-04-30T04:36:50.726872
LOC-OR-04-N12-01,WH-NOR-04,ZONE-C,N,12,01,STANDARD,5000,41.8,True,2026-04-30T04:36:50.726872
LOC-AS-03-M05-07,WH-EAS-03,SHIPPING,M,05,07,STANDARD,2000,194.0,True,2026-04-30T04:36:50.726872
LOC-ES-07-E30-06,WH-WES-07,RECEIVING,E,30,06,STANDARD,2000,60.6,True,2026-04-30T04:36:50.726872
LOC-OU-09-B18-08,WH-SOU-09,ZONE-E,B,18,08,OVERSIZE,500,150.6,True,2026-04-30T04:36:50.726872
LOC-AS-03-H24-05,WH-EAS-03,SHIPPING,H,24,05,BULK,5000,60.1,True,2026-04-30T04:36:50.726872
LOC-AS-06-H29-03,WH-EAS-06,RECEIVING,H,29,03,OVERSIZE,2000,190.0,False,2026-04-30T04:36:50.726872
LOC-AS-03-L22-01,WH-EAS-03,ZONE-C,L,22,01,STANDARD,1000,56.6,True,2026-04-30T04:36:50.726872
LOC-AS-01-H03-02,WH-EAS-01,RECEIVING,H,03,02,BULK,5000,87.1,True,2026-04-30T04:36:50.726872
LOC-OR-05-L28-08,WH-NOR-05,SHIPPING,L,28,08,BULK,2000,104.9,True,2026-04-30T04:36:50.726872
LOC-ES-07-I24-06,WH-WES-07,ZONE-B,I,24,06,STANDARD,1000,93.0,True,2026-04-30T04:36:50.726872
LOC-OR-05-M13-07,WH-NOR-05,SHIPPING,M,13,07,STANDARD,1000,182.1,True,2026-04-30T04:36:50.726872
LOC-AS-03-K10-06,WH-EAS-03,ZONE-A,K,10,06,STANDARD,500,118.8,True,2026-04-30T04:36:50.726872
LOC-EN-10-J17-02,WH-CEN-10,SHIPPING,J,17,02,STANDARD,5000,123.2,True,2026-04-30T04:36:50.726872
LOC-AS-06-M13-05,WH-EAS-06,SHIPPING,M,13,05,STANDARD,500,172.2,True,2026-04-30T04:36:50.726872
