return_id,order_id,sku,qty_returned,return_date,reason_code,condition,refund_amount,restock_date,disposition,_ingested_at
RET-00000001,ORD-00043807,SKU-00948,2,2025-09-09,NOT_AS_DESCRIBED,NEW,242.44,2025-09-13,REFURBISH,2026-04-30T04:36:50.726872
RET-00000002,ORD-00004816,SKU-00548,5,2025-05-09,DAMAGED_TRANSIT,FAIR,2385.7,,RESTOCK,2026-04-30T04:36:50.726872
RET-00000003,ORD-00015520,SKU-00586,1,2025-05-24,NOT_AS_DESCRIBED,NEW,88.02,2025-05-29,RESTOCK,2026-04-30T04:36:50.726872
RET-00000004,ORD-00000053,SKU-00795,1,2025-07-21,ARRIVED_LATE,FAIR,25.74,,RETURN_TO_VENDOR,2026-04-30T04:36:50.726872
RET-00000005,ORD-00015699,SKU-00950,2,2025-08-19,DAMAGED_TRANSIT,FAIR,2185.84,,RESTOCK,2026-04-30T04:36:50.726872
RET-00000006,ORD-00042827,SKU-00428,4,2026-02-06,ARRIVED_LATE,GOOD,459.28,2026-02-10,DESTROY,2026-04-30T04:36:50.726872
RET-00000007,ORD-00047373,SKU-00164,3,2025-10-19,DAMAGED_TRANSIT,DAMAGED,1595.07,,RESTOCK,2026-04-30T04:36:50.726872
RET-00000008,ORD-00046474,SKU-00157,4,2026-01-03,NOT_AS_DESCRIBED,GOOD,95.56,2026-01-04,RESTOCK,2026-04-30T04:36:50.726872
RET-00000009,ORD-00004305,SKU-00981,5,2025-07-07,WRONG_ITEM,GOOD,3326.35,2025-07-08,REFURBISH,2026-04-30T04:36:50.726872
RET-00000010,ORD-00049070,SKU-00686,4,2025-08-31,ARRIVED_LATE,NEW,4672.88,2025-09-01,RESTOCK,2026-04-30T04:36:50.726872
RET-00000011,ORD-00024304,SKU-00923,5,2025-10-25,NOT_AS_DESCRIBED,GOOD,1115.05,2025-10-26,RESTOCK,2026-04-30T04:36:50.726872
RET-00000012,ORD-00031654,SKU-00418,1,2026-02-08,WRONG_ITEM,FAIR,131.49,,REFURBISH,2026-04-30T04:36:50.726872
RET-00000013,ORD-00009056,SKU-00506,4,2025-10-01,DAMAGED_TRANSIT,DAMAGED,4294.04,,REFURBISH,2026-04-30T04:36:50.726872
RET-00000014,ORD-00034235,SKU-00328,3,2025-09-19,WRONG_ITEM,GOOD,687.93,2025-09-22,RESTOCK,2026-04-30T04:36:50.726872
RET-00000015,ORD-00048191,SKU-00564,3,2025-06-28,DAMAGED_TRANSIT,GOOD,1822.47,2025-07-01,DONATE,2026-04-30T04:36:50.726872
RET-00000016,ORD-00043342,SKU-00192,2,2025-06-14,DUPLICATE_ORDER,GOOD,296.3,2025-06-16,RESTOCK,2026-04-30T04:36:50.726872
RET-00000017,ORD-00004390,SKU-00722,2,2025-09-24,DUPLICATE_ORDER,FAIR,285.74,,REFURBISH,2026-04-30T04:36:50.726872
RET-00000018,ORD-00021403,SKU-00221,3,2025-08-11,DEFECTIVE,LIKE_NEW,1513.95,2025-08-13,DESTROY,2026-04-30T04:36:50.726872
RET-00000019,ORD-00037609,SKU-00316,4,2025-06-10,NOT_AS_DESCRIBED,FAIR,1683.08,,REFURBISH,2026-04-30T04:36:50.726872
RET-00000020,ORD-00035252,SKU-00935,5,2026-02-28,DAMAGED_TRANSIT,NEW,148.4,2026-03-07,RESTOCK,2026-04-30T04:36:50.726872
RET-00000021,ORD-00019602,SKU-00072,2,2025-09-30,DEFECTIVE,LIKE_NEW,1156.94,2025-10-04,RESTOCK,2026-04-30T04:36:50.726872
RET-00000022,ORD-00004484,SKU-00558,5,2025-09-02,NOT_AS_DESCRIBED,GOOD,4321.9,2025-09-05,RESTOCK,2026-04-30T04:36:50.726872
RET-00000023,ORD-00018168,SKU-00266,4,2025-07-02,CHANGED_MIND,DAMAGED,2899.84,,DESTROY,2026-04-30T04:36:50.726872
RET-00000024,ORD-00036415,SKU-00964,2,2026-01-07,DEFECTIVE,FAIR,1278.74,,RETURN_TO_VENDOR,2026-04-30T04:36:50.726872
RET-00000025,ORD-00020510,SKU-00223,2,2026-03-09,CHANGED_MIND,DAMAGED,1537.62,,RESTOCK,2026-04-30T04:36:50.726872
RET-00000026,ORD-00042157,SKU-00186,3,2026-01-29,ARRIVED_LATE,NEW,472.59,2026-02-03,RESTOCK,2026-04-30T04:36:50.726872
RET-00000027,ORD-00030282,SKU-00089,5,2025-11-08,NOT_AS_DESCRIBED,UNSELLABLE,1163.2,,RETURN_TO_VENDOR,2026-04-30T04:36:50.726872
RET-00000028,ORD-00037317,SKU-00210,2,2025-10-16,NOT_AS_DESCRIBED,UNSELLABLE,197.12,,REFURBISH,2026-04-30T04:36:50.726872
RET-00000029,ORD-00036644,SKU-00691,1,2026-04-01,DUPLICATE_ORDER,DAMAGED,475.68,,RESTOCK,2026-04-30T04:36:50.726872
RET-00000030,ORD-00044758,SKU-00089,5,2026-01-19,DAMAGED_TRANSIT,UNSELLABLE,1163.2,,DESTROY,2026-04-30T04:36:50.726872
RET-00000031,ORD-00048010,SKU-00935,3,2026-04-04,DUPLICATE_ORDER,GOOD,89.04,2026-04-10,RETURN_TO_VENDOR,2026-04-30T04:36:50.726872
RET-00000032,ORD-00033768,SKU-00499,3,2025-09-05,NOT_AS_DESCRIBED,DAMAGED,126.51,,RETURN_TO_VENDOR,2026-04-30T04:36:50.726872
RET-00000033,ORD-00022885,SKU-00266,5,2025-06-17,NOT_AS_DESCRIBED,GOOD,3624.8,2025-06-23,RETURN_TO_VENDOR,2026-04-30T04:36:50.726872
RET-00000034,ORD-00022612,SKU-00010,5,2025-12-08,DAMAGED_TRANSIT,FAIR,1589.8,,REFURBISH,2026-04-30T04:36:50.726872
RET-00000035,ORD-00002124,SKU-00580,2,2025-09-26,WRONG_ITEM,GOOD,758.32,2025-10-03,RETURN_TO_VENDOR,2026-04-30T04:36:50.726872
RET-00000036,ORD-00004862,SKU-00169,1,2026-01-26,CHANGED_MIND,UNSELLABLE,1137.73,,RESTOCK,2026-04-30T04:36:50.726872
RET-00000037,ORD-00002848,SKU-00483,5,2025-11-03,NOT_AS_DESCRIBED,LIKE_NEW,5038.0,2025-11-09,REFURBISH,2026-04-30T04:36:50.726872
RET-00000038,ORD-00042933,SKU-00074,5,2025-12-04,DEFECTIVE,LIKE_NEW,383.05,2025-12-05,RESTOCK,2026-04-30T04:36:50.726872
RET-00000039,ORD-00000872,SKU-00651,4,2025-12-22,DEFECTIVE,FAIR,4545.48,,RESTOCK,2026-04-30T04:36:50.726872
RET-00000040,ORD-00035068,SKU-00755,5,2025-09-14,DUPLICATE_ORDER,DAMAGED,506.9,,RESTOCK,2026-04-30T04:36:50.726872
RET-00000041,ORD-00005513,SKU-00671,3,2025-06-30,WRONG_ITEM,GOOD,2219.16,2025-07-02,RESTOCK,2026-04-30T04:36:50.726872
RET-00000042,ORD-00025224,SKU-00578,5,2025-06-27,DUPLICATE_ORDER,DAMAGED,7024.15,,RESTOCK,2026-04-30T04:36:50.726872
RET-00000043,ORD-00041683,SKU-00169,4,2025-05-18,DUPLICATE_ORDER,NEW,4550.92,2025-05-22,RESTOCK,2026-04-30T04:36:50.726872
RET-00000044,ORD-00048465,SKU-00671,4,2025-11-28,DUPLICATE_ORDER,LIKE_NEW,2958.88,2025-12-01,DESTROY,2026-04-30T04:36:50.726872
RET-00000045,ORD-00044314,SKU-00567,2,2026-04-21,DUPLICATE_ORDER,LIKE_NEW,1698.44,2026-04-24,RESTOCK,2026-04-30T04:36:50.726872
RET-00000046,ORD-00027147,SKU-00609,1,2025-12-03,DUPLICATE_ORDER,UNSELLABLE,788.31,,RESTOCK,2026-04-30T04:36:50.726872
RET-00000047,ORD-00011256,SKU-00315,3,2025-12-01,DAMAGED_TRANSIT,DAMAGED,2265.63,,DESTROY,2026-04-30T04:36:50.726872
RET-00000048,ORD-00005672,SKU-00522,2,2025-09-24,DUPLICATE_ORDER,FAIR,1140.02,,DESTROY,2026-04-30T04:36:50.726872
RET-00000049,ORD-00035535,SKU-00020,1,2025-06-27,WRONG_ITEM,LIKE_NEW,533.96,2025-07-04,RESTOCK,2026-04-30T04:36:50.726872
RET-00000050,ORD-00024510,SKU-00670,2,2025-08-11,DEFECTIVE,FAIR,2316.3,,RETURN_TO_VENDOR,2026-04-30T04:36:50.726872
RET-00000051,ORD-00032440,SKU-00057,5,2026-03-09,WRONG_ITEM,DAMAGED,854.45,,RETURN_TO_VENDOR,2026-04-30T04:36:50.726872
RET-00000052,ORD-00043089,SKU-00427,1,2026-02-08,CHANGED_MIND,DAMAGED,509.04,,RESTOCK,2026-04-30T04:36:50.726872
RET-00000053,ORD-00043074,SKU-00734,4,2025-06-26,DEFECTIVE,GOOD,3564.0,2025-07-03,RESTOCK,2026-04-30T04:36:50.726872
RET-00000054,ORD-00045087,SKU-00502,1,2025-12-29,DEFECTIVE,DAMAGED,345.03,,REFURBISH,2026-04-30T04:36:50.726872
RET-00000055,ORD-00006751,SKU-00490,5,2026-01-04,NOT_AS_DESCRIBED,NEW,924.7,2026-01-07,REFURBISH,2026-04-30T04:36:50.726872
RET-00000056,ORD-00044984,SKU-00075,4,2026-02-28,DAMAGED_TRANSIT,UNSELLABLE,718.96,,RESTOCK,2026-04-30T04:36:50.726872
RET-00000057,ORD-00010106,SKU-00738,5,2025-10-13,CHANGED_MIND,GOOD,6362.75,2025-10-20,REFURBISH,2026-04-30T04:36:50.726872
RET-00000058,ORD-00023611,SKU-00470,3,2025-06-01,CHANGED_MIND,DAMAGED,800.16,,RESTOCK,2026-04-30T04:36:50.726872
RET-00000059,ORD-00041008,SKU-00295,4,2026-04-11,NOT_AS_DESCRIBED,NEW,115.76,2026-04-18,RESTOCK,2026-04-30T04:36:50.726872
RET-00000060,ORD-00044854,SKU-00155,3,2026-03-02,WRONG_ITEM,GOOD,1789.14,2026-03-07,RESTOCK,2026-04-30T04:36:50.726872
RET-00000061,ORD-00044801,SKU-00521,1,2025-07-04,NOT_AS_DESCRIBED,DAMAGED,133.47,,REFURBISH,2026-04-30T04:36:50.726872
RET-00000062,ORD-00021230,SKU-00410,4,2025-12-14,DUPLICATE_ORDER,UNSELLABLE,5138.72,,DONATE,2026-04-30T04:36:50.726872
RET-00000063,ORD-00024524,SKU-00176,3,2025-08-16,ARRIVED_LATE,GOOD,368.67,2025-08-21,DONATE,2026-04-30T04:36:50.726872
RET-00000064,ORD-00025027,SKU-00496,3,2025-05-04,NOT_AS_DESCRIBED,DAMAGED,2307.06,,REFURBISH,2026-04-30T04:36:50.726872
RET-00000065,ORD-00045138,SKU-00775,5,2025-07-20,DAMAGED_TRANSIT,GOOD,2474.0,2025-07-24,REFURBISH,2026-04-30T04:36:50.726872
RET-00000066,ORD-00041928,SKU-00475,4,2025-12-04,CHANGED_MIND,DAMAGED,1647.6,,RESTOCK,2026-04-30T04:36:50.726872
RET-00000067,ORD-00044268,SKU-00004,5,2025-09-18,DUPLICATE_ORDER,DAMAGED,3468.35,,REFURBISH,2026-04-30T04:36:50.726872
RET-00000068,ORD-00030155,SKU-00247,1,2026-03-21,CHANGED_MIND,FAIR,175.83,,RETURN_TO_VENDOR,2026-04-30T04:36:50.726872
RET-00000069,ORD-00014357,SKU-00802,1,2025-09-16,WRONG_ITEM,LIKE_NEW,1016.77,2025-09-21,DONATE,2026-04-30T04:36:50.726872
RET-00000070,ORD-00042393,SKU-00813,2,2025-12-17,ARRIVED_LATE,FAIR,1706.06,,RESTOCK,2026-04-30T04:36:50.726872
RET-00000071,ORD-00047013,SKU-00761,4,2025-11-14,ARRIVED_LATE,DAMAGED,379.4,,RESTOCK,2026-04-30T04:36:50.726872
RET-00000072,ORD-00045832,SKU-00681,1,2025-05-21,WRONG_ITEM,LIKE_NEW,548.39,2025-05-22,RESTOCK,2026-04-30T04:36:50.726872
RET-00000073,ORD-00000618,SKU-00271,5,2025-08-14,DEFECTIVE,DAMAGED,6180.45,,RESTOCK,2026-04-30T04:36:50.726872
RET-00000074,ORD-00014133,SKU-00120,1,2025-12-31,WRONG_ITEM,GOOD,376.55,2026-01-02,RETURN_TO_VENDOR,2026-04-30T04:36:50.726872
RET-00000075,ORD-00001981,SKU-00029,3,2026-02-12,CHANGED_MIND,NEW,123.78,2026-02-15,RESTOCK,2026-04-30T04:36:50.726872
RET-00000076,ORD-00016631,SKU-00120,1,2026-02-21,WRONG_ITEM,NEW,376.55,2026-02-25,REFURBISH,2026-04-30T04:36:50.726872
RET-00000077,ORD-00007651,SKU-00886,4,2025-07-14,DAMAGED_TRANSIT,NEW,1985.32,2025-07-19,RESTOCK,2026-04-30T04:36:50.726872
RET-00000078,ORD-00024108,SKU-00115,3,2025-11-15,DEFECTIVE,UNSELLABLE,1152.39,,DONATE,2026-04-30T04:36:50.726872
RET-00000079,ORD-00020629,SKU-00236,2,2025-05-31,DEFECTIVE,GOOD,1626.08,2025-06-05,RESTOCK,2026-04-30T04:36:50.726872
RET-00000080,ORD-00006579,SKU-00457,3,2025-05-02,NOT_AS_DESCRIBED,GOOD,1165.44,2025-05-08,RETURN_TO_VENDOR,2026-04-30T04:36:50.726872
RET-00000081,ORD-00046991,SKU-00632,2,2025-05-27,NOT_AS_DESCRIBED,DAMAGED,732.96,,REFURBISH,2026-04-30T04:36:50.726872
RET-00000082,ORD-00046280,SKU-01000,4,2025-09-26,NOT_AS_DESCRIBED,GOOD,4572.6,2025-09-27,DESTROY,2026-04-30T04:36:50.726872
RET-00000083,ORD-00002820,SKU-00502,1,2026-01-07,CHANGED_MIND,GOOD,345.03,2026-01-08,RESTOCK,2026-04-30T04:36:50.726872
RET-00000084,ORD-00032892,SKU-00148,4,2025-11-21,NOT_AS_DESCRIBED,LIKE_NEW,280.4,2025-11-25,REFURBISH,2026-04-30T04:36:50.726872
RET-00000085,ORD-00036700,SKU-00175,3,2025-09-10,NOT_AS_DESCRIBED,DAMAGED,2550.15,,REFURBISH,2026-04-30T04:36:50.726872
RET-00000086,ORD-00000975,SKU-00012,1,2025-07-19,WRONG_ITEM,DAMAGED,689.78,,RESTOCK,2026-04-30T04:36:50.726872
RET-00000087,ORD-00031598,SKU-00748,3,2025-06-20,WRONG_ITEM,NEW,2373.6,2025-06-25,RESTOCK,2026-04-30T04:36:50.726872
RET-00000088,ORD-00022377,SKU-00145,3,2026-02-25,DUPLICATE_ORDER,DAMAGED,1937.43,,DESTROY,2026-04-30T04:36:50.726872
RET-00000089,ORD-00005769,SKU-00264,3,2025-11-04,DAMAGED_TRANSIT,GOOD,103.59,2025-11-06,DONATE,2026-04-30T04:36:50.726872
RET-00000090,ORD-00008535,SKU-00169,2,2025-12-12,DUPLICATE_ORDER,LIKE_NEW,2275.46,2025-12-16,REFURBISH,2026-04-30T04:36:50.726872
RET-00000091,ORD-00022649,SKU-00006,5,2025-08-26,WRONG_ITEM,GOOD,1993.1,2025-08-28,REFURBISH,2026-04-30T04:36:50.726872
RET-00000092,ORD-00031770,SKU-00595,5,2025-10-02,NOT_AS_DESCRIBED,GOOD,825.8,2025-10-03,DESTROY,2026-04-30T04:36:50.726872
RET-00000093,ORD-00035804,SKU-00707,3,2026-01-17,DEFECTIVE,GOOD,796.2,2026-01-21,REFURBISH,2026-04-30T04:36:50.726872
RET-00000094,ORD-00037865,SKU-00629,2,2025-06-23,WRONG_ITEM,FAIR,1093.96,,RESTOCK,2026-04-30T04:36:50.726872
RET-00000095,ORD-00047969,SKU-00022,4,2026-01-24,DUPLICATE_ORDER,DAMAGED,1342.8,,REFURBISH,2026-04-30T04:36:50.726872
RET-00000096,ORD-00021483,SKU-00525,1,2025-10-21,DEFECTIVE,DAMAGED,60.11,,DESTROY,2026-04-30T04:36:50.726872
RET-00000097,ORD-00048350,SKU-00541,4,2025-11-04,NOT_AS_DESCRIBED,LIKE_NEW,2783.48,2025-11-07,REFURBISH,2026-04-30T04:36:50.726872
RET-00000098,ORD-00020745,SKU-00675,4,2026-01-21,DUPLICATE_ORDER,NEW,642.68,2026-01-22,RESTOCK,2026-04-30T04:36:50.726872
RET-00000099,ORD-00047140,SKU-00885,5,2026-01-05,DAMAGED_TRANSIT,NEW,3181.15,2026-01-10,REFURBISH,2026-04-30T04:36:50.726872
RET-00000100,ORD-00042728,SKU-00537,3,2025-07-12,WRONG_ITEM,NEW,2271.27,2025-07-14,DESTROY,2026-04-30T04:36:50.726872
RET-00000101,ORD-00017437,SKU-00360,5,2025-06-24,WRONG_ITEM,UNSELLABLE,3924.65,,RESTOCK,2026-04-30T04:36:50.726872
RET-00000102,ORD-00025674,SKU-00196,1,2025-11-24,DUPLICATE_ORDER,GOOD,209.07,2025-11-26,RETURN_TO_VENDOR,2026-04-30T04:36:50.726872
RET-00000103,ORD-00007567,SKU-00974,3,2026-04-01,CHANGED_MIND,GOOD,3116.46,2026-04-05,RESTOCK,2026-04-30T04:36:50.726872
RET-00000104,ORD-00008563,SKU-00578,4,2026-01-23,ARRIVED_LATE,GOOD,5619.32,2026-01-24,DONATE,2026-04-30T04:36:50.726872
RET-00000105,ORD-00049986,SKU-00468,4,2025-07-08,WRONG_ITEM,LIKE_NEW,5225.08,2025-07-14,RESTOCK,2026-04-30T04:36:50.726872
RET-00000106,ORD-00013976,SKU-00967,2,2025-06-16,NOT_AS_DESCRIBED,GOOD,664.36,2025-06-18,RESTOCK,2026-04-30T04:36:50.726872
RET-00000107,ORD-00035933,SKU-00109,4,2025-12-24,NOT_AS_DESCRIBED,GOOD,786.56,2025-12-26,RESTOCK,2026-04-30T04:36:50.726872
RET-00000108,ORD-00026510,SKU-00375,4,2026-01-30,CHANGED_MIND,FAIR,1909.12,,RESTOCK,2026-04-30T04:36:50.726872
RET-00000109,ORD-00026389,SKU-00376,1,2025-07-25,CHANGED_MIND,GOOD,81.55,2025-07-26,RETURN_TO_VENDOR,2026-04-30T04:36:50.726872
RET-00000110,ORD-00044491,SKU-00460,1,2025-09-05,DAMAGED_TRANSIT,DAMAGED,281.22,,REFURBISH,2026-04-30T04:36:50.726872
RET-00000111,ORD-00005450,SKU-00939,4,2025-10-09,DAMAGED_TRANSIT,UNSELLABLE,2951.6,,REFURBISH,2026-04-30T04:36:50.726872
RET-00000112,ORD-00033730,SKU-00514,1,2025-05-14,ARRIVED_LATE,UNSELLABLE,322.9,,RETURN_TO_VENDOR,2026-04-30T04:36:50.726872
RET-00000113,ORD-00004835,SKU-00650,5,2025-07-08,NOT_AS_DESCRIBED,LIKE_NEW,905.05,2025-07-11,RETURN_TO_VENDOR,2026-04-30T04:36:50.726872
RET-00000114,ORD-00036637,SKU-00604,4,2025-08-21,DAMAGED_TRANSIT,UNSELLABLE,4229.16,,RESTOCK,2026-04-30T04:36:50.726872
RET-00000115,ORD-00005700,SKU-00458,3,2026-04-11,DEFECTIVE,GOOD,28.71,2026-04-14,RESTOCK,2026-04-30T04:36:50.726872
RET-00000116,ORD-00039894,SKU-00605,2,2025-07-26,ARRIVED_LATE,NEW,1116.06,2025-07-31,REFURBISH,2026-04-30T04:36:50.726872
RET-00000117,ORD-00048082,SKU-00123,5,2025-06-15,DAMAGED_TRANSIT,DAMAGED,1811.3,,REFURBISH,2026-04-30T04:36:50.726872
RET-00000118,ORD-00045872,SKU-00255,3,2026-04-02,WRONG_ITEM,NEW,483.6,2026-04-03,RESTOCK,2026-04-30T04:36:50.726872
RET-00000119,ORD-00046389,SKU-00404,4,2026-01-28,DAMAGED_TRANSIT,LIKE_NEW,2752.28,2026-01-31,RETURN_TO_VENDOR,2026-04-30T04:36:50.726872
RET-00000120,ORD-00006959,SKU-00504,1,2025-08-25,NOT_AS_DESCRIBED,DAMAGED,371.85,,RETURN_TO_VENDOR,2026-04-30T04:36:50.726872
RET-00000121,ORD-00046939,SKU-00598,1,2025-12-10,DAMAGED_TRANSIT,LIKE_NEW,345.02,2025-12-11,DONATE,2026-04-30T04:36:50.726872
RET-00000122,ORD-00034242,SKU-00956,2,2025-05-23,CHANGED_MIND,GOOD,477.18,2025-05-25,REFURBISH,2026-04-30T04:36:50.726872
RET-00000123,ORD-00049731,SKU-00791,1,2026-01-09,DAMAGED_TRANSIT,UNSELLABLE,779.63,,RESTOCK,2026-04-30T04:36:50.726872
RET-00000124,ORD-00015644,SKU-00727,1,2025-12-08,ARRIVED_LATE,FAIR,256.45,,RESTOCK,2026-04-30T04:36:50.726872
RET-00000125,ORD-00041478,SKU-00382,2,2025-08-27,WRONG_ITEM,GOOD,676.54,2025-09-01,RETURN_TO_VENDOR,2026-04-30T04:36:50.726872
RET-00000126,ORD-00036842,SKU-00373,2,2026-02-19,DUPLICATE_ORDER,FAIR,554.04,,RESTOCK,2026-04-30T04:36:50.726872
RET-00000127,ORD-00016517,SKU-00944,1,2025-11-06,NOT_AS_DESCRIBED,GOOD,387.61,2025-11-07,DONATE,2026-04-30T04:36:50.726872
RET-00000128,ORD-00043468,SKU-00607,3,2026-03-07,CHANGED_MIND,FAIR,2414.67,,RESTOCK,2026-04-30T04:36:50.726872
RET-00000129,ORD-00039858,SKU-00085,1,2026-04-26,CHANGED_MIND,FAIR,94.45,,RESTOCK,2026-04-30T04:36:50.726872
RET-00000130,ORD-00041280,SKU-00238,4,2025-06-16,CHANGED_MIND,UNSELLABLE,1756.84,,RESTOCK,2026-04-30T04:36:50.726872
RET-00000131,ORD-00012689,SKU-00962,1,2025-06-10,NOT_AS_DESCRIBED,LIKE_NEW,403.1,2025-06-15,REFURBISH,2026-04-30T04:36:50.726872
RET-00000132,ORD-00047289,SKU-00589,3,2026-02-27,DUPLICATE_ORDER,NEW,1949.97,2026-02-28,DESTROY,2026-04-30T04:36:50.726872
RET-00000133,ORD-00015345,SKU-00678,4,2025-07-03,CHANGED_MIND,LIKE_NEW,1919.76,2025-07-10,RESTOCK,2026-04-30T04:36:50.726872
RET-00000134,ORD-00049926,SKU-00965,1,2025-08-12,NOT_AS_DESCRIBED,DAMAGED,372.22,,DESTROY,2026-04-30T04:36:50.726872
RET-00000135,ORD-00026222,SKU-00552,3,2025-09-19,NOT_AS_DESCRIBED,GOOD,2522.01,2025-09-25,RETURN_TO_VENDOR,2026-04-30T04:36:50.726872
RET-00000136,ORD-00011647,SKU-00138,5,2026-02-25,DEFECTIVE,GOOD,4288.75,2026-03-04,RESTOCK,2026-04-30T04:36:50.726872
RET-00000137,ORD-00013375,SKU-00649,3,2025-11-20,CHANGED_MIND,NEW,570.0,2025-11-23,RETURN_TO_VENDOR,2026-04-30T04:36:50.726872
RET-00000138,ORD-00019706,SKU-00437,1,2025-07-08,DEFECTIVE,NEW,781.17,2025-07-14,RESTOCK,2026-04-30T04:36:50.726872
RET-00000139,ORD-00044024,SKU-00287,2,2025-11-03,ARRIVED_LATE,NEW,1638.64,2025-11-07,DESTROY,2026-04-30T04:36:50.726872
RET-00000140,ORD-00022663,SKU-00763,5,2025-09-03,CHANGED_MIND,FAIR,4010.95,,RESTOCK,2026-04-30T04:36:50.726872
RET-00000141,ORD-00017021,SKU-00155,3,2026-04-01,DUPLICATE_ORDER,DAMAGED,1789.14,,RETURN_TO_VENDOR,2026-04-30T04:36:50.726872
RET-00000142,ORD-00049461,SKU-00347,5,2026-02-11,NOT_AS_DESCRIBED,NEW,1284.4,2026-02-14,DONATE,2026-04-30T04:36:50.726872
RET-00000143,ORD-00034139,SKU-00351,4,2025-09-27,NOT_AS_DESCRIBED,UNSELLABLE,1119.76,,DESTROY,2026-04-30T04:36:50.726872
RET-00000144,ORD-00034854,SKU-00172,2,2025-08-04,CHANGED_MIND,LIKE_NEW,2098.3,2025-08-07,RETURN_TO_VENDOR,2026-04-30T04:36:50.726872
RET-00000145,ORD-00006569,SKU-00532,3,2026-03-27,CHANGED_MIND,NEW,144.45,2026-03-28,DESTROY,2026-04-30T04:36:50.726872
RET-00000146,ORD-00034947,SKU-00112,3,2026-01-07,NOT_AS_DESCRIBED,LIKE_NEW,2962.86,2026-01-11,RETURN_TO_VENDOR,2026-04-30T04:36:50.726872
RET-00000147,ORD-00042143,SKU-00041,2,2025-05-09,DUPLICATE_ORDER,UNSELLABLE,473.58,,RETURN_TO_VENDOR,2026-04-30T04:36:50.726872
RET-00000148,ORD-00042030,SKU-00620,3,2025-12-17,DAMAGED_TRANSIT,UNSELLABLE,1940.28,,DONATE,2026-04-30T04:36:50.726872
RET-00000149,ORD-00004352,SKU-00011,5,2025-12-28,CHANGED_MIND,NEW,5451.3,2026-01-03,RESTOCK,2026-04-30T04:36:50.726872
RET-00000150,ORD-00044966,SKU-00462,4,2025-11-06,WRONG_ITEM,NEW,4029.84,2025-11-13,RESTOCK,2026-04-30T04:36:50.726872
RET-00000151,ORD-00032477,SKU-00393,4,2026-04-16,DEFECTIVE,FAIR,2055.08,,RESTOCK,2026-04-30T04:36:50.726872
RET-00000152,ORD-00022406,SKU-00235,2,2026-03-25,DUPLICATE_ORDER,NEW,1432.42,2026-03-26,DESTROY,2026-04-30T04:36:50.726872
RET-00000153,ORD-00020815,SKU-00215,5,2025-06-24,DAMAGED_TRANSIT,FAIR,5064.75,,DONATE,2026-04-30T04:36:50.726872
RET-00000154,ORD-00016287,SKU-00198,1,2025-07-18,CHANGED_MIND,NEW,98.99,2025-07-23,DESTROY,2026-04-30T04:36:50.726872
RET-00000155,ORD-00007869,SKU-00964,4,2025-08-23,NOT_AS_DESCRIBED,LIKE_NEW,2557.48,2025-08-27,DESTROY,2026-04-30T04:36:50.726872
RET-00000156,ORD-00002352,SKU-00039,5,2025-06-08,DAMAGED_TRANSIT,DAMAGED,4587.35,,RETURN_TO_VENDOR,2026-04-30T04:36:50.726872
RET-00000157,ORD-00048623,SKU-00164,1,2025-05-30,CHANGED_MIND,LIKE_NEW,531.69,2025-06-01,RETURN_TO_VENDOR,2026-04-30T04:36:50.726872
RET-00000158,ORD-00015535,SKU-00833,1,2026-03-17,WRONG_ITEM,GOOD,94.23,2026-03-24,DESTROY,2026-04-30T04:36:50.726872
RET-00000159,ORD-00007738,SKU-00395,3,2026-02-06,DEFECTIVE,GOOD,1541.07,2026-02-12,RESTOCK,2026-04-30T04:36:50.726872
RET-00000160,ORD-00049486,SKU-00524,5,2025-12-20,ARRIVED_LATE,FAIR,6857.1,,RESTOCK,2026-04-30T04:36:50.726872
RET-00000161,ORD-00008146,SKU-00819,3,2026-04-21,WRONG_ITEM,LIKE_NEW,857.01,2026-04-23,RETURN_TO_VENDOR,2026-04-30T04:36:50.726872
RET-00000162,ORD-00048830,SKU-00628,3,2026-02-13,WRONG_ITEM,DAMAGED,1169.13,,REFURBISH,2026-04-30T04:36:50.726872
RET-00000163,ORD-00037318,SKU-00438,2,2026-01-05,DEFECTIVE,NEW,854.96,2026-01-11,DESTROY,2026-04-30T04:36:50.726872
RET-00000164,ORD-00003046,SKU-00771,4,2025-07-30,ARRIVED_LATE,GOOD,1689.88,2025-08-03,RESTOCK,2026-04-30T04:36:50.726872
RET-00000165,ORD-00035240,SKU-00181,5,2025-11-14,CHANGED_MIND,LIKE_NEW,1019.25,2025-11-16,RETURN_TO_VENDOR,2026-04-30T04:36:50.726872
RET-00000166,ORD-00030877,SKU-00733,5,2025-07-06,WRONG_ITEM,FAIR,2002.2,,REFURBISH,2026-04-30T04:36:50.726872
RET-00000167,ORD-00028334,SKU-00751,1,2025-10-20,WRONG_ITEM,LIKE_NEW,255.76,2025-10-25,RETURN_TO_VENDOR,2026-04-30T04:36:50.726872
RET-00000168,ORD-00002395,SKU-00484,2,2025-12-12,WRONG_ITEM,LIKE_NEW,2029.32,2025-12-19,RESTOCK,2026-04-30T04:36:50.726872
RET-00000169,ORD-00000437,SKU-00055,4,2025-08-05,WRONG_ITEM,LIKE_NEW,5429.96,2025-08-09,RESTOCK,2026-04-30T04:36:50.726872
RET-00000170,ORD-00018201,SKU-00210,5,2025-09-12,DUPLICATE_ORDER,DAMAGED,492.8,,DESTROY,2026-04-30T04:36:50.726872
RET-00000171,ORD-00034345,SKU-00978,5,2025-05-01,WRONG_ITEM,LIKE_NEW,2044.75,2025-05-06,DESTROY,2026-04-30T04:36:50.726872
RET-00000172,ORD-00031029,SKU-00624,3,2025-06-17,NOT_AS_DESCRIBED,GOOD,138.48,2025-06-23,RESTOCK,2026-04-30T04:36:50.726872
RET-00000173,ORD-00028277,SKU-00771,5,2025-10-27,DEFECTIVE,DAMAGED,2112.35,,REFURBISH,2026-04-30T04:36:50.726872
RET-00000174,ORD-00023140,SKU-00608,1,2025-11-08,ARRIVED_LATE,LIKE_NEW,667.9,2025-11-12,DESTROY,2026-04-30T04:36:50.726872
RET-00000175,ORD-00045061,SKU-00016,5,2025-12-20,ARRIVED_LATE,FAIR,3829.5,,REFURBISH,2026-04-30T04:36:50.726872
RET-00000176,ORD-00023921,SKU-00368,4,2025-12-02,DEFECTIVE,FAIR,362.72,,RETURN_TO_VENDOR,2026-04-30T04:36:50.726872
RET-00000177,ORD-00031023,SKU-00364,4,2026-01-31,CHANGED_MIND,GOOD,745.6,2026-02-06,REFURBISH,2026-04-30T04:36:50.726872
RET-00000178,ORD-00048911,SKU-00926,5,2026-03-01,WRONG_ITEM,GOOD,4902.4,2026-03-02,DESTROY,2026-04-30T04:36:50.726872
RET-00000179,ORD-00013549,SKU-00859,2,2025-06-06,CHANGED_MIND,LIKE_NEW,1231.08,2025-06-07,RETURN_TO_VENDOR,2026-04-30T04:36:50.726872
RET-00000180,ORD-00042468,SKU-00063,4,2025-08-12,WRONG_ITEM,DAMAGED,853.8,,RESTOCK,2026-04-30T04:36:50.726872
RET-00000181,ORD-00011160,SKU-00590,1,2025-11-22,DUPLICATE_ORDER,NEW,1216.66,2025-11-23,RESTOCK,2026-04-30T04:36:50.726872
RET-00000182,ORD-00005563,SKU-00698,4,2026-01-24,DEFECTIVE,DAMAGED,142.32,,DONATE,2026-04-30T04:36:50.726872
RET-00000183,ORD-00016958,SKU-00471,4,2025-10-13,NOT_AS_DESCRIBED,NEW,910.64,2025-10-17,RESTOCK,2026-04-30T04:36:50.726872
RET-00000184,ORD-00020984,SKU-00045,5,2026-03-29,NOT_AS_DESCRIBED,LIKE_NEW,404.55,2026-04-03,RESTOCK,2026-04-30T04:36:50.726872
RET-00000185,ORD-00026091,SKU-00147,3,2025-06-17,WRONG_ITEM,DAMAGED,790.41,,DESTROY,2026-04-30T04:36:50.726872
RET-00000186,ORD-00015235,SKU-00103,4,2025-07-23,ARRIVED_LATE,GOOD,923.92,2025-07-27,REFURBISH,2026-04-30T04:36:50.726872
RET-00000187,ORD-00019073,SKU-00016,3,2025-11-07,NOT_AS_DESCRIBED,DAMAGED,2297.7,,RETURN_TO_VENDOR,2026-04-30T04:36:50.726872
RET-00000188,ORD-00025079,SKU-00573,5,2026-03-31,DEFECTIVE,FAIR,4826.0,,RESTOCK,2026-04-30T04:36:50.726872
RET-00000189,ORD-00040626,SKU-00771,1,2025-10-05,ARRIVED_LATE,GOOD,422.47,2025-10-12,RESTOCK,2026-04-30T04:36:50.726872
RET-00000190,ORD-00041075,SKU-00226,2,2026-03-16,DAMAGED_TRANSIT,FAIR,670.92,,RESTOCK,2026-04-30T04:36:50.726872
RET-00000191,ORD-00026119,SKU-00348,3,2025-06-05,CHANGED_MIND,GOOD,812.4,2025-06-08,RESTOCK,2026-04-30T04:36:50.726872
RET-00000192,ORD-00018783,SKU-00309,2,2025-08-01,DUPLICATE_ORDER,FAIR,1897.68,,REFURBISH,2026-04-30T04:36:50.726872
RET-00000193,ORD-00042366,SKU-00087,3,2025-10-05,ARRIVED_LATE,FAIR,296.85,,DESTROY,2026-04-30T04:36:50.726872
RET-00000194,ORD-00037316,SKU-00638,5,2026-02-05,DEFECTIVE,GOOD,171.45,2026-02-06,RETURN_TO_VENDOR,2026-04-30T04:36:50.726872
RET-00000195,ORD-00032444,SKU-00132,3,2026-04-02,DUPLICATE_ORDER,DAMAGED,3817.71,,DESTROY,2026-04-30T04:36:50.726872
RET-00000196,ORD-00046634,SKU-00101,1,2026-01-13,DEFECTIVE,GOOD,275.36,2026-01-17,RESTOCK,2026-04-30T04:36:50.726872
RET-00000197,ORD-00031589,SKU-00815,4,2026-03-27,DEFECTIVE,FAIR,4115.72,,RESTOCK,2026-04-30T04:36:50.726872
RET-00000198,ORD-00038165,SKU-00546,1,2026-01-12,NOT_AS_DESCRIBED,LIKE_NEW,385.43,2026-01-16,DESTROY,2026-04-30T04:36:50.726872
RET-00000199,ORD-00002936,SKU-00499,2,2025-06-12,DAMAGED_TRANSIT,NEW,84.34,2025-06-14,RETURN_TO_VENDOR,2026-04-30T04:36:50.726872
RET-00000200,ORD-00023940,SKU-00217,3,2025-10-20,CHANGED_MIND,GOOD,3177.24,2025-10-22,RESTOCK,2026-04-30T04:36:50.726872
RET-00000201,ORD-00008900,SKU-00264,2,2025-05-03,DAMAGED_TRANSIT,UNSELLABLE,69.06,,RESTOCK,2026-04-30T04:36:50.726872
RET-00000202,ORD-00041583,SKU-00057,3,2025-11-18,WRONG_ITEM,DAMAGED,512.67,,DESTROY,2026-04-30T04:36:50.726872
RET-00000203,ORD-00010622,SKU-00363,1,2025-10-10,DUPLICATE_ORDER,UNSELLABLE,814.98,,RESTOCK,2026-04-30T04:36:50.726872
RET-00000204,ORD-00010182,SKU-00955,1,2025-10-27,NOT_AS_DESCRIBED,NEW,786.47,2025-10-31,RESTOCK,2026-04-30T04:36:50.726872
RET-00000205,ORD-00031530,SKU-00065,3,2025-12-13,WRONG_ITEM,GOOD,3232.17,2025-12-20,DONATE,2026-04-30T04:36:50.726872
RET-00000206,ORD-00026653,SKU-00125,4,2025-07-29,DUPLICATE_ORDER,DAMAGED,1466.6,,RESTOCK,2026-04-30T04:36:50.726872
RET-00000207,ORD-00013314,SKU-00961,1,2025-09-07,DAMAGED_TRANSIT,FAIR,1181.95,,RESTOCK,2026-04-30T04:36:50.726872
RET-00000208,ORD-00003332,SKU-00193,2,2026-01-06,DUPLICATE_ORDER,DAMAGED,454.68,,DESTROY,2026-04-30T04:36:50.726872
RET-00000209,ORD-00026200,SKU-00545,2,2025-10-14,DAMAGED_TRANSIT,UNSELLABLE,1678.66,,RETURN_TO_VENDOR,2026-04-30T04:36:50.726872
RET-00000210,ORD-00022926,SKU-00253,1,2026-01-06,CHANGED_MIND,LIKE_NEW,621.92,2026-01-09,RETURN_TO_VENDOR,2026-04-30T04:36:50.726872
RET-00000211,ORD-00015411,SKU-00738,1,2026-02-22,DEFECTIVE,DAMAGED,1272.55,,DESTROY,2026-04-30T04:36:50.726872
RET-00000212,ORD-00033634,SKU-00544,3,2026-02-15,NOT_AS_DESCRIBED,DAMAGED,153.78,,RESTOCK,2026-04-30T04:36:50.726872
RET-00000213,ORD-00045501,SKU-00525,1,2025-06-16,DEFECTIVE,LIKE_NEW,60.11,2025-06-20,REFURBISH,2026-04-30T04:36:50.726872
RET-00000214,ORD-00012021,SKU-00782,1,2025-06-02,DAMAGED_TRANSIT,DAMAGED,129.5,,DESTROY,2026-04-30T04:36:50.726872
RET-00000215,ORD-00049454,SKU-00381,2,2026-03-02,DAMAGED_TRANSIT,FAIR,1051.28,,RESTOCK,2026-04-30T04:36:50.726872
RET-00000216,ORD-00021232,SKU-00147,3,2025-12-14,CHANGED_MIND,GOOD,790.41,2025-12-18,RESTOCK,2026-04-30T04:36:50.726872
RET-00000217,ORD-00015055,SKU-00240,5,2025-11-23,ARRIVED_LATE,UNSELLABLE,2284.45,,DESTROY,2026-04-30T04:36:50.726872
RET-00000218,ORD-00029960,SKU-00246,1,2025-08-31,DUPLICATE_ORDER,DAMAGED,407.58,,RESTOCK,2026-04-30T04:36:50.726872
RET-00000219,ORD-00046543,SKU-00438,5,2025-11-29,CHANGED_MIND,LIKE_NEW,2137.4,2025-11-30,RESTOCK,2026-04-30T04:36:50.726872
RET-00000220,ORD-00025963,SKU-00062,2,2025-07-06,DUPLICATE_ORDER,GOOD,128.84,2025-07-12,RETURN_TO_VENDOR,2026-04-30T04:36:50.726872
RET-00000221,ORD-00040609,SKU-00642,4,2026-01-21,CHANGED_MIND,GOOD,3786.52,2026-01-22,RESTOCK,2026-04-30T04:36:50.726872
RET-00000222,ORD-00031670,SKU-00904,3,2026-04-02,WRONG_ITEM,UNSELLABLE,2819.61,,RESTOCK,2026-04-30T04:36:50.726872
RET-00000223,ORD-00007790,SKU-00392,3,2026-01-15,DUPLICATE_ORDER,GOOD,2970.3,2026-01-21,REFURBISH,2026-04-30T04:36:50.726872
RET-00000224,ORD-00024909,SKU-00578,1,2025-12-10,ARRIVED_LATE,LIKE_NEW,1404.83,2025-12-16,DESTROY,2026-04-30T04:36:50.726872
RET-00000225,ORD-00044147,SKU-00894,2,2025-10-24,DEFECTIVE,UNSELLABLE,352.36,,RETURN_TO_VENDOR,2026-04-30T04:36:50.726872
RET-00000226,ORD-00003963,SKU-00626,5,2025-06-01,WRONG_ITEM,NEW,5224.6,2025-06-02,REFURBISH,2026-04-30T04:36:50.726872
RET-00000227,ORD-00041832,SKU-00534,2,2026-01-31,CHANGED_MIND,LIKE_NEW,1262.58,2026-02-01,RESTOCK,2026-04-30T04:36:50.726872
RET-00000228,ORD-00048763,SKU-00996,2,2025-06-25,NOT_AS_DESCRIBED,UNSELLABLE,708.5,,RETURN_TO_VENDOR,2026-04-30T04:36:50.726872
RET-00000229,ORD-00000193,SKU-00763,2,2025-12-01,DAMAGED_TRANSIT,FAIR,1604.38,,RESTOCK,2026-04-30T04:36:50.726872
RET-00000230,ORD-00017750,SKU-00761,3,2025-07-14,DUPLICATE_ORDER,GOOD,284.55,2025-07-19,RESTOCK,2026-04-30T04:36:50.726872
RET-00000231,ORD-00020736,SKU-00554,2,2025-11-06,CHANGED_MIND,GOOD,1590.48,2025-11-10,RESTOCK,2026-04-30T04:36:50.726872
RET-00000232,ORD-00003469,SKU-00337,1,2026-01-27,DAMAGED_TRANSIT,GOOD,316.79,2026-01-28,REFURBISH,2026-04-30T04:36:50.726872
RET-00000233,ORD-00040138,SKU-00888,4,2026-03-31,DUPLICATE_ORDER,NEW,2610.4,2026-04-07,DESTROY,2026-04-30T04:36:50.726872
RET-00000234,ORD-00018285,SKU-00052,3,2026-03-22,DEFECTIVE,DAMAGED,1764.54,,RETURN_TO_VENDOR,2026-04-30T04:36:50.726872
RET-00000235,ORD-00016972,SKU-00046,5,2025-11-07,WRONG_ITEM,NEW,2004.3,2025-11-09,RESTOCK,2026-04-30T04:36:50.726872
RET-00000236,ORD-00029212,SKU-00647,5,2026-01-04,DUPLICATE_ORDER,GOOD,1642.55,2026-01-05,RESTOCK,2026-04-30T04:36:50.726872
RET-00000237,ORD-00042316,SKU-00805,3,2026-04-20,NOT_AS_DESCRIBED,GOOD,2226.36,2026-04-22,RESTOCK,2026-04-30T04:36:50.726872
RET-00000238,ORD-00006402,SKU-00188,5,2026-01-27,CHANGED_MIND,FAIR,2436.65,,DONATE,2026-04-30T04:36:50.726872
RET-00000239,ORD-00030669,SKU-00967,5,2025-11-12,ARRIVED_LATE,GOOD,1660.9,2025-11-14,RETURN_TO_VENDOR,2026-04-30T04:36:50.726872
RET-00000240,ORD-00030188,SKU-00500,4,2025-05-29,WRONG_ITEM,GOOD,2931.28,2025-06-03,DESTROY,2026-04-30T04:36:50.726872
RET-00000241,ORD-00029060,SKU-00706,4,2025-08-08,DEFECTIVE,FAIR,1314.52,,RESTOCK,2026-04-30T04:36:50.726872
RET-00000242,ORD-00044088,SKU-00530,1,2025-10-16,NOT_AS_DESCRIBED,FAIR,919.64,,REFURBISH,2026-04-30T04:36:50.726872
RET-00000243,ORD-00026958,SKU-00018,2,2025-09-28,DEFECTIVE,FAIR,1194.02,,RESTOCK,2026-04-30T04:36:50.726872
RET-00000244,ORD-00014713,SKU-00370,5,2025-04-29,DEFECTIVE,GOOD,2840.45,2025-05-04,RETURN_TO_VENDOR,2026-04-30T04:36:50.726872
RET-00000245,ORD-00045597,SKU-00660,3,2025-04-29,ARRIVED_LATE,UNSELLABLE,1889.46,,REFURBISH,2026-04-30T04:36:50.726872
RET-00000246,ORD-00024439,SKU-00300,5,2025-07-10,CHANGED_MIND,GOOD,306.15,2025-07-16,RESTOCK,2026-04-30T04:36:50.726872
RET-00000247,ORD-00014231,SKU-00426,5,2025-09-12,CHANGED_MIND,DAMAGED,2816.9,,REFURBISH,2026-04-30T04:36:50.726872
RET-00000248,ORD-00045404,SKU-00546,3,2026-04-21,DAMAGED_TRANSIT,LIKE_NEW,1156.29,2026-04-25,RESTOCK,2026-04-30T04:36:50.726872
RET-00000249,ORD-00010332,SKU-00984,2,2025-10-15,DAMAGED_TRANSIT,NEW,156.02,2025-10-21,RETURN_TO_VENDOR,2026-04-30T04:36:50.726872
RET-00000250,ORD-00004071,SKU-00353,5,2025-05-20,DUPLICATE_ORDER,GOOD,4728.0,2025-05-23,RESTOCK,2026-04-30T04:36:50.726872
RET-00000251,ORD-00031937,SKU-00747,3,2026-03-31,DEFECTIVE,NEW,690.72,2026-04-03,DONATE,2026-04-30T04:36:50.726872
RET-00000252,ORD-00008652,SKU-00587,5,2026-01-04,WRONG_ITEM,NEW,303.8,2026-01-05,RESTOCK,2026-04-30T04:36:50.726872
RET-00000253,ORD-00001135,SKU-00041,3,2026-03-03,CHANGED_MIND,LIKE_NEW,710.37,2026-03-05,RETURN_TO_VENDOR,2026-04-30T04:36:50.726872
RET-00000254,ORD-00010586,SKU-00243,4,2026-04-29,DAMAGED_TRANSIT,DAMAGED,2395.64,,DESTROY,2026-04-30T04:36:50.726872
RET-00000255,ORD-00030688,SKU-00094,1,2025-06-23,CHANGED_MIND,FAIR,678.1,,RESTOCK,2026-04-30T04:36:50.726872
RET-00000256,ORD-00037887,SKU-00361,2,2026-01-08,DUPLICATE_ORDER,UNSELLABLE,1241.82,,REFURBISH,2026-04-30T04:36:50.726872
RET-00000257,ORD-00000237,SKU-00077,2,2025-10-13,CHANGED_MIND,GOOD,935.56,2025-10-16,RESTOCK,2026-04-30T04:36:50.726872
RET-00000258,ORD-00003554,SKU-00108,4,2025-11-24,ARRIVED_LATE,GOOD,2062.2,2025-11-25,RESTOCK,2026-04-30T04:36:50.726872
RET-00000259,ORD-00000342,SKU-00564,1,2025-12-01,NOT_AS_DESCRIBED,LIKE_NEW,607.49,2025-12-08,RETURN_TO_VENDOR,2026-04-30T04:36:50.726872
RET-00000260,ORD-00023752,SKU-00051,2,2025-11-09,DAMAGED_TRANSIT,DAMAGED,1118.4,,RESTOCK,2026-04-30T04:36:50.726872
RET-00000261,ORD-00003939,SKU-00288,1,2026-03-30,NOT_AS_DESCRIBED,GOOD,273.01,2026-04-01,DESTROY,2026-04-30T04:36:50.726872
RET-00000262,ORD-00043936,SKU-00111,5,2026-03-06,DAMAGED_TRANSIT,FAIR,3147.25,,DONATE,2026-04-30T04:36:50.726872
RET-00000263,ORD-00025680,SKU-00417,1,2025-11-17,DEFECTIVE,GOOD,380.85,2025-11-21,RESTOCK,2026-04-30T04:36:50.726872
RET-00000264,ORD-00025908,SKU-00286,3,2025-12-14,DUPLICATE_ORDER,NEW,467.94,2025-12-15,RESTOCK,2026-04-30T04:36:50.726872
RET-00000265,ORD-00010764,SKU-00605,4,2026-01-14,ARRIVED_LATE,LIKE_NEW,2232.12,2026-01-21,RESTOCK,2026-04-30T04:36:50.726872
RET-00000266,ORD-00006300,SKU-00611,1,2025-11-18,ARRIVED_LATE,FAIR,298.32,,RESTOCK,2026-04-30T04:36:50.726872
RET-00000267,ORD-00039697,SKU-00397,3,2025-12-19,CHANGED_MIND,DAMAGED,1271.16,,DESTROY,2026-04-30T04:36:50.726872
RET-00000268,ORD-00011444,SKU-00203,3,2025-07-12,NOT_AS_DESCRIBED,NEW,964.47,2025-07-14,DONATE,2026-04-30T04:36:50.726872
RET-00000269,ORD-00007801,SKU-00714,3,2026-04-08,CHANGED_MIND,NEW,2878.2,2026-04-13,REFURBISH,2026-04-30T04:36:50.726872
RET-00000270,ORD-00004720,SKU-00146,3,2026-02-08,WRONG_ITEM,LIKE_NEW,1577.22,2026-02-14,RESTOCK,2026-04-30T04:36:50.726872
RET-00000271,ORD-00005018,SKU-00305,2,2026-02-07,NOT_AS_DESCRIBED,GOOD,1176.36,2026-02-10,RESTOCK,2026-04-30T04:36:50.726872
RET-00000272,ORD-00033265,SKU-00262,1,2026-02-16,DUPLICATE_ORDER,FAIR,506.57,,RESTOCK,2026-04-30T04:36:50.726872
RET-00000273,ORD-00029810,SKU-00912,3,2025-09-09,CHANGED_MIND,DAMAGED,2553.96,,RETURN_TO_VENDOR,2026-04-30T04:36:50.726872
RET-00000274,ORD-00037878,SKU-00400,5,2025-12-04,DUPLICATE_ORDER,NEW,1520.6,2025-12-07,RETURN_TO_VENDOR,2026-04-30T04:36:50.726872
RET-00000275,ORD-00027851,SKU-00338,5,2026-02-23,NOT_AS_DESCRIBED,NEW,2209.3,2026-03-02,RESTOCK,2026-04-30T04:36:50.726872
RET-00000276,ORD-00008639,SKU-00350,4,2025-11-05,ARRIVED_LATE,GOOD,206.88,2025-11-07,DESTROY,2026-04-30T04:36:50.726872
RET-00000277,ORD-00011707,SKU-00799,1,2025-08-09,ARRIVED_LATE,FAIR,289.23,,RESTOCK,2026-04-30T04:36:50.726872
RET-00000278,ORD-00021830,SKU-00271,4,2026-04-20,DEFECTIVE,NEW,4944.36,2026-04-23,RETURN_TO_VENDOR,2026-04-30T04:36:50.726872
RET-00000279,ORD-00028500,SKU-00307,4,2026-01-29,CHANGED_MIND,NEW,4403.28,2026-02-02,RESTOCK,2026-04-30T04:36:50.726872
RET-00000280,ORD-00033067,SKU-00768,1,2025-08-16,DEFECTIVE,UNSELLABLE,566.65,,RESTOCK,2026-04-30T04:36:50.726872
RET-00000281,ORD-00023910,SKU-00627,2,2026-04-21,DEFECTIVE,NEW,239.44,2026-04-28,REFURBISH,2026-04-30T04:36:50.726872
RET-00000282,ORD-00008454,SKU-00836,2,2025-10-01,DUPLICATE_ORDER,GOOD,238.36,2025-10-08,DESTROY,2026-04-30T04:36:50.726872
RET-00000283,ORD-00026837,SKU-00052,5,2025-08-10,DEFECTIVE,UNSELLABLE,2940.9,,REFURBISH,2026-04-30T04:36:50.726872
RET-00000284,ORD-00048855,SKU-00348,4,2025-10-27,DAMAGED_TRANSIT,UNSELLABLE,1083.2,,RETURN_TO_VENDOR,2026-04-30T04:36:50.726872
RET-00000285,ORD-00043904,SKU-00398,2,2026-04-18,DAMAGED_TRANSIT,GOOD,1179.72,2026-04-23,RETURN_TO_VENDOR,2026-04-30T04:36:50.726872
RET-00000286,ORD-00014153,SKU-00856,3,2025-10-06,DAMAGED_TRANSIT,LIKE_NEW,2896.68,2025-10-10,REFURBISH,2026-04-30T04:36:50.726872
RET-00000287,ORD-00019462,SKU-00249,3,2025-11-30,CHANGED_MIND,GOOD,770.01,2025-12-02,DONATE,2026-04-30T04:36:50.726872
RET-00000288,ORD-00012650,SKU-00680,4,2025-07-04,DAMAGED_TRANSIT,NEW,898.88,2025-07-09,DESTROY,2026-04-30T04:36:50.726872
RET-00000289,ORD-00015237,SKU-00225,5,2026-04-20,DAMAGED_TRANSIT,LIKE_NEW,233.95,2026-04-27,DONATE,2026-04-30T04:36:50.726872
RET-00000290,ORD-00017894,SKU-00255,2,2025-07-21,DAMAGED_TRANSIT,LIKE_NEW,322.4,2025-07-26,DESTROY,2026-04-30T04:36:50.726872
RET-00000291,ORD-00008693,SKU-00597,3,2025-05-20,CHANGED_MIND,LIKE_NEW,1147.5,2025-05-25,RESTOCK,2026-04-30T04:36:50.726872
RET-00000292,ORD-00048002,SKU-00288,1,2025-08-14,DUPLICATE_ORDER,NEW,273.01,2025-08-21,RETURN_TO_VENDOR,2026-04-30T04:36:50.726872
RET-00000293,ORD-00046736,SKU-00058,4,2026-02-19,DAMAGED_TRANSIT,DAMAGED,5590.68,,RESTOCK,2026-04-30T04:36:50.726872
RET-00000294,ORD-00017636,SKU-00152,5,2025-10-28,ARRIVED_LATE,DAMAGED,4530.65,,REFURBISH,2026-04-30T04:36:50.726872
RET-00000295,ORD-00014106,SKU-00075,5,2025-09-08,DUPLICATE_ORDER,FAIR,898.7,,RETURN_TO_VENDOR,2026-04-30T04:36:50.726872
RET-00000296,ORD-00039045,SKU-00498,1,2025-05-31,DEFECTIVE,UNSELLABLE,425.47,,DONATE,2026-04-30T04:36:50.726872
RET-00000297,ORD-00037454,SKU-00448,1,2025-08-25,DUPLICATE_ORDER,UNSELLABLE,461.72,,RESTOCK,2026-04-30T04:36:50.726872
RET-00000298,ORD-00005164,SKU-00436,4,2025-07-23,DEFECTIVE,UNSELLABLE,1727.08,,RESTOCK,2026-04-30T04:36:50.726872
RET-00000299,ORD-00028262,SKU-00295,5,2025-05-03,WRONG_ITEM,LIKE_NEW,144.7,2025-05-05,RETURN_TO_VENDOR,2026-04-30T04:36:50.726872
RET-00000300,ORD-00025647,SKU-00013,4,2025-10-27,CHANGED_MIND,GOOD,2669.8,2025-11-01,RESTOCK,2026-04-30T04:36:50.726872
RET-00000301,ORD-00041987,SKU-00903,3,2026-01-02,ARRIVED_LATE,LIKE_NEW,1612.47,2026-01-09,DONATE,2026-04-30T04:36:50.726872
RET-00000302,ORD-00026031,SKU-00767,5,2025-06-27,DAMAGED_TRANSIT,NEW,674.85,2025-07-03,RESTOCK,2026-04-30T04:36:50.726872
RET-00000303,ORD-00005665,SKU-00997,3,2026-03-26,ARRIVED_LATE,LIKE_NEW,1975.98,2026-03-31,RESTOCK,2026-04-30T04:36:50.726872
RET-00000304,ORD-00007115,SKU-00236,4,2026-01-05,ARRIVED_LATE,GOOD,3252.16,2026-01-10,DESTROY,2026-04-30T04:36:50.726872
RET-00000305,ORD-00044004,SKU-00881,4,2025-10-14,DEFECTIVE,LIKE_NEW,683.8,2025-10-21,RESTOCK,2026-04-30T04:36:50.726872
RET-00000306,ORD-00021188,SKU-00143,4,2025-08-03,WRONG_ITEM,GOOD,3973.72,2025-08-05,RESTOCK,2026-04-30T04:36:50.726872
RET-00000307,ORD-00024362,SKU-00941,2,2025-08-05,DEFECTIVE,UNSELLABLE,821.3,,DESTROY,2026-04-30T04:36:50.726872
RET-00000308,ORD-00028266,SKU-00370,2,2025-05-26,ARRIVED_LATE,NEW,1136.18,2025-05-30,RESTOCK,2026-04-30T04:36:50.726872
RET-00000309,ORD-00047237,SKU-00234,5,2026-03-18,DAMAGED_TRANSIT,GOOD,3683.75,2026-03-21,DESTROY,2026-04-30T04:36:50.726872
RET-00000310,ORD-00023262,SKU-00652,2,2025-09-29,ARRIVED_LATE,GOOD,665.04,2025-09-30,RETURN_TO_VENDOR,2026-04-30T04:36:50.726872
RET-00000311,ORD-00000853,SKU-00789,1,2026-03-08,DUPLICATE_ORDER,FAIR,827.9,,RESTOCK,2026-04-30T04:36:50.726872
RET-00000312,ORD-00026367,SKU-00150,1,2025-07-16,DUPLICATE_ORDER,GOOD,12.22,2025-07-22,RESTOCK,2026-04-30T04:36:50.726872
RET-00000313,ORD-00007381,SKU-00147,1,2025-07-26,DUPLICATE_ORDER,GOOD,263.47,2025-07-29,REFURBISH,2026-04-30T04:36:50.726872
RET-00000314,ORD-00028781,SKU-00620,3,2025-11-15,NOT_AS_DESCRIBED,FAIR,1940.28,,RETURN_TO_VENDOR,2026-04-30T04:36:50.726872
RET-00000315,ORD-00047048,SKU-00658,3,2025-10-02,ARRIVED_LATE,GOOD,1443.99,2025-10-05,REFURBISH,2026-04-30T04:36:50.726872
RET-00000316,ORD-00014539,SKU-00566,4,2026-02-18,ARRIVED_LATE,UNSELLABLE,2842.68,,DONATE,2026-04-30T04:36:50.726872
RET-00000317,ORD-00045474,SKU-00895,2,2025-12-19,DAMAGED_TRANSIT,GOOD,395.02,2025-12-25,REFURBISH,2026-04-30T04:36:50.726872
RET-00000318,ORD-00024366,SKU-00413,3,2025-09-16,CHANGED_MIND,FAIR,13.05,,RESTOCK,2026-04-30T04:36:50.726872
RET-00000319,ORD-00002969,SKU-00355,2,2026-02-09,DAMAGED_TRANSIT,GOOD,2413.82,2026-02-14,DONATE,2026-04-30T04:36:50.726872
RET-00000320,ORD-00042545,SKU-00873,1,2025-06-09,DUPLICATE_ORDER,LIKE_NEW,523.16,2025-06-16,RESTOCK,2026-04-30T04:36:50.726872
RET-00000321,ORD-00042953,SKU-00191,3,2025-06-16,DEFECTIVE,LIKE_NEW,2333.43,2025-06-19,RESTOCK,2026-04-30T04:36:50.726872
RET-00000322,ORD-00016601,SKU-00111,1,2026-04-03,DUPLICATE_ORDER,DAMAGED,629.45,,DESTROY,2026-04-30T04:36:50.726872
RET-00000323,ORD-00010075,SKU-00715,3,2025-10-26,DEFECTIVE,DAMAGED,37.95,,RESTOCK,2026-04-30T04:36:50.726872
RET-00000324,ORD-00011439,SKU-00732,1,2025-09-28,CHANGED_MIND,NEW,383.92,2025-10-05,RESTOCK,2026-04-30T04:36:50.726872
RET-00000325,ORD-00026576,SKU-00976,3,2025-07-30,DAMAGED_TRANSIT,GOOD,312.9,2025-08-03,RETURN_TO_VENDOR,2026-04-30T04:36:50.726872
RET-00000326,ORD-00016532,SKU-00349,1,2025-05-01,DUPLICATE_ORDER,LIKE_NEW,743.95,2025-05-06,RESTOCK,2026-04-30T04:36:50.726872
RET-00000327,ORD-00011566,SKU-00722,2,2025-11-22,ARRIVED_LATE,DAMAGED,285.74,,REFURBISH,2026-04-30T04:36:50.726872
RET-00000328,ORD-00041477,SKU-00945,1,2025-05-30,DEFECTIVE,LIKE_NEW,162.22,2025-06-02,RESTOCK,2026-04-30T04:36:50.726872
RET-00000329,ORD-00034933,SKU-00782,2,2025-11-23,WRONG_ITEM,GOOD,259.0,2025-11-24,REFURBISH,2026-04-30T04:36:50.726872
RET-00000330,ORD-00004035,SKU-00784,4,2025-11-25,ARRIVED_LATE,UNSELLABLE,1790.76,,RESTOCK,2026-04-30T04:36:50.726872
RET-00000331,ORD-00000016,SKU-00987,4,2025-11-07,DUPLICATE_ORDER,UNSELLABLE,1888.64,,RESTOCK,2026-04-30T04:36:50.726872
RET-00000332,ORD-00009018,SKU-00602,2,2025-10-10,WRONG_ITEM,LIKE_NEW,1142.88,2025-10-14,RESTOCK,2026-04-30T04:36:50.726872
RET-00000333,ORD-00033040,SKU-00911,4,2025-08-03,DAMAGED_TRANSIT,DAMAGED,2265.04,,DONATE,2026-04-30T04:36:50.726872
RET-00000334,ORD-00006568,SKU-00216,2,2025-05-08,DUPLICATE_ORDER,FAIR,629.04,,RESTOCK,2026-04-30T04:36:50.726872
RET-00000335,ORD-00020442,SKU-00523,5,2025-10-11,NOT_AS_DESCRIBED,LIKE_NEW,1792.4,2025-10-12,RESTOCK,2026-04-30T04:36:50.726872
RET-00000336,ORD-00046467,SKU-00044,5,2025-09-15,ARRIVED_LATE,UNSELLABLE,3406.05,,RESTOCK,2026-04-30T04:36:50.726872
RET-00000337,ORD-00030437,SKU-00231,3,2025-12-15,DUPLICATE_ORDER,LIKE_NEW,57.24,2025-12-16,DONATE,2026-04-30T04:36:50.726872
RET-00000338,ORD-00042133,SKU-00958,3,2025-11-12,WRONG_ITEM,LIKE_NEW,1358.22,2025-11-14,REFURBISH,2026-04-30T04:36:50.726872
RET-00000339,ORD-00027445,SKU-00924,4,2025-12-02,NOT_AS_DESCRIBED,FAIR,1715.48,,DESTROY,2026-04-30T04:36:50.726872
RET-00000340,ORD-00042310,SKU-00323,3,2026-03-15,DEFECTIVE,GOOD,2029.89,2026-03-17,RETURN_TO_VENDOR,2026-04-30T04:36:50.726872
RET-00000341,ORD-00036673,SKU-00194,2,2026-01-01,ARRIVED_LATE,FAIR,146.5,,RESTOCK,2026-04-30T04:36:50.726872
RET-00000342,ORD-00043621,SKU-00423,2,2026-02-28,NOT_AS_DESCRIBED,DAMAGED,1990.38,,RETURN_TO_VENDOR,2026-04-30T04:36:50.726872
RET-00000343,ORD-00031897,SKU-00156,1,2025-09-30,WRONG_ITEM,GOOD,589.41,2025-10-05,RETURN_TO_VENDOR,2026-04-30T04:36:50.726872
RET-00000344,ORD-00027915,SKU-00765,4,2026-02-25,WRONG_ITEM,NEW,2540.32,2026-03-02,RESTOCK,2026-04-30T04:36:50.726872
RET-00000345,ORD-00016712,SKU-00663,3,2026-03-02,CHANGED_MIND,NEW,1320.93,2026-03-07,RESTOCK,2026-04-30T04:36:50.726872
RET-00000346,ORD-00020028,SKU-00042,3,2025-12-27,DAMAGED_TRANSIT,UNSELLABLE,519.81,,REFURBISH,2026-04-30T04:36:50.726872
RET-00000347,ORD-00001207,SKU-00392,2,2026-04-10,DAMAGED_TRANSIT,GOOD,1980.2,2026-04-13,REFURBISH,2026-04-30T04:36:50.726872
RET-00000348,ORD-00020281,SKU-00986,4,2025-12-16,CHANGED_MIND,NEW,1608.92,2025-12-19,RESTOCK,2026-04-30T04:36:50.726872
RET-00000349,ORD-00047522,SKU-00009,4,2025-11-26,DAMAGED_TRANSIT,GOOD,1611.16,2025-11-28,RESTOCK,2026-04-30T04:36:50.726872
RET-00000350,ORD-00010926,SKU-00864,2,2026-04-17,ARRIVED_LATE,NEW,2097.94,2026-04-18,REFURBISH,2026-04-30T04:36:50.726872
RET-00000351,ORD-00007886,SKU-00178,5,2026-02-27,DUPLICATE_ORDER,FAIR,4316.7,,REFURBISH,2026-04-30T04:36:50.726872
RET-00000352,ORD-00043834,SKU-00683,5,2026-03-06,WRONG_ITEM,DAMAGED,1796.25,,DESTROY,2026-04-30T04:36:50.726872
RET-00000353,ORD-00042944,SKU-00454,5,2025-12-31,DUPLICATE_ORDER,NEW,3272.05,2026-01-05,RETURN_TO_VENDOR,2026-04-30T04:36:50.726872
RET-00000354,ORD-00048495,SKU-00506,2,2025-11-19,DEFECTIVE,GOOD,2147.02,2025-11-24,RESTOCK,2026-04-30T04:36:50.726872
RET-00000355,ORD-00003133,SKU-00804,5,2026-02-08,CHANGED_MIND,NEW,6518.45,2026-02-14,RETURN_TO_VENDOR,2026-04-30T04:36:50.726872
RET-00000356,ORD-00013237,SKU-00751,5,2025-07-12,WRONG_ITEM,FAIR,1278.8,,RESTOCK,2026-04-30T04:36:50.726872
RET-00000357,ORD-00017427,SKU-00989,3,2025-05-17,NOT_AS_DESCRIBED,GOOD,1357.92,2025-05-24,REFURBISH,2026-04-30T04:36:50.726872
RET-00000358,ORD-00043844,SKU-00909,2,2025-11-30,DEFECTIVE,GOOD,1748.28,2025-12-01,RETURN_TO_VENDOR,2026-04-30T04:36:50.726872
RET-00000359,ORD-00019286,SKU-00154,2,2025-09-17,CHANGED_MIND,GOOD,368.98,2025-09-23,DONATE,2026-04-30T04:36:50.726872
RET-00000360,ORD-00038252,SKU-00290,2,2025-09-30,DUPLICATE_ORDER,DAMAGED,324.06,,RETURN_TO_VENDOR,2026-04-30T04:36:50.726872
RET-00000361,ORD-00031288,SKU-00973,4,2025-08-25,ARRIVED_LATE,FAIR,1062.76,,RESTOCK,2026-04-30T04:36:50.726872
RET-00000362,ORD-00046956,SKU-00949,5,2025-09-12,DUPLICATE_ORDER,FAIR,4381.45,,RESTOCK,2026-04-30T04:36:50.726872
RET-00000363,ORD-00014510,SKU-00394,4,2026-04-27,CHANGED_MIND,LIKE_NEW,2245.64,2026-04-30,DESTROY,2026-04-30T04:36:50.726872
RET-00000364,ORD-00035007,SKU-00485,3,2025-09-02,DEFECTIVE,UNSELLABLE,2867.67,,REFURBISH,2026-04-30T04:36:50.726872
RET-00000365,ORD-00024104,SKU-00106,3,2025-10-30,CHANGED_MIND,GOOD,13.26,2025-11-01,DESTROY,2026-04-30T04:36:50.726872
RET-00000366,ORD-00034074,SKU-00116,1,2026-02-06,WRONG_ITEM,GOOD,441.8,2026-02-09,DESTROY,2026-04-30T04:36:50.726872
RET-00000367,ORD-00030749,SKU-00907,1,2025-09-30,NOT_AS_DESCRIBED,FAIR,454.65,,RESTOCK,2026-04-30T04:36:50.726872
RET-00000368,ORD-00017653,SKU-00232,2,2026-03-18,NOT_AS_DESCRIBED,GOOD,754.96,2026-03-25,RESTOCK,2026-04-30T04:36:50.726872
RET-00000369,ORD-00039481,SKU-00172,3,2026-02-03,DEFECTIVE,GOOD,3147.45,2026-02-06,RESTOCK,2026-04-30T04:36:50.726872
RET-00000370,ORD-00023042,SKU-00518,1,2025-09-25,DAMAGED_TRANSIT,FAIR,103.22,,RESTOCK,2026-04-30T04:36:50.726872
RET-00000371,ORD-00040983,SKU-00556,4,2025-05-25,CHANGED_MIND,NEW,2136.32,2025-06-01,DESTROY,2026-04-30T04:36:50.726872
RET-00000372,ORD-00018643,SKU-00063,5,2025-10-05,WRONG_ITEM,DAMAGED,1067.25,,DONATE,2026-04-30T04:36:50.726872
RET-00000373,ORD-00013923,SKU-00859,3,2026-01-05,CHANGED_MIND,NEW,1846.62,2026-01-07,RESTOCK,2026-04-30T04:36:50.726872
RET-00000374,ORD-00003145,SKU-00941,2,2025-05-27,DUPLICATE_ORDER,DAMAGED,821.3,,REFURBISH,2026-04-30T04:36:50.726872
RET-00000375,ORD-00013176,SKU-00192,1,2025-05-19,DAMAGED_TRANSIT,NEW,148.15,2025-05-22,RESTOCK,2026-04-30T04:36:50.726872
RET-00000376,ORD-00007424,SKU-00548,3,2025-08-26,WRONG_ITEM,GOOD,1431.42,2025-08-29,RESTOCK,2026-04-30T04:36:50.726872
RET-00000377,ORD-00024804,SKU-00750,5,2026-01-12,CHANGED_MIND,UNSELLABLE,2848.55,,RETURN_TO_VENDOR,2026-04-30T04:36:50.726872
RET-00000378,ORD-00045217,SKU-00092,2,2025-11-25,DAMAGED_TRANSIT,NEW,241.66,2025-11-29,REFURBISH,2026-04-30T04:36:50.726872
RET-00000379,ORD-00040872,SKU-00302,1,2025-10-01,WRONG_ITEM,GOOD,1044.61,2025-10-06,DESTROY,2026-04-30T04:36:50.726872
RET-00000380,ORD-00037625,SKU-00203,1,2025-12-28,DEFECTIVE,NEW,321.49,2026-01-02,RETURN_TO_VENDOR,2026-04-30T04:36:50.726872
RET-00000381,ORD-00043181,SKU-00884,2,2026-04-06,WRONG_ITEM,NEW,22.52,2026-04-12,RESTOCK,2026-04-30T04:36:50.726872
RET-00000382,ORD-00003657,SKU-00106,3,2025-06-18,CHANGED_MIND,FAIR,13.26,,DONATE,2026-04-30T04:36:50.726872
RET-00000383,ORD-00019937,SKU-00902,4,2025-08-27,DEFECTIVE,UNSELLABLE,1165.4,,RESTOCK,2026-04-30T04:36:50.726872
RET-00000384,ORD-00017151,SKU-00192,5,2025-12-19,NOT_AS_DESCRIBED,UNSELLABLE,740.75,,RESTOCK,2026-04-30T04:36:50.726872
RET-00000385,ORD-00020263,SKU-00619,2,2026-03-02,ARRIVED_LATE,LIKE_NEW,301.3,2026-03-06,RESTOCK,2026-04-30T04:36:50.726872
RET-00000386,ORD-00026798,SKU-00290,3,2025-08-21,DEFECTIVE,UNSELLABLE,486.09,,RETURN_TO_VENDOR,2026-04-30T04:36:50.726872
RET-00000387,ORD-00019019,SKU-00881,2,2026-04-17,CHANGED_MIND,LIKE_NEW,341.9,2026-04-19,RESTOCK,2026-04-30T04:36:50.726872
RET-00000388,ORD-00011275,SKU-00094,5,2025-09-27,CHANGED_MIND,DAMAGED,3390.5,,RESTOCK,2026-04-30T04:36:50.726872
RET-00000389,ORD-00004032,SKU-01000,4,2026-02-24,NOT_AS_DESCRIBED,NEW,4572.6,2026-02-27,DONATE,2026-04-30T04:36:50.726872
RET-00000390,ORD-00045946,SKU-00399,1,2026-03-18,DUPLICATE_ORDER,LIKE_NEW,693.56,2026-03-19,RETURN_TO_VENDOR,2026-04-30T04:36:50.726872
RET-00000391,ORD-00010354,SKU-00203,4,2025-07-14,NOT_AS_DESCRIBED,GOOD,1285.96,2025-07-19,RESTOCK,2026-04-30T04:36:50.726872
RET-00000392,ORD-00015696,SKU-00169,4,2025-08-12,DAMAGED_TRANSIT,FAIR,4550.92,,REFURBISH,2026-04-30T04:36:50.726872
RET-00000393,ORD-00018098,SKU-00081,3,2025-09-05,DUPLICATE_ORDER,LIKE_NEW,1521.99,2025-09-10,RESTOCK,2026-04-30T04:36:50.726872
RET-00000394,ORD-00048039,SKU-00566,1,2025-06-27,DEFECTIVE,GOOD,710.67,2025-07-02,RESTOCK,2026-04-30T04:36:50.726872
RET-00000395,ORD-00000472,SKU-00574,3,2025-09-23,CHANGED_MIND,GOOD,1746.69,2025-09-30,RESTOCK,2026-04-30T04:36:50.726872
RET-00000396,ORD-00043037,SKU-00002,2,2026-02-24,ARRIVED_LATE,FAIR,2200.12,,RESTOCK,2026-04-30T04:36:50.726872
RET-00000397,ORD-00041615,SKU-00873,5,2025-11-03,DAMAGED_TRANSIT,GOOD,2615.8,2025-11-10,RESTOCK,2026-04-30T04:36:50.726872
RET-00000398,ORD-00033197,SKU-00842,2,2026-03-20,DUPLICATE_ORDER,LIKE_NEW,2026.6,2026-03-22,RETURN_TO_VENDOR,2026-04-30T04:36:50.726872
RET-00000399,ORD-00036477,SKU-00093,5,2025-06-08,DAMAGED_TRANSIT,GOOD,2379.25,2025-06-13,RETURN_TO_VENDOR,2026-04-30T04:36:50.726872
RET-00000400,ORD-00031464,SKU-00279,1,2025-11-04,CHANGED_MIND,UNSELLABLE,410.8,,RESTOCK,2026-04-30T04:36:50.726872
RET-00000401,ORD-00034543,SKU-00516,2,2026-01-27,DEFECTIVE,GOOD,465.08,2026-02-02,REFURBISH,2026-04-30T04:36:50.726872
RET-00000402,ORD-00041326,SKU-00657,3,2026-04-05,ARRIVED_LATE,DAMAGED,1151.19,,DONATE,2026-04-30T04:36:50.726872
RET-00000403,ORD-00042722,SKU-00688,4,2025-10-20,DUPLICATE_ORDER,GOOD,4794.4,2025-10-22,RESTOCK,2026-04-30T04:36:50.726872
RET-00000404,ORD-00037321,SKU-00338,5,2025-10-04,DEFECTIVE,GOOD,2209.3,2025-10-05,REFURBISH,2026-04-30T04:36:50.726872
RET-00000405,ORD-00032609,SKU-00552,4,2025-10-11,DAMAGED_TRANSIT,DAMAGED,3362.68,,RESTOCK,2026-04-30T04:36:50.726872
RET-00000406,ORD-00046173,SKU-00270,5,2025-05-02,DUPLICATE_ORDER,NEW,1228.5,2025-05-07,RESTOCK,2026-04-30T04:36:50.726872
RET-00000407,ORD-00038431,SKU-00822,2,2026-04-29,CHANGED_MIND,UNSELLABLE,90.12,,RESTOCK,2026-04-30T04:36:50.726872
RET-00000408,ORD-00040106,SKU-00418,5,2026-01-12,DEFECTIVE,FAIR,657.45,,RESTOCK,2026-04-30T04:36:50.726872
RET-00000409,ORD-00010908,SKU-00868,2,2025-08-09,DEFECTIVE,LIKE_NEW,323.66,2025-08-11,DONATE,2026-04-30T04:36:50.726872
RET-00000410,ORD-00001776,SKU-00925,3,2025-10-05,NOT_AS_DESCRIBED,GOOD,14.7,2025-10-08,RESTOCK,2026-04-30T04:36:50.726872
RET-00000411,ORD-00007590,SKU-00427,5,2025-11-20,WRONG_ITEM,DAMAGED,2545.2,,RETURN_TO_VENDOR,2026-04-30T04:36:50.726872
RET-00000412,ORD-00047090,SKU-00015,1,2026-02-10,NOT_AS_DESCRIBED,GOOD,937.64,2026-02-12,RESTOCK,2026-04-30T04:36:50.726872
RET-00000413,ORD-00043251,SKU-00135,3,2026-03-25,DUPLICATE_ORDER,LIKE_NEW,3783.15,2026-03-30,RETURN_TO_VENDOR,2026-04-30T04:36:50.726872
RET-00000414,ORD-00014708,SKU-00371,5,2025-11-07,CHANGED_MIND,GOOD,2553.05,2025-11-14,RESTOCK,2026-04-30T04:36:50.726872
RET-00000415,ORD-00002549,SKU-00346,4,2026-04-09,CHANGED_MIND,NEW,2469.84,2026-04-11,RETURN_TO_VENDOR,2026-04-30T04:36:50.726872
RET-00000416,ORD-00016634,SKU-00416,5,2025-06-11,ARRIVED_LATE,UNSELLABLE,714.6,,DONATE,2026-04-30T04:36:50.726872
RET-00000417,ORD-00014442,SKU-00564,5,2025-12-13,NOT_AS_DESCRIBED,UNSELLABLE,3037.45,,DONATE,2026-04-30T04:36:50.726872
RET-00000418,ORD-00023390,SKU-00258,2,2025-07-18,ARRIVED_LATE,LIKE_NEW,570.94,2025-07-20,RESTOCK,2026-04-30T04:36:50.726872
RET-00000419,ORD-00045488,SKU-00345,3,2026-01-26,ARRIVED_LATE,NEW,3469.08,2026-01-30,RESTOCK,2026-04-30T04:36:50.726872
RET-00000420,ORD-00023619,SKU-00401,4,2025-10-20,ARRIVED_LATE,LIKE_NEW,2898.84,2025-10-27,RETURN_TO_VENDOR,2026-04-30T04:36:50.726872
RET-00000421,ORD-00008233,SKU-00534,1,2025-09-07,CHANGED_MIND,GOOD,631.29,2025-09-10,REFURBISH,2026-04-30T04:36:50.726872
RET-00000422,ORD-00036840,SKU-00817,2,2025-10-07,NOT_AS_DESCRIBED,UNSELLABLE,1985.34,,RESTOCK,2026-04-30T04:36:50.726872
RET-00000423,ORD-00043383,SKU-00147,1,2025-05-05,CHANGED_MIND,UNSELLABLE,263.47,,RESTOCK,2026-04-30T04:36:50.726872
RET-00000424,ORD-00035016,SKU-00038,2,2025-11-01,ARRIVED_LATE,UNSELLABLE,923.72,,REFURBISH,2026-04-30T04:36:50.726872
RET-00000425,ORD-00039537,SKU-00447,2,2025-05-09,WRONG_ITEM,FAIR,396.4,,REFURBISH,2026-04-30T04:36:50.726872
RET-00000426,ORD-00031534,SKU-00474,3,2025-09-14,WRONG_ITEM,GOOD,2487.12,2025-09-17,RESTOCK,2026-04-30T04:36:50.726872
RET-00000427,ORD-00042920,SKU-00108,5,2026-01-21,ARRIVED_LATE,UNSELLABLE,2577.75,,RESTOCK,2026-04-30T04:36:50.726872
RET-00000428,ORD-00037771,SKU-00410,4,2025-10-12,DAMAGED_TRANSIT,NEW,5138.72,2025-10-15,RESTOCK,2026-04-30T04:36:50.726872
RET-00000429,ORD-00033013,SKU-00416,4,2025-11-22,NOT_AS_DESCRIBED,UNSELLABLE,571.68,,RETURN_TO_VENDOR,2026-04-30T04:36:50.726872
RET-00000430,ORD-00031280,SKU-00384,5,2025-09-27,WRONG_ITEM,UNSELLABLE,4036.65,,DESTROY,2026-04-30T04:36:50.726872
RET-00000431,ORD-00031563,SKU-00399,3,2025-06-29,NOT_AS_DESCRIBED,FAIR,2080.68,,REFURBISH,2026-04-30T04:36:50.726872
RET-00000432,ORD-00011045,SKU-00093,5,2025-09-19,DUPLICATE_ORDER,GOOD,2379.25,2025-09-24,RETURN_TO_VENDOR,2026-04-30T04:36:50.726872
RET-00000433,ORD-00040201,SKU-00865,1,2025-10-14,DAMAGED_TRANSIT,LIKE_NEW,39.77,2025-10-18,RETURN_TO_VENDOR,2026-04-30T04:36:50.726872
RET-00000434,ORD-00035425,SKU-00773,5,2025-05-03,DEFECTIVE,GOOD,2231.45,2025-05-04,REFURBISH,2026-04-30T04:36:50.726872
RET-00000435,ORD-00035431,SKU-00435,1,2025-08-24,NOT_AS_DESCRIBED,GOOD,807.36,2025-08-27,DESTROY,2026-04-30T04:36:50.726872
RET-00000436,ORD-00005430,SKU-00751,3,2026-01-05,ARRIVED_LATE,FAIR,767.28,,RESTOCK,2026-04-30T04:36:50.726872
RET-00000437,ORD-00037279,SKU-00715,2,2025-12-10,WRONG_ITEM,NEW,25.3,2025-12-12,RESTOCK,2026-04-30T04:36:50.726872
RET-00000438,ORD-00022417,SKU-00138,1,2025-08-10,CHANGED_MIND,LIKE_NEW,857.75,2025-08-17,RESTOCK,2026-04-30T04:36:50.726872
RET-00000439,ORD-00024364,SKU-00031,5,2025-10-07,DAMAGED_TRANSIT,DAMAGED,6899.0,,REFURBISH,2026-04-30T04:36:50.726872
RET-00000440,ORD-00026015,SKU-00500,4,2025-06-26,ARRIVED_LATE,LIKE_NEW,2931.28,2025-07-03,DONATE,2026-04-30T04:36:50.726872
RET-00000441,ORD-00025624,SKU-00728,3,2025-05-06,ARRIVED_LATE,DAMAGED,421.89,,RESTOCK,2026-04-30T04:36:50.726872
RET-00000442,ORD-00002382,SKU-00315,1,2026-01-18,DAMAGED_TRANSIT,NEW,755.21,2026-01-19,RESTOCK,2026-04-30T04:36:50.726872
RET-00000443,ORD-00011466,SKU-00529,2,2025-06-25,DUPLICATE_ORDER,DAMAGED,491.62,,REFURBISH,2026-04-30T04:36:50.726872
RET-00000444,ORD-00009440,SKU-00462,1,2025-09-21,CHANGED_MIND,LIKE_NEW,1007.46,2025-09-24,REFURBISH,2026-04-30T04:36:50.726872
RET-00000445,ORD-00019014,SKU-00469,4,2025-12-02,DAMAGED_TRANSIT,LIKE_NEW,2062.76,2025-12-04,DESTROY,2026-04-30T04:36:50.726872
RET-00000446,ORD-00017513,SKU-00345,3,2025-08-10,CHANGED_MIND,GOOD,3469.08,2025-08-11,RESTOCK,2026-04-30T04:36:50.726872
RET-00000447,ORD-00010621,SKU-00519,2,2025-12-02,CHANGED_MIND,UNSELLABLE,874.9,,REFURBISH,2026-04-30T04:36:50.726872
RET-00000448,ORD-00035366,SKU-00480,4,2025-10-08,ARRIVED_LATE,LIKE_NEW,3319.24,2025-10-09,RESTOCK,2026-04-30T04:36:50.726872
RET-00000449,ORD-00013284,SKU-00369,5,2025-11-12,NOT_AS_DESCRIBED,UNSELLABLE,4684.15,,DESTROY,2026-04-30T04:36:50.726872
RET-00000450,ORD-00040692,SKU-00949,4,2026-01-29,DEFECTIVE,GOOD,3505.16,2026-01-30,DESTROY,2026-04-30T04:36:50.726872
RET-00000451,ORD-00027893,SKU-00320,4,2025-11-25,WRONG_ITEM,LIKE_NEW,3818.96,2025-12-01,DESTROY,2026-04-30T04:36:50.726872
RET-00000452,ORD-00010635,SKU-00473,2,2025-12-18,CHANGED_MIND,NEW,1859.2,2025-12-24,RETURN_TO_VENDOR,2026-04-30T04:36:50.726872
RET-00000453,ORD-00015714,SKU-00458,3,2025-07-21,DAMAGED_TRANSIT,GOOD,28.71,2025-07-26,DESTROY,2026-04-30T04:36:50.726872
RET-00000454,ORD-00003143,SKU-00604,2,2025-12-18,WRONG_ITEM,NEW,2114.58,2025-12-25,REFURBISH,2026-04-30T04:36:50.726872
RET-00000455,ORD-00021861,SKU-00676,4,2025-12-28,DAMAGED_TRANSIT,DAMAGED,268.68,,RESTOCK,2026-04-30T04:36:50.726872
RET-00000456,ORD-00019773,SKU-00156,1,2025-12-19,NOT_AS_DESCRIBED,GOOD,589.41,2025-12-23,REFURBISH,2026-04-30T04:36:50.726872
RET-00000457,ORD-00009281,SKU-00440,4,2025-06-16,ARRIVED_LATE,FAIR,3198.8,,RESTOCK,2026-04-30T04:36:50.726872
RET-00000458,ORD-00026371,SKU-00129,4,2026-04-03,ARRIVED_LATE,GOOD,3209.96,2026-04-07,RESTOCK,2026-04-30T04:36:50.726872
RET-00000459,ORD-00001790,SKU-00776,3,2026-01-01,DAMAGED_TRANSIT,DAMAGED,293.13,,RETURN_TO_VENDOR,2026-04-30T04:36:50.726872
RET-00000460,ORD-00002422,SKU-00699,1,2025-10-28,WRONG_ITEM,FAIR,922.63,,DESTROY,2026-04-30T04:36:50.726872
RET-00000461,ORD-00045527,SKU-00511,5,2025-06-29,WRONG_ITEM,GOOD,6495.55,2025-07-05,RESTOCK,2026-04-30T04:36:50.726872
RET-00000462,ORD-00022293,SKU-00696,2,2025-08-22,NOT_AS_DESCRIBED,LIKE_NEW,1735.94,2025-08-29,RESTOCK,2026-04-30T04:36:50.726872
RET-00000463,ORD-00032732,SKU-00774,4,2025-06-13,DUPLICATE_ORDER,NEW,1373.76,2025-06-19,DESTROY,2026-04-30T04:36:50.726872
RET-00000464,ORD-00005856,SKU-00912,4,2025-11-11,NOT_AS_DESCRIBED,GOOD,3405.28,2025-11-13,REFURBISH,2026-04-30T04:36:50.726872
RET-00000465,ORD-00035234,SKU-00675,3,2025-12-24,CHANGED_MIND,GOOD,482.01,2025-12-25,RETURN_TO_VENDOR,2026-04-30T04:36:50.726872
RET-00000466,ORD-00031277,SKU-00427,5,2026-01-07,NOT_AS_DESCRIBED,FAIR,2545.2,,RESTOCK,2026-04-30T04:36:50.726872
RET-00000467,ORD-00016363,SKU-00195,2,2026-01-26,DAMAGED_TRANSIT,GOOD,601.2,2026-02-01,RESTOCK,2026-04-30T04:36:50.726872
RET-00000468,ORD-00010380,SKU-00103,1,2025-07-20,ARRIVED_LATE,GOOD,230.98,2025-07-24,RESTOCK,2026-04-30T04:36:50.726872
RET-00000469,ORD-00026782,SKU-00616,4,2025-11-01,DEFECTIVE,DAMAGED,515.6,,RESTOCK,2026-04-30T04:36:50.726872
RET-00000470,ORD-00019738,SKU-00812,4,2025-11-11,WRONG_ITEM,GOOD,1006.0,2025-11-18,RESTOCK,2026-04-30T04:36:50.726872
RET-00000471,ORD-00017579,SKU-00871,1,2025-09-23,CHANGED_MIND,GOOD,650.85,2025-09-27,RETURN_TO_VENDOR,2026-04-30T04:36:50.726872
RET-00000472,ORD-00027019,SKU-00358,5,2025-08-12,DAMAGED_TRANSIT,DAMAGED,5402.75,,DESTROY,2026-04-30T04:36:50.726872
RET-00000473,ORD-00002404,SKU-00810,4,2025-12-21,DEFECTIVE,GOOD,300.64,2025-12-25,RESTOCK,2026-04-30T04:36:50.726872
RET-00000474,ORD-00025388,SKU-00200,1,2026-03-06,WRONG_ITEM,LIKE_NEW,643.63,2026-03-09,REFURBISH,2026-04-30T04:36:50.726872
RET-00000475,ORD-00027739,SKU-00610,1,2025-07-19,ARRIVED_LATE,DAMAGED,719.36,,DONATE,2026-04-30T04:36:50.726872
RET-00000476,ORD-00030846,SKU-00011,2,2025-07-24,NOT_AS_DESCRIBED,NEW,2180.52,2025-07-28,DONATE,2026-04-30T04:36:50.726872
RET-00000477,ORD-00028839,SKU-00455,5,2025-07-03,WRONG_ITEM,UNSELLABLE,1913.75,,RESTOCK,2026-04-30T04:36:50.726872
RET-00000478,ORD-00041483,SKU-00904,2,2025-12-04,NOT_AS_DESCRIBED,DAMAGED,1879.74,,RETURN_TO_VENDOR,2026-04-30T04:36:50.726872
RET-00000479,ORD-00049142,SKU-00367,2,2025-09-03,ARRIVED_LATE,FAIR,1348.62,,RESTOCK,2026-04-30T04:36:50.726872
RET-00000480,ORD-00005464,SKU-00809,2,2025-11-29,DUPLICATE_ORDER,GOOD,637.82,2025-12-06,RESTOCK,2026-04-30T04:36:50.726872
RET-00000481,ORD-00019912,SKU-00442,4,2025-07-18,WRONG_ITEM,GOOD,1602.96,2025-07-22,RESTOCK,2026-04-30T04:36:50.726872
RET-00000482,ORD-00028576,SKU-00922,1,2026-01-16,DUPLICATE_ORDER,UNSELLABLE,1506.21,,DESTROY,2026-04-30T04:36:50.726872
RET-00000483,ORD-00041717,SKU-00805,2,2026-01-06,DUPLICATE_ORDER,GOOD,1484.24,2026-01-12,REFURBISH,2026-04-30T04:36:50.726872
RET-00000484,ORD-00028826,SKU-00719,1,2025-05-14,DAMAGED_TRANSIT,DAMAGED,952.9,,DESTROY,2026-04-30T04:36:50.726872
RET-00000485,ORD-00015998,SKU-00266,3,2025-05-17,NOT_AS_DESCRIBED,LIKE_NEW,2174.88,2025-05-20,RESTOCK,2026-04-30T04:36:50.726872
RET-00000486,ORD-00001215,SKU-00898,1,2025-10-10,DAMAGED_TRANSIT,GOOD,1297.43,2025-10-15,RESTOCK,2026-04-30T04:36:50.726872
RET-00000487,ORD-00006504,SKU-00621,4,2026-02-19,ARRIVED_LATE,LIKE_NEW,2519.76,2026-02-22,DESTROY,2026-04-30T04:36:50.726872
RET-00000488,ORD-00001370,SKU-00436,4,2026-04-16,DUPLICATE_ORDER,LIKE_NEW,1727.08,2026-04-23,DONATE,2026-04-30T04:36:50.726872
RET-00000489,ORD-00027290,SKU-00882,2,2025-08-06,WRONG_ITEM,FAIR,387.38,,RESTOCK,2026-04-30T04:36:50.726872
RET-00000490,ORD-00048646,SKU-00437,1,2026-04-06,NOT_AS_DESCRIBED,NEW,781.17,2026-04-11,RESTOCK,2026-04-30T04:36:50.726872
RET-00000491,ORD-00043334,SKU-00892,3,2026-02-11,DEFECTIVE,FAIR,986.64,,REFURBISH,2026-04-30T04:36:50.726872
RET-00000492,ORD-00039184,SKU-00472,2,2025-09-08,CHANGED_MIND,DAMAGED,1401.64,,RESTOCK,2026-04-30T04:36:50.726872
RET-00000493,ORD-00016419,SKU-00509,3,2025-06-09,WRONG_ITEM,LIKE_NEW,328.86,2025-06-10,DESTROY,2026-04-30T04:36:50.726872
RET-00000494,ORD-00008459,SKU-00954,3,2025-10-29,DEFECTIVE,LIKE_NEW,1176.36,2025-10-30,RETURN_TO_VENDOR,2026-04-30T04:36:50.726872
RET-00000495,ORD-00020273,SKU-00042,4,2025-08-06,DUPLICATE_ORDER,DAMAGED,693.08,,RESTOCK,2026-04-30T04:36:50.726872
RET-00000496,ORD-00047823,SKU-00934,2,2025-10-29,NOT_AS_DESCRIBED,GOOD,1263.06,2025-11-04,RETURN_TO_VENDOR,2026-04-30T04:36:50.726872
RET-00000497,ORD-00010645,SKU-00869,5,2025-12-15,DEFECTIVE,NEW,656.45,2025-12-20,DONATE,2026-04-30T04:36:50.726872
RET-00000498,ORD-00008662,SKU-00773,1,2025-09-13,WRONG_ITEM,FAIR,446.29,,RETURN_TO_VENDOR,2026-04-30T04:36:50.726872
RET-00000499,ORD-00028159,SKU-00547,5,2025-07-16,CHANGED_MIND,GOOD,1237.75,2025-07-20,DESTROY,2026-04-30T04:36:50.726872
RET-00000500,ORD-00015730,SKU-00071,2,2025-07-12,WRONG_ITEM,UNSELLABLE,1544.34,,RETURN_TO_VENDOR,2026-04-30T04:36:50.726872
RET-00000501,ORD-00030461,SKU-00238,4,2025-07-16,DUPLICATE_ORDER,NEW,1756.84,2025-07-20,DESTROY,2026-04-30T04:36:50.726872
RET-00000502,ORD-00007211,SKU-00827,5,2025-06-18,ARRIVED_LATE,GOOD,2162.35,2025-06-20,RESTOCK,2026-04-30T04:36:50.726872
RET-00000503,ORD-00014360,SKU-00609,1,2026-02-08,NOT_AS_DESCRIBED,UNSELLABLE,788.31,,RESTOCK,2026-04-30T04:36:50.726872
RET-00000504,ORD-00022223,SKU-00780,3,2026-04-14,ARRIVED_LATE,GOOD,320.16,2026-04-20,REFURBISH,2026-04-30T04:36:50.726872
RET-00000505,ORD-00025367,SKU-00083,5,2026-03-25,DUPLICATE_ORDER,LIKE_NEW,3894.05,2026-03-29,DONATE,2026-04-30T04:36:50.726872
RET-00000506,ORD-00046428,SKU-00188,2,2025-10-25,NOT_AS_DESCRIBED,LIKE_NEW,974.66,2025-10-31,RESTOCK,2026-04-30T04:36:50.726872
RET-00000507,ORD-00039277,SKU-00044,2,2025-12-02,ARRIVED_LATE,LIKE_NEW,1362.42,2025-12-05,RETURN_TO_VENDOR,2026-04-30T04:36:50.726872
RET-00000508,ORD-00015534,SKU-00690,4,2025-06-29,NOT_AS_DESCRIBED,LIKE_NEW,2140.92,2025-07-03,RESTOCK,2026-04-30T04:36:50.726872
RET-00000509,ORD-00009251,SKU-00125,1,2026-01-31,DAMAGED_TRANSIT,DAMAGED,366.65,,REFURBISH,2026-04-30T04:36:50.726872
RET-00000510,ORD-00021747,SKU-00075,5,2025-06-25,CHANGED_MIND,GOOD,898.7,2025-07-02,DONATE,2026-04-30T04:36:50.726872
RET-00000511,ORD-00027098,SKU-00004,2,2026-03-20,DUPLICATE_ORDER,DAMAGED,1387.34,,RESTOCK,2026-04-30T04:36:50.726872
RET-00000512,ORD-00019121,SKU-00745,1,2025-08-18,CHANGED_MIND,GOOD,535.71,2025-08-24,RESTOCK,2026-04-30T04:36:50.726872
RET-00000513,ORD-00009400,SKU-00595,2,2026-04-08,ARRIVED_LATE,DAMAGED,330.32,,DESTROY,2026-04-30T04:36:50.726872
RET-00000514,ORD-00009220,SKU-00086,2,2025-12-11,WRONG_ITEM,GOOD,695.44,2025-12-18,DONATE,2026-04-30T04:36:50.726872
RET-00000515,ORD-00036648,SKU-00275,3,2025-05-17,WRONG_ITEM,LIKE_NEW,309.39,2025-05-19,DONATE,2026-04-30T04:36:50.726872
RET-00000516,ORD-00002388,SKU-00871,4,2026-02-06,DAMAGED_TRANSIT,GOOD,2603.4,2026-02-09,RESTOCK,2026-04-30T04:36:50.726872
RET-00000517,ORD-00043092,SKU-00686,2,2025-05-04,WRONG_ITEM,LIKE_NEW,2336.44,2025-05-06,RESTOCK,2026-04-30T04:36:50.726872
RET-00000518,ORD-00004067,SKU-00239,3,2025-08-30,NOT_AS_DESCRIBED,NEW,1743.81,2025-09-02,RESTOCK,2026-04-30T04:36:50.726872
RET-00000519,ORD-00049366,SKU-00293,4,2026-04-01,DUPLICATE_ORDER,FAIR,501.08,,REFURBISH,2026-04-30T04:36:50.726872
RET-00000520,ORD-00007874,SKU-00507,2,2025-08-23,DUPLICATE_ORDER,GOOD,35.94,2025-08-28,DESTROY,2026-04-30T04:36:50.726872
RET-00000521,ORD-00025249,SKU-00241,1,2025-11-02,DEFECTIVE,LIKE_NEW,632.45,2025-11-04,REFURBISH,2026-04-30T04:36:50.726872
RET-00000522,ORD-00049631,SKU-00746,4,2025-09-18,CHANGED_MIND,FAIR,3346.2,,RESTOCK,2026-04-30T04:36:50.726872
RET-00000523,ORD-00034546,SKU-00386,3,2025-11-25,DEFECTIVE,GOOD,951.42,2025-11-30,REFURBISH,2026-04-30T04:36:50.726872
RET-00000524,ORD-00006581,SKU-00242,2,2025-12-25,DAMAGED_TRANSIT,FAIR,2139.24,,RESTOCK,2026-04-30T04:36:50.726872
RET-00000525,ORD-00044260,SKU-00271,2,2025-12-18,WRONG_ITEM,FAIR,2472.18,,RETURN_TO_VENDOR,2026-04-30T04:36:50.726872
RET-00000526,ORD-00014681,SKU-00362,5,2025-05-25,DEFECTIVE,UNSELLABLE,4214.95,,RESTOCK,2026-04-30T04:36:50.726872
RET-00000527,ORD-00012540,SKU-00112,5,2025-10-22,DUPLICATE_ORDER,LIKE_NEW,4938.1,2025-10-29,RESTOCK,2026-04-30T04:36:50.726872
RET-00000528,ORD-00004440,SKU-00469,4,2026-04-07,ARRIVED_LATE,UNSELLABLE,2062.76,,RESTOCK,2026-04-30T04:36:50.726872
RET-00000529,ORD-00015967,SKU-00833,2,2025-05-15,DEFECTIVE,UNSELLABLE,188.46,,RESTOCK,2026-04-30T04:36:50.726872
RET-00000530,ORD-00046565,SKU-00671,3,2025-06-06,CHANGED_MIND,GOOD,2219.16,2025-06-11,RETURN_TO_VENDOR,2026-04-30T04:36:50.726872
RET-00000531,ORD-00039574,SKU-00826,4,2025-11-25,CHANGED_MIND,GOOD,450.6,2025-11-30,RESTOCK,2026-04-30T04:36:50.726872
RET-00000532,ORD-00002833,SKU-00537,5,2025-12-29,ARRIVED_LATE,NEW,3785.45,2026-01-05,REFURBISH,2026-04-30T04:36:50.726872
RET-00000533,ORD-00005577,SKU-00537,1,2026-04-17,NOT_AS_DESCRIBED,UNSELLABLE,757.09,,RESTOCK,2026-04-30T04:36:50.726872
RET-00000534,ORD-00025807,SKU-00447,3,2025-06-01,WRONG_ITEM,NEW,594.6,2025-06-05,RETURN_TO_VENDOR,2026-04-30T04:36:50.726872
RET-00000535,ORD-00022456,SKU-00692,5,2026-01-18,CHANGED_MIND,GOOD,2037.75,2026-01-24,RETURN_TO_VENDOR,2026-04-30T04:36:50.726872
RET-00000536,ORD-00035104,SKU-00480,5,2026-03-10,ARRIVED_LATE,DAMAGED,4149.05,,RESTOCK,2026-04-30T04:36:50.726872
RET-00000537,ORD-00025461,SKU-00141,1,2025-08-02,NOT_AS_DESCRIBED,UNSELLABLE,687.96,,DESTROY,2026-04-30T04:36:50.726872
RET-00000538,ORD-00011506,SKU-00457,3,2026-04-03,ARRIVED_LATE,UNSELLABLE,1165.44,,DESTROY,2026-04-30T04:36:50.726872
RET-00000539,ORD-00039390,SKU-00414,1,2025-11-18,NOT_AS_DESCRIBED,GOOD,335.92,2025-11-24,REFURBISH,2026-04-30T04:36:50.726872
RET-00000540,ORD-00001417,SKU-00035,4,2026-04-24,DAMAGED_TRANSIT,DAMAGED,1542.24,,DESTROY,2026-04-30T04:36:50.726872
RET-00000541,ORD-00017115,SKU-00136,3,2025-11-16,DAMAGED_TRANSIT,GOOD,670.65,2025-11-17,DESTROY,2026-04-30T04:36:50.726872
RET-00000542,ORD-00042838,SKU-00058,2,2025-12-20,DAMAGED_TRANSIT,DAMAGED,2795.34,,DONATE,2026-04-30T04:36:50.726872
RET-00000543,ORD-00044958,SKU-00138,1,2026-04-19,WRONG_ITEM,GOOD,857.75,2026-04-20,REFURBISH,2026-04-30T04:36:50.726872
RET-00000544,ORD-00007128,SKU-00423,4,2026-04-05,CHANGED_MIND,NEW,3980.76,2026-04-11,RETURN_TO_VENDOR,2026-04-30T04:36:50.726872
RET-00000545,ORD-00045359,SKU-00900,3,2025-06-11,WRONG_ITEM,NEW,1410.39,2025-06-12,REFURBISH,2026-04-30T04:36:50.726872
RET-00000546,ORD-00035805,SKU-00748,2,2026-02-27,WRONG_ITEM,GOOD,1582.4,2026-03-06,DESTROY,2026-04-30T04:36:50.726872
RET-00000547,ORD-00036895,SKU-00850,4,2025-10-08,CHANGED_MIND,LIKE_NEW,2221.52,2025-10-14,DESTROY,2026-04-30T04:36:50.726872
RET-00000548,ORD-00005764,SKU-00736,2,2025-08-28,NOT_AS_DESCRIBED,DAMAGED,661.24,,DONATE,2026-04-30T04:36:50.726872
RET-00000549,ORD-00019001,SKU-00416,1,2026-04-16,NOT_AS_DESCRIBED,FAIR,142.92,,RESTOCK,2026-04-30T04:36:50.726872
RET-00000550,ORD-00039215,SKU-00331,3,2026-02-06,WRONG_ITEM,NEW,1520.88,2026-02-07,DONATE,2026-04-30T04:36:50.726872
RET-00000551,ORD-00017626,SKU-00572,2,2025-08-31,CHANGED_MIND,GOOD,228.56,2025-09-03,RETURN_TO_VENDOR,2026-04-30T04:36:50.726872
RET-00000552,ORD-00008954,SKU-00201,3,2025-12-28,DEFECTIVE,NEW,2406.99,2025-12-31,DESTROY,2026-04-30T04:36:50.726872
RET-00000553,ORD-00000274,SKU-00748,3,2025-08-16,WRONG_ITEM,LIKE_NEW,2373.6,2025-08-22,REFURBISH,2026-04-30T04:36:50.726872
RET-00000554,ORD-00033506,SKU-00108,4,2025-09-04,ARRIVED_LATE,DAMAGED,2062.2,,DESTROY,2026-04-30T04:36:50.726872
RET-00000555,ORD-00035952,SKU-00992,4,2026-04-21,CHANGED_MIND,DAMAGED,3141.48,,REFURBISH,2026-04-30T04:36:50.726872
RET-00000556,ORD-00035139,SKU-00620,3,2025-11-11,NOT_AS_DESCRIBED,GOOD,1940.28,2025-11-16,RESTOCK,2026-04-30T04:36:50.726872
RET-00000557,ORD-00006722,SKU-00515,3,2026-01-28,WRONG_ITEM,LIKE_NEW,1950.3,2026-01-30,REFURBISH,2026-04-30T04:36:50.726872
RET-00000558,ORD-00017239,SKU-00178,5,2025-07-28,DAMAGED_TRANSIT,LIKE_NEW,4316.7,2025-08-01,RESTOCK,2026-04-30T04:36:50.726872
RET-00000559,ORD-00048777,SKU-00552,2,2025-07-29,DAMAGED_TRANSIT,FAIR,1681.34,,DESTROY,2026-04-30T04:36:50.726872
RET-00000560,ORD-00007812,SKU-00657,1,2025-05-04,DEFECTIVE,GOOD,383.73,2025-05-08,RESTOCK,2026-04-30T04:36:50.726872
RET-00000561,ORD-00017101,SKU-00574,5,2026-01-30,DUPLICATE_ORDER,LIKE_NEW,2911.15,2026-02-04,RESTOCK,2026-04-30T04:36:50.726872
RET-00000562,ORD-00024799,SKU-00700,3,2026-02-12,DUPLICATE_ORDER,NEW,830.46,2026-02-13,RESTOCK,2026-04-30T04:36:50.726872
RET-00000563,ORD-00049768,SKU-00268,4,2025-06-09,DUPLICATE_ORDER,GOOD,2057.52,2025-06-13,RESTOCK,2026-04-30T04:36:50.726872
RET-00000564,ORD-00049661,SKU-00010,3,2026-02-20,ARRIVED_LATE,GOOD,953.88,2026-02-24,RESTOCK,2026-04-30T04:36:50.726872
RET-00000565,ORD-00028484,SKU-00066,2,2025-10-07,CHANGED_MIND,LIKE_NEW,1371.74,2025-10-11,RESTOCK,2026-04-30T04:36:50.726872
RET-00000566,ORD-00022637,SKU-00087,3,2025-07-13,NOT_AS_DESCRIBED,NEW,296.85,2025-07-15,DONATE,2026-04-30T04:36:50.726872
RET-00000567,ORD-00045389,SKU-00839,4,2025-11-19,CHANGED_MIND,NEW,970.04,2025-11-23,REFURBISH,2026-04-30T04:36:50.726872
RET-00000568,ORD-00009889,SKU-00994,1,2025-08-28,NOT_AS_DESCRIBED,GOOD,360.55,2025-08-31,RETURN_TO_VENDOR,2026-04-30T04:36:50.726872
RET-00000569,ORD-00041064,SKU-00342,3,2026-02-13,WRONG_ITEM,FAIR,1641.39,,RESTOCK,2026-04-30T04:36:50.726872
RET-00000570,ORD-00034511,SKU-00945,1,2026-04-09,WRONG_ITEM,GOOD,162.22,2026-04-14,RETURN_TO_VENDOR,2026-04-30T04:36:50.726872
RET-00000571,ORD-00002409,SKU-00132,3,2026-03-30,DUPLICATE_ORDER,LIKE_NEW,3817.71,2026-04-02,DESTROY,2026-04-30T04:36:50.726872
RET-00000572,ORD-00037467,SKU-00888,1,2025-05-30,ARRIVED_LATE,FAIR,652.6,,RESTOCK,2026-04-30T04:36:50.726872
RET-00000573,ORD-00034054,SKU-00752,4,2025-06-24,DUPLICATE_ORDER,UNSELLABLE,722.96,,RETURN_TO_VENDOR,2026-04-30T04:36:50.726872
RET-00000574,ORD-00044698,SKU-00740,5,2025-10-01,WRONG_ITEM,FAIR,160.0,,RESTOCK,2026-04-30T04:36:50.726872
RET-00000575,ORD-00023854,SKU-00964,4,2025-12-06,NOT_AS_DESCRIBED,GOOD,2557.48,2025-12-07,DESTROY,2026-04-30T04:36:50.726872
RET-00000576,ORD-00027544,SKU-00150,5,2026-03-24,DEFECTIVE,UNSELLABLE,61.1,,REFURBISH,2026-04-30T04:36:50.726872
RET-00000577,ORD-00034383,SKU-00901,5,2025-10-31,DAMAGED_TRANSIT,LIKE_NEW,204.95,2025-11-03,REFURBISH,2026-04-30T04:36:50.726872
RET-00000578,ORD-00036067,SKU-00648,5,2025-07-29,CHANGED_MIND,LIKE_NEW,4063.45,2025-07-30,RESTOCK,2026-04-30T04:36:50.726872
RET-00000579,ORD-00046641,SKU-00327,4,2026-01-19,DEFECTIVE,NEW,3083.8,2026-01-25,DESTROY,2026-04-30T04:36:50.726872
RET-00000580,ORD-00008676,SKU-00123,4,2025-07-06,DAMAGED_TRANSIT,GOOD,1449.04,2025-07-13,DESTROY,2026-04-30T04:36:50.726872
RET-00000581,ORD-00014427,SKU-00951,4,2025-05-11,WRONG_ITEM,FAIR,4345.64,,REFURBISH,2026-04-30T04:36:50.726872
RET-00000582,ORD-00029478,SKU-00422,2,2026-02-20,NOT_AS_DESCRIBED,NEW,1166.32,2026-02-22,RESTOCK,2026-04-30T04:36:50.726872
RET-00000583,ORD-00033153,SKU-00627,5,2025-08-27,WRONG_ITEM,LIKE_NEW,598.6,2025-08-30,REFURBISH,2026-04-30T04:36:50.726872
RET-00000584,ORD-00042014,SKU-00813,3,2025-08-29,DEFECTIVE,FAIR,2559.09,,RESTOCK,2026-04-30T04:36:50.726872
RET-00000585,ORD-00044236,SKU-00351,2,2026-01-19,CHANGED_MIND,FAIR,559.88,,DONATE,2026-04-30T04:36:50.726872
RET-00000586,ORD-00012077,SKU-00346,2,2026-02-15,CHANGED_MIND,DAMAGED,1234.92,,DONATE,2026-04-30T04:36:50.726872
RET-00000587,ORD-00029058,SKU-00872,5,2025-07-18,WRONG_ITEM,DAMAGED,82.35,,RESTOCK,2026-04-30T04:36:50.726872
RET-00000588,ORD-00024869,SKU-00715,5,2026-02-08,CHANGED_MIND,LIKE_NEW,63.25,2026-02-12,RESTOCK,2026-04-30T04:36:50.726872
RET-00000589,ORD-00017102,SKU-00632,4,2025-10-04,ARRIVED_LATE,FAIR,1465.92,,RESTOCK,2026-04-30T04:36:50.726872
RET-00000590,ORD-00043287,SKU-00610,3,2026-02-26,DEFECTIVE,UNSELLABLE,2158.08,,REFURBISH,2026-04-30T04:36:50.726872
RET-00000591,ORD-00011845,SKU-00503,5,2025-05-15,DUPLICATE_ORDER,GOOD,2401.25,2025-05-20,RESTOCK,2026-04-30T04:36:50.726872
RET-00000592,ORD-00025104,SKU-00911,5,2025-05-01,CHANGED_MIND,NEW,2831.3,2025-05-05,RESTOCK,2026-04-30T04:36:50.726872
RET-00000593,ORD-00012657,SKU-00638,1,2025-12-29,NOT_AS_DESCRIBED,UNSELLABLE,34.29,,REFURBISH,2026-04-30T04:36:50.726872
RET-00000594,ORD-00030022,SKU-00914,5,2025-08-31,DAMAGED_TRANSIT,NEW,3980.25,2025-09-03,RESTOCK,2026-04-30T04:36:50.726872
RET-00000595,ORD-00018407,SKU-00578,4,2025-11-05,NOT_AS_DESCRIBED,NEW,5619.32,2025-11-07,RETURN_TO_VENDOR,2026-04-30T04:36:50.726872
RET-00000596,ORD-00045664,SKU-00208,4,2026-01-05,ARRIVED_LATE,UNSELLABLE,958.52,,RETURN_TO_VENDOR,2026-04-30T04:36:50.726872
RET-00000597,ORD-00048948,SKU-00892,1,2026-01-22,DEFECTIVE,GOOD,328.88,2026-01-24,RETURN_TO_VENDOR,2026-04-30T04:36:50.726872
RET-00000598,ORD-00007966,SKU-00051,5,2025-09-25,DUPLICATE_ORDER,GOOD,2796.0,2025-10-01,DESTROY,2026-04-30T04:36:50.726872
RET-00000599,ORD-00035444,SKU-00366,1,2025-05-21,NOT_AS_DESCRIBED,LIKE_NEW,17.77,2025-05-27,REFURBISH,2026-04-30T04:36:50.726872
RET-00000600,ORD-00026636,SKU-00100,5,2025-06-07,ARRIVED_LATE,FAIR,154.1,,REFURBISH,2026-04-30T04:36:50.726872
RET-00000601,ORD-00003358,SKU-00092,5,2025-07-29,DUPLICATE_ORDER,DAMAGED,604.15,,RESTOCK,2026-04-30T04:36:50.726872
RET-00000602,ORD-00012755,SKU-00493,5,2025-06-14,DEFECTIVE,FAIR,4070.55,,RESTOCK,2026-04-30T04:36:50.726872
RET-00000603,ORD-00036744,SKU-00222,2,2025-09-22,DAMAGED_TRANSIT,NEW,163.94,2025-09-28,DONATE,2026-04-30T04:36:50.726872
RET-00000604,ORD-00022461,SKU-00511,3,2025-08-09,DUPLICATE_ORDER,FAIR,3897.33,,DESTROY,2026-04-30T04:36:50.726872
RET-00000605,ORD-00029006,SKU-00999,4,2026-04-29,DAMAGED_TRANSIT,DAMAGED,3870.2,,RESTOCK,2026-04-30T04:36:50.726872
RET-00000606,ORD-00033168,SKU-00185,2,2025-12-07,DAMAGED_TRANSIT,GOOD,816.64,2025-12-10,DONATE,2026-04-30T04:36:50.726872
RET-00000607,ORD-00010691,SKU-00331,3,2025-12-07,CHANGED_MIND,DAMAGED,1520.88,,DESTROY,2026-04-30T04:36:50.726872
RET-00000608,ORD-00038461,SKU-00367,1,2025-12-05,ARRIVED_LATE,LIKE_NEW,674.31,2025-12-11,RETURN_TO_VENDOR,2026-04-30T04:36:50.726872
RET-00000609,ORD-00022219,SKU-00861,2,2025-06-09,DAMAGED_TRANSIT,NEW,1283.84,2025-06-12,DONATE,2026-04-30T04:36:50.726872
RET-00000610,ORD-00005239,SKU-00583,3,2025-08-22,WRONG_ITEM,GOOD,3609.48,2025-08-27,DONATE,2026-04-30T04:36:50.726872
RET-00000611,ORD-00034307,SKU-00509,3,2025-06-28,WRONG_ITEM,FAIR,328.86,,DONATE,2026-04-30T04:36:50.726872
RET-00000612,ORD-00035455,SKU-00640,3,2025-11-22,NOT_AS_DESCRIBED,DAMAGED,1752.27,,RESTOCK,2026-04-30T04:36:50.726872
RET-00000613,ORD-00031940,SKU-00065,1,2025-09-24,ARRIVED_LATE,DAMAGED,1077.39,,RESTOCK,2026-04-30T04:36:50.726872
RET-00000614,ORD-00046126,SKU-00460,2,2026-03-21,DUPLICATE_ORDER,DAMAGED,562.44,,DONATE,2026-04-30T04:36:50.726872
RET-00000615,ORD-00003796,SKU-00518,3,2025-10-19,DUPLICATE_ORDER,GOOD,309.66,2025-10-25,REFURBISH,2026-04-30T04:36:50.726872
RET-00000616,ORD-00009194,SKU-00923,4,2025-10-17,DAMAGED_TRANSIT,NEW,892.04,2025-10-22,RESTOCK,2026-04-30T04:36:50.726872
RET-00000617,ORD-00005883,SKU-00232,1,2025-10-08,WRONG_ITEM,GOOD,377.48,2025-10-10,RETURN_TO_VENDOR,2026-04-30T04:36:50.726872
RET-00000618,ORD-00018866,SKU-00668,1,2025-12-09,WRONG_ITEM,DAMAGED,426.35,,DONATE,2026-04-30T04:36:50.726872
RET-00000619,ORD-00035441,SKU-00854,1,2025-10-27,CHANGED_MIND,UNSELLABLE,622.2,,REFURBISH,2026-04-30T04:36:50.726872
RET-00000620,ORD-00007175,SKU-00461,4,2025-06-24,WRONG_ITEM,LIKE_NEW,444.28,2025-06-25,RESTOCK,2026-04-30T04:36:50.726872
RET-00000621,ORD-00038246,SKU-00279,4,2026-04-04,ARRIVED_LATE,GOOD,1643.2,2026-04-07,REFURBISH,2026-04-30T04:36:50.726872
RET-00000622,ORD-00012637,SKU-00381,2,2025-05-08,DAMAGED_TRANSIT,LIKE_NEW,1051.28,2025-05-11,RESTOCK,2026-04-30T04:36:50.726872
RET-00000623,ORD-00000509,SKU-00840,2,2025-07-31,WRONG_ITEM,LIKE_NEW,12.48,2025-08-04,REFURBISH,2026-04-30T04:36:50.726872
RET-00000624,ORD-00008319,SKU-00581,5,2025-11-19,WRONG_ITEM,LIKE_NEW,4547.6,2025-11-21,RESTOCK,2026-04-30T04:36:50.726872
RET-00000625,ORD-00006241,SKU-00085,3,2026-04-23,DUPLICATE_ORDER,GOOD,283.35,2026-04-27,REFURBISH,2026-04-30T04:36:50.726872
RET-00000626,ORD-00048255,SKU-00717,5,2026-02-28,ARRIVED_LATE,LIKE_NEW,4187.3,2026-03-07,RESTOCK,2026-04-30T04:36:50.726872
RET-00000627,ORD-00027581,SKU-00404,2,2025-04-30,NOT_AS_DESCRIBED,DAMAGED,1376.14,,DONATE,2026-04-30T04:36:50.726872
RET-00000628,ORD-00033841,SKU-00020,1,2026-04-28,NOT_AS_DESCRIBED,FAIR,533.96,,DONATE,2026-04-30T04:36:50.726872
RET-00000629,ORD-00036781,SKU-00749,2,2025-12-23,DAMAGED_TRANSIT,FAIR,1358.22,,DONATE,2026-04-30T04:36:50.726872
RET-00000630,ORD-00038467,SKU-00050,2,2025-06-20,ARRIVED_LATE,DAMAGED,574.98,,RESTOCK,2026-04-30T04:36:50.726872
RET-00000631,ORD-00008082,SKU-00598,3,2025-12-01,NOT_AS_DESCRIBED,LIKE_NEW,1035.06,2025-12-03,REFURBISH,2026-04-30T04:36:50.726872
RET-00000632,ORD-00010078,SKU-00989,1,2025-08-29,WRONG_ITEM,GOOD,452.64,2025-09-03,RETURN_TO_VENDOR,2026-04-30T04:36:50.726872
RET-00000633,ORD-00014521,SKU-00197,5,2025-08-12,CHANGED_MIND,DAMAGED,2428.85,,REFURBISH,2026-04-30T04:36:50.726872
RET-00000634,ORD-00035389,SKU-00476,2,2026-04-07,DUPLICATE_ORDER,DAMAGED,1492.2,,RETURN_TO_VENDOR,2026-04-30T04:36:50.726872
RET-00000635,ORD-00031011,SKU-00163,2,2025-09-18,WRONG_ITEM,DAMAGED,287.4,,DONATE,2026-04-30T04:36:50.726872
RET-00000636,ORD-00016216,SKU-00512,2,2025-06-30,DEFECTIVE,DAMAGED,1506.96,,RESTOCK,2026-04-30T04:36:50.726872
RET-00000637,ORD-00029858,SKU-00924,1,2026-03-26,NOT_AS_DESCRIBED,GOOD,428.87,2026-04-02,REFURBISH,2026-04-30T04:36:50.726872
RET-00000638,ORD-00024644,SKU-00061,1,2025-06-01,NOT_AS_DESCRIBED,LIKE_NEW,1009.31,2025-06-08,RESTOCK,2026-04-30T04:36:50.726872
RET-00000639,ORD-00023948,SKU-00518,1,2025-12-02,ARRIVED_LATE,LIKE_NEW,103.22,2025-12-07,RESTOCK,2026-04-30T04:36:50.726872
RET-00000640,ORD-00021594,SKU-00565,4,2025-05-21,NOT_AS_DESCRIBED,DAMAGED,402.56,,RETURN_TO_VENDOR,2026-04-30T04:36:50.726872
RET-00000641,ORD-00001437,SKU-00670,5,2025-10-28,NOT_AS_DESCRIBED,LIKE_NEW,5790.75,2025-10-31,RESTOCK,2026-04-30T04:36:50.726872
RET-00000642,ORD-00042761,SKU-00518,4,2025-12-24,CHANGED_MIND,GOOD,412.88,2025-12-28,DESTROY,2026-04-30T04:36:50.726872
RET-00000643,ORD-00015555,SKU-00378,1,2026-03-16,DEFECTIVE,LIKE_NEW,1221.06,2026-03-18,DONATE,2026-04-30T04:36:50.726872
RET-00000644,ORD-00007911,SKU-00574,3,2026-02-19,DEFECTIVE,FAIR,1746.69,,RESTOCK,2026-04-30T04:36:50.726872
RET-00000645,ORD-00010304,SKU-00157,2,2025-07-24,NOT_AS_DESCRIBED,GOOD,47.78,2025-07-26,RETURN_TO_VENDOR,2026-04-30T04:36:50.726872
RET-00000646,ORD-00039664,SKU-00342,1,2026-04-04,CHANGED_MIND,NEW,547.13,2026-04-05,DESTROY,2026-04-30T04:36:50.726872
RET-00000647,ORD-00012515,SKU-00747,3,2025-11-02,NOT_AS_DESCRIBED,FAIR,690.72,,REFURBISH,2026-04-30T04:36:50.726872
RET-00000648,ORD-00017871,SKU-00775,1,2025-12-12,NOT_AS_DESCRIBED,LIKE_NEW,494.8,2025-12-17,RESTOCK,2026-04-30T04:36:50.726872
RET-00000649,ORD-00000232,SKU-00018,5,2025-11-17,NOT_AS_DESCRIBED,LIKE_NEW,2985.05,2025-11-20,REFURBISH,2026-04-30T04:36:50.726872
RET-00000650,ORD-00041749,SKU-00721,4,2025-12-05,NOT_AS_DESCRIBED,FAIR,4846.08,,RESTOCK,2026-04-30T04:36:50.726872
RET-00000651,ORD-00027018,SKU-00634,5,2025-09-03,NOT_AS_DESCRIBED,UNSELLABLE,792.35,,DESTROY,2026-04-30T04:36:50.726872
RET-00000652,ORD-00015870,SKU-00473,2,2025-05-10,DAMAGED_TRANSIT,NEW,1859.2,2025-05-17,RETURN_TO_VENDOR,2026-04-30T04:36:50.726872
RET-00000653,ORD-00041538,SKU-00696,1,2026-02-28,DEFECTIVE,UNSELLABLE,867.97,,RESTOCK,2026-04-30T04:36:50.726872
RET-00000654,ORD-00022137,SKU-00149,5,2025-11-07,DEFECTIVE,NEW,1646.5,2025-11-10,RETURN_TO_VENDOR,2026-04-30T04:36:50.726872
RET-00000655,ORD-00019273,SKU-00962,3,2025-07-18,ARRIVED_LATE,UNSELLABLE,1209.3,,RESTOCK,2026-04-30T04:36:50.726872
RET-00000656,ORD-00003208,SKU-00661,5,2025-08-16,DAMAGED_TRANSIT,NEW,708.55,2025-08-21,RETURN_TO_VENDOR,2026-04-30T04:36:50.726872
RET-00000657,ORD-00006031,SKU-00282,2,2026-01-24,WRONG_ITEM,LIKE_NEW,1235.68,2026-01-27,DONATE,2026-04-30T04:36:50.726872
RET-00000658,ORD-00012099,SKU-00343,5,2025-10-13,DEFECTIVE,FAIR,1335.45,,REFURBISH,2026-04-30T04:36:50.726872
RET-00000659,ORD-00015763,SKU-00643,5,2025-12-26,WRONG_ITEM,NEW,2982.5,2026-01-02,RESTOCK,2026-04-30T04:36:50.726872
RET-00000660,ORD-00017682,SKU-00412,3,2026-01-31,WRONG_ITEM,GOOD,1510.02,2026-02-05,RESTOCK,2026-04-30T04:36:50.726872
RET-00000661,ORD-00006877,SKU-00067,2,2026-03-27,DAMAGED_TRANSIT,LIKE_NEW,1399.16,2026-03-31,DESTROY,2026-04-30T04:36:50.726872
RET-00000662,ORD-00037765,SKU-00540,5,2025-11-28,NOT_AS_DESCRIBED,GOOD,5068.1,2025-11-29,RETURN_TO_VENDOR,2026-04-30T04:36:50.726872
RET-00000663,ORD-00032630,SKU-00946,4,2026-03-26,WRONG_ITEM,LIKE_NEW,2624.12,2026-03-31,RESTOCK,2026-04-30T04:36:50.726872
RET-00000664,ORD-00032403,SKU-00962,3,2026-01-30,CHANGED_MIND,LIKE_NEW,1209.3,2026-02-04,REFURBISH,2026-04-30T04:36:50.726872
RET-00000665,ORD-00049687,SKU-00798,5,2026-01-05,NOT_AS_DESCRIBED,GOOD,4164.55,2026-01-08,RETURN_TO_VENDOR,2026-04-30T04:36:50.726872
RET-00000666,ORD-00004908,SKU-00108,2,2025-07-01,NOT_AS_DESCRIBED,UNSELLABLE,1031.1,,RESTOCK,2026-04-30T04:36:50.726872
RET-00000667,ORD-00017092,SKU-00389,4,2026-02-14,DEFECTIVE,NEW,301.32,2026-02-16,RESTOCK,2026-04-30T04:36:50.726872
RET-00000668,ORD-00004376,SKU-00623,2,2025-06-09,WRONG_ITEM,LIKE_NEW,140.06,2025-06-10,DONATE,2026-04-30T04:36:50.726872
RET-00000669,ORD-00037690,SKU-00789,5,2025-12-22,NOT_AS_DESCRIBED,NEW,4139.5,2025-12-26,RETURN_TO_VENDOR,2026-04-30T04:36:50.726872
RET-00000670,ORD-00025573,SKU-00097,3,2025-12-16,CHANGED_MIND,UNSELLABLE,2443.62,,RETURN_TO_VENDOR,2026-04-30T04:36:50.726872
RET-00000671,ORD-00017895,SKU-00859,1,2026-01-14,DAMAGED_TRANSIT,UNSELLABLE,615.54,,RESTOCK,2026-04-30T04:36:50.726872
RET-00000672,ORD-00029263,SKU-00528,3,2026-03-18,CHANGED_MIND,GOOD,1122.12,2026-03-20,RETURN_TO_VENDOR,2026-04-30T04:36:50.726872
RET-00000673,ORD-00025994,SKU-00240,4,2025-05-28,WRONG_ITEM,GOOD,1827.56,2025-06-03,RETURN_TO_VENDOR,2026-04-30T04:36:50.726872
RET-00000674,ORD-00047768,SKU-00299,4,2025-05-31,WRONG_ITEM,UNSELLABLE,4074.16,,REFURBISH,2026-04-30T04:36:50.726872
RET-00000675,ORD-00009113,SKU-00336,4,2025-08-22,ARRIVED_LATE,GOOD,436.72,2025-08-29,REFURBISH,2026-04-30T04:36:50.726872
RET-00000676,ORD-00034119,SKU-00059,4,2025-10-24,ARRIVED_LATE,FAIR,171.92,,RESTOCK,2026-04-30T04:36:50.726872
RET-00000677,ORD-00048383,SKU-00983,4,2025-10-21,NOT_AS_DESCRIBED,DAMAGED,661.6,,RETURN_TO_VENDOR,2026-04-30T04:36:50.726872
RET-00000678,ORD-00044157,SKU-00108,1,2025-12-17,CHANGED_MIND,GOOD,515.55,2025-12-20,RETURN_TO_VENDOR,2026-04-30T04:36:50.726872
RET-00000679,ORD-00018459,SKU-00878,5,2025-06-19,WRONG_ITEM,NEW,3891.3,2025-06-22,RETURN_TO_VENDOR,2026-04-30T04:36:50.726872
RET-00000680,ORD-00019763,SKU-00862,2,2025-07-16,DEFECTIVE,GOOD,658.02,2025-07-23,RESTOCK,2026-04-30T04:36:50.726872
RET-00000681,ORD-00027430,SKU-00614,4,2025-06-29,WRONG_ITEM,GOOD,210.04,2025-07-03,RESTOCK,2026-04-30T04:36:50.726872
RET-00000682,ORD-00002135,SKU-00560,3,2025-06-22,NOT_AS_DESCRIBED,LIKE_NEW,444.63,2025-06-24,RESTOCK,2026-04-30T04:36:50.726872
RET-00000683,ORD-00027907,SKU-00303,2,2026-03-07,ARRIVED_LATE,GOOD,1218.78,2026-03-14,RETURN_TO_VENDOR,2026-04-30T04:36:50.726872
RET-00000684,ORD-00040864,SKU-00662,2,2026-02-26,DAMAGED_TRANSIT,GOOD,1589.18,2026-03-05,REFURBISH,2026-04-30T04:36:50.726872
RET-00000685,ORD-00024154,SKU-00525,2,2025-11-15,ARRIVED_LATE,LIKE_NEW,120.22,2025-11-21,RETURN_TO_VENDOR,2026-04-30T04:36:50.726872
RET-00000686,ORD-00000198,SKU-00048,2,2025-09-08,DAMAGED_TRANSIT,DAMAGED,1010.04,,RESTOCK,2026-04-30T04:36:50.726872
RET-00000687,ORD-00047063,SKU-00494,3,2026-02-07,WRONG_ITEM,GOOD,1908.24,2026-02-12,RESTOCK,2026-04-30T04:36:50.726872
RET-00000688,ORD-00043459,SKU-00364,5,2025-05-03,CHANGED_MIND,DAMAGED,932.0,,RETURN_TO_VENDOR,2026-04-30T04:36:50.726872
RET-00000689,ORD-00047680,SKU-00638,2,2025-08-09,WRONG_ITEM,GOOD,68.58,2025-08-10,REFURBISH,2026-04-30T04:36:50.726872
RET-00000690,ORD-00004678,SKU-00229,3,2025-07-13,NOT_AS_DESCRIBED,DAMAGED,1031.52,,RESTOCK,2026-04-30T04:36:50.726872
RET-00000691,ORD-00045531,SKU-00205,1,2025-06-29,CHANGED_MIND,GOOD,150.34,2025-07-06,RETURN_TO_VENDOR,2026-04-30T04:36:50.726872
RET-00000692,ORD-00038570,SKU-00103,4,2025-07-10,NOT_AS_DESCRIBED,GOOD,923.92,2025-07-17,DESTROY,2026-04-30T04:36:50.726872
RET-00000693,ORD-00020567,SKU-00861,4,2025-12-12,DUPLICATE_ORDER,GOOD,2567.68,2025-12-16,DONATE,2026-04-30T04:36:50.726872
RET-00000694,ORD-00020349,SKU-00790,3,2025-05-30,ARRIVED_LATE,NEW,1674.15,2025-06-04,RESTOCK,2026-04-30T04:36:50.726872
RET-00000695,ORD-00041931,SKU-00837,3,2025-11-06,CHANGED_MIND,FAIR,431.25,,RETURN_TO_VENDOR,2026-04-30T04:36:50.726872
RET-00000696,ORD-00028527,SKU-00729,4,2025-06-10,DUPLICATE_ORDER,GOOD,1261.24,2025-06-12,REFURBISH,2026-04-30T04:36:50.726872
RET-00000697,ORD-00041293,SKU-00356,3,2026-04-13,DUPLICATE_ORDER,GOOD,3868.83,2026-04-20,RESTOCK,2026-04-30T04:36:50.726872
RET-00000698,ORD-00009872,SKU-00264,5,2026-04-19,WRONG_ITEM,GOOD,172.65,2026-04-23,RESTOCK,2026-04-30T04:36:50.726872
RET-00000699,ORD-00043330,SKU-00412,2,2025-10-17,CHANGED_MIND,LIKE_NEW,1006.68,2025-10-18,RESTOCK,2026-04-30T04:36:50.726872
RET-00000700,ORD-00013151,SKU-00362,4,2025-05-29,DUPLICATE_ORDER,GOOD,3371.96,2025-06-02,DESTROY,2026-04-30T04:36:50.726872
RET-00000701,ORD-00044586,SKU-00368,4,2025-06-04,NOT_AS_DESCRIBED,UNSELLABLE,362.72,,RESTOCK,2026-04-30T04:36:50.726872
RET-00000702,ORD-00047842,SKU-00986,2,2025-12-19,NOT_AS_DESCRIBED,UNSELLABLE,804.46,,DONATE,2026-04-30T04:36:50.726872
RET-00000703,ORD-00017331,SKU-00694,5,2025-10-01,ARRIVED_LATE,LIKE_NEW,1479.6,2025-10-06,RETURN_TO_VENDOR,2026-04-30T04:36:50.726872
RET-00000704,ORD-00019961,SKU-00826,4,2025-05-03,DAMAGED_TRANSIT,LIKE_NEW,450.6,2025-05-10,REFURBISH,2026-04-30T04:36:50.726872
RET-00000705,ORD-00022671,SKU-00430,1,2025-11-05,DEFECTIVE,UNSELLABLE,824.18,,REFURBISH,2026-04-30T04:36:50.726872
RET-00000706,ORD-00008165,SKU-00436,1,2025-09-21,NOT_AS_DESCRIBED,LIKE_NEW,431.77,2025-09-28,RESTOCK,2026-04-30T04:36:50.726872
RET-00000707,ORD-00035970,SKU-00184,2,2026-02-11,DAMAGED_TRANSIT,GOOD,1751.02,2026-02-14,DESTROY,2026-04-30T04:36:50.726872
RET-00000708,ORD-00018683,SKU-00242,4,2025-08-12,ARRIVED_LATE,NEW,4278.48,2025-08-16,RESTOCK,2026-04-30T04:36:50.726872
RET-00000709,ORD-00010644,SKU-00725,2,2026-02-09,DEFECTIVE,GOOD,196.22,2026-02-10,RETURN_TO_VENDOR,2026-04-30T04:36:50.726872
RET-00000710,ORD-00005846,SKU-00270,5,2025-07-13,CHANGED_MIND,GOOD,1228.5,2025-07-15,DESTROY,2026-04-30T04:36:50.726872
RET-00000711,ORD-00011274,SKU-00293,5,2025-06-15,ARRIVED_LATE,GOOD,626.35,2025-06-18,RETURN_TO_VENDOR,2026-04-30T04:36:50.726872
RET-00000712,ORD-00021710,SKU-00079,3,2025-07-18,NOT_AS_DESCRIBED,DAMAGED,395.67,,RESTOCK,2026-04-30T04:36:50.726872
RET-00000713,ORD-00042778,SKU-00752,5,2025-07-05,WRONG_ITEM,NEW,903.7,2025-07-09,RESTOCK,2026-04-30T04:36:50.726872
RET-00000714,ORD-00021877,SKU-00405,1,2025-10-03,ARRIVED_LATE,GOOD,250.5,2025-10-04,REFURBISH,2026-04-30T04:36:50.726872
RET-00000715,ORD-00025362,SKU-00581,5,2026-03-14,DEFECTIVE,UNSELLABLE,4547.6,,RESTOCK,2026-04-30T04:36:50.726872
RET-00000716,ORD-00038376,SKU-00886,4,2025-11-25,CHANGED_MIND,NEW,1985.32,2025-11-30,DONATE,2026-04-30T04:36:50.726872
RET-00000717,ORD-00009560,SKU-00442,2,2026-01-20,ARRIVED_LATE,NEW,801.48,2026-01-22,REFURBISH,2026-04-30T04:36:50.726872
RET-00000718,ORD-00044326,SKU-00700,2,2025-05-15,DEFECTIVE,GOOD,553.64,2025-05-16,RESTOCK,2026-04-30T04:36:50.726872
RET-00000719,ORD-00043756,SKU-00493,5,2025-07-25,DEFECTIVE,UNSELLABLE,4070.55,,RESTOCK,2026-04-30T04:36:50.726872
RET-00000720,ORD-00015473,SKU-00307,2,2025-08-16,WRONG_ITEM,GOOD,2201.64,2025-08-17,RESTOCK,2026-04-30T04:36:50.726872
RET-00000721,ORD-00013480,SKU-00339,3,2025-07-16,NOT_AS_DESCRIBED,GOOD,2046.15,2025-07-19,REFURBISH,2026-04-30T04:36:50.726872
RET-00000722,ORD-00013588,SKU-00789,4,2026-03-18,CHANGED_MIND,LIKE_NEW,3311.6,2026-03-25,RESTOCK,2026-04-30T04:36:50.726872
RET-00000723,ORD-00011148,SKU-00056,2,2025-05-16,DEFECTIVE,LIKE_NEW,433.42,2025-05-23,REFURBISH,2026-04-30T04:36:50.726872
RET-00000724,ORD-00029143,SKU-00797,5,2025-07-24,NOT_AS_DESCRIBED,FAIR,4974.15,,RETURN_TO_VENDOR,2026-04-30T04:36:50.726872
RET-00000725,ORD-00021239,SKU-00749,2,2026-03-12,DUPLICATE_ORDER,DAMAGED,1358.22,,RETURN_TO_VENDOR,2026-04-30T04:36:50.726872
RET-00000726,ORD-00048249,SKU-00513,1,2025-11-08,WRONG_ITEM,DAMAGED,48.17,,RETURN_TO_VENDOR,2026-04-30T04:36:50.726872
RET-00000727,ORD-00014421,SKU-00269,4,2026-01-11,NOT_AS_DESCRIBED,LIKE_NEW,3517.08,2026-01-14,DESTROY,2026-04-30T04:36:50.726872
RET-00000728,ORD-00033392,SKU-00943,2,2025-07-23,DAMAGED_TRANSIT,NEW,1399.02,2025-07-24,RESTOCK,2026-04-30T04:36:50.726872
RET-00000729,ORD-00014353,SKU-00487,4,2025-08-21,NOT_AS_DESCRIBED,DAMAGED,904.4,,RESTOCK,2026-04-30T04:36:50.726872
RET-00000730,ORD-00001760,SKU-00966,1,2025-09-02,NOT_AS_DESCRIBED,GOOD,334.99,2025-09-07,DONATE,2026-04-30T04:36:50.726872
RET-00000731,ORD-00008584,SKU-00496,4,2025-07-15,NOT_AS_DESCRIBED,NEW,3076.08,2025-07-17,RESTOCK,2026-04-30T04:36:50.726872
RET-00000732,ORD-00003801,SKU-00410,5,2025-11-10,NOT_AS_DESCRIBED,NEW,6423.4,2025-11-12,REFURBISH,2026-04-30T04:36:50.726872
RET-00000733,ORD-00029791,SKU-00694,3,2026-03-10,NOT_AS_DESCRIBED,NEW,887.76,2026-03-15,DONATE,2026-04-30T04:36:50.726872
RET-00000734,ORD-00027068,SKU-00340,1,2026-04-06,ARRIVED_LATE,NEW,1210.34,2026-04-13,RETURN_TO_VENDOR,2026-04-30T04:36:50.726872
RET-00000735,ORD-00001004,SKU-00234,5,2026-02-20,WRONG_ITEM,UNSELLABLE,3683.75,,REFURBISH,2026-04-30T04:36:50.726872
RET-00000736,ORD-00020616,SKU-00249,3,2026-01-28,CHANGED_MIND,UNSELLABLE,770.01,,RESTOCK,2026-04-30T04:36:50.726872
RET-00000737,ORD-00033321,SKU-00403,2,2025-12-26,NOT_AS_DESCRIBED,NEW,609.6,2025-12-29,DESTROY,2026-04-30T04:36:50.726872
RET-00000738,ORD-00007426,SKU-00737,4,2025-10-10,DAMAGED_TRANSIT,GOOD,1155.6,2025-10-15,REFURBISH,2026-04-30T04:36:50.726872
RET-00000739,ORD-00039769,SKU-00352,5,2026-04-15,ARRIVED_LATE,NEW,3836.8,2026-04-21,RESTOCK,2026-04-30T04:36:50.726872
RET-00000740,ORD-00002122,SKU-00520,4,2025-06-10,ARRIVED_LATE,GOOD,3100.76,2025-06-17,RETURN_TO_VENDOR,2026-04-30T04:36:50.726872
RET-00000741,ORD-00009545,SKU-00534,5,2026-04-25,CHANGED_MIND,GOOD,3156.45,2026-04-28,RESTOCK,2026-04-30T04:36:50.726872
RET-00000742,ORD-00046606,SKU-00387,3,2026-01-28,DEFECTIVE,UNSELLABLE,2770.89,,DESTROY,2026-04-30T04:36:50.726872
RET-00000743,ORD-00043782,SKU-00558,3,2026-03-14,DEFECTIVE,GOOD,2593.14,2026-03-15,DESTROY,2026-04-30T04:36:50.726872
RET-00000744,ORD-00000721,SKU-00998,5,2025-11-22,DAMAGED_TRANSIT,NEW,745.45,2025-11-26,RETURN_TO_VENDOR,2026-04-30T04:36:50.726872
RET-00000745,ORD-00040273,SKU-00940,5,2025-09-03,DEFECTIVE,GOOD,1074.75,2025-09-08,RETURN_TO_VENDOR,2026-04-30T04:36:50.726872
RET-00000746,ORD-00010519,SKU-00441,4,2025-05-21,DUPLICATE_ORDER,GOOD,2620.88,2025-05-27,REFURBISH,2026-04-30T04:36:50.726872
RET-00000747,ORD-00045964,SKU-00279,4,2026-02-15,DUPLICATE_ORDER,DAMAGED,1643.2,,RESTOCK,2026-04-30T04:36:50.726872
RET-00000748,ORD-00005818,SKU-00053,4,2026-01-06,DUPLICATE_ORDER,UNSELLABLE,663.52,,RESTOCK,2026-04-30T04:36:50.726872
RET-00000749,ORD-00029442,SKU-00841,2,2025-10-31,DEFECTIVE,DAMAGED,93.48,,RESTOCK,2026-04-30T04:36:50.726872
RET-00000750,ORD-00008166,SKU-00739,4,2025-09-03,DEFECTIVE,GOOD,1434.64,2025-09-10,REFURBISH,2026-04-30T04:36:50.726872
RET-00000751,ORD-00030674,SKU-00455,1,2025-10-30,DUPLICATE_ORDER,GOOD,382.75,2025-11-01,DONATE,2026-04-30T04:36:50.726872
RET-00000752,ORD-00003184,SKU-00001,3,2026-03-01,CHANGED_MIND,FAIR,956.79,,RETURN_TO_VENDOR,2026-04-30T04:36:50.726872
RET-00000753,ORD-00004309,SKU-00039,1,2026-01-24,DUPLICATE_ORDER,GOOD,917.47,2026-01-26,REFURBISH,2026-04-30T04:36:50.726872
RET-00000754,ORD-00006045,SKU-00438,4,2026-03-03,WRONG_ITEM,LIKE_NEW,1709.92,2026-03-06,RESTOCK,2026-04-30T04:36:50.726872
RET-00000755,ORD-00015882,SKU-00954,2,2025-07-01,ARRIVED_LATE,LIKE_NEW,784.24,2025-07-04,REFURBISH,2026-04-30T04:36:50.726872
RET-00000756,ORD-00041097,SKU-00860,5,2026-03-26,DEFECTIVE,LIKE_NEW,2109.1,2026-04-01,RESTOCK,2026-04-30T04:36:50.726872
RET-00000757,ORD-00029261,SKU-00017,2,2026-01-26,DUPLICATE_ORDER,LIKE_NEW,1734.32,2026-01-30,RESTOCK,2026-04-30T04:36:50.726872
RET-00000758,ORD-00043712,SKU-00852,4,2025-11-26,NOT_AS_DESCRIBED,LIKE_NEW,2814.8,2025-11-30,RETURN_TO_VENDOR,2026-04-30T04:36:50.726872
RET-00000759,ORD-00038301,SKU-00209,3,2026-04-09,DUPLICATE_ORDER,FAIR,207.99,,REFURBISH,2026-04-30T04:36:50.726872
RET-00000760,ORD-00007127,SKU-00927,3,2025-06-15,WRONG_ITEM,DAMAGED,4063.5,,DESTROY,2026-04-30T04:36:50.726872
RET-00000761,ORD-00024826,SKU-00011,2,2026-04-29,WRONG_ITEM,LIKE_NEW,2180.52,2026-05-01,RESTOCK,2026-04-30T04:36:50.726872
RET-00000762,ORD-00014793,SKU-00986,5,2026-01-12,CHANGED_MIND,NEW,2011.15,2026-01-17,RESTOCK,2026-04-30T04:36:50.726872
RET-00000763,ORD-00038621,SKU-00811,1,2025-08-03,DAMAGED_TRANSIT,UNSELLABLE,371.13,,REFURBISH,2026-04-30T04:36:50.726872
RET-00000764,ORD-00040874,SKU-00098,4,2025-08-06,CHANGED_MIND,FAIR,1635.72,,RESTOCK,2026-04-30T04:36:50.726872
RET-00000765,ORD-00036539,SKU-00188,2,2025-10-03,CHANGED_MIND,GOOD,974.66,2025-10-10,DESTROY,2026-04-30T04:36:50.726872
RET-00000766,ORD-00036371,SKU-00332,2,2026-03-05,DUPLICATE_ORDER,FAIR,520.74,,DONATE,2026-04-30T04:36:50.726872
RET-00000767,ORD-00028961,SKU-00877,4,2025-06-26,WRONG_ITEM,GOOD,1844.36,2025-07-03,DESTROY,2026-04-30T04:36:50.726872
RET-00000768,ORD-00010630,SKU-00971,5,2026-02-26,CHANGED_MIND,DAMAGED,4942.3,,REFURBISH,2026-04-30T04:36:50.726872
RET-00000769,ORD-00037516,SKU-00249,4,2025-12-23,WRONG_ITEM,DAMAGED,1026.68,,REFURBISH,2026-04-30T04:36:50.726872
RET-00000770,ORD-00049214,SKU-00634,4,2025-10-12,DAMAGED_TRANSIT,UNSELLABLE,633.88,,DESTROY,2026-04-30T04:36:50.726872
RET-00000771,ORD-00017693,SKU-00330,1,2025-10-20,ARRIVED_LATE,UNSELLABLE,551.57,,RESTOCK,2026-04-30T04:36:50.726872
RET-00000772,ORD-00005848,SKU-00519,3,2026-02-05,ARRIVED_LATE,LIKE_NEW,1312.35,2026-02-10,REFURBISH,2026-04-30T04:36:50.726872
RET-00000773,ORD-00029185,SKU-00628,4,2025-06-27,DAMAGED_TRANSIT,FAIR,1558.84,,RESTOCK,2026-04-30T04:36:50.726872
RET-00000774,ORD-00039054,SKU-00464,2,2025-06-07,NOT_AS_DESCRIBED,LIKE_NEW,2082.84,2025-06-09,RESTOCK,2026-04-30T04:36:50.726872
RET-00000775,ORD-00020004,SKU-00201,5,2026-04-11,NOT_AS_DESCRIBED,FAIR,4011.65,,RESTOCK,2026-04-30T04:36:50.726872
RET-00000776,ORD-00034115,SKU-00480,1,2025-04-30,DAMAGED_TRANSIT,FAIR,829.81,,DONATE,2026-04-30T04:36:50.726872
RET-00000777,ORD-00038106,SKU-00954,3,2025-11-04,DAMAGED_TRANSIT,NEW,1176.36,2025-11-09,RESTOCK,2026-04-30T04:36:50.726872
RET-00000778,ORD-00015126,SKU-00652,5,2026-03-01,WRONG_ITEM,LIKE_NEW,1662.6,2026-03-04,RETURN_TO_VENDOR,2026-04-30T04:36:50.726872
RET-00000779,ORD-00027849,SKU-00706,5,2025-11-03,CHANGED_MIND,FAIR,1643.15,,REFURBISH,2026-04-30T04:36:50.726872
RET-00000780,ORD-00006053,SKU-00685,3,2025-09-17,ARRIVED_LATE,FAIR,2627.31,,RETURN_TO_VENDOR,2026-04-30T04:36:50.726872
RET-00000781,ORD-00034569,SKU-00631,1,2025-07-06,DAMAGED_TRANSIT,LIKE_NEW,360.43,2025-07-08,RESTOCK,2026-04-30T04:36:50.726872
RET-00000782,ORD-00000411,SKU-00381,3,2025-09-14,NOT_AS_DESCRIBED,DAMAGED,1576.92,,RESTOCK,2026-04-30T04:36:50.726872
RET-00000783,ORD-00049179,SKU-00486,5,2025-06-01,DUPLICATE_ORDER,NEW,4147.95,2025-06-04,DONATE,2026-04-30T04:36:50.726872
RET-00000784,ORD-00034900,SKU-00356,3,2025-09-29,CHANGED_MIND,UNSELLABLE,3868.83,,DESTROY,2026-04-30T04:36:50.726872
RET-00000785,ORD-00036712,SKU-00661,4,2026-04-05,DUPLICATE_ORDER,UNSELLABLE,566.84,,REFURBISH,2026-04-30T04:36:50.726872
RET-00000786,ORD-00036285,SKU-00767,4,2025-05-12,DAMAGED_TRANSIT,GOOD,539.88,2025-05-18,RESTOCK,2026-04-30T04:36:50.726872
RET-00000787,ORD-00045576,SKU-00379,2,2026-03-01,NOT_AS_DESCRIBED,UNSELLABLE,222.52,,RESTOCK,2026-04-30T04:36:50.726872
RET-00000788,ORD-00023904,SKU-00534,2,2025-05-14,ARRIVED_LATE,FAIR,1262.58,,DESTROY,2026-04-30T04:36:50.726872
RET-00000789,ORD-00010297,SKU-00062,1,2025-12-02,CHANGED_MIND,FAIR,64.42,,DESTROY,2026-04-30T04:36:50.726872
RET-00000790,ORD-00039478,SKU-00186,4,2025-05-18,DEFECTIVE,NEW,630.12,2025-05-20,RESTOCK,2026-04-30T04:36:50.726872
RET-00000791,ORD-00029619,SKU-00256,3,2026-01-23,CHANGED_MIND,NEW,3449.7,2026-01-24,RETURN_TO_VENDOR,2026-04-30T04:36:50.726872
RET-00000792,ORD-00015192,SKU-00829,1,2026-04-11,DAMAGED_TRANSIT,GOOD,963.35,2026-04-14,RESTOCK,2026-04-30T04:36:50.726872
RET-00000793,ORD-00038873,SKU-00362,3,2025-07-16,DUPLICATE_ORDER,UNSELLABLE,2528.97,,RESTOCK,2026-04-30T04:36:50.726872
RET-00000794,ORD-00008741,SKU-00805,5,2025-12-28,DEFECTIVE,LIKE_NEW,3710.6,2026-01-04,RETURN_TO_VENDOR,2026-04-30T04:36:50.726872
RET-00000795,ORD-00002345,SKU-00962,3,2025-08-01,WRONG_ITEM,DAMAGED,1209.3,,RESTOCK,2026-04-30T04:36:50.726872
RET-00000796,ORD-00013920,SKU-00838,5,2025-12-28,DAMAGED_TRANSIT,FAIR,1798.0,,REFURBISH,2026-04-30T04:36:50.726872
RET-00000797,ORD-00007500,SKU-00668,3,2025-08-18,DEFECTIVE,GOOD,1279.05,2025-08-23,REFURBISH,2026-04-30T04:36:50.726872
RET-00000798,ORD-00041320,SKU-00820,2,2026-01-10,DEFECTIVE,FAIR,98.58,,REFURBISH,2026-04-30T04:36:50.726872
RET-00000799,ORD-00032716,SKU-00738,5,2025-12-31,DEFECTIVE,LIKE_NEW,6362.75,2026-01-04,RESTOCK,2026-04-30T04:36:50.726872
RET-00000800,ORD-00011509,SKU-00039,2,2026-01-08,CHANGED_MIND,LIKE_NEW,1834.94,2026-01-15,RETURN_TO_VENDOR,2026-04-30T04:36:50.726872
RET-00000801,ORD-00049936,SKU-00465,3,2025-12-23,ARRIVED_LATE,UNSELLABLE,570.78,,REFURBISH,2026-04-30T04:36:50.726872
RET-00000802,ORD-00011790,SKU-00084,1,2025-05-15,ARRIVED_LATE,NEW,182.65,2025-05-16,RETURN_TO_VENDOR,2026-04-30T04:36:50.726872
RET-00000803,ORD-00018582,SKU-00881,3,2025-09-13,ARRIVED_LATE,GOOD,512.85,2025-09-14,RESTOCK,2026-04-30T04:36:50.726872
RET-00000804,ORD-00024677,SKU-00496,5,2026-02-21,NOT_AS_DESCRIBED,DAMAGED,3845.1,,RETURN_TO_VENDOR,2026-04-30T04:36:50.726872
RET-00000805,ORD-00037562,SKU-00899,2,2025-12-27,DAMAGED_TRANSIT,LIKE_NEW,1603.8,2025-12-28,RESTOCK,2026-04-30T04:36:50.726872
RET-00000806,ORD-00002908,SKU-00976,3,2025-11-03,NOT_AS_DESCRIBED,NEW,312.9,2025-11-05,DONATE,2026-04-30T04:36:50.726872
RET-00000807,ORD-00029577,SKU-00312,4,2026-04-16,ARRIVED_LATE,FAIR,4465.0,,RETURN_TO_VENDOR,2026-04-30T04:36:50.726872
RET-00000808,ORD-00043805,SKU-00030,4,2025-07-12,NOT_AS_DESCRIBED,NEW,2687.64,2025-07-17,RETURN_TO_VENDOR,2026-04-30T04:36:50.726872
RET-00000809,ORD-00041433,SKU-00681,1,2026-03-12,CHANGED_MIND,NEW,548.39,2026-03-14,RETURN_TO_VENDOR,2026-04-30T04:36:50.726872
RET-00000810,ORD-00004351,SKU-00804,4,2025-06-17,CHANGED_MIND,GOOD,5214.76,2025-06-22,DONATE,2026-04-30T04:36:50.726872
RET-00000811,ORD-00017588,SKU-00659,3,2026-04-04,NOT_AS_DESCRIBED,GOOD,1779.33,2026-04-07,REFURBISH,2026-04-30T04:36:50.726872
RET-00000812,ORD-00010739,SKU-00315,1,2025-09-24,DEFECTIVE,FAIR,755.21,,REFURBISH,2026-04-30T04:36:50.726872
RET-00000813,ORD-00000078,SKU-00110,5,2026-01-22,CHANGED_MIND,NEW,3805.65,2026-01-29,REFURBISH,2026-04-30T04:36:50.726872
RET-00000814,ORD-00005299,SKU-00164,3,2025-07-21,DEFECTIVE,FAIR,1595.07,,RETURN_TO_VENDOR,2026-04-30T04:36:50.726872
RET-00000815,ORD-00018258,SKU-00691,1,2025-07-17,ARRIVED_LATE,LIKE_NEW,475.68,2025-07-19,RESTOCK,2026-04-30T04:36:50.726872
RET-00000816,ORD-00044609,SKU-00876,1,2025-08-27,WRONG_ITEM,GOOD,102.78,2025-08-29,REFURBISH,2026-04-30T04:36:50.726872
RET-00000817,ORD-00044029,SKU-00989,2,2025-05-13,WRONG_ITEM,GOOD,905.28,2025-05-18,REFURBISH,2026-04-30T04:36:50.726872
RET-00000818,ORD-00014359,SKU-00954,5,2025-12-23,DEFECTIVE,FAIR,1960.6,,DESTROY,2026-04-30T04:36:50.726872
RET-00000819,ORD-00037241,SKU-00078,5,2025-09-28,CHANGED_MIND,UNSELLABLE,2308.6,,REFURBISH,2026-04-30T04:36:50.726872
RET-00000820,ORD-00015709,SKU-00331,2,2026-01-15,ARRIVED_LATE,DAMAGED,1013.92,,RESTOCK,2026-04-30T04:36:50.726872
RET-00000821,ORD-00012853,SKU-00845,5,2026-02-02,WRONG_ITEM,UNSELLABLE,1889.8,,DONATE,2026-04-30T04:36:50.726872
RET-00000822,ORD-00031741,SKU-00561,4,2025-05-22,WRONG_ITEM,NEW,650.64,2025-05-23,REFURBISH,2026-04-30T04:36:50.726872
RET-00000823,ORD-00021399,SKU-00566,4,2025-11-17,CHANGED_MIND,DAMAGED,2842.68,,RESTOCK,2026-04-30T04:36:50.726872
RET-00000824,ORD-00018464,SKU-00742,5,2025-11-26,ARRIVED_LATE,DAMAGED,4167.7,,RESTOCK,2026-04-30T04:36:50.726872
RET-00000825,ORD-00013213,SKU-00483,3,2026-01-31,DUPLICATE_ORDER,UNSELLABLE,3022.8,,RETURN_TO_VENDOR,2026-04-30T04:36:50.726872
RET-00000826,ORD-00049092,SKU-00711,3,2025-10-25,WRONG_ITEM,LIKE_NEW,2457.63,2025-11-01,REFURBISH,2026-04-30T04:36:50.726872
RET-00000827,ORD-00005626,SKU-00806,5,2025-09-04,NOT_AS_DESCRIBED,GOOD,2379.85,2025-09-11,RESTOCK,2026-04-30T04:36:50.726872
RET-00000828,ORD-00020708,SKU-00153,1,2025-09-13,WRONG_ITEM,FAIR,1016.03,,DESTROY,2026-04-30T04:36:50.726872
RET-00000829,ORD-00043353,SKU-00091,1,2025-06-25,WRONG_ITEM,LIKE_NEW,439.99,2025-06-28,RESTOCK,2026-04-30T04:36:50.726872
RET-00000830,ORD-00034309,SKU-00999,2,2026-02-03,DUPLICATE_ORDER,NEW,1935.1,2026-02-04,REFURBISH,2026-04-30T04:36:50.726872
RET-00000831,ORD-00006630,SKU-00644,5,2025-10-08,CHANGED_MIND,LIKE_NEW,3711.7,2025-10-10,REFURBISH,2026-04-30T04:36:50.726872
RET-00000832,ORD-00048077,SKU-00841,4,2025-05-21,CHANGED_MIND,FAIR,186.96,,RETURN_TO_VENDOR,2026-04-30T04:36:50.726872
RET-00000833,ORD-00029448,SKU-00588,1,2025-10-29,DUPLICATE_ORDER,GOOD,595.41,2025-11-03,REFURBISH,2026-04-30T04:36:50.726872
RET-00000834,ORD-00023793,SKU-00312,5,2026-02-24,DEFECTIVE,FAIR,5581.25,,RETURN_TO_VENDOR,2026-04-30T04:36:50.726872
RET-00000835,ORD-00024551,SKU-00220,4,2025-09-17,ARRIVED_LATE,DAMAGED,2139.16,,RESTOCK,2026-04-30T04:36:50.726872
RET-00000836,ORD-00006068,SKU-00236,1,2026-02-05,DUPLICATE_ORDER,GOOD,813.04,2026-02-11,RESTOCK,2026-04-30T04:36:50.726872
RET-00000837,ORD-00048807,SKU-00220,2,2025-11-27,CHANGED_MIND,GOOD,1069.58,2025-12-03,RESTOCK,2026-04-30T04:36:50.726872
RET-00000838,ORD-00001575,SKU-00212,1,2025-11-01,ARRIVED_LATE,FAIR,577.54,,RESTOCK,2026-04-30T04:36:50.726872
RET-00000839,ORD-00001655,SKU-00336,4,2026-04-13,DUPLICATE_ORDER,DAMAGED,436.72,,DONATE,2026-04-30T04:36:50.726872
RET-00000840,ORD-00024282,SKU-00339,5,2025-08-26,DEFECTIVE,FAIR,3410.25,,REFURBISH,2026-04-30T04:36:50.726872
RET-00000841,ORD-00041102,SKU-00073,5,2026-02-15,WRONG_ITEM,DAMAGED,2962.5,,RESTOCK,2026-04-30T04:36:50.726872
RET-00000842,ORD-00037002,SKU-00419,3,2025-08-18,WRONG_ITEM,UNSELLABLE,944.25,,RESTOCK,2026-04-30T04:36:50.726872
RET-00000843,ORD-00028435,SKU-00137,1,2025-10-14,DAMAGED_TRANSIT,NEW,702.14,2025-10-20,RESTOCK,2026-04-30T04:36:50.726872
RET-00000844,ORD-00012674,SKU-00664,1,2025-05-11,WRONG_ITEM,LIKE_NEW,870.59,2025-05-18,RETURN_TO_VENDOR,2026-04-30T04:36:50.726872
RET-00000845,ORD-00049860,SKU-00666,2,2026-01-19,NOT_AS_DESCRIBED,FAIR,1771.88,,RESTOCK,2026-04-30T04:36:50.726872
RET-00000846,ORD-00033072,SKU-00217,3,2025-07-21,ARRIVED_LATE,LIKE_NEW,3177.24,2025-07-23,RETURN_TO_VENDOR,2026-04-30T04:36:50.726872
RET-00000847,ORD-00033933,SKU-00186,1,2025-09-10,WRONG_ITEM,GOOD,157.53,2025-09-15,RESTOCK,2026-04-30T04:36:50.726872
RET-00000848,ORD-00007948,SKU-00750,4,2026-04-17,DAMAGED_TRANSIT,LIKE_NEW,2278.84,2026-04-21,RESTOCK,2026-04-30T04:36:50.726872
RET-00000849,ORD-00024483,SKU-00784,4,2025-09-03,DEFECTIVE,LIKE_NEW,1790.76,2025-09-06,DONATE,2026-04-30T04:36:50.726872
RET-00000850,ORD-00039442,SKU-00891,1,2026-02-16,DUPLICATE_ORDER,DAMAGED,89.07,,REFURBISH,2026-04-30T04:36:50.726872
RET-00000851,ORD-00007422,SKU-00190,2,2025-12-05,CHANGED_MIND,LIKE_NEW,1305.02,2025-12-06,DESTROY,2026-04-30T04:36:50.726872
RET-00000852,ORD-00026938,SKU-00477,1,2025-12-28,DEFECTIVE,GOOD,945.71,2025-12-31,REFURBISH,2026-04-30T04:36:50.726872
RET-00000853,ORD-00022558,SKU-00871,5,2025-10-02,ARRIVED_LATE,DAMAGED,3254.25,,RETURN_TO_VENDOR,2026-04-30T04:36:50.726872
RET-00000854,ORD-00010611,SKU-00151,1,2025-09-17,DAMAGED_TRANSIT,DAMAGED,421.86,,REFURBISH,2026-04-30T04:36:50.726872
RET-00000855,ORD-00020048,SKU-00514,3,2025-12-10,NOT_AS_DESCRIBED,UNSELLABLE,968.7,,RESTOCK,2026-04-30T04:36:50.726872
RET-00000856,ORD-00044360,SKU-00399,3,2025-12-07,DEFECTIVE,DAMAGED,2080.68,,RESTOCK,2026-04-30T04:36:50.726872
RET-00000857,ORD-00002629,SKU-00615,1,2025-06-20,DAMAGED_TRANSIT,FAIR,1312.37,,REFURBISH,2026-04-30T04:36:50.726872
RET-00000858,ORD-00009748,SKU-00728,5,2025-11-26,NOT_AS_DESCRIBED,NEW,703.15,2025-11-30,RETURN_TO_VENDOR,2026-04-30T04:36:50.726872
RET-00000859,ORD-00042788,SKU-00162,2,2026-02-06,WRONG_ITEM,LIKE_NEW,606.86,2026-02-10,DESTROY,2026-04-30T04:36:50.726872
RET-00000860,ORD-00018051,SKU-00204,1,2025-12-31,NOT_AS_DESCRIBED,UNSELLABLE,981.99,,RETURN_TO_VENDOR,2026-04-30T04:36:50.726872
RET-00000861,ORD-00019257,SKU-00319,4,2025-07-02,NOT_AS_DESCRIBED,GOOD,682.6,2025-07-07,DESTROY,2026-04-30T04:36:50.726872
RET-00000862,ORD-00013363,SKU-00861,5,2025-05-25,DUPLICATE_ORDER,LIKE_NEW,3209.6,2025-05-28,RESTOCK,2026-04-30T04:36:50.726872
RET-00000863,ORD-00047908,SKU-00714,2,2025-07-31,ARRIVED_LATE,LIKE_NEW,1918.8,2025-08-01,RETURN_TO_VENDOR,2026-04-30T04:36:50.726872
RET-00000864,ORD-00024386,SKU-00070,2,2025-09-19,CHANGED_MIND,DAMAGED,2534.32,,RESTOCK,2026-04-30T04:36:50.726872
RET-00000865,ORD-00021819,SKU-00101,3,2025-05-27,CHANGED_MIND,NEW,826.08,2025-06-02,RETURN_TO_VENDOR,2026-04-30T04:36:50.726872
RET-00000866,ORD-00048164,SKU-00061,1,2025-09-28,WRONG_ITEM,NEW,1009.31,2025-09-30,RESTOCK,2026-04-30T04:36:50.726872
RET-00000867,ORD-00032484,SKU-00850,4,2026-02-23,DUPLICATE_ORDER,LIKE_NEW,2221.52,2026-03-02,RETURN_TO_VENDOR,2026-04-30T04:36:50.726872
RET-00000868,ORD-00005179,SKU-00328,1,2025-09-10,DEFECTIVE,DAMAGED,229.31,,DESTROY,2026-04-30T04:36:50.726872
RET-00000869,ORD-00049842,SKU-00828,4,2025-12-28,NOT_AS_DESCRIBED,GOOD,4975.4,2026-01-01,REFURBISH,2026-04-30T04:36:50.726872
RET-00000870,ORD-00001100,SKU-00239,1,2025-11-15,NOT_AS_DESCRIBED,GOOD,581.27,2025-11-18,DESTROY,2026-04-30T04:36:50.726872
RET-00000871,ORD-00003135,SKU-00352,3,2025-07-02,NOT_AS_DESCRIBED,LIKE_NEW,2302.08,2025-07-06,REFURBISH,2026-04-30T04:36:50.726872
RET-00000872,ORD-00044597,SKU-00276,1,2026-03-26,DUPLICATE_ORDER,NEW,341.05,2026-03-30,RESTOCK,2026-04-30T04:36:50.726872
RET-00000873,ORD-00027031,SKU-00897,2,2025-08-28,CHANGED_MIND,LIKE_NEW,83.54,2025-08-29,RESTOCK,2026-04-30T04:36:50.726872
RET-00000874,ORD-00032085,SKU-00843,2,2025-06-18,DAMAGED_TRANSIT,DAMAGED,1172.36,,REFURBISH,2026-04-30T04:36:50.726872
RET-00000875,ORD-00023109,SKU-00802,5,2025-11-03,DAMAGED_TRANSIT,LIKE_NEW,5083.85,2025-11-08,DONATE,2026-04-30T04:36:50.726872
RET-00000876,ORD-00034372,SKU-00090,1,2026-03-06,CHANGED_MIND,NEW,282.28,2026-03-09,DONATE,2026-04-30T04:36:50.726872
RET-00000877,ORD-00010409,SKU-00610,2,2026-02-21,DEFECTIVE,GOOD,1438.72,2026-02-22,DESTROY,2026-04-30T04:36:50.726872
RET-00000878,ORD-00040362,SKU-00325,3,2025-09-11,NOT_AS_DESCRIBED,GOOD,2287.11,2025-09-12,RESTOCK,2026-04-30T04:36:50.726872
RET-00000879,ORD-00018588,SKU-00777,2,2026-03-08,DUPLICATE_ORDER,NEW,487.56,2026-03-09,REFURBISH,2026-04-30T04:36:50.726872
RET-00000880,ORD-00023311,SKU-00322,5,2025-09-13,ARRIVED_LATE,NEW,287.2,2025-09-18,REFURBISH,2026-04-30T04:36:50.726872
RET-00000881,ORD-00011584,SKU-00792,2,2025-12-29,DAMAGED_TRANSIT,LIKE_NEW,637.78,2025-12-30,RESTOCK,2026-04-30T04:36:50.726872
RET-00000882,ORD-00009181,SKU-00675,4,2026-03-16,CHANGED_MIND,GOOD,642.68,2026-03-23,RESTOCK,2026-04-30T04:36:50.726872
RET-00000883,ORD-00044508,SKU-00804,1,2025-07-04,DEFECTIVE,NEW,1303.69,2025-07-11,RESTOCK,2026-04-30T04:36:50.726872
RET-00000884,ORD-00003182,SKU-00556,5,2025-12-16,WRONG_ITEM,DAMAGED,2670.4,,REFURBISH,2026-04-30T04:36:50.726872
RET-00000885,ORD-00049884,SKU-00227,2,2026-01-21,ARRIVED_LATE,DAMAGED,895.1,,REFURBISH,2026-04-30T04:36:50.726872
RET-00000886,ORD-00032751,SKU-00469,1,2025-10-18,ARRIVED_LATE,GOOD,515.69,2025-10-19,DESTROY,2026-04-30T04:36:50.726872
RET-00000887,ORD-00017896,SKU-00335,2,2026-04-23,DAMAGED_TRANSIT,DAMAGED,2601.48,,RETURN_TO_VENDOR,2026-04-30T04:36:50.726872
RET-00000888,ORD-00040034,SKU-00654,4,2025-06-05,NOT_AS_DESCRIBED,LIKE_NEW,2582.88,2025-06-09,REFURBISH,2026-04-30T04:36:50.726872
RET-00000889,ORD-00007555,SKU-00285,1,2026-01-11,DEFECTIVE,UNSELLABLE,468.01,,RESTOCK,2026-04-30T04:36:50.726872
RET-00000890,ORD-00022006,SKU-00877,2,2025-06-07,ARRIVED_LATE,UNSELLABLE,922.18,,RESTOCK,2026-04-30T04:36:50.726872
RET-00000891,ORD-00005505,SKU-00877,3,2026-02-19,DUPLICATE_ORDER,GOOD,1383.27,2026-02-25,REFURBISH,2026-04-30T04:36:50.726872
RET-00000892,ORD-00047449,SKU-00759,1,2025-10-13,DAMAGED_TRANSIT,DAMAGED,554.12,,RESTOCK,2026-04-30T04:36:50.726872
RET-00000893,ORD-00048788,SKU-00015,5,2025-06-22,WRONG_ITEM,NEW,4688.2,2025-06-28,RESTOCK,2026-04-30T04:36:50.726872
RET-00000894,ORD-00027930,SKU-00403,3,2025-05-02,ARRIVED_LATE,FAIR,914.4,,DONATE,2026-04-30T04:36:50.726872
RET-00000895,ORD-00030886,SKU-00285,3,2025-05-25,CHANGED_MIND,GOOD,1404.03,2025-05-31,RESTOCK,2026-04-30T04:36:50.726872
RET-00000896,ORD-00046214,SKU-00540,1,2025-11-28,DAMAGED_TRANSIT,NEW,1013.62,2025-12-05,REFURBISH,2026-04-30T04:36:50.726872
RET-00000897,ORD-00021120,SKU-00434,4,2025-08-03,NOT_AS_DESCRIBED,NEW,3860.4,2025-08-10,RESTOCK,2026-04-30T04:36:50.726872
RET-00000898,ORD-00005816,SKU-00181,4,2025-05-18,ARRIVED_LATE,NEW,815.4,2025-05-19,REFURBISH,2026-04-30T04:36:50.726872
RET-00000899,ORD-00031151,SKU-00467,3,2026-02-02,CHANGED_MIND,GOOD,968.94,2026-02-09,REFURBISH,2026-04-30T04:36:50.726872
RET-00000900,ORD-00036582,SKU-00510,1,2026-01-27,CHANGED_MIND,FAIR,697.02,,RESTOCK,2026-04-30T04:36:50.726872
RET-00000901,ORD-00011344,SKU-00835,4,2026-01-04,DUPLICATE_ORDER,LIKE_NEW,2209.0,2026-01-05,REFURBISH,2026-04-30T04:36:50.726872
RET-00000902,ORD-00010165,SKU-00862,3,2026-02-28,DAMAGED_TRANSIT,FAIR,987.03,,RESTOCK,2026-04-30T04:36:50.726872
RET-00000903,ORD-00049081,SKU-00679,1,2025-07-26,CHANGED_MIND,DAMAGED,31.04,,RESTOCK,2026-04-30T04:36:50.726872
RET-00000904,ORD-00026008,SKU-00260,2,2025-10-22,DAMAGED_TRANSIT,LIKE_NEW,186.54,2025-10-26,RETURN_TO_VENDOR,2026-04-30T04:36:50.726872
RET-00000905,ORD-00012907,SKU-00879,1,2025-05-03,DEFECTIVE,GOOD,566.48,2025-05-08,RESTOCK,2026-04-30T04:36:50.726872
RET-00000906,ORD-00017159,SKU-00113,4,2025-07-05,DAMAGED_TRANSIT,UNSELLABLE,393.84,,DONATE,2026-04-30T04:36:50.726872
RET-00000907,ORD-00006500,SKU-00296,2,2025-12-08,DUPLICATE_ORDER,FAIR,444.08,,RETURN_TO_VENDOR,2026-04-30T04:36:50.726872
RET-00000908,ORD-00023873,SKU-00544,1,2025-06-05,DUPLICATE_ORDER,GOOD,51.26,2025-06-11,REFURBISH,2026-04-30T04:36:50.726872
RET-00000909,ORD-00006570,SKU-00112,4,2025-11-02,ARRIVED_LATE,DAMAGED,3950.48,,DESTROY,2026-04-30T04:36:50.726872
RET-00000910,ORD-00042864,SKU-00154,3,2025-08-18,NOT_AS_DESCRIBED,FAIR,553.47,,RESTOCK,2026-04-30T04:36:50.726872
RET-00000911,ORD-00007941,SKU-00587,5,2025-12-08,CHANGED_MIND,DAMAGED,303.8,,DESTROY,2026-04-30T04:36:50.726872
RET-00000912,ORD-00045437,SKU-00033,3,2026-01-14,WRONG_ITEM,FAIR,933.39,,RETURN_TO_VENDOR,2026-04-30T04:36:50.726872
RET-00000913,ORD-00019592,SKU-00718,3,2026-02-05,ARRIVED_LATE,UNSELLABLE,1049.31,,RESTOCK,2026-04-30T04:36:50.726872
RET-00000914,ORD-00013652,SKU-00257,3,2025-10-23,ARRIVED_LATE,LIKE_NEW,789.21,2025-10-28,REFURBISH,2026-04-30T04:36:50.726872
RET-00000915,ORD-00043853,SKU-00952,2,2025-06-13,CHANGED_MIND,NEW,1006.92,2025-06-15,REFURBISH,2026-04-30T04:36:50.726872
RET-00000916,ORD-00035114,SKU-00815,4,2025-05-13,DEFECTIVE,DAMAGED,4115.72,,RESTOCK,2026-04-30T04:36:50.726872
RET-00000917,ORD-00020436,SKU-00319,1,2026-02-10,ARRIVED_LATE,FAIR,170.65,,RESTOCK,2026-04-30T04:36:50.726872
RET-00000918,ORD-00024196,SKU-00790,4,2025-05-30,CHANGED_MIND,GOOD,2232.2,2025-06-05,RETURN_TO_VENDOR,2026-04-30T04:36:50.726872
RET-00000919,ORD-00004191,SKU-00821,2,2026-03-24,DEFECTIVE,NEW,1001.06,2026-03-28,REFURBISH,2026-04-30T04:36:50.726872
RET-00000920,ORD-00010524,SKU-00057,4,2026-01-22,WRONG_ITEM,NEW,683.56,2026-01-25,DESTROY,2026-04-30T04:36:50.726872
RET-00000921,ORD-00026874,SKU-00056,3,2025-06-18,WRONG_ITEM,LIKE_NEW,650.13,2025-06-25,REFURBISH,2026-04-30T04:36:50.726872
RET-00000922,ORD-00011091,SKU-00620,4,2025-12-20,NOT_AS_DESCRIBED,UNSELLABLE,2587.04,,RESTOCK,2026-04-30T04:36:50.726872
RET-00000923,ORD-00045018,SKU-00341,1,2025-06-17,DEFECTIVE,LIKE_NEW,900.28,2025-06-20,DONATE,2026-04-30T04:36:50.726872
RET-00000924,ORD-00019309,SKU-00526,5,2025-12-28,WRONG_ITEM,DAMAGED,229.3,,RESTOCK,2026-04-30T04:36:50.726872
RET-00000925,ORD-00006250,SKU-00861,4,2026-03-28,DEFECTIVE,DAMAGED,2567.68,,RESTOCK,2026-04-30T04:36:50.726872
RET-00000926,ORD-00044918,SKU-00599,1,2025-05-20,NOT_AS_DESCRIBED,GOOD,216.97,2025-05-25,RESTOCK,2026-04-30T04:36:50.726872
RET-00000927,ORD-00033967,SKU-00219,2,2025-07-15,ARRIVED_LATE,UNSELLABLE,84.84,,DESTROY,2026-04-30T04:36:50.726872
RET-00000928,ORD-00016240,SKU-00905,5,2025-10-24,DAMAGED_TRANSIT,NEW,1449.85,2025-10-31,RESTOCK,2026-04-30T04:36:50.726872
RET-00000929,ORD-00011813,SKU-00446,5,2025-07-13,ARRIVED_LATE,FAIR,363.35,,DONATE,2026-04-30T04:36:50.726872
RET-00000930,ORD-00031048,SKU-00539,5,2025-05-08,WRONG_ITEM,LIKE_NEW,3229.05,2025-05-13,REFURBISH,2026-04-30T04:36:50.726872
RET-00000931,ORD-00004588,SKU-00319,2,2025-11-11,DAMAGED_TRANSIT,LIKE_NEW,341.3,2025-11-17,DESTROY,2026-04-30T04:36:50.726872
RET-00000932,ORD-00024428,SKU-00272,2,2025-11-03,DAMAGED_TRANSIT,FAIR,1089.1,,REFURBISH,2026-04-30T04:36:50.726872
RET-00000933,ORD-00033653,SKU-00834,3,2025-07-13,ARRIVED_LATE,NEW,1843.74,2025-07-19,RETURN_TO_VENDOR,2026-04-30T04:36:50.726872
RET-00000934,ORD-00013286,SKU-00814,5,2025-05-09,DEFECTIVE,UNSELLABLE,7035.1,,RETURN_TO_VENDOR,2026-04-30T04:36:50.726872
RET-00000935,ORD-00011528,SKU-00830,1,2026-04-12,NOT_AS_DESCRIBED,GOOD,375.14,2026-04-14,DESTROY,2026-04-30T04:36:50.726872
RET-00000936,ORD-00040587,SKU-00555,4,2026-02-21,DAMAGED_TRANSIT,FAIR,178.04,,RESTOCK,2026-04-30T04:36:50.726872
RET-00000937,ORD-00005615,SKU-00212,3,2026-04-13,WRONG_ITEM,NEW,1732.62,2026-04-14,RESTOCK,2026-04-30T04:36:50.726872
RET-00000938,ORD-00040896,SKU-00781,4,2026-01-22,DAMAGED_TRANSIT,FAIR,3621.8,,DESTROY,2026-04-30T04:36:50.726872
RET-00000939,ORD-00012210,SKU-00061,4,2025-12-05,CHANGED_MIND,GOOD,4037.24,2025-12-08,RETURN_TO_VENDOR,2026-04-30T04:36:50.726872
RET-00000940,ORD-00035237,SKU-00850,5,2026-02-28,CHANGED_MIND,DAMAGED,2776.9,,RESTOCK,2026-04-30T04:36:50.726872
RET-00000941,ORD-00008210,SKU-00709,2,2025-11-11,NOT_AS_DESCRIBED,LIKE_NEW,1291.34,2025-11-12,DONATE,2026-04-30T04:36:50.726872
RET-00000942,ORD-00022060,SKU-00961,3,2025-12-13,NOT_AS_DESCRIBED,GOOD,3545.85,2025-12-14,RESTOCK,2026-04-30T04:36:50.726872
RET-00000943,ORD-00012444,SKU-00812,1,2026-01-26,DEFECTIVE,NEW,251.5,2026-02-01,RESTOCK,2026-04-30T04:36:50.726872
RET-00000944,ORD-00004757,SKU-00178,4,2026-03-12,DAMAGED_TRANSIT,FAIR,3453.36,,RESTOCK,2026-04-30T04:36:50.726872
RET-00000945,ORD-00011308,SKU-00427,1,2026-03-24,DEFECTIVE,NEW,509.04,2026-03-31,RETURN_TO_VENDOR,2026-04-30T04:36:50.726872
RET-00000946,ORD-00005888,SKU-00342,5,2025-10-15,NOT_AS_DESCRIBED,LIKE_NEW,2735.65,2025-10-17,RESTOCK,2026-04-30T04:36:50.726872
RET-00000947,ORD-00023480,SKU-00660,1,2025-07-23,CHANGED_MIND,UNSELLABLE,629.82,,DESTROY,2026-04-30T04:36:50.726872
RET-00000948,ORD-00047240,SKU-00860,5,2025-10-30,WRONG_ITEM,LIKE_NEW,2109.1,2025-10-31,RESTOCK,2026-04-30T04:36:50.726872
RET-00000949,ORD-00004979,SKU-00210,1,2025-06-01,ARRIVED_LATE,LIKE_NEW,98.56,2025-06-07,RESTOCK,2026-04-30T04:36:50.726872
RET-00000950,ORD-00039380,SKU-00604,3,2025-09-15,WRONG_ITEM,DAMAGED,3171.87,,RETURN_TO_VENDOR,2026-04-30T04:36:50.726872
RET-00000951,ORD-00045027,SKU-00404,1,2025-05-23,CHANGED_MIND,GOOD,688.07,2025-05-25,DESTROY,2026-04-30T04:36:50.726872
RET-00000952,ORD-00035346,SKU-00655,3,2026-01-06,DAMAGED_TRANSIT,GOOD,2144.94,2026-01-09,RETURN_TO_VENDOR,2026-04-30T04:36:50.726872
RET-00000953,ORD-00044358,SKU-00447,4,2026-02-25,DUPLICATE_ORDER,GOOD,792.8,2026-03-04,DESTROY,2026-04-30T04:36:50.726872
RET-00000954,ORD-00048784,SKU-00307,4,2026-03-16,DEFECTIVE,UNSELLABLE,4403.28,,DESTROY,2026-04-30T04:36:50.726872
RET-00000955,ORD-00007992,SKU-00780,1,2025-11-21,DAMAGED_TRANSIT,GOOD,106.72,2025-11-25,RETURN_TO_VENDOR,2026-04-30T04:36:50.726872
RET-00000956,ORD-00003706,SKU-00774,2,2025-07-26,DUPLICATE_ORDER,LIKE_NEW,686.88,2025-07-31,REFURBISH,2026-04-30T04:36:50.726872
RET-00000957,ORD-00043430,SKU-00250,5,2026-04-04,CHANGED_MIND,LIKE_NEW,475.75,2026-04-06,RETURN_TO_VENDOR,2026-04-30T04:36:50.726872
RET-00000958,ORD-00016025,SKU-00259,5,2025-06-08,CHANGED_MIND,NEW,830.35,2025-06-14,REFURBISH,2026-04-30T04:36:50.726872
RET-00000959,ORD-00041742,SKU-00944,3,2026-04-08,CHANGED_MIND,NEW,1162.83,2026-04-09,DONATE,2026-04-30T04:36:50.726872
RET-00000960,ORD-00012230,SKU-00295,1,2025-05-20,ARRIVED_LATE,UNSELLABLE,28.94,,DESTROY,2026-04-30T04:36:50.726872
RET-00000961,ORD-00002560,SKU-00991,3,2025-08-25,CHANGED_MIND,FAIR,2667.48,,RETURN_TO_VENDOR,2026-04-30T04:36:50.726872
RET-00000962,ORD-00010879,SKU-00310,3,2026-01-31,WRONG_ITEM,UNSELLABLE,532.23,,RESTOCK,2026-04-30T04:36:50.726872
RET-00000963,ORD-00029687,SKU-00679,5,2025-08-14,NOT_AS_DESCRIBED,GOOD,155.2,2025-08-15,RESTOCK,2026-04-30T04:36:50.726872
RET-00000964,ORD-00034455,SKU-00385,4,2026-04-22,DEFECTIVE,LIKE_NEW,4937.6,2026-04-25,RESTOCK,2026-04-30T04:36:50.726872
RET-00000965,ORD-00008801,SKU-00422,3,2025-09-14,DUPLICATE_ORDER,DAMAGED,1749.48,,REFURBISH,2026-04-30T04:36:50.726872
RET-00000966,ORD-00006879,SKU-00150,3,2025-06-15,ARRIVED_LATE,FAIR,36.66,,RESTOCK,2026-04-30T04:36:50.726872
RET-00000967,ORD-00020242,SKU-00802,3,2025-05-20,DUPLICATE_ORDER,UNSELLABLE,3050.31,,RESTOCK,2026-04-30T04:36:50.726872
RET-00000968,ORD-00035999,SKU-00871,3,2025-07-11,DAMAGED_TRANSIT,NEW,1952.55,2025-07-14,RESTOCK,2026-04-30T04:36:50.726872
RET-00000969,ORD-00003250,SKU-00697,1,2026-03-15,NOT_AS_DESCRIBED,DAMAGED,385.76,,REFURBISH,2026-04-30T04:36:50.726872
RET-00000970,ORD-00017484,SKU-00224,5,2026-03-04,NOT_AS_DESCRIBED,NEW,2912.9,2026-03-07,DESTROY,2026-04-30T04:36:50.726872
RET-00000971,ORD-00017981,SKU-00575,2,2025-12-16,DUPLICATE_ORDER,NEW,48.98,2025-12-22,RESTOCK,2026-04-30T04:36:50.726872
RET-00000972,ORD-00019161,SKU-00597,3,2025-07-23,NOT_AS_DESCRIBED,GOOD,1147.5,2025-07-29,RETURN_TO_VENDOR,2026-04-30T04:36:50.726872
RET-00000973,ORD-00032852,SKU-00433,3,2026-02-09,DEFECTIVE,GOOD,1802.13,2026-02-13,REFURBISH,2026-04-30T04:36:50.726872
RET-00000974,ORD-00020148,SKU-00474,3,2026-01-28,ARRIVED_LATE,DAMAGED,2487.12,,RESTOCK,2026-04-30T04:36:50.726872
RET-00000975,ORD-00003054,SKU-00913,5,2025-10-28,WRONG_ITEM,LIKE_NEW,4635.3,2025-10-29,REFURBISH,2026-04-30T04:36:50.726872
RET-00000976,ORD-00030433,SKU-00646,5,2026-04-19,ARRIVED_LATE,LIKE_NEW,1176.7,2026-04-21,RETURN_TO_VENDOR,2026-04-30T04:36:50.726872
RET-00000977,ORD-00026966,SKU-00994,3,2026-04-04,CHANGED_MIND,GOOD,1081.65,2026-04-07,DESTROY,2026-04-30T04:36:50.726872
RET-00000978,ORD-00028165,SKU-00003,2,2026-02-02,ARRIVED_LATE,DAMAGED,714.0,,DESTROY,2026-04-30T04:36:50.726872
RET-00000979,ORD-00040048,SKU-00884,1,2026-03-15,NOT_AS_DESCRIBED,GOOD,11.26,2026-03-22,DESTROY,2026-04-30T04:36:50.726872
RET-00000980,ORD-00023523,SKU-00543,3,2025-07-22,WRONG_ITEM,DAMAGED,2493.0,,REFURBISH,2026-04-30T04:36:50.726872
RET-00000981,ORD-00042065,SKU-00993,3,2026-01-10,CHANGED_MIND,NEW,3928.2,2026-01-14,RESTOCK,2026-04-30T04:36:50.726872
RET-00000982,ORD-00002501,SKU-00744,5,2026-01-25,ARRIVED_LATE,GOOD,5984.15,2026-01-31,RESTOCK,2026-04-30T04:36:50.726872
RET-00000983,ORD-00005376,SKU-00653,5,2025-09-02,CHANGED_MIND,FAIR,612.65,,DESTROY,2026-04-30T04:36:50.726872
RET-00000984,ORD-00031678,SKU-00315,3,2025-08-18,WRONG_ITEM,DAMAGED,2265.63,,RESTOCK,2026-04-30T04:36:50.726872
RET-00000985,ORD-00031902,SKU-00204,2,2025-12-06,DEFECTIVE,FAIR,1963.98,,RETURN_TO_VENDOR,2026-04-30T04:36:50.726872
RET-00000986,ORD-00013200,SKU-00501,5,2026-02-05,ARRIVED_LATE,GOOD,1279.15,2026-02-10,RESTOCK,2026-04-30T04:36:50.726872
RET-00000987,ORD-00042628,SKU-00180,5,2025-07-06,CHANGED_MIND,GOOD,985.7,2025-07-10,REFURBISH,2026-04-30T04:36:50.726872
RET-00000988,ORD-00044353,SKU-00379,5,2025-05-03,DUPLICATE_ORDER,FAIR,556.3,,RETURN_TO_VENDOR,2026-04-30T04:36:50.726872
RET-00000989,ORD-00003378,SKU-00415,3,2025-05-18,DEFECTIVE,GOOD,2243.91,2025-05-23,DESTROY,2026-04-30T04:36:50.726872
RET-00000990,ORD-00033797,SKU-00178,3,2026-01-11,ARRIVED_LATE,UNSELLABLE,2590.02,,RESTOCK,2026-04-30T04:36:50.726872
RET-00000991,ORD-00026172,SKU-00656,1,2025-05-01,DAMAGED_TRANSIT,LIKE_NEW,1223.16,2025-05-03,RESTOCK,2026-04-30T04:36:50.726872
RET-00000992,ORD-00001515,SKU-00733,3,2025-08-20,WRONG_ITEM,DAMAGED,1201.32,,RETURN_TO_VENDOR,2026-04-30T04:36:50.726872
RET-00000993,ORD-00043871,SKU-00954,4,2025-04-30,DAMAGED_TRANSIT,FAIR,1568.48,,RETURN_TO_VENDOR,2026-04-30T04:36:50.726872
RET-00000994,ORD-00000170,SKU-00758,4,2025-10-07,WRONG_ITEM,LIKE_NEW,2161.6,2025-10-11,DONATE,2026-04-30T04:36:50.726872
RET-00000995,ORD-00002415,SKU-00808,2,2025-05-19,CHANGED_MIND,DAMAGED,167.92,,RETURN_TO_VENDOR,2026-04-30T04:36:50.726872
RET-00000996,ORD-00000474,SKU-00977,3,2025-12-27,WRONG_ITEM,DAMAGED,1460.13,,DESTROY,2026-04-30T04:36:50.726872
RET-00000997,ORD-00045135,SKU-00058,5,2025-08-08,CHANGED_MIND,FAIR,6988.35,,REFURBISH,2026-04-30T04:36:50.726872
RET-00000998,ORD-00012192,SKU-00555,4,2026-02-13,NOT_AS_DESCRIBED,LIKE_NEW,178.04,2026-02-16,DONATE,2026-04-30T04:36:50.726872
RET-00000999,ORD-00024748,SKU-00205,5,2025-12-04,CHANGED_MIND,GOOD,751.7,2025-12-08,REFURBISH,2026-04-30T04:36:50.726872
RET-00001000,ORD-00037569,SKU-00137,3,2026-01-03,ARRIVED_LATE,UNSELLABLE,2106.42,,DONATE,2026-04-30T04:36:50.726872
RET-00001001,ORD-00039954,SKU-00574,2,2025-05-15,WRONG_ITEM,GOOD,1164.46,2025-05-18,RESTOCK,2026-04-30T04:36:50.726872
RET-00001002,ORD-00025582,SKU-00858,5,2026-03-07,DUPLICATE_ORDER,NEW,2059.75,2026-03-08,DESTROY,2026-04-30T04:36:50.726872
RET-00001003,ORD-00031814,SKU-00302,4,2025-10-23,WRONG_ITEM,UNSELLABLE,4178.44,,DESTROY,2026-04-30T04:36:50.726872
RET-00001004,ORD-00047699,SKU-00274,5,2026-01-08,DEFECTIVE,FAIR,2197.8,,RETURN_TO_VENDOR,2026-04-30T04:36:50.726872
RET-00001005,ORD-00002105,SKU-00920,1,2025-12-18,DEFECTIVE,GOOD,843.0,2025-12-19,RESTOCK,2026-04-30T04:36:50.726872
RET-00001006,ORD-00001192,SKU-00107,1,2025-09-09,DEFECTIVE,FAIR,1037.56,,RETURN_TO_VENDOR,2026-04-30T04:36:50.726872
RET-00001007,ORD-00003999,SKU-00668,1,2026-02-27,DEFECTIVE,LIKE_NEW,426.35,2026-03-06,DESTROY,2026-04-30T04:36:50.726872
RET-00001008,ORD-00049671,SKU-00043,3,2025-08-05,NOT_AS_DESCRIBED,LIKE_NEW,1162.5,2025-08-06,RESTOCK,2026-04-30T04:36:50.726872
RET-00001009,ORD-00014586,SKU-00317,1,2026-02-21,DAMAGED_TRANSIT,GOOD,128.79,2026-02-26,DESTROY,2026-04-30T04:36:50.726872
RET-00001010,ORD-00017551,SKU-00991,1,2025-11-19,DUPLICATE_ORDER,LIKE_NEW,889.16,2025-11-25,RETURN_TO_VENDOR,2026-04-30T04:36:50.726872
RET-00001011,ORD-00035806,SKU-00551,2,2026-01-19,DAMAGED_TRANSIT,LIKE_NEW,1269.66,2026-01-24,RESTOCK,2026-04-30T04:36:50.726872
RET-00001012,ORD-00030397,SKU-00966,1,2025-06-27,DUPLICATE_ORDER,NEW,334.99,2025-06-29,RESTOCK,2026-04-30T04:36:50.726872
RET-00001013,ORD-00046244,SKU-00883,1,2025-05-01,WRONG_ITEM,UNSELLABLE,215.67,,RESTOCK,2026-04-30T04:36:50.726872
RET-00001014,ORD-00037945,SKU-00480,1,2025-08-16,ARRIVED_LATE,UNSELLABLE,829.81,,RESTOCK,2026-04-30T04:36:50.726872
RET-00001015,ORD-00032695,SKU-00733,2,2026-03-26,CHANGED_MIND,FAIR,800.88,,RESTOCK,2026-04-30T04:36:50.726872
RET-00001016,ORD-00009724,SKU-00564,5,2025-05-18,DEFECTIVE,GOOD,3037.45,2025-05-25,RESTOCK,2026-04-30T04:36:50.726872
RET-00001017,ORD-00042259,SKU-00904,5,2025-11-07,NOT_AS_DESCRIBED,NEW,4699.35,2025-11-10,RESTOCK,2026-04-30T04:36:50.726872
RET-00001018,ORD-00015216,SKU-00303,4,2026-01-27,CHANGED_MIND,UNSELLABLE,2437.56,,RESTOCK,2026-04-30T04:36:50.726872
RET-00001019,ORD-00024967,SKU-00772,4,2025-09-13,WRONG_ITEM,GOOD,2638.0,2025-09-20,DONATE,2026-04-30T04:36:50.726872
RET-00001020,ORD-00044978,SKU-00288,3,2025-06-17,CHANGED_MIND,DAMAGED,819.03,,RESTOCK,2026-04-30T04:36:50.726872
RET-00001021,ORD-00017547,SKU-00907,4,2025-06-23,NOT_AS_DESCRIBED,NEW,1818.6,2025-06-30,RESTOCK,2026-04-30T04:36:50.726872
RET-00001022,ORD-00019922,SKU-00082,1,2026-03-05,ARRIVED_LATE,NEW,631.18,2026-03-07,DONATE,2026-04-30T04:36:50.726872
RET-00001023,ORD-00039710,SKU-00558,2,2026-01-22,DUPLICATE_ORDER,UNSELLABLE,1728.76,,RETURN_TO_VENDOR,2026-04-30T04:36:50.726872
RET-00001024,ORD-00029594,SKU-00810,1,2025-10-10,DUPLICATE_ORDER,GOOD,75.16,2025-10-15,RETURN_TO_VENDOR,2026-04-30T04:36:50.726872
RET-00001025,ORD-00016098,SKU-00545,5,2025-12-15,ARRIVED_LATE,LIKE_NEW,4196.65,2025-12-22,RESTOCK,2026-04-30T04:36:50.726872
RET-00001026,ORD-00002325,SKU-00423,2,2025-11-14,DUPLICATE_ORDER,LIKE_NEW,1990.38,2025-11-19,REFURBISH,2026-04-30T04:36:50.726872
RET-00001027,ORD-00044559,SKU-00903,1,2025-10-01,NOT_AS_DESCRIBED,FAIR,537.49,,DONATE,2026-04-30T04:36:50.726872
RET-00001028,ORD-00002437,SKU-00188,5,2026-03-09,ARRIVED_LATE,GOOD,2436.65,2026-03-16,RETURN_TO_VENDOR,2026-04-30T04:36:50.726872
RET-00001029,ORD-00023040,SKU-00233,1,2025-06-18,NOT_AS_DESCRIBED,NEW,644.77,2025-06-25,RESTOCK,2026-04-30T04:36:50.726872
RET-00001030,ORD-00001811,SKU-00767,1,2026-02-14,DAMAGED_TRANSIT,LIKE_NEW,134.97,2026-02-21,RETURN_TO_VENDOR,2026-04-30T04:36:50.726872
RET-00001031,ORD-00008631,SKU-00746,3,2025-09-03,ARRIVED_LATE,FAIR,2509.65,,RESTOCK,2026-04-30T04:36:50.726872
RET-00001032,ORD-00007404,SKU-00478,2,2026-01-04,DEFECTIVE,GOOD,1895.72,2026-01-09,DESTROY,2026-04-30T04:36:50.726872
RET-00001033,ORD-00042461,SKU-00253,2,2025-07-22,DAMAGED_TRANSIT,LIKE_NEW,1243.84,2025-07-25,RESTOCK,2026-04-30T04:36:50.726872
RET-00001034,ORD-00043555,SKU-00279,5,2025-05-19,NOT_AS_DESCRIBED,DAMAGED,2054.0,,REFURBISH,2026-04-30T04:36:50.726872
RET-00001035,ORD-00023657,SKU-00916,2,2025-05-14,NOT_AS_DESCRIBED,LIKE_NEW,710.22,2025-05-18,REFURBISH,2026-04-30T04:36:50.726872
RET-00001036,ORD-00025832,SKU-00517,1,2025-12-18,DAMAGED_TRANSIT,GOOD,889.97,2025-12-24,REFURBISH,2026-04-30T04:36:50.726872
RET-00001037,ORD-00041055,SKU-00174,2,2025-08-24,CHANGED_MIND,GOOD,423.5,2025-08-27,RESTOCK,2026-04-30T04:36:50.726872
RET-00001038,ORD-00011212,SKU-00973,1,2025-11-19,CHANGED_MIND,DAMAGED,265.69,,RETURN_TO_VENDOR,2026-04-30T04:36:50.726872
RET-00001039,ORD-00025136,SKU-00939,2,2025-08-27,WRONG_ITEM,LIKE_NEW,1475.8,2025-08-28,REFURBISH,2026-04-30T04:36:50.726872
RET-00001040,ORD-00043230,SKU-00496,2,2025-06-11,DEFECTIVE,DAMAGED,1538.04,,RESTOCK,2026-04-30T04:36:50.726872
RET-00001041,ORD-00003750,SKU-00450,4,2025-06-29,DEFECTIVE,DAMAGED,4098.8,,REFURBISH,2026-04-30T04:36:50.726872
RET-00001042,ORD-00046619,SKU-00959,1,2025-04-30,WRONG_ITEM,DAMAGED,343.12,,DONATE,2026-04-30T04:36:50.726872
RET-00001043,ORD-00038990,SKU-00866,3,2025-10-12,NOT_AS_DESCRIBED,FAIR,1698.27,,REFURBISH,2026-04-30T04:36:50.726872
RET-00001044,ORD-00019163,SKU-00485,3,2026-01-22,ARRIVED_LATE,LIKE_NEW,2867.67,2026-01-26,DONATE,2026-04-30T04:36:50.726872
RET-00001045,ORD-00037442,SKU-00632,5,2025-07-09,ARRIVED_LATE,DAMAGED,1832.4,,RESTOCK,2026-04-30T04:36:50.726872
RET-00001046,ORD-00011413,SKU-00696,3,2025-10-30,NOT_AS_DESCRIBED,NEW,2603.91,2025-11-05,RETURN_TO_VENDOR,2026-04-30T04:36:50.726872
RET-00001047,ORD-00028145,SKU-00279,4,2025-07-08,ARRIVED_LATE,NEW,1643.2,2025-07-14,REFURBISH,2026-04-30T04:36:50.726872
RET-00001048,ORD-00030389,SKU-00713,4,2025-12-15,NOT_AS_DESCRIBED,LIKE_NEW,4482.56,2025-12-16,DONATE,2026-04-30T04:36:50.726872
RET-00001049,ORD-00019005,SKU-00027,3,2025-09-07,NOT_AS_DESCRIBED,FAIR,1995.36,,RETURN_TO_VENDOR,2026-04-30T04:36:50.726872
RET-00001050,ORD-00000386,SKU-00316,5,2026-02-24,DEFECTIVE,LIKE_NEW,2103.85,2026-02-28,RESTOCK,2026-04-30T04:36:50.726872
RET-00001051,ORD-00005628,SKU-00093,4,2026-01-07,NOT_AS_DESCRIBED,LIKE_NEW,1903.4,2026-01-12,REFURBISH,2026-04-30T04:36:50.726872
RET-00001052,ORD-00023730,SKU-00962,1,2025-08-01,CHANGED_MIND,UNSELLABLE,403.1,,REFURBISH,2026-04-30T04:36:50.726872
RET-00001053,ORD-00032668,SKU-00586,2,2025-06-01,DAMAGED_TRANSIT,DAMAGED,176.04,,REFURBISH,2026-04-30T04:36:50.726872
RET-00001054,ORD-00045202,SKU-00418,3,2025-12-19,ARRIVED_LATE,FAIR,394.47,,DONATE,2026-04-30T04:36:50.726872
RET-00001055,ORD-00027058,SKU-00836,5,2026-04-26,DAMAGED_TRANSIT,UNSELLABLE,595.9,,REFURBISH,2026-04-30T04:36:50.726872
RET-00001056,ORD-00005607,SKU-00675,4,2026-04-10,NOT_AS_DESCRIBED,LIKE_NEW,642.68,2026-04-12,RETURN_TO_VENDOR,2026-04-30T04:36:50.726872
RET-00001057,ORD-00013792,SKU-00566,2,2025-05-24,ARRIVED_LATE,UNSELLABLE,1421.34,,RETURN_TO_VENDOR,2026-04-30T04:36:50.726872
RET-00001058,ORD-00027844,SKU-00452,2,2025-09-14,DEFECTIVE,DAMAGED,148.98,,RETURN_TO_VENDOR,2026-04-30T04:36:50.726872
RET-00001059,ORD-00046768,SKU-00633,2,2025-08-15,NOT_AS_DESCRIBED,UNSELLABLE,1088.58,,DESTROY,2026-04-30T04:36:50.726872
RET-00001060,ORD-00026166,SKU-00693,3,2026-03-09,NOT_AS_DESCRIBED,FAIR,2266.56,,RESTOCK,2026-04-30T04:36:50.726872
RET-00001061,ORD-00033975,SKU-00384,3,2025-09-30,ARRIVED_LATE,UNSELLABLE,2421.99,,RESTOCK,2026-04-30T04:36:50.726872
RET-00001062,ORD-00039987,SKU-00120,4,2025-08-17,CHANGED_MIND,LIKE_NEW,1506.2,2025-08-18,REFURBISH,2026-04-30T04:36:50.726872
RET-00001063,ORD-00013935,SKU-00084,1,2025-08-09,DEFECTIVE,GOOD,182.65,2025-08-12,DESTROY,2026-04-30T04:36:50.726872
RET-00001064,ORD-00010760,SKU-00812,1,2025-11-05,CHANGED_MIND,UNSELLABLE,251.5,,RESTOCK,2026-04-30T04:36:50.726872
RET-00001065,ORD-00005830,SKU-00963,4,2025-07-04,CHANGED_MIND,UNSELLABLE,5625.84,,DONATE,2026-04-30T04:36:50.726872
RET-00001066,ORD-00024877,SKU-00299,1,2026-04-24,ARRIVED_LATE,FAIR,1018.54,,REFURBISH,2026-04-30T04:36:50.726872
RET-00001067,ORD-00017460,SKU-00950,4,2026-03-26,ARRIVED_LATE,UNSELLABLE,4371.68,,REFURBISH,2026-04-30T04:36:50.726872
RET-00001068,ORD-00007132,SKU-00426,2,2025-12-24,DUPLICATE_ORDER,LIKE_NEW,1126.76,2025-12-27,REFURBISH,2026-04-30T04:36:50.726872
RET-00001069,ORD-00020464,SKU-00405,2,2025-07-31,WRONG_ITEM,LIKE_NEW,501.0,2025-08-01,REFURBISH,2026-04-30T04:36:50.726872
RET-00001070,ORD-00039823,SKU-00128,2,2025-08-13,DEFECTIVE,GOOD,1529.86,2025-08-16,REFURBISH,2026-04-30T04:36:50.726872
RET-00001071,ORD-00036865,SKU-00235,1,2025-10-13,DEFECTIVE,UNSELLABLE,716.21,,RESTOCK,2026-04-30T04:36:50.726872
RET-00001072,ORD-00022316,SKU-00932,1,2025-09-10,WRONG_ITEM,GOOD,1196.77,2025-09-13,DONATE,2026-04-30T04:36:50.726872
RET-00001073,ORD-00001002,SKU-00131,3,2025-05-08,NOT_AS_DESCRIBED,LIKE_NEW,2981.94,2025-05-14,DONATE,2026-04-30T04:36:50.726872
RET-00001074,ORD-00001732,SKU-00640,1,2025-09-11,DUPLICATE_ORDER,GOOD,584.09,2025-09-12,RESTOCK,2026-04-30T04:36:50.726872
RET-00001075,ORD-00005345,SKU-00362,2,2025-05-01,ARRIVED_LATE,DAMAGED,1685.98,,DONATE,2026-04-30T04:36:50.726872
RET-00001076,ORD-00007731,SKU-00374,2,2025-07-29,DEFECTIVE,GOOD,564.6,2025-08-02,REFURBISH,2026-04-30T04:36:50.726872
RET-00001077,ORD-00020576,SKU-00949,4,2025-10-24,WRONG_ITEM,NEW,3505.16,2025-10-25,DESTROY,2026-04-30T04:36:50.726872
RET-00001078,ORD-00021018,SKU-00295,4,2025-10-02,CHANGED_MIND,GOOD,115.76,2025-10-09,RESTOCK,2026-04-30T04:36:50.726872
RET-00001079,ORD-00046133,SKU-00742,4,2026-03-08,WRONG_ITEM,LIKE_NEW,3334.16,2026-03-10,REFURBISH,2026-04-30T04:36:50.726872
RET-00001080,ORD-00022376,SKU-00720,3,2026-04-24,NOT_AS_DESCRIBED,GOOD,1108.98,2026-04-26,RESTOCK,2026-04-30T04:36:50.726872
RET-00001081,ORD-00020639,SKU-00341,2,2025-07-07,DUPLICATE_ORDER,FAIR,1800.56,,RETURN_TO_VENDOR,2026-04-30T04:36:50.726872
RET-00001082,ORD-00036192,SKU-00477,5,2025-06-26,NOT_AS_DESCRIBED,NEW,4728.55,2025-06-30,RESTOCK,2026-04-30T04:36:50.726872
RET-00001083,ORD-00040393,SKU-00260,1,2025-08-26,DUPLICATE_ORDER,GOOD,93.27,2025-08-31,RETURN_TO_VENDOR,2026-04-30T04:36:50.726872
RET-00001084,ORD-00022139,SKU-00676,1,2026-01-24,WRONG_ITEM,DAMAGED,67.17,,RESTOCK,2026-04-30T04:36:50.726872
RET-00001085,ORD-00003861,SKU-00468,4,2025-08-22,DUPLICATE_ORDER,GOOD,5225.08,2025-08-25,RESTOCK,2026-04-30T04:36:50.726872
RET-00001086,ORD-00001121,SKU-00139,1,2025-07-05,CHANGED_MIND,DAMAGED,121.72,,DONATE,2026-04-30T04:36:50.726872
RET-00001087,ORD-00001224,SKU-00982,1,2025-10-08,NOT_AS_DESCRIBED,DAMAGED,163.97,,RETURN_TO_VENDOR,2026-04-30T04:36:50.726872
RET-00001088,ORD-00002634,SKU-00922,5,2025-06-13,DUPLICATE_ORDER,GOOD,7531.05,2025-06-20,RETURN_TO_VENDOR,2026-04-30T04:36:50.726872
RET-00001089,ORD-00035859,SKU-00899,4,2025-12-16,DAMAGED_TRANSIT,DAMAGED,3207.6,,DESTROY,2026-04-30T04:36:50.726872
RET-00001090,ORD-00036393,SKU-00697,1,2025-10-26,DEFECTIVE,GOOD,385.76,2025-10-31,RESTOCK,2026-04-30T04:36:50.726872
RET-00001091,ORD-00042292,SKU-00629,5,2025-12-14,DAMAGED_TRANSIT,NEW,2734.9,2025-12-20,DESTROY,2026-04-30T04:36:50.726872
RET-00001092,ORD-00042544,SKU-00055,2,2026-02-15,DUPLICATE_ORDER,NEW,2714.98,2026-02-19,RESTOCK,2026-04-30T04:36:50.726872
RET-00001093,ORD-00039206,SKU-00533,5,2025-07-10,DEFECTIVE,FAIR,3180.15,,RETURN_TO_VENDOR,2026-04-30T04:36:50.726872
RET-00001094,ORD-00026941,SKU-00722,5,2026-02-15,DAMAGED_TRANSIT,LIKE_NEW,714.35,2026-02-18,DESTROY,2026-04-30T04:36:50.726872
RET-00001095,ORD-00027558,SKU-00963,5,2025-10-01,DEFECTIVE,GOOD,7032.3,2025-10-08,RESTOCK,2026-04-30T04:36:50.726872
RET-00001096,ORD-00000457,SKU-00225,1,2026-01-17,ARRIVED_LATE,LIKE_NEW,46.79,2026-01-20,DONATE,2026-04-30T04:36:50.726872
RET-00001097,ORD-00034549,SKU-00931,1,2026-02-05,NOT_AS_DESCRIBED,LIKE_NEW,185.81,2026-02-11,RESTOCK,2026-04-30T04:36:50.726872
RET-00001098,ORD-00017712,SKU-00069,2,2025-11-12,NOT_AS_DESCRIBED,LIKE_NEW,952.06,2025-11-15,REFURBISH,2026-04-30T04:36:50.726872
RET-00001099,ORD-00042592,SKU-00839,3,2025-11-15,DAMAGED_TRANSIT,UNSELLABLE,727.53,,RESTOCK,2026-04-30T04:36:50.726872
RET-00001100,ORD-00046143,SKU-00202,5,2026-02-18,CHANGED_MIND,GOOD,4118.95,2026-02-20,RESTOCK,2026-04-30T04:36:50.726872
RET-00001101,ORD-00019198,SKU-00002,3,2026-04-13,DUPLICATE_ORDER,FAIR,3300.18,,RETURN_TO_VENDOR,2026-04-30T04:36:50.726872
RET-00001102,ORD-00029325,SKU-00046,3,2025-12-26,DAMAGED_TRANSIT,NEW,1202.58,2026-01-02,DESTROY,2026-04-30T04:36:50.726872
RET-00001103,ORD-00026391,SKU-00404,1,2026-01-23,ARRIVED_LATE,NEW,688.07,2026-01-27,REFURBISH,2026-04-30T04:36:50.726872
RET-00001104,ORD-00039764,SKU-01000,2,2025-11-26,WRONG_ITEM,GOOD,2286.3,2025-11-28,RESTOCK,2026-04-30T04:36:50.726872
RET-00001105,ORD-00000471,SKU-00049,2,2025-11-18,NOT_AS_DESCRIBED,FAIR,643.82,,RESTOCK,2026-04-30T04:36:50.726872
RET-00001106,ORD-00012338,SKU-00825,2,2025-05-26,DAMAGED_TRANSIT,GOOD,1316.34,2025-05-31,DESTROY,2026-04-30T04:36:50.726872
RET-00001107,ORD-00028910,SKU-00829,1,2026-02-15,DUPLICATE_ORDER,NEW,963.35,2026-02-18,REFURBISH,2026-04-30T04:36:50.726872
RET-00001108,ORD-00027585,SKU-00160,1,2025-08-07,ARRIVED_LATE,LIKE_NEW,473.91,2025-08-12,DONATE,2026-04-30T04:36:50.726872
RET-00001109,ORD-00040696,SKU-00063,3,2025-11-22,DUPLICATE_ORDER,UNSELLABLE,640.35,,RETURN_TO_VENDOR,2026-04-30T04:36:50.726872
RET-00001110,ORD-00038300,SKU-00491,2,2025-11-01,ARRIVED_LATE,DAMAGED,2512.32,,RETURN_TO_VENDOR,2026-04-30T04:36:50.726872
RET-00001111,ORD-00029690,SKU-00897,3,2026-03-08,NOT_AS_DESCRIBED,FAIR,125.31,,REFURBISH,2026-04-30T04:36:50.726872
RET-00001112,ORD-00035814,SKU-00924,2,2026-02-06,CHANGED_MIND,NEW,857.74,2026-02-07,RETURN_TO_VENDOR,2026-04-30T04:36:50.726872
RET-00001113,ORD-00048875,SKU-00917,5,2025-09-17,WRONG_ITEM,UNSELLABLE,6830.3,,RETURN_TO_VENDOR,2026-04-30T04:36:50.726872
RET-00001114,ORD-00004091,SKU-00130,5,2025-09-27,ARRIVED_LATE,GOOD,3034.05,2025-10-02,REFURBISH,2026-04-30T04:36:50.726872
RET-00001115,ORD-00000102,SKU-00560,5,2025-09-17,CHANGED_MIND,LIKE_NEW,741.05,2025-09-18,RESTOCK,2026-04-30T04:36:50.726872
RET-00001116,ORD-00018085,SKU-00137,2,2026-02-16,WRONG_ITEM,DAMAGED,1404.28,,RESTOCK,2026-04-30T04:36:50.726872
RET-00001117,ORD-00027177,SKU-00286,2,2025-07-27,NOT_AS_DESCRIBED,UNSELLABLE,311.96,,RESTOCK,2026-04-30T04:36:50.726872
RET-00001118,ORD-00009970,SKU-00970,5,2026-03-06,NOT_AS_DESCRIBED,DAMAGED,39.4,,RESTOCK,2026-04-30T04:36:50.726872
RET-00001119,ORD-00035846,SKU-00303,4,2025-05-21,DEFECTIVE,GOOD,2437.56,2025-05-28,DONATE,2026-04-30T04:36:50.726872
RET-00001120,ORD-00001967,SKU-00319,5,2026-03-08,CHANGED_MIND,UNSELLABLE,853.25,,RESTOCK,2026-04-30T04:36:50.726872
RET-00001121,ORD-00048737,SKU-00054,1,2025-05-17,WRONG_ITEM,GOOD,604.63,2025-05-24,RESTOCK,2026-04-30T04:36:50.726872
RET-00001122,ORD-00019268,SKU-00504,2,2025-08-24,CHANGED_MIND,FAIR,743.7,,RESTOCK,2026-04-30T04:36:50.726872
RET-00001123,ORD-00045614,SKU-00422,2,2025-12-18,DEFECTIVE,DAMAGED,1166.32,,RESTOCK,2026-04-30T04:36:50.726872
RET-00001124,ORD-00022952,SKU-00618,2,2025-10-01,ARRIVED_LATE,UNSELLABLE,1017.0,,RESTOCK,2026-04-30T04:36:50.726872
RET-00001125,ORD-00033809,SKU-00380,1,2026-02-13,DEFECTIVE,DAMAGED,1476.99,,RETURN_TO_VENDOR,2026-04-30T04:36:50.726872
RET-00001126,ORD-00008531,SKU-00522,2,2025-10-04,CHANGED_MIND,DAMAGED,1140.02,,RETURN_TO_VENDOR,2026-04-30T04:36:50.726872
RET-00001127,ORD-00018428,SKU-00622,4,2025-05-18,DAMAGED_TRANSIT,FAIR,140.04,,RESTOCK,2026-04-30T04:36:50.726872
RET-00001128,ORD-00033891,SKU-00315,2,2025-07-19,WRONG_ITEM,UNSELLABLE,1510.42,,REFURBISH,2026-04-30T04:36:50.726872
RET-00001129,ORD-00016034,SKU-00747,2,2025-07-29,WRONG_ITEM,GOOD,460.48,2025-07-31,DONATE,2026-04-30T04:36:50.726872
RET-00001130,ORD-00027043,SKU-00939,3,2025-07-17,NOT_AS_DESCRIBED,GOOD,2213.7,2025-07-19,DESTROY,2026-04-30T04:36:50.726872
RET-00001131,ORD-00030581,SKU-00910,5,2025-10-30,CHANGED_MIND,LIKE_NEW,3745.95,2025-10-31,REFURBISH,2026-04-30T04:36:50.726872
RET-00001132,ORD-00041367,SKU-00457,5,2025-08-07,ARRIVED_LATE,FAIR,1942.4,,DESTROY,2026-04-30T04:36:50.726872
RET-00001133,ORD-00016203,SKU-00612,1,2025-06-15,WRONG_ITEM,GOOD,376.2,2025-06-16,RETURN_TO_VENDOR,2026-04-30T04:36:50.726872
RET-00001134,ORD-00004076,SKU-00611,2,2026-01-25,NOT_AS_DESCRIBED,DAMAGED,596.64,,RESTOCK,2026-04-30T04:36:50.726872
RET-00001135,ORD-00004209,SKU-00095,4,2026-04-17,CHANGED_MIND,DAMAGED,4230.44,,RESTOCK,2026-04-30T04:36:50.726872
RET-00001136,ORD-00036947,SKU-00879,5,2026-04-04,DAMAGED_TRANSIT,UNSELLABLE,2832.4,,RETURN_TO_VENDOR,2026-04-30T04:36:50.726872
RET-00001137,ORD-00019313,SKU-00332,5,2026-04-13,DAMAGED_TRANSIT,NEW,1301.85,2026-04-20,REFURBISH,2026-04-30T04:36:50.726872
RET-00001138,ORD-00017649,SKU-00549,1,2026-04-04,DEFECTIVE,LIKE_NEW,44.41,2026-04-07,RETURN_TO_VENDOR,2026-04-30T04:36:50.726872
RET-00001139,ORD-00036769,SKU-00496,5,2025-09-16,DAMAGED_TRANSIT,NEW,3845.1,2025-09-18,DESTROY,2026-04-30T04:36:50.726872
RET-00001140,ORD-00006598,SKU-00013,3,2026-03-07,NOT_AS_DESCRIBED,FAIR,2002.35,,DESTROY,2026-04-30T04:36:50.726872
RET-00001141,ORD-00034974,SKU-00218,4,2026-01-25,WRONG_ITEM,FAIR,3307.12,,RESTOCK,2026-04-30T04:36:50.726872
RET-00001142,ORD-00031355,SKU-00426,4,2026-04-29,DUPLICATE_ORDER,UNSELLABLE,2253.52,,RESTOCK,2026-04-30T04:36:50.726872
RET-00001143,ORD-00019835,SKU-00332,1,2026-01-10,WRONG_ITEM,FAIR,260.37,,REFURBISH,2026-04-30T04:36:50.726872
RET-00001144,ORD-00031072,SKU-00431,1,2025-10-27,ARRIVED_LATE,FAIR,848.12,,REFURBISH,2026-04-30T04:36:50.726872
RET-00001145,ORD-00043927,SKU-00447,3,2025-11-25,WRONG_ITEM,DAMAGED,594.6,,RETURN_TO_VENDOR,2026-04-30T04:36:50.726872
RET-00001146,ORD-00028021,SKU-00042,4,2025-11-06,WRONG_ITEM,GOOD,693.08,2025-11-13,RETURN_TO_VENDOR,2026-04-30T04:36:50.726872
RET-00001147,ORD-00045285,SKU-00424,4,2025-12-28,CHANGED_MIND,DAMAGED,2466.52,,REFURBISH,2026-04-30T04:36:50.726872
RET-00001148,ORD-00023695,SKU-00480,1,2025-10-20,DAMAGED_TRANSIT,DAMAGED,829.81,,RETURN_TO_VENDOR,2026-04-30T04:36:50.726872
RET-00001149,ORD-00018944,SKU-00874,1,2025-09-16,CHANGED_MIND,NEW,436.13,2025-09-20,RESTOCK,2026-04-30T04:36:50.726872
RET-00001150,ORD-00025168,SKU-00825,5,2026-01-29,DUPLICATE_ORDER,FAIR,3290.85,,RESTOCK,2026-04-30T04:36:50.726872
RET-00001151,ORD-00028478,SKU-00137,1,2026-02-03,CHANGED_MIND,UNSELLABLE,702.14,,DESTROY,2026-04-30T04:36:50.726872
RET-00001152,ORD-00046570,SKU-00974,4,2025-07-26,DUPLICATE_ORDER,LIKE_NEW,4155.28,2025-07-29,REFURBISH,2026-04-30T04:36:50.726872
RET-00001153,ORD-00023275,SKU-00964,5,2025-05-09,DUPLICATE_ORDER,LIKE_NEW,3196.85,2025-05-10,RESTOCK,2026-04-30T04:36:50.726872
RET-00001154,ORD-00040873,SKU-00877,3,2025-05-29,CHANGED_MIND,DAMAGED,1383.27,,REFURBISH,2026-04-30T04:36:50.726872
RET-00001155,ORD-00000144,SKU-00262,3,2025-12-17,DEFECTIVE,GOOD,1519.71,2025-12-18,RESTOCK,2026-04-30T04:36:50.726872
RET-00001156,ORD-00034504,SKU-00976,5,2026-03-13,DEFECTIVE,NEW,521.5,2026-03-15,RESTOCK,2026-04-30T04:36:50.726872
RET-00001157,ORD-00027301,SKU-00960,2,2025-10-10,DAMAGED_TRANSIT,GOOD,1056.26,2025-10-17,RESTOCK,2026-04-30T04:36:50.726872
RET-00001158,ORD-00049857,SKU-00397,1,2025-08-21,CHANGED_MIND,UNSELLABLE,423.72,,RESTOCK,2026-04-30T04:36:50.726872
RET-00001159,ORD-00008120,SKU-00952,1,2026-03-29,ARRIVED_LATE,DAMAGED,503.46,,RESTOCK,2026-04-30T04:36:50.726872
RET-00001160,ORD-00008112,SKU-00960,2,2025-06-26,ARRIVED_LATE,GOOD,1056.26,2025-07-03,DESTROY,2026-04-30T04:36:50.726872
RET-00001161,ORD-00006690,SKU-00412,1,2025-07-03,DUPLICATE_ORDER,LIKE_NEW,503.34,2025-07-06,RESTOCK,2026-04-30T04:36:50.726872
RET-00001162,ORD-00039639,SKU-00682,3,2026-02-09,DAMAGED_TRANSIT,LIKE_NEW,724.86,2026-02-11,RESTOCK,2026-04-30T04:36:50.726872
RET-00001163,ORD-00012488,SKU-00288,5,2026-03-28,DAMAGED_TRANSIT,LIKE_NEW,1365.05,2026-03-30,RESTOCK,2026-04-30T04:36:50.726872
RET-00001164,ORD-00023313,SKU-00135,1,2025-08-18,WRONG_ITEM,UNSELLABLE,1261.05,,RESTOCK,2026-04-30T04:36:50.726872
RET-00001165,ORD-00039746,SKU-00339,5,2026-02-26,ARRIVED_LATE,LIKE_NEW,3410.25,2026-03-04,RESTOCK,2026-04-30T04:36:50.726872
RET-00001166,ORD-00037603,SKU-00347,2,2026-03-20,DEFECTIVE,NEW,513.76,2026-03-27,REFURBISH,2026-04-30T04:36:50.726872
RET-00001167,ORD-00010632,SKU-00409,4,2026-01-23,ARRIVED_LATE,NEW,2269.52,2026-01-26,DESTROY,2026-04-30T04:36:50.726872
RET-00001168,ORD-00032813,SKU-00826,1,2025-10-15,WRONG_ITEM,GOOD,112.65,2025-10-21,RETURN_TO_VENDOR,2026-04-30T04:36:50.726872
RET-00001169,ORD-00043417,SKU-00063,1,2026-03-19,ARRIVED_LATE,LIKE_NEW,213.45,2026-03-20,RESTOCK,2026-04-30T04:36:50.726872
RET-00001170,ORD-00042983,SKU-00747,4,2025-12-22,WRONG_ITEM,LIKE_NEW,920.96,2025-12-28,RESTOCK,2026-04-30T04:36:50.726872
RET-00001171,ORD-00020416,SKU-00641,3,2025-12-18,CHANGED_MIND,GOOD,2383.86,2025-12-20,DONATE,2026-04-30T04:36:50.726872
RET-00001172,ORD-00021907,SKU-00452,2,2026-03-12,DAMAGED_TRANSIT,DAMAGED,148.98,,RESTOCK,2026-04-30T04:36:50.726872
RET-00001173,ORD-00031498,SKU-00518,1,2026-04-24,NOT_AS_DESCRIBED,NEW,103.22,2026-04-26,RESTOCK,2026-04-30T04:36:50.726872
RET-00001174,ORD-00014183,SKU-00100,1,2026-01-06,CHANGED_MIND,DAMAGED,30.82,,RESTOCK,2026-04-30T04:36:50.726872
RET-00001175,ORD-00030255,SKU-00193,1,2026-03-11,DEFECTIVE,LIKE_NEW,227.34,2026-03-15,DONATE,2026-04-30T04:36:50.726872
RET-00001176,ORD-00027117,SKU-00129,1,2026-01-18,DEFECTIVE,FAIR,802.49,,RETURN_TO_VENDOR,2026-04-30T04:36:50.726872
RET-00001177,ORD-00042290,SKU-00020,5,2025-09-14,DEFECTIVE,NEW,2669.8,2025-09-21,RESTOCK,2026-04-30T04:36:50.726872
RET-00001178,ORD-00005820,SKU-00274,3,2026-03-03,DAMAGED_TRANSIT,FAIR,1318.68,,DONATE,2026-04-30T04:36:50.726872
RET-00001179,ORD-00005258,SKU-00756,1,2025-11-04,DUPLICATE_ORDER,LIKE_NEW,520.58,2025-11-10,RESTOCK,2026-04-30T04:36:50.726872
RET-00001180,ORD-00012810,SKU-00188,5,2026-01-22,CHANGED_MIND,GOOD,2436.65,2026-01-29,RESTOCK,2026-04-30T04:36:50.726872
RET-00001181,ORD-00008283,SKU-00946,5,2025-11-11,CHANGED_MIND,FAIR,3280.15,,DESTROY,2026-04-30T04:36:50.726872
RET-00001182,ORD-00013624,SKU-00686,4,2025-06-23,DAMAGED_TRANSIT,GOOD,4672.88,2025-06-30,RESTOCK,2026-04-30T04:36:50.726872
RET-00001183,ORD-00048905,SKU-00001,5,2026-01-01,CHANGED_MIND,LIKE_NEW,1594.65,2026-01-06,RESTOCK,2026-04-30T04:36:50.726872
RET-00001184,ORD-00024194,SKU-00457,1,2025-08-16,ARRIVED_LATE,GOOD,388.48,2025-08-23,REFURBISH,2026-04-30T04:36:50.726872
RET-00001185,ORD-00048391,SKU-00959,3,2025-11-28,DEFECTIVE,GOOD,1029.36,2025-12-03,RESTOCK,2026-04-30T04:36:50.726872
RET-00001186,ORD-00041023,SKU-00847,4,2026-02-17,NOT_AS_DESCRIBED,NEW,2714.88,2026-02-24,DESTROY,2026-04-30T04:36:50.726872
RET-00001187,ORD-00022796,SKU-00963,1,2026-01-06,DAMAGED_TRANSIT,UNSELLABLE,1406.46,,RESTOCK,2026-04-30T04:36:50.726872
RET-00001188,ORD-00005277,SKU-00818,4,2025-05-22,DEFECTIVE,GOOD,775.24,2025-05-28,REFURBISH,2026-04-30T04:36:50.726872
RET-00001189,ORD-00042088,SKU-00904,2,2025-05-24,CHANGED_MIND,FAIR,1879.74,,RESTOCK,2026-04-30T04:36:50.726872
RET-00001190,ORD-00048343,SKU-00623,4,2025-12-16,DUPLICATE_ORDER,LIKE_NEW,280.12,2025-12-19,REFURBISH,2026-04-30T04:36:50.726872
RET-00001191,ORD-00021642,SKU-00379,5,2025-08-27,CHANGED_MIND,LIKE_NEW,556.3,2025-08-29,RESTOCK,2026-04-30T04:36:50.726872
RET-00001192,ORD-00012864,SKU-00419,5,2025-07-03,DAMAGED_TRANSIT,GOOD,1573.75,2025-07-06,RETURN_TO_VENDOR,2026-04-30T04:36:50.726872
RET-00001193,ORD-00020276,SKU-00825,2,2026-03-21,WRONG_ITEM,GOOD,1316.34,2026-03-22,DONATE,2026-04-30T04:36:50.726872
RET-00001194,ORD-00000824,SKU-00671,3,2025-12-12,DAMAGED_TRANSIT,FAIR,2219.16,,DESTROY,2026-04-30T04:36:50.726872
RET-00001195,ORD-00003902,SKU-00659,5,2026-01-27,DEFECTIVE,DAMAGED,2965.55,,RESTOCK,2026-04-30T04:36:50.726872
RET-00001196,ORD-00032060,SKU-00312,3,2025-05-26,DUPLICATE_ORDER,LIKE_NEW,3348.75,2025-06-02,RETURN_TO_VENDOR,2026-04-30T04:36:50.726872
RET-00001197,ORD-00031339,SKU-00411,1,2026-03-29,DUPLICATE_ORDER,LIKE_NEW,467.11,2026-04-05,RETURN_TO_VENDOR,2026-04-30T04:36:50.726872
RET-00001198,ORD-00010221,SKU-00767,5,2025-10-03,NOT_AS_DESCRIBED,DAMAGED,674.85,,RESTOCK,2026-04-30T04:36:50.726872
RET-00001199,ORD-00031540,SKU-00268,3,2025-11-10,ARRIVED_LATE,DAMAGED,1543.14,,RETURN_TO_VENDOR,2026-04-30T04:36:50.726872
RET-00001200,ORD-00004952,SKU-00832,2,2026-03-19,CHANGED_MIND,LIKE_NEW,218.78,2026-03-24,DESTROY,2026-04-30T04:36:50.726872
RET-00001201,ORD-00036779,SKU-00209,2,2025-07-17,DUPLICATE_ORDER,NEW,138.66,2025-07-19,RESTOCK,2026-04-30T04:36:50.726872
RET-00001202,ORD-00031266,SKU-00278,1,2025-05-31,DAMAGED_TRANSIT,NEW,193.58,2025-06-07,RESTOCK,2026-04-30T04:36:50.726872
RET-00001203,ORD-00024112,SKU-00676,5,2025-07-24,NOT_AS_DESCRIBED,DAMAGED,335.85,,RESTOCK,2026-04-30T04:36:50.726872
RET-00001204,ORD-00036844,SKU-00016,3,2026-03-02,ARRIVED_LATE,GOOD,2297.7,2026-03-06,RESTOCK,2026-04-30T04:36:50.726872
RET-00001205,ORD-00015591,SKU-00161,2,2025-11-02,DAMAGED_TRANSIT,GOOD,2443.64,2025-11-07,DONATE,2026-04-30T04:36:50.726872
RET-00001206,ORD-00023826,SKU-00004,2,2025-07-16,DEFECTIVE,LIKE_NEW,1387.34,2025-07-20,RETURN_TO_VENDOR,2026-04-30T04:36:50.726872
RET-00001207,ORD-00002593,SKU-00286,1,2025-09-12,CHANGED_MIND,LIKE_NEW,155.98,2025-09-14,DONATE,2026-04-30T04:36:50.726872
RET-00001208,ORD-00042113,SKU-00180,3,2025-08-30,NOT_AS_DESCRIBED,GOOD,591.42,2025-09-05,DESTROY,2026-04-30T04:36:50.726872
RET-00001209,ORD-00008375,SKU-00270,1,2025-07-15,DUPLICATE_ORDER,NEW,245.7,2025-07-18,RETURN_TO_VENDOR,2026-04-30T04:36:50.726872
RET-00001210,ORD-00038957,SKU-00859,2,2026-03-12,CHANGED_MIND,GOOD,1231.08,2026-03-14,REFURBISH,2026-04-30T04:36:50.726872
RET-00001211,ORD-00022526,SKU-00678,1,2025-06-10,NOT_AS_DESCRIBED,FAIR,479.94,,DESTROY,2026-04-30T04:36:50.726872
RET-00001212,ORD-00021787,SKU-00980,5,2025-08-20,ARRIVED_LATE,GOOD,2431.95,2025-08-21,REFURBISH,2026-04-30T04:36:50.726872
RET-00001213,ORD-00021626,SKU-00907,1,2025-07-20,ARRIVED_LATE,NEW,454.65,2025-07-25,DONATE,2026-04-30T04:36:50.726872
RET-00001214,ORD-00026278,SKU-00231,2,2025-07-06,DAMAGED_TRANSIT,LIKE_NEW,38.16,2025-07-12,RETURN_TO_VENDOR,2026-04-30T04:36:50.726872
RET-00001215,ORD-00023487,SKU-00262,3,2026-01-05,WRONG_ITEM,UNSELLABLE,1519.71,,RETURN_TO_VENDOR,2026-04-30T04:36:50.726872
RET-00001216,ORD-00025983,SKU-00123,3,2026-04-25,DEFECTIVE,FAIR,1086.78,,REFURBISH,2026-04-30T04:36:50.726872
RET-00001217,ORD-00016035,SKU-00081,3,2025-09-15,DAMAGED_TRANSIT,UNSELLABLE,1521.99,,RESTOCK,2026-04-30T04:36:50.726872
RET-00001218,ORD-00040813,SKU-00238,4,2025-06-19,DEFECTIVE,FAIR,1756.84,,RESTOCK,2026-04-30T04:36:50.726872
RET-00001219,ORD-00048550,SKU-00291,2,2025-12-09,DEFECTIVE,GOOD,414.2,2025-12-10,RESTOCK,2026-04-30T04:36:50.726872
RET-00001220,ORD-00040673,SKU-00827,1,2025-10-29,DUPLICATE_ORDER,NEW,432.47,2025-11-03,DESTROY,2026-04-30T04:36:50.726872
RET-00001221,ORD-00007506,SKU-00550,1,2025-10-19,CHANGED_MIND,UNSELLABLE,983.58,,RESTOCK,2026-04-30T04:36:50.726872
RET-00001222,ORD-00013794,SKU-00048,4,2025-11-09,DUPLICATE_ORDER,UNSELLABLE,2020.08,,RETURN_TO_VENDOR,2026-04-30T04:36:50.726872
RET-00001223,ORD-00016411,SKU-00497,4,2025-09-10,ARRIVED_LATE,NEW,2325.12,2025-09-16,RESTOCK,2026-04-30T04:36:50.726872
RET-00001224,ORD-00018191,SKU-00560,2,2026-04-13,WRONG_ITEM,DAMAGED,296.42,,DESTROY,2026-04-30T04:36:50.726872
RET-00001225,ORD-00039772,SKU-00675,3,2026-01-29,CHANGED_MIND,FAIR,482.01,,RESTOCK,2026-04-30T04:36:50.726872
RET-00001226,ORD-00021661,SKU-00565,2,2026-03-05,CHANGED_MIND,FAIR,201.28,,RESTOCK,2026-04-30T04:36:50.726872
RET-00001227,ORD-00035727,SKU-00728,4,2025-10-25,DUPLICATE_ORDER,GOOD,562.52,2025-11-01,RESTOCK,2026-04-30T04:36:50.726872
RET-00001228,ORD-00046967,SKU-00165,3,2025-11-08,DAMAGED_TRANSIT,UNSELLABLE,1524.24,,RESTOCK,2026-04-30T04:36:50.726872
RET-00001229,ORD-00024025,SKU-00417,5,2025-07-25,DUPLICATE_ORDER,GOOD,1904.25,2025-07-30,REFURBISH,2026-04-30T04:36:50.726872
RET-00001230,ORD-00001894,SKU-00668,3,2025-09-04,DUPLICATE_ORDER,FAIR,1279.05,,RESTOCK,2026-04-30T04:36:50.726872
RET-00001231,ORD-00006351,SKU-00687,2,2025-05-06,WRONG_ITEM,GOOD,278.5,2025-05-09,DESTROY,2026-04-30T04:36:50.726872
RET-00001232,ORD-00044246,SKU-00038,3,2026-04-25,DAMAGED_TRANSIT,NEW,1385.58,2026-04-27,RESTOCK,2026-04-30T04:36:50.726872
RET-00001233,ORD-00007682,SKU-00498,1,2025-11-06,NOT_AS_DESCRIBED,DAMAGED,425.47,,REFURBISH,2026-04-30T04:36:50.726872
RET-00001234,ORD-00046731,SKU-00157,5,2025-07-21,NOT_AS_DESCRIBED,NEW,119.45,2025-07-28,RESTOCK,2026-04-30T04:36:50.726872
RET-00001235,ORD-00034833,SKU-00970,5,2025-05-09,NOT_AS_DESCRIBED,GOOD,39.4,2025-05-12,REFURBISH,2026-04-30T04:36:50.726872
RET-00001236,ORD-00033848,SKU-00567,4,2025-05-04,DEFECTIVE,GOOD,3396.88,2025-05-07,RESTOCK,2026-04-30T04:36:50.726872
RET-00001237,ORD-00027041,SKU-00432,3,2025-07-31,DEFECTIVE,GOOD,1065.36,2025-08-06,RETURN_TO_VENDOR,2026-04-30T04:36:50.726872
RET-00001238,ORD-00015592,SKU-00528,2,2026-01-30,DUPLICATE_ORDER,NEW,748.08,2026-02-03,DONATE,2026-04-30T04:36:50.726872
RET-00001239,ORD-00015857,SKU-00167,2,2026-02-18,WRONG_ITEM,LIKE_NEW,1846.04,2026-02-24,REFURBISH,2026-04-30T04:36:50.726872
RET-00001240,ORD-00035860,SKU-00468,2,2025-08-27,ARRIVED_LATE,LIKE_NEW,2612.54,2025-08-30,RESTOCK,2026-04-30T04:36:50.726872
RET-00001241,ORD-00027008,SKU-00411,2,2026-01-17,ARRIVED_LATE,DAMAGED,934.22,,RESTOCK,2026-04-30T04:36:50.726872
RET-00001242,ORD-00014629,SKU-00590,2,2025-05-15,WRONG_ITEM,FAIR,2433.32,,DESTROY,2026-04-30T04:36:50.726872
RET-00001243,ORD-00015887,SKU-00315,1,2025-09-24,CHANGED_MIND,GOOD,755.21,2025-09-28,RESTOCK,2026-04-30T04:36:50.726872
RET-00001244,ORD-00025441,SKU-00038,2,2025-08-12,DEFECTIVE,DAMAGED,923.72,,RESTOCK,2026-04-30T04:36:50.726872
RET-00001245,ORD-00008366,SKU-00246,1,2026-01-06,WRONG_ITEM,GOOD,407.58,2026-01-12,RESTOCK,2026-04-30T04:36:50.726872
RET-00001246,ORD-00005155,SKU-00174,5,2026-02-19,DUPLICATE_ORDER,FAIR,1058.75,,RETURN_TO_VENDOR,2026-04-30T04:36:50.726872
RET-00001247,ORD-00013243,SKU-00660,2,2026-04-06,DAMAGED_TRANSIT,GOOD,1259.64,2026-04-09,DONATE,2026-04-30T04:36:50.726872
RET-00001248,ORD-00017404,SKU-00473,3,2026-01-14,DEFECTIVE,NEW,2788.8,2026-01-20,DONATE,2026-04-30T04:36:50.726872
RET-00001249,ORD-00036266,SKU-00975,3,2025-11-13,CHANGED_MIND,GOOD,2256.0,2025-11-20,DESTROY,2026-04-30T04:36:50.726872
RET-00001250,ORD-00003120,SKU-00594,3,2026-02-23,DEFECTIVE,LIKE_NEW,3430.47,2026-02-26,RETURN_TO_VENDOR,2026-04-30T04:36:50.726872
RET-00001251,ORD-00006973,SKU-00887,3,2025-12-30,DUPLICATE_ORDER,FAIR,1369.35,,REFURBISH,2026-04-30T04:36:50.726872
RET-00001252,ORD-00043910,SKU-00743,3,2025-06-04,NOT_AS_DESCRIBED,GOOD,123.6,2025-06-10,RESTOCK,2026-04-30T04:36:50.726872
RET-00001253,ORD-00036427,SKU-00549,5,2025-11-29,DUPLICATE_ORDER,GOOD,222.05,2025-12-02,RETURN_TO_VENDOR,2026-04-30T04:36:50.726872
RET-00001254,ORD-00013288,SKU-00628,3,2026-03-01,DAMAGED_TRANSIT,GOOD,1169.13,2026-03-06,RESTOCK,2026-04-30T04:36:50.726872
RET-00001255,ORD-00039491,SKU-00746,5,2026-01-21,NOT_AS_DESCRIBED,DAMAGED,4182.75,,RESTOCK,2026-04-30T04:36:50.726872
RET-00001256,ORD-00030579,SKU-00103,2,2025-11-09,NOT_AS_DESCRIBED,DAMAGED,461.96,,DESTROY,2026-04-30T04:36:50.726872
RET-00001257,ORD-00038459,SKU-00752,5,2025-10-07,NOT_AS_DESCRIBED,GOOD,903.7,2025-10-13,REFURBISH,2026-04-30T04:36:50.726872
RET-00001258,ORD-00039653,SKU-00568,5,2025-10-26,DEFECTIVE,GOOD,1965.0,2025-10-31,REFURBISH,2026-04-30T04:36:50.726872
RET-00001259,ORD-00036228,SKU-00509,5,2025-07-27,DEFECTIVE,DAMAGED,548.1,,RESTOCK,2026-04-30T04:36:50.726872
RET-00001260,ORD-00013823,SKU-00265,5,2025-12-22,DEFECTIVE,DAMAGED,472.35,,RESTOCK,2026-04-30T04:36:50.726872
RET-00001261,ORD-00006477,SKU-00142,5,2025-05-10,CHANGED_MIND,NEW,5143.4,2025-05-15,RESTOCK,2026-04-30T04:36:50.726872
RET-00001262,ORD-00002439,SKU-00023,4,2026-02-06,CHANGED_MIND,LIKE_NEW,1907.84,2026-02-10,REFURBISH,2026-04-30T04:36:50.726872
RET-00001263,ORD-00039306,SKU-00766,3,2025-09-06,DAMAGED_TRANSIT,DAMAGED,1611.24,,RESTOCK,2026-04-30T04:36:50.726872
RET-00001264,ORD-00010307,SKU-00562,4,2025-05-10,NOT_AS_DESCRIBED,LIKE_NEW,1730.68,2025-05-13,DONATE,2026-04-30T04:36:50.726872
RET-00001265,ORD-00041617,SKU-00189,3,2025-11-10,NOT_AS_DESCRIBED,GOOD,2616.03,2025-11-14,RESTOCK,2026-04-30T04:36:50.726872
RET-00001266,ORD-00017747,SKU-00013,1,2026-03-08,DEFECTIVE,DAMAGED,667.45,,RESTOCK,2026-04-30T04:36:50.726872
RET-00001267,ORD-00000072,SKU-00923,1,2025-07-25,ARRIVED_LATE,NEW,223.01,2025-07-27,RESTOCK,2026-04-30T04:36:50.726872
RET-00001268,ORD-00031739,SKU-00912,1,2026-01-23,WRONG_ITEM,FAIR,851.32,,RESTOCK,2026-04-30T04:36:50.726872
RET-00001269,ORD-00013047,SKU-00478,1,2026-03-23,CHANGED_MIND,LIKE_NEW,947.86,2026-03-30,RESTOCK,2026-04-30T04:36:50.726872
RET-00001270,ORD-00004002,SKU-00746,3,2025-11-23,NOT_AS_DESCRIBED,DAMAGED,2509.65,,DONATE,2026-04-30T04:36:50.726872
RET-00001271,ORD-00001995,SKU-00923,3,2025-11-10,CHANGED_MIND,NEW,669.03,2025-11-16,RESTOCK,2026-04-30T04:36:50.726872
RET-00001272,ORD-00044148,SKU-00245,2,2025-08-15,DUPLICATE_ORDER,GOOD,1120.04,2025-08-18,DESTROY,2026-04-30T04:36:50.726872
RET-00001273,ORD-00048934,SKU-00718,4,2025-06-07,NOT_AS_DESCRIBED,NEW,1399.08,2025-06-09,RESTOCK,2026-04-30T04:36:50.726872
RET-00001274,ORD-00044511,SKU-00580,2,2025-08-27,DEFECTIVE,GOOD,758.32,2025-08-30,RETURN_TO_VENDOR,2026-04-30T04:36:50.726872
RET-00001275,ORD-00027460,SKU-00934,4,2025-09-16,DAMAGED_TRANSIT,GOOD,2526.12,2025-09-18,DESTROY,2026-04-30T04:36:50.726872
RET-00001276,ORD-00007777,SKU-00251,2,2025-12-20,DUPLICATE_ORDER,GOOD,1109.54,2025-12-21,RETURN_TO_VENDOR,2026-04-30T04:36:50.726872
RET-00001277,ORD-00014847,SKU-00340,5,2025-07-24,DUPLICATE_ORDER,UNSELLABLE,6051.7,,REFURBISH,2026-04-30T04:36:50.726872
RET-00001278,ORD-00005892,SKU-00617,2,2026-03-20,WRONG_ITEM,NEW,429.2,2026-03-22,RESTOCK,2026-04-30T04:36:50.726872
RET-00001279,ORD-00027842,SKU-00609,1,2026-02-22,DEFECTIVE,UNSELLABLE,788.31,,DESTROY,2026-04-30T04:36:50.726872
RET-00001280,ORD-00008977,SKU-00990,4,2025-08-07,WRONG_ITEM,FAIR,541.84,,RESTOCK,2026-04-30T04:36:50.726872
RET-00001281,ORD-00017746,SKU-00188,2,2025-08-16,DUPLICATE_ORDER,GOOD,974.66,2025-08-18,DONATE,2026-04-30T04:36:50.726872
RET-00001282,ORD-00036526,SKU-00634,1,2026-03-02,DUPLICATE_ORDER,GOOD,158.47,2026-03-06,RESTOCK,2026-04-30T04:36:50.726872
RET-00001283,ORD-00002853,SKU-00566,2,2025-07-13,WRONG_ITEM,FAIR,1421.34,,DESTROY,2026-04-30T04:36:50.726872
RET-00001284,ORD-00037962,SKU-00470,3,2025-08-19,DUPLICATE_ORDER,GOOD,800.16,2025-08-21,RETURN_TO_VENDOR,2026-04-30T04:36:50.726872
RET-00001285,ORD-00013465,SKU-00682,1,2026-03-19,DEFECTIVE,NEW,241.62,2026-03-21,DESTROY,2026-04-30T04:36:50.726872
RET-00001286,ORD-00016656,SKU-00498,2,2026-04-24,ARRIVED_LATE,GOOD,850.94,2026-04-27,RETURN_TO_VENDOR,2026-04-30T04:36:50.726872
RET-00001287,ORD-00019437,SKU-00474,1,2025-08-17,ARRIVED_LATE,LIKE_NEW,829.04,2025-08-21,RESTOCK,2026-04-30T04:36:50.726872
RET-00001288,ORD-00004030,SKU-00963,4,2025-09-29,WRONG_ITEM,NEW,5625.84,2025-10-06,RESTOCK,2026-04-30T04:36:50.726872
RET-00001289,ORD-00000150,SKU-00522,2,2026-03-27,DEFECTIVE,NEW,1140.02,2026-03-30,DESTROY,2026-04-30T04:36:50.726872
RET-00001290,ORD-00040557,SKU-00475,2,2025-12-26,DAMAGED_TRANSIT,FAIR,823.8,,REFURBISH,2026-04-30T04:36:50.726872
RET-00001291,ORD-00029667,SKU-00490,2,2025-12-25,WRONG_ITEM,NEW,369.88,2025-12-29,RESTOCK,2026-04-30T04:36:50.726872
RET-00001292,ORD-00011808,SKU-00732,2,2025-11-04,DUPLICATE_ORDER,DAMAGED,767.84,,DONATE,2026-04-30T04:36:50.726872
RET-00001293,ORD-00036189,SKU-00829,3,2026-04-20,DUPLICATE_ORDER,LIKE_NEW,2890.05,2026-04-26,RESTOCK,2026-04-30T04:36:50.726872
RET-00001294,ORD-00032138,SKU-00079,2,2025-12-15,DAMAGED_TRANSIT,NEW,263.78,2025-12-18,RESTOCK,2026-04-30T04:36:50.726872
RET-00001295,ORD-00012543,SKU-00265,3,2025-05-21,DAMAGED_TRANSIT,NEW,283.41,2025-05-23,RESTOCK,2026-04-30T04:36:50.726872
RET-00001296,ORD-00024521,SKU-00258,3,2026-03-17,DEFECTIVE,GOOD,856.41,2026-03-24,REFURBISH,2026-04-30T04:36:50.726872
RET-00001297,ORD-00006989,SKU-00419,2,2026-03-04,CHANGED_MIND,FAIR,629.5,,RETURN_TO_VENDOR,2026-04-30T04:36:50.726872
RET-00001298,ORD-00014252,SKU-00403,3,2025-11-25,DAMAGED_TRANSIT,NEW,914.4,2025-11-29,RETURN_TO_VENDOR,2026-04-30T04:36:50.726872
RET-00001299,ORD-00038369,SKU-00443,3,2026-04-25,WRONG_ITEM,UNSELLABLE,2821.89,,REFURBISH,2026-04-30T04:36:50.726872
RET-00001300,ORD-00037019,SKU-00787,1,2025-10-13,DEFECTIVE,GOOD,68.09,2025-10-14,REFURBISH,2026-04-30T04:36:50.726872
RET-00001301,ORD-00018763,SKU-00879,5,2026-01-24,NOT_AS_DESCRIBED,NEW,2832.4,2026-01-29,DESTROY,2026-04-30T04:36:50.726872
RET-00001302,ORD-00013757,SKU-00428,5,2025-08-08,DUPLICATE_ORDER,NEW,574.1,2025-08-10,REFURBISH,2026-04-30T04:36:50.726872
RET-00001303,ORD-00046701,SKU-00195,1,2025-12-02,DAMAGED_TRANSIT,DAMAGED,300.6,,DESTROY,2026-04-30T04:36:50.726872
RET-00001304,ORD-00043594,SKU-00735,2,2025-10-31,DEFECTIVE,UNSELLABLE,22.96,,RESTOCK,2026-04-30T04:36:50.726872
RET-00001305,ORD-00000290,SKU-00483,3,2025-06-03,DAMAGED_TRANSIT,GOOD,3022.8,2025-06-10,RESTOCK,2026-04-30T04:36:50.726872
RET-00001306,ORD-00015901,SKU-00340,4,2026-02-21,DEFECTIVE,UNSELLABLE,4841.36,,DESTROY,2026-04-30T04:36:50.726872
RET-00001307,ORD-00030375,SKU-00204,5,2025-09-28,ARRIVED_LATE,UNSELLABLE,4909.95,,RESTOCK,2026-04-30T04:36:50.726872
RET-00001308,ORD-00047222,SKU-00381,3,2025-10-08,NOT_AS_DESCRIBED,UNSELLABLE,1576.92,,RETURN_TO_VENDOR,2026-04-30T04:36:50.726872
RET-00001309,ORD-00012519,SKU-00509,5,2026-01-26,DAMAGED_TRANSIT,FAIR,548.1,,RESTOCK,2026-04-30T04:36:50.726872
RET-00001310,ORD-00049542,SKU-00004,3,2025-10-22,WRONG_ITEM,GOOD,2081.01,2025-10-26,DONATE,2026-04-30T04:36:50.726872
RET-00001311,ORD-00023926,SKU-00560,3,2025-06-29,ARRIVED_LATE,LIKE_NEW,444.63,2025-06-30,RETURN_TO_VENDOR,2026-04-30T04:36:50.726872
RET-00001312,ORD-00004361,SKU-00816,4,2026-04-05,NOT_AS_DESCRIBED,NEW,4570.72,2026-04-09,RESTOCK,2026-04-30T04:36:50.726872
RET-00001313,ORD-00004025,SKU-00451,5,2026-04-19,ARRIVED_LATE,UNSELLABLE,5202.75,,RESTOCK,2026-04-30T04:36:50.726872
RET-00001314,ORD-00025979,SKU-00724,3,2025-06-24,ARRIVED_LATE,DAMAGED,1873.59,,REFURBISH,2026-04-30T04:36:50.726872
RET-00001315,ORD-00007403,SKU-00147,5,2025-12-23,DUPLICATE_ORDER,NEW,1317.35,2025-12-28,RESTOCK,2026-04-30T04:36:50.726872
RET-00001316,ORD-00004129,SKU-00126,3,2025-10-07,ARRIVED_LATE,FAIR,1480.95,,DONATE,2026-04-30T04:36:50.726872
RET-00001317,ORD-00039541,SKU-00196,3,2025-08-22,DUPLICATE_ORDER,LIKE_NEW,627.21,2025-08-23,RETURN_TO_VENDOR,2026-04-30T04:36:50.726872
RET-00001318,ORD-00040262,SKU-00377,4,2025-11-02,DUPLICATE_ORDER,GOOD,1816.76,2025-11-03,RETURN_TO_VENDOR,2026-04-30T04:36:50.726872
RET-00001319,ORD-00005844,SKU-00410,1,2026-01-22,DEFECTIVE,LIKE_NEW,1284.68,2026-01-26,RETURN_TO_VENDOR,2026-04-30T04:36:50.726872
RET-00001320,ORD-00042534,SKU-00865,3,2025-05-28,WRONG_ITEM,NEW,119.31,2025-06-03,RESTOCK,2026-04-30T04:36:50.726872
RET-00001321,ORD-00012471,SKU-00362,3,2025-09-13,DUPLICATE_ORDER,GOOD,2528.97,2025-09-20,REFURBISH,2026-04-30T04:36:50.726872
RET-00001322,ORD-00000179,SKU-00532,1,2026-02-02,DEFECTIVE,GOOD,48.15,2026-02-09,RESTOCK,2026-04-30T04:36:50.726872
RET-00001323,ORD-00033286,SKU-00647,5,2025-07-08,DUPLICATE_ORDER,UNSELLABLE,1642.55,,DONATE,2026-04-30T04:36:50.726872
RET-00001324,ORD-00043450,SKU-00480,3,2025-11-04,DEFECTIVE,NEW,2489.43,2025-11-11,RESTOCK,2026-04-30T04:36:50.726872
RET-00001325,ORD-00039652,SKU-00399,3,2025-06-15,CHANGED_MIND,UNSELLABLE,2080.68,,RETURN_TO_VENDOR,2026-04-30T04:36:50.726872
RET-00001326,ORD-00036170,SKU-00882,3,2025-12-20,DUPLICATE_ORDER,GOOD,581.07,2025-12-22,REFURBISH,2026-04-30T04:36:50.726872
RET-00001327,ORD-00006330,SKU-00266,2,2025-08-03,NOT_AS_DESCRIBED,LIKE_NEW,1449.92,2025-08-06,DESTROY,2026-04-30T04:36:50.726872
RET-00001328,ORD-00009776,SKU-00245,4,2025-06-01,ARRIVED_LATE,LIKE_NEW,2240.08,2025-06-07,RESTOCK,2026-04-30T04:36:50.726872
RET-00001329,ORD-00031501,SKU-00944,3,2025-10-07,DEFECTIVE,GOOD,1162.83,2025-10-08,RETURN_TO_VENDOR,2026-04-30T04:36:50.726872
RET-00001330,ORD-00026183,SKU-00670,2,2026-04-18,DAMAGED_TRANSIT,DAMAGED,2316.3,,DESTROY,2026-04-30T04:36:50.726872
RET-00001331,ORD-00024422,SKU-00951,4,2025-10-26,DAMAGED_TRANSIT,GOOD,4345.64,2025-11-02,RESTOCK,2026-04-30T04:36:50.726872
RET-00001332,ORD-00033781,SKU-00509,2,2026-02-22,CHANGED_MIND,GOOD,219.24,2026-02-24,RETURN_TO_VENDOR,2026-04-30T04:36:50.726872
RET-00001333,ORD-00032240,SKU-00115,2,2025-06-21,NOT_AS_DESCRIBED,GOOD,768.26,2025-06-23,RESTOCK,2026-04-30T04:36:50.726872
RET-00001334,ORD-00011643,SKU-00260,3,2025-05-04,DUPLICATE_ORDER,DAMAGED,279.81,,RESTOCK,2026-04-30T04:36:50.726872
RET-00001335,ORD-00019813,SKU-00645,4,2025-09-15,DUPLICATE_ORDER,NEW,1168.8,2025-09-21,RESTOCK,2026-04-30T04:36:50.726872
RET-00001336,ORD-00014444,SKU-00109,2,2025-06-21,ARRIVED_LATE,GOOD,393.28,2025-06-28,DONATE,2026-04-30T04:36:50.726872
RET-00001337,ORD-00043943,SKU-00560,2,2025-11-03,DAMAGED_TRANSIT,DAMAGED,296.42,,RETURN_TO_VENDOR,2026-04-30T04:36:50.726872
RET-00001338,ORD-00023317,SKU-00059,2,2025-10-07,DUPLICATE_ORDER,NEW,85.96,2025-10-09,RESTOCK,2026-04-30T04:36:50.726872
RET-00001339,ORD-00045200,SKU-00307,1,2025-05-08,DUPLICATE_ORDER,GOOD,1100.82,2025-05-15,REFURBISH,2026-04-30T04:36:50.726872
RET-00001340,ORD-00012241,SKU-00682,1,2026-02-06,ARRIVED_LATE,LIKE_NEW,241.62,2026-02-07,RESTOCK,2026-04-30T04:36:50.726872
RET-00001341,ORD-00031438,SKU-00530,4,2025-07-23,DUPLICATE_ORDER,UNSELLABLE,3678.56,,REFURBISH,2026-04-30T04:36:50.726872
RET-00001342,ORD-00032752,SKU-00897,1,2025-08-07,WRONG_ITEM,NEW,41.77,2025-08-10,RETURN_TO_VENDOR,2026-04-30T04:36:50.726872
RET-00001343,ORD-00002918,SKU-00891,5,2026-03-25,DUPLICATE_ORDER,FAIR,445.35,,RESTOCK,2026-04-30T04:36:50.726872
RET-00001344,ORD-00014356,SKU-00197,2,2025-11-18,NOT_AS_DESCRIBED,GOOD,971.54,2025-11-21,DONATE,2026-04-30T04:36:50.726872
RET-00001345,ORD-00008781,SKU-00086,2,2026-04-12,DUPLICATE_ORDER,NEW,695.44,2026-04-19,REFURBISH,2026-04-30T04:36:50.726872
RET-00001346,ORD-00012174,SKU-00947,4,2025-05-08,DUPLICATE_ORDER,GOOD,126.0,2025-05-10,RESTOCK,2026-04-30T04:36:50.726872
RET-00001347,ORD-00009340,SKU-00505,5,2025-12-08,DAMAGED_TRANSIT,LIKE_NEW,7263.1,2025-12-11,DONATE,2026-04-30T04:36:50.726872
RET-00001348,ORD-00004516,SKU-00151,4,2025-05-20,CHANGED_MIND,FAIR,1687.44,,DONATE,2026-04-30T04:36:50.726872
RET-00001349,ORD-00038415,SKU-00383,3,2025-09-06,DAMAGED_TRANSIT,LIKE_NEW,339.09,2025-09-09,RETURN_TO_VENDOR,2026-04-30T04:36:50.726872
RET-00001350,ORD-00016134,SKU-00738,1,2025-06-19,CHANGED_MIND,UNSELLABLE,1272.55,,REFURBISH,2026-04-30T04:36:50.726872
RET-00001351,ORD-00026033,SKU-00462,3,2025-12-04,DUPLICATE_ORDER,FAIR,3022.38,,RESTOCK,2026-04-30T04:36:50.726872
RET-00001352,ORD-00007532,SKU-00983,3,2026-04-21,CHANGED_MIND,UNSELLABLE,496.2,,RESTOCK,2026-04-30T04:36:50.726872
RET-00001353,ORD-00046175,SKU-00463,5,2025-06-08,DEFECTIVE,DAMAGED,630.5,,DONATE,2026-04-30T04:36:50.726872
RET-00001354,ORD-00042870,SKU-00164,1,2025-06-08,DAMAGED_TRANSIT,LIKE_NEW,531.69,2025-06-12,RESTOCK,2026-04-30T04:36:50.726872
RET-00001355,ORD-00019457,SKU-00308,1,2025-08-28,DEFECTIVE,NEW,467.7,2025-09-03,DONATE,2026-04-30T04:36:50.726872
RET-00001356,ORD-00046529,SKU-00031,1,2025-10-13,DEFECTIVE,DAMAGED,1379.8,,DONATE,2026-04-30T04:36:50.726872
RET-00001357,ORD-00013357,SKU-00989,1,2025-09-24,DAMAGED_TRANSIT,UNSELLABLE,452.64,,DONATE,2026-04-30T04:36:50.726872
RET-00001358,ORD-00026558,SKU-00077,1,2025-12-29,DAMAGED_TRANSIT,UNSELLABLE,467.78,,DESTROY,2026-04-30T04:36:50.726872
RET-00001359,ORD-00018262,SKU-00633,1,2025-09-19,DUPLICATE_ORDER,FAIR,544.29,,RESTOCK,2026-04-30T04:36:50.726872
RET-00001360,ORD-00036999,SKU-00413,3,2025-04-30,WRONG_ITEM,DAMAGED,13.05,,REFURBISH,2026-04-30T04:36:50.726872
RET-00001361,ORD-00012937,SKU-00195,2,2025-10-06,NOT_AS_DESCRIBED,LIKE_NEW,601.2,2025-10-09,RESTOCK,2026-04-30T04:36:50.726872
RET-00001362,ORD-00019695,SKU-00495,3,2025-10-30,DEFECTIVE,FAIR,2194.17,,REFURBISH,2026-04-30T04:36:50.726872
RET-00001363,ORD-00041363,SKU-00090,1,2026-01-07,WRONG_ITEM,GOOD,282.28,2026-01-14,RESTOCK,2026-04-30T04:36:50.726872
RET-00001364,ORD-00017268,SKU-00926,1,2025-05-15,DEFECTIVE,UNSELLABLE,980.48,,RESTOCK,2026-04-30T04:36:50.726872
RET-00001365,ORD-00036577,SKU-00360,3,2025-06-01,DAMAGED_TRANSIT,GOOD,2354.79,2025-06-05,RESTOCK,2026-04-30T04:36:50.726872
RET-00001366,ORD-00023243,SKU-00287,4,2025-07-13,DEFECTIVE,NEW,3277.28,2025-07-15,RESTOCK,2026-04-30T04:36:50.726872
RET-00001367,ORD-00040756,SKU-00042,5,2026-03-03,DAMAGED_TRANSIT,GOOD,866.35,2026-03-08,REFURBISH,2026-04-30T04:36:50.726872
RET-00001368,ORD-00030665,SKU-00201,2,2025-09-08,ARRIVED_LATE,LIKE_NEW,1604.66,2025-09-15,REFURBISH,2026-04-30T04:36:50.726872
RET-00001369,ORD-00031188,SKU-00828,3,2025-08-08,NOT_AS_DESCRIBED,GOOD,3731.55,2025-08-11,RESTOCK,2026-04-30T04:36:50.726872
RET-00001370,ORD-00015877,SKU-00342,4,2025-05-19,DUPLICATE_ORDER,GOOD,2188.52,2025-05-26,DONATE,2026-04-30T04:36:50.726872
RET-00001371,ORD-00034049,SKU-00372,3,2025-07-14,DEFECTIVE,FAIR,2827.47,,REFURBISH,2026-04-30T04:36:50.726872
RET-00001372,ORD-00020365,SKU-00869,2,2026-03-26,DUPLICATE_ORDER,NEW,262.58,2026-03-30,DONATE,2026-04-30T04:36:50.726872
RET-00001373,ORD-00030910,SKU-00750,4,2025-11-08,ARRIVED_LATE,NEW,2278.84,2025-11-10,RESTOCK,2026-04-30T04:36:50.726872
RET-00001374,ORD-00045152,SKU-00921,2,2026-03-31,DAMAGED_TRANSIT,NEW,1741.84,2026-04-04,DONATE,2026-04-30T04:36:50.726872
RET-00001375,ORD-00007009,SKU-00617,3,2025-06-26,DEFECTIVE,FAIR,643.8,,RETURN_TO_VENDOR,2026-04-30T04:36:50.726872
RET-00001376,ORD-00010100,SKU-00873,5,2025-12-08,DAMAGED_TRANSIT,GOOD,2615.8,2025-12-11,RESTOCK,2026-04-30T04:36:50.726872
RET-00001377,ORD-00000413,SKU-00308,4,2025-04-30,DEFECTIVE,NEW,1870.8,2025-05-06,RESTOCK,2026-04-30T04:36:50.726872
RET-00001378,ORD-00047217,SKU-00546,3,2025-09-25,DUPLICATE_ORDER,GOOD,1156.29,2025-10-01,RETURN_TO_VENDOR,2026-04-30T04:36:50.726872
RET-00001379,ORD-00000188,SKU-00799,5,2025-11-09,DEFECTIVE,GOOD,1446.15,2025-11-10,RETURN_TO_VENDOR,2026-04-30T04:36:50.726872
RET-00001380,ORD-00000996,SKU-00795,4,2025-08-02,NOT_AS_DESCRIBED,UNSELLABLE,102.96,,REFURBISH,2026-04-30T04:36:50.726872
RET-00001381,ORD-00049237,SKU-00841,1,2025-10-30,DEFECTIVE,DAMAGED,46.74,,RESTOCK,2026-04-30T04:36:50.726872
RET-00001382,ORD-00024603,SKU-00642,4,2025-12-12,DAMAGED_TRANSIT,LIKE_NEW,3786.52,2025-12-16,RETURN_TO_VENDOR,2026-04-30T04:36:50.726872
RET-00001383,ORD-00019213,SKU-00216,5,2026-02-26,DEFECTIVE,GOOD,1572.6,2026-02-27,DESTROY,2026-04-30T04:36:50.726872
RET-00001384,ORD-00049573,SKU-00756,4,2025-08-18,DAMAGED_TRANSIT,GOOD,2082.32,2025-08-24,RESTOCK,2026-04-30T04:36:50.726872
RET-00001385,ORD-00014548,SKU-00579,2,2025-05-22,NOT_AS_DESCRIBED,GOOD,1621.18,2025-05-26,REFURBISH,2026-04-30T04:36:50.726872
RET-00001386,ORD-00043548,SKU-00647,5,2025-10-20,DUPLICATE_ORDER,NEW,1642.55,2025-10-22,DESTROY,2026-04-30T04:36:50.726872
RET-00001387,ORD-00014511,SKU-00786,1,2025-09-12,DAMAGED_TRANSIT,LIKE_NEW,700.19,2025-09-19,RETURN_TO_VENDOR,2026-04-30T04:36:50.726872
RET-00001388,ORD-00011952,SKU-00445,4,2025-10-13,DAMAGED_TRANSIT,LIKE_NEW,2347.08,2025-10-14,DESTROY,2026-04-30T04:36:50.726872
RET-00001389,ORD-00001196,SKU-00886,5,2025-10-05,CHANGED_MIND,FAIR,2481.65,,RESTOCK,2026-04-30T04:36:50.726872
RET-00001390,ORD-00034624,SKU-00068,5,2025-08-04,DEFECTIVE,FAIR,5978.45,,DESTROY,2026-04-30T04:36:50.726872
RET-00001391,ORD-00013689,SKU-00173,4,2025-07-25,ARRIVED_LATE,UNSELLABLE,3631.88,,RETURN_TO_VENDOR,2026-04-30T04:36:50.726872
RET-00001392,ORD-00010388,SKU-00094,1,2026-01-08,NOT_AS_DESCRIBED,UNSELLABLE,678.1,,RESTOCK,2026-04-30T04:36:50.726872
RET-00001393,ORD-00020976,SKU-00550,3,2025-09-16,WRONG_ITEM,LIKE_NEW,2950.74,2025-09-23,REFURBISH,2026-04-30T04:36:50.726872
RET-00001394,ORD-00037584,SKU-00111,1,2025-06-13,CHANGED_MIND,NEW,629.45,2025-06-18,RESTOCK,2026-04-30T04:36:50.726872
RET-00001395,ORD-00012206,SKU-00617,3,2025-06-02,WRONG_ITEM,LIKE_NEW,643.8,2025-06-03,DONATE,2026-04-30T04:36:50.726872
RET-00001396,ORD-00043564,SKU-00717,5,2025-06-10,DAMAGED_TRANSIT,GOOD,4187.3,2025-06-16,DESTROY,2026-04-30T04:36:50.726872
RET-00001397,ORD-00008302,SKU-00958,5,2026-02-15,ARRIVED_LATE,GOOD,2263.7,2026-02-17,RESTOCK,2026-04-30T04:36:50.726872
RET-00001398,ORD-00013168,SKU-00738,1,2025-05-23,CHANGED_MIND,FAIR,1272.55,,RESTOCK,2026-04-30T04:36:50.726872
RET-00001399,ORD-00016415,SKU-00833,4,2025-05-16,CHANGED_MIND,LIKE_NEW,376.92,2025-05-22,RESTOCK,2026-04-30T04:36:50.726872
RET-00001400,ORD-00002280,SKU-00040,2,2026-01-03,WRONG_ITEM,NEW,841.1,2026-01-04,RESTOCK,2026-04-30T04:36:50.726872
RET-00001401,ORD-00035452,SKU-00895,1,2025-08-08,NOT_AS_DESCRIBED,DAMAGED,197.51,,DESTROY,2026-04-30T04:36:50.726872
RET-00001402,ORD-00019504,SKU-00337,1,2026-01-15,NOT_AS_DESCRIBED,NEW,316.79,2026-01-18,RESTOCK,2026-04-30T04:36:50.726872
RET-00001403,ORD-00015401,SKU-00167,1,2026-01-15,CHANGED_MIND,FAIR,923.02,,REFURBISH,2026-04-30T04:36:50.726872
RET-00001404,ORD-00040110,SKU-00021,3,2025-05-21,CHANGED_MIND,GOOD,127.2,2025-05-23,DONATE,2026-04-30T04:36:50.726872
RET-00001405,ORD-00032889,SKU-00202,4,2026-03-03,DUPLICATE_ORDER,LIKE_NEW,3295.16,2026-03-05,RETURN_TO_VENDOR,2026-04-30T04:36:50.726872
RET-00001406,ORD-00016651,SKU-00865,2,2026-01-06,DEFECTIVE,GOOD,79.54,2026-01-10,RESTOCK,2026-04-30T04:36:50.726872
RET-00001407,ORD-00013857,SKU-00245,1,2025-11-07,DAMAGED_TRANSIT,LIKE_NEW,560.02,2025-11-12,REFURBISH,2026-04-30T04:36:50.726872
RET-00001408,ORD-00046729,SKU-00615,2,2026-01-30,NOT_AS_DESCRIBED,NEW,2624.74,2026-02-02,RESTOCK,2026-04-30T04:36:50.726872
RET-00001409,ORD-00028634,SKU-00598,5,2025-06-28,CHANGED_MIND,FAIR,1725.1,,RESTOCK,2026-04-30T04:36:50.726872
RET-00001410,ORD-00026775,SKU-00791,4,2025-08-17,CHANGED_MIND,LIKE_NEW,3118.52,2025-08-18,RESTOCK,2026-04-30T04:36:50.726872
RET-00001411,ORD-00023176,SKU-00079,5,2025-11-20,DUPLICATE_ORDER,GOOD,659.45,2025-11-27,DESTROY,2026-04-30T04:36:50.726872
RET-00001412,ORD-00023931,SKU-00046,5,2026-01-24,WRONG_ITEM,FAIR,2004.3,,RESTOCK,2026-04-30T04:36:50.726872
RET-00001413,ORD-00013829,SKU-00699,4,2025-10-24,CHANGED_MIND,DAMAGED,3690.52,,RESTOCK,2026-04-30T04:36:50.726872
RET-00001414,ORD-00004113,SKU-00953,1,2025-07-02,DAMAGED_TRANSIT,LIKE_NEW,84.83,2025-07-03,RESTOCK,2026-04-30T04:36:50.726872
RET-00001415,ORD-00022387,SKU-00575,2,2025-05-19,WRONG_ITEM,GOOD,48.98,2025-05-21,RETURN_TO_VENDOR,2026-04-30T04:36:50.726872
RET-00001416,ORD-00020184,SKU-00054,4,2025-05-16,CHANGED_MIND,LIKE_NEW,2418.52,2025-05-21,DONATE,2026-04-30T04:36:50.726872
RET-00001417,ORD-00038618,SKU-00099,4,2026-03-22,WRONG_ITEM,LIKE_NEW,2164.64,2026-03-27,RETURN_TO_VENDOR,2026-04-30T04:36:50.726872
RET-00001418,ORD-00003376,SKU-00002,5,2025-08-26,CHANGED_MIND,LIKE_NEW,5500.3,2025-09-01,RESTOCK,2026-04-30T04:36:50.726872
RET-00001419,ORD-00014401,SKU-00407,3,2026-01-15,ARRIVED_LATE,GOOD,81.72,2026-01-18,REFURBISH,2026-04-30T04:36:50.726872
RET-00001420,ORD-00048493,SKU-00928,4,2025-08-05,NOT_AS_DESCRIBED,DAMAGED,695.56,,RESTOCK,2026-04-30T04:36:50.726872
RET-00001421,ORD-00043889,SKU-00234,4,2026-02-19,CHANGED_MIND,LIKE_NEW,2947.0,2026-02-23,RESTOCK,2026-04-30T04:36:50.726872
RET-00001422,ORD-00003878,SKU-00502,3,2025-05-28,DAMAGED_TRANSIT,UNSELLABLE,1035.09,,DESTROY,2026-04-30T04:36:50.726872
RET-00001423,ORD-00001743,SKU-00957,5,2025-07-27,DEFECTIVE,GOOD,1167.15,2025-08-01,RESTOCK,2026-04-30T04:36:50.726872
RET-00001424,ORD-00024164,SKU-00229,5,2025-11-13,CHANGED_MIND,GOOD,1719.2,2025-11-15,DONATE,2026-04-30T04:36:50.726872
RET-00001425,ORD-00002256,SKU-00776,2,2025-06-25,NOT_AS_DESCRIBED,UNSELLABLE,195.42,,RESTOCK,2026-04-30T04:36:50.726872
RET-00001426,ORD-00027272,SKU-00340,1,2025-10-13,NOT_AS_DESCRIBED,GOOD,1210.34,2025-10-15,DESTROY,2026-04-30T04:36:50.726872
RET-00001427,ORD-00009768,SKU-00651,1,2026-02-13,DAMAGED_TRANSIT,DAMAGED,1136.37,,RESTOCK,2026-04-30T04:36:50.726872
RET-00001428,ORD-00035874,SKU-00339,4,2026-02-17,WRONG_ITEM,GOOD,2728.2,2026-02-21,RETURN_TO_VENDOR,2026-04-30T04:36:50.726872
RET-00001429,ORD-00024636,SKU-00669,2,2025-06-24,ARRIVED_LATE,NEW,98.28,2025-06-29,DESTROY,2026-04-30T04:36:50.726872
RET-00001430,ORD-00002192,SKU-00468,5,2026-04-13,CHANGED_MIND,FAIR,6531.35,,RETURN_TO_VENDOR,2026-04-30T04:36:50.726872
RET-00001431,ORD-00033034,SKU-00575,4,2026-03-17,DEFECTIVE,NEW,97.96,2026-03-24,RETURN_TO_VENDOR,2026-04-30T04:36:50.726872
RET-00001432,ORD-00038831,SKU-00130,5,2026-04-22,ARRIVED_LATE,GOOD,3034.05,2026-04-28,REFURBISH,2026-04-30T04:36:50.726872
RET-00001433,ORD-00043628,SKU-00080,4,2026-01-20,DAMAGED_TRANSIT,NEW,1857.4,2026-01-22,RESTOCK,2026-04-30T04:36:50.726872
RET-00001434,ORD-00004340,SKU-00515,1,2025-05-30,DEFECTIVE,DAMAGED,650.1,,RETURN_TO_VENDOR,2026-04-30T04:36:50.726872
RET-00001435,ORD-00027690,SKU-00449,1,2025-09-01,DEFECTIVE,UNSELLABLE,177.32,,RESTOCK,2026-04-30T04:36:50.726872
RET-00001436,ORD-00000952,SKU-00908,4,2025-08-13,CHANGED_MIND,GOOD,2701.36,2025-08-19,REFURBISH,2026-04-30T04:36:50.726872
RET-00001437,ORD-00003646,SKU-00536,3,2026-04-08,NOT_AS_DESCRIBED,UNSELLABLE,188.79,,DONATE,2026-04-30T04:36:50.726872
RET-00001438,ORD-00033132,SKU-00240,3,2026-03-17,WRONG_ITEM,UNSELLABLE,1370.67,,RESTOCK,2026-04-30T04:36:50.726872
RET-00001439,ORD-00039941,SKU-00366,1,2026-02-28,CHANGED_MIND,DAMAGED,17.77,,RESTOCK,2026-04-30T04:36:50.726872
RET-00001440,ORD-00001284,SKU-00940,1,2025-10-09,DAMAGED_TRANSIT,GOOD,214.95,2025-10-15,RESTOCK,2026-04-30T04:36:50.726872
RET-00001441,ORD-00032980,SKU-00336,4,2025-06-16,ARRIVED_LATE,LIKE_NEW,436.72,2025-06-23,DESTROY,2026-04-30T04:36:50.726872
RET-00001442,ORD-00044708,SKU-00463,4,2026-04-02,CHANGED_MIND,GOOD,504.4,2026-04-09,DESTROY,2026-04-30T04:36:50.726872
RET-00001443,ORD-00038493,SKU-00946,3,2025-08-12,DAMAGED_TRANSIT,FAIR,1968.09,,RETURN_TO_VENDOR,2026-04-30T04:36:50.726872
RET-00001444,ORD-00033795,SKU-00980,1,2025-12-16,ARRIVED_LATE,FAIR,486.39,,REFURBISH,2026-04-30T04:36:50.726872
RET-00001445,ORD-00047840,SKU-00205,5,2025-08-13,ARRIVED_LATE,GOOD,751.7,2025-08-20,DONATE,2026-04-30T04:36:50.726872
RET-00001446,ORD-00012576,SKU-00177,3,2025-08-06,NOT_AS_DESCRIBED,GOOD,2601.54,2025-08-10,RESTOCK,2026-04-30T04:36:50.726872
RET-00001447,ORD-00022988,SKU-00564,3,2025-11-30,DUPLICATE_ORDER,DAMAGED,1822.47,,DESTROY,2026-04-30T04:36:50.726872
RET-00001448,ORD-00031484,SKU-00872,4,2025-05-10,ARRIVED_LATE,LIKE_NEW,65.88,2025-05-13,REFURBISH,2026-04-30T04:36:50.726872
RET-00001449,ORD-00005748,SKU-00117,3,2026-04-22,NOT_AS_DESCRIBED,LIKE_NEW,1539.78,2026-04-25,RESTOCK,2026-04-30T04:36:50.726872
RET-00001450,ORD-00022738,SKU-00747,1,2026-02-11,DUPLICATE_ORDER,GOOD,230.24,2026-02-18,REFURBISH,2026-04-30T04:36:50.726872
RET-00001451,ORD-00001067,SKU-00659,1,2026-02-09,CHANGED_MIND,NEW,593.11,2026-02-15,RETURN_TO_VENDOR,2026-04-30T04:36:50.726872
RET-00001452,ORD-00006377,SKU-00897,1,2025-07-11,DAMAGED_TRANSIT,FAIR,41.77,,DESTROY,2026-04-30T04:36:50.726872
RET-00001453,ORD-00033684,SKU-00581,1,2025-07-29,DEFECTIVE,GOOD,909.52,2025-08-02,RETURN_TO_VENDOR,2026-04-30T04:36:50.726872
RET-00001454,ORD-00033480,SKU-00191,5,2026-03-03,NOT_AS_DESCRIBED,FAIR,3889.05,,DONATE,2026-04-30T04:36:50.726872
RET-00001455,ORD-00041529,SKU-00770,5,2026-04-27,CHANGED_MIND,GOOD,2972.55,2026-04-30,DESTROY,2026-04-30T04:36:50.726872
RET-00001456,ORD-00033485,SKU-00001,3,2026-04-08,DEFECTIVE,LIKE_NEW,956.79,2026-04-14,RETURN_TO_VENDOR,2026-04-30T04:36:50.726872
RET-00001457,ORD-00033163,SKU-00816,5,2025-12-30,CHANGED_MIND,FAIR,5713.4,,REFURBISH,2026-04-30T04:36:50.726872
RET-00001458,ORD-00042561,SKU-00712,4,2026-04-16,DEFECTIVE,UNSELLABLE,2352.84,,REFURBISH,2026-04-30T04:36:50.726872
RET-00001459,ORD-00011709,SKU-00949,5,2025-10-30,DAMAGED_TRANSIT,NEW,4381.45,2025-11-03,DONATE,2026-04-30T04:36:50.726872
RET-00001460,ORD-00028503,SKU-00423,5,2025-05-03,CHANGED_MIND,DAMAGED,4975.95,,DONATE,2026-04-30T04:36:50.726872
RET-00001461,ORD-00031542,SKU-00303,1,2026-01-25,ARRIVED_LATE,NEW,609.39,2026-01-29,RETURN_TO_VENDOR,2026-04-30T04:36:50.726872
RET-00001462,ORD-00028354,SKU-00444,3,2025-10-05,ARRIVED_LATE,DAMAGED,287.46,,REFURBISH,2026-04-30T04:36:50.726872
RET-00001463,ORD-00018067,SKU-00270,4,2025-10-22,CHANGED_MIND,FAIR,982.8,,RESTOCK,2026-04-30T04:36:50.726872
RET-00001464,ORD-00015014,SKU-00718,4,2026-02-18,WRONG_ITEM,DAMAGED,1399.08,,REFURBISH,2026-04-30T04:36:50.726872
RET-00001465,ORD-00003626,SKU-00455,4,2025-05-22,NOT_AS_DESCRIBED,DAMAGED,1531.0,,DESTROY,2026-04-30T04:36:50.726872
RET-00001466,ORD-00027750,SKU-00021,1,2026-04-08,DUPLICATE_ORDER,FAIR,42.4,,REFURBISH,2026-04-30T04:36:50.726872
RET-00001467,ORD-00002740,SKU-00709,3,2025-05-28,NOT_AS_DESCRIBED,LIKE_NEW,1937.01,2025-05-29,REFURBISH,2026-04-30T04:36:50.726872
RET-00001468,ORD-00045649,SKU-00372,1,2025-06-11,WRONG_ITEM,FAIR,942.49,,DESTROY,2026-04-30T04:36:50.726872
RET-00001469,ORD-00009253,SKU-00169,3,2025-07-09,WRONG_ITEM,NEW,3413.19,2025-07-12,RESTOCK,2026-04-30T04:36:50.726872
RET-00001470,ORD-00039023,SKU-00058,2,2025-07-14,ARRIVED_LATE,GOOD,2795.34,2025-07-20,REFURBISH,2026-04-30T04:36:50.726872
RET-00001471,ORD-00033496,SKU-00527,3,2025-11-25,DEFECTIVE,LIKE_NEW,2277.72,2025-11-26,DESTROY,2026-04-30T04:36:50.726872
RET-00001472,ORD-00046993,SKU-00850,4,2025-12-10,DAMAGED_TRANSIT,NEW,2221.52,2025-12-13,DESTROY,2026-04-30T04:36:50.726872
RET-00001473,ORD-00049020,SKU-00879,1,2026-01-08,CHANGED_MIND,DAMAGED,566.48,,RESTOCK,2026-04-30T04:36:50.726872
RET-00001474,ORD-00021495,SKU-00010,5,2025-08-05,WRONG_ITEM,FAIR,1589.8,,RETURN_TO_VENDOR,2026-04-30T04:36:50.726872
RET-00001475,ORD-00034666,SKU-00517,5,2025-09-06,NOT_AS_DESCRIBED,DAMAGED,4449.85,,RESTOCK,2026-04-30T04:36:50.726872
RET-00001476,ORD-00043013,SKU-00590,4,2025-11-01,CHANGED_MIND,FAIR,4866.64,,REFURBISH,2026-04-30T04:36:50.726872
RET-00001477,ORD-00041116,SKU-00371,1,2025-08-26,DAMAGED_TRANSIT,DAMAGED,510.61,,REFURBISH,2026-04-30T04:36:50.726872
RET-00001478,ORD-00033903,SKU-00870,4,2025-12-08,DUPLICATE_ORDER,GOOD,2114.12,2025-12-15,RESTOCK,2026-04-30T04:36:50.726872
RET-00001479,ORD-00041323,SKU-00416,5,2026-01-24,NOT_AS_DESCRIBED,NEW,714.6,2026-01-25,DESTROY,2026-04-30T04:36:50.726872
RET-00001480,ORD-00002630,SKU-00573,3,2026-02-21,DAMAGED_TRANSIT,FAIR,2895.6,,RESTOCK,2026-04-30T04:36:50.726872
RET-00001481,ORD-00015153,SKU-00071,2,2025-07-06,DEFECTIVE,DAMAGED,1544.34,,REFURBISH,2026-04-30T04:36:50.726872
RET-00001482,ORD-00001137,SKU-00940,1,2025-07-24,DUPLICATE_ORDER,NEW,214.95,2025-07-28,RESTOCK,2026-04-30T04:36:50.726872
RET-00001483,ORD-00015984,SKU-00128,3,2025-07-21,ARRIVED_LATE,LIKE_NEW,2294.79,2025-07-28,RETURN_TO_VENDOR,2026-04-30T04:36:50.726872
RET-00001484,ORD-00042147,SKU-00391,4,2025-11-29,DEFECTIVE,GOOD,4166.16,2025-11-30,DESTROY,2026-04-30T04:36:50.726872
RET-00001485,ORD-00023389,SKU-00619,2,2025-09-27,DUPLICATE_ORDER,UNSELLABLE,301.3,,RESTOCK,2026-04-30T04:36:50.726872
RET-00001486,ORD-00047670,SKU-00815,4,2025-11-30,CHANGED_MIND,GOOD,4115.72,2025-12-04,RESTOCK,2026-04-30T04:36:50.726872
RET-00001487,ORD-00016863,SKU-00923,1,2025-06-04,DUPLICATE_ORDER,LIKE_NEW,223.01,2025-06-09,DONATE,2026-04-30T04:36:50.726872
RET-00001488,ORD-00003473,SKU-00943,4,2025-09-24,DAMAGED_TRANSIT,FAIR,2798.04,,DESTROY,2026-04-30T04:36:50.726872
RET-00001489,ORD-00040114,SKU-00762,3,2026-02-15,DEFECTIVE,NEW,203.13,2026-02-21,RESTOCK,2026-04-30T04:36:50.726872
RET-00001490,ORD-00034627,SKU-00897,3,2025-05-03,CHANGED_MIND,DAMAGED,125.31,,RETURN_TO_VENDOR,2026-04-30T04:36:50.726872
RET-00001491,ORD-00020974,SKU-00695,3,2026-01-16,DAMAGED_TRANSIT,NEW,703.23,2026-01-19,RESTOCK,2026-04-30T04:36:50.726872
RET-00001492,ORD-00024135,SKU-00219,3,2026-02-19,WRONG_ITEM,GOOD,127.26,2026-02-26,DONATE,2026-04-30T04:36:50.726872
RET-00001493,ORD-00011166,SKU-00297,3,2025-05-10,DAMAGED_TRANSIT,LIKE_NEW,2286.84,2025-05-11,DESTROY,2026-04-30T04:36:50.726872
RET-00001494,ORD-00009026,SKU-00158,1,2025-06-29,ARRIVED_LATE,NEW,412.32,2025-07-04,REFURBISH,2026-04-30T04:36:50.726872
RET-00001495,ORD-00010032,SKU-00748,5,2026-01-21,CHANGED_MIND,FAIR,3956.0,,DONATE,2026-04-30T04:36:50.726872
RET-00001496,ORD-00018217,SKU-00153,3,2026-03-12,ARRIVED_LATE,LIKE_NEW,3048.09,2026-03-19,RESTOCK,2026-04-30T04:36:50.726872
RET-00001497,ORD-00013440,SKU-00454,5,2026-03-15,CHANGED_MIND,GOOD,3272.05,2026-03-20,RETURN_TO_VENDOR,2026-04-30T04:36:50.726872
RET-00001498,ORD-00034057,SKU-00901,1,2025-10-16,WRONG_ITEM,NEW,40.99,2025-10-18,RESTOCK,2026-04-30T04:36:50.726872
RET-00001499,ORD-00026400,SKU-00781,5,2026-03-23,DEFECTIVE,NEW,4527.25,2026-03-27,RETURN_TO_VENDOR,2026-04-30T04:36:50.726872
RET-00001500,ORD-00024212,SKU-00374,4,2026-01-18,CHANGED_MIND,GOOD,1129.2,2026-01-19,DESTROY,2026-04-30T04:36:50.726872
RET-00001501,ORD-00010491,SKU-00200,3,2026-03-25,DAMAGED_TRANSIT,FAIR,1930.89,,DONATE,2026-04-30T04:36:50.726872
RET-00001502,ORD-00043848,SKU-00236,2,2026-01-22,DUPLICATE_ORDER,NEW,1626.08,2026-01-24,RESTOCK,2026-04-30T04:36:50.726872
RET-00001503,ORD-00028011,SKU-00340,3,2026-04-19,ARRIVED_LATE,UNSELLABLE,3631.02,,DESTROY,2026-04-30T04:36:50.726872
RET-00001504,ORD-00045444,SKU-00325,5,2026-01-23,ARRIVED_LATE,DAMAGED,3811.85,,RETURN_TO_VENDOR,2026-04-30T04:36:50.726872
RET-00001505,ORD-00043855,SKU-00548,3,2025-06-14,DAMAGED_TRANSIT,GOOD,1431.42,2025-06-21,RESTOCK,2026-04-30T04:36:50.726872
RET-00001506,ORD-00007520,SKU-00523,3,2025-09-30,CHANGED_MIND,FAIR,1075.44,,REFURBISH,2026-04-30T04:36:50.726872
RET-00001507,ORD-00045108,SKU-00118,1,2025-07-05,ARRIVED_LATE,NEW,699.87,2025-07-09,RESTOCK,2026-04-30T04:36:50.726872
RET-00001508,ORD-00005797,SKU-00124,1,2025-09-16,WRONG_ITEM,LIKE_NEW,812.97,2025-09-20,DESTROY,2026-04-30T04:36:50.726872
RET-00001509,ORD-00013155,SKU-00726,5,2025-12-23,NOT_AS_DESCRIBED,NEW,4469.3,2025-12-28,RESTOCK,2026-04-30T04:36:50.726872
RET-00001510,ORD-00037750,SKU-00279,1,2026-01-20,DUPLICATE_ORDER,NEW,410.8,2026-01-24,RESTOCK,2026-04-30T04:36:50.726872
RET-00001511,ORD-00023024,SKU-00497,2,2025-08-15,WRONG_ITEM,LIKE_NEW,1162.56,2025-08-16,RESTOCK,2026-04-30T04:36:50.726872
RET-00001512,ORD-00000400,SKU-00631,1,2026-02-13,DUPLICATE_ORDER,GOOD,360.43,2026-02-16,RESTOCK,2026-04-30T04:36:50.726872
RET-00001513,ORD-00038373,SKU-00848,3,2025-11-08,ARRIVED_LATE,NEW,973.65,2025-11-11,DESTROY,2026-04-30T04:36:50.726872
RET-00001514,ORD-00021336,SKU-00933,5,2025-09-10,ARRIVED_LATE,DAMAGED,3511.0,,RESTOCK,2026-04-30T04:36:50.726872
RET-00001515,ORD-00018100,SKU-00899,1,2025-05-07,NOT_AS_DESCRIBED,GOOD,801.9,2025-05-08,RESTOCK,2026-04-30T04:36:50.726872
RET-00001516,ORD-00044140,SKU-00105,4,2025-09-28,ARRIVED_LATE,FAIR,1789.88,,REFURBISH,2026-04-30T04:36:50.726872
RET-00001517,ORD-00003453,SKU-00600,1,2025-04-29,NOT_AS_DESCRIBED,NEW,746.45,2025-05-05,RETURN_TO_VENDOR,2026-04-30T04:36:50.726872
RET-00001518,ORD-00029882,SKU-00644,4,2025-11-02,DAMAGED_TRANSIT,UNSELLABLE,2969.36,,RESTOCK,2026-04-30T04:36:50.726872
RET-00001519,ORD-00019701,SKU-00827,1,2025-10-02,NOT_AS_DESCRIBED,UNSELLABLE,432.47,,DESTROY,2026-04-30T04:36:50.726872
RET-00001520,ORD-00021326,SKU-00911,5,2025-08-11,WRONG_ITEM,LIKE_NEW,2831.3,2025-08-16,DESTROY,2026-04-30T04:36:50.726872
RET-00001521,ORD-00033377,SKU-00505,3,2025-10-21,DAMAGED_TRANSIT,NEW,4357.86,2025-10-23,REFURBISH,2026-04-30T04:36:50.726872
RET-00001522,ORD-00023265,SKU-00754,3,2026-04-03,DUPLICATE_ORDER,LIKE_NEW,1378.8,2026-04-06,RESTOCK,2026-04-30T04:36:50.726872
RET-00001523,ORD-00007390,SKU-00028,4,2026-04-03,WRONG_ITEM,LIKE_NEW,924.24,2026-04-06,RESTOCK,2026-04-30T04:36:50.726872
RET-00001524,ORD-00001984,SKU-00912,3,2026-03-16,DEFECTIVE,GOOD,2553.96,2026-03-23,DONATE,2026-04-30T04:36:50.726872
RET-00001525,ORD-00021805,SKU-00104,3,2026-04-22,WRONG_ITEM,UNSELLABLE,700.89,,RESTOCK,2026-04-30T04:36:50.726872
RET-00001526,ORD-00021949,SKU-00119,2,2025-11-03,DAMAGED_TRANSIT,GOOD,754.84,2025-11-07,RETURN_TO_VENDOR,2026-04-30T04:36:50.726872
RET-00001527,ORD-00010712,SKU-00547,4,2026-01-30,NOT_AS_DESCRIBED,DAMAGED,990.2,,RESTOCK,2026-04-30T04:36:50.726872
RET-00001528,ORD-00016431,SKU-00628,5,2025-10-28,DUPLICATE_ORDER,NEW,1948.55,2025-10-31,RETURN_TO_VENDOR,2026-04-30T04:36:50.726872
RET-00001529,ORD-00004353,SKU-00255,1,2026-03-31,NOT_AS_DESCRIBED,NEW,161.2,2026-04-07,DESTROY,2026-04-30T04:36:50.726872
RET-00001530,ORD-00046521,SKU-00396,1,2025-12-24,DUPLICATE_ORDER,UNSELLABLE,216.09,,RETURN_TO_VENDOR,2026-04-30T04:36:50.726872
RET-00001531,ORD-00018969,SKU-00622,3,2025-08-16,ARRIVED_LATE,LIKE_NEW,105.03,2025-08-21,DESTROY,2026-04-30T04:36:50.726872
RET-00001532,ORD-00030228,SKU-00951,3,2025-08-06,DUPLICATE_ORDER,DAMAGED,3259.23,,RESTOCK,2026-04-30T04:36:50.726872
RET-00001533,ORD-00023400,SKU-00275,1,2026-03-11,DAMAGED_TRANSIT,LIKE_NEW,103.13,2026-03-16,RESTOCK,2026-04-30T04:36:50.726872
RET-00001534,ORD-00006167,SKU-00177,4,2025-06-25,DAMAGED_TRANSIT,UNSELLABLE,3468.72,,RESTOCK,2026-04-30T04:36:50.726872
RET-00001535,ORD-00000711,SKU-00387,3,2026-01-26,WRONG_ITEM,GOOD,2770.89,2026-01-31,RESTOCK,2026-04-30T04:36:50.726872
RET-00001536,ORD-00001055,SKU-00208,4,2025-10-24,WRONG_ITEM,NEW,958.52,2025-10-30,REFURBISH,2026-04-30T04:36:50.726872
RET-00001537,ORD-00009230,SKU-00038,3,2026-03-07,CHANGED_MIND,GOOD,1385.58,2026-03-08,RESTOCK,2026-04-30T04:36:50.726872
RET-00001538,ORD-00016161,SKU-00927,2,2025-09-19,WRONG_ITEM,DAMAGED,2709.0,,RETURN_TO_VENDOR,2026-04-30T04:36:50.726872
RET-00001539,ORD-00003509,SKU-00109,4,2025-12-07,NOT_AS_DESCRIBED,LIKE_NEW,786.56,2025-12-08,RESTOCK,2026-04-30T04:36:50.726872
RET-00001540,ORD-00014615,SKU-00980,4,2025-06-13,DEFECTIVE,GOOD,1945.56,2025-06-19,RESTOCK,2026-04-30T04:36:50.726872
RET-00001541,ORD-00032521,SKU-00487,5,2025-09-29,DUPLICATE_ORDER,UNSELLABLE,1130.5,,RETURN_TO_VENDOR,2026-04-30T04:36:50.726872
RET-00001542,ORD-00022347,SKU-00676,2,2025-10-31,DAMAGED_TRANSIT,UNSELLABLE,134.34,,DONATE,2026-04-30T04:36:50.726872
RET-00001543,ORD-00023840,SKU-00283,2,2025-09-25,DEFECTIVE,NEW,1017.48,2025-09-26,RETURN_TO_VENDOR,2026-04-30T04:36:50.726872
RET-00001544,ORD-00012708,SKU-00087,2,2025-07-06,WRONG_ITEM,DAMAGED,197.9,,DESTROY,2026-04-30T04:36:50.726872
RET-00001545,ORD-00049353,SKU-00129,5,2026-02-22,WRONG_ITEM,NEW,4012.45,2026-02-24,DONATE,2026-04-30T04:36:50.726872
RET-00001546,ORD-00015203,SKU-00617,4,2026-02-27,WRONG_ITEM,UNSELLABLE,858.4,,REFURBISH,2026-04-30T04:36:50.726872
RET-00001547,ORD-00011424,SKU-00866,5,2026-04-26,NOT_AS_DESCRIBED,DAMAGED,2830.45,,RESTOCK,2026-04-30T04:36:50.726872
RET-00001548,ORD-00011484,SKU-00079,4,2025-09-22,DEFECTIVE,GOOD,527.56,2025-09-25,RESTOCK,2026-04-30T04:36:50.726872
RET-00001549,ORD-00000989,SKU-00145,2,2025-06-07,DAMAGED_TRANSIT,DAMAGED,1291.62,,DESTROY,2026-04-30T04:36:50.726872
RET-00001550,ORD-00049543,SKU-00586,1,2025-12-05,NOT_AS_DESCRIBED,GOOD,88.02,2025-12-07,RETURN_TO_VENDOR,2026-04-30T04:36:50.726872
RET-00001551,ORD-00033160,SKU-00594,5,2026-03-12,ARRIVED_LATE,GOOD,5717.45,2026-03-14,RESTOCK,2026-04-30T04:36:50.726872
RET-00001552,ORD-00018451,SKU-00856,3,2025-10-22,ARRIVED_LATE,DAMAGED,2896.68,,RETURN_TO_VENDOR,2026-04-30T04:36:50.726872
RET-00001553,ORD-00011980,SKU-00062,3,2026-03-05,DAMAGED_TRANSIT,FAIR,193.26,,REFURBISH,2026-04-30T04:36:50.726872
RET-00001554,ORD-00027294,SKU-00259,3,2025-08-09,DAMAGED_TRANSIT,LIKE_NEW,498.21,2025-08-12,RESTOCK,2026-04-30T04:36:50.726872
RET-00001555,ORD-00043786,SKU-00936,5,2025-08-30,DAMAGED_TRANSIT,GOOD,4730.15,2025-08-31,REFURBISH,2026-04-30T04:36:50.726872
RET-00001556,ORD-00010804,SKU-00213,5,2025-10-15,DUPLICATE_ORDER,LIKE_NEW,4776.7,2025-10-16,REFURBISH,2026-04-30T04:36:50.726872
RET-00001557,ORD-00021171,SKU-00781,5,2026-01-20,DAMAGED_TRANSIT,GOOD,4527.25,2026-01-21,DESTROY,2026-04-30T04:36:50.726872
RET-00001558,ORD-00030287,SKU-00254,1,2025-06-06,WRONG_ITEM,NEW,1041.84,2025-06-09,REFURBISH,2026-04-30T04:36:50.726872
RET-00001559,ORD-00016133,SKU-00029,5,2025-11-23,CHANGED_MIND,FAIR,206.3,,RESTOCK,2026-04-30T04:36:50.726872
RET-00001560,ORD-00026661,SKU-00818,4,2026-04-20,ARRIVED_LATE,NEW,775.24,2026-04-26,RESTOCK,2026-04-30T04:36:50.726872
RET-00001561,ORD-00025039,SKU-00194,5,2025-10-30,DEFECTIVE,GOOD,366.25,2025-11-04,DESTROY,2026-04-30T04:36:50.726872
RET-00001562,ORD-00009002,SKU-00650,5,2025-06-14,CHANGED_MIND,UNSELLABLE,905.05,,RETURN_TO_VENDOR,2026-04-30T04:36:50.726872
RET-00001563,ORD-00041747,SKU-00304,3,2026-02-08,DAMAGED_TRANSIT,GOOD,692.31,2026-02-09,RESTOCK,2026-04-30T04:36:50.726872
RET-00001564,ORD-00011135,SKU-00482,5,2025-09-19,NOT_AS_DESCRIBED,FAIR,1799.25,,REFURBISH,2026-04-30T04:36:50.726872
RET-00001565,ORD-00045883,SKU-00204,1,2025-09-21,DAMAGED_TRANSIT,LIKE_NEW,981.99,2025-09-23,RESTOCK,2026-04-30T04:36:50.726872
RET-00001566,ORD-00036087,SKU-00742,1,2026-04-25,DEFECTIVE,FAIR,833.54,,RESTOCK,2026-04-30T04:36:50.726872
RET-00001567,ORD-00011838,SKU-00038,3,2026-02-27,DUPLICATE_ORDER,DAMAGED,1385.58,,RESTOCK,2026-04-30T04:36:50.726872
RET-00001568,ORD-00041334,SKU-00514,4,2025-05-25,DEFECTIVE,DAMAGED,1291.6,,DESTROY,2026-04-30T04:36:50.726872
RET-00001569,ORD-00019740,SKU-00654,5,2025-06-24,WRONG_ITEM,GOOD,3228.6,2025-06-28,DESTROY,2026-04-30T04:36:50.726872
RET-00001570,ORD-00002157,SKU-00249,4,2026-04-07,NOT_AS_DESCRIBED,GOOD,1026.68,2026-04-10,RETURN_TO_VENDOR,2026-04-30T04:36:50.726872
RET-00001571,ORD-00040270,SKU-00315,3,2025-12-13,DUPLICATE_ORDER,DAMAGED,2265.63,,RESTOCK,2026-04-30T04:36:50.726872
RET-00001572,ORD-00001893,SKU-00215,1,2025-09-19,CHANGED_MIND,NEW,1012.95,2025-09-22,REFURBISH,2026-04-30T04:36:50.726872
RET-00001573,ORD-00012861,SKU-00191,2,2025-06-04,DUPLICATE_ORDER,GOOD,1555.62,2025-06-05,RESTOCK,2026-04-30T04:36:50.726872
RET-00001574,ORD-00015584,SKU-00146,5,2025-04-30,DAMAGED_TRANSIT,UNSELLABLE,2628.7,,RESTOCK,2026-04-30T04:36:50.726872
RET-00001575,ORD-00038309,SKU-00276,4,2025-09-06,NOT_AS_DESCRIBED,LIKE_NEW,1364.2,2025-09-12,REFURBISH,2026-04-30T04:36:50.726872
RET-00001576,ORD-00048353,SKU-00547,5,2026-01-23,DAMAGED_TRANSIT,UNSELLABLE,1237.75,,RESTOCK,2026-04-30T04:36:50.726872
RET-00001577,ORD-00011986,SKU-00056,1,2026-04-29,CHANGED_MIND,LIKE_NEW,216.71,2026-05-03,RETURN_TO_VENDOR,2026-04-30T04:36:50.726872
RET-00001578,ORD-00029822,SKU-00168,5,2026-04-04,ARRIVED_LATE,NEW,2319.2,2026-04-06,RESTOCK,2026-04-30T04:36:50.726872
RET-00001579,ORD-00039261,SKU-00941,3,2025-09-07,WRONG_ITEM,UNSELLABLE,1231.95,,RETURN_TO_VENDOR,2026-04-30T04:36:50.726872
RET-00001580,ORD-00014737,SKU-00420,2,2026-02-12,CHANGED_MIND,DAMAGED,1777.74,,RESTOCK,2026-04-30T04:36:50.726872
RET-00001581,ORD-00033832,SKU-00156,5,2026-01-09,CHANGED_MIND,NEW,2947.05,2026-01-10,RESTOCK,2026-04-30T04:36:50.726872
RET-00001582,ORD-00046220,SKU-00046,4,2025-07-21,ARRIVED_LATE,NEW,1603.44,2025-07-26,DONATE,2026-04-30T04:36:50.726872
RET-00001583,ORD-00043988,SKU-00901,2,2026-02-15,DAMAGED_TRANSIT,GOOD,81.98,2026-02-18,DESTROY,2026-04-30T04:36:50.726872
RET-00001584,ORD-00042384,SKU-00494,4,2026-01-29,DAMAGED_TRANSIT,NEW,2544.32,2026-02-03,RESTOCK,2026-04-30T04:36:50.726872
RET-00001585,ORD-00032838,SKU-00514,4,2025-10-20,NOT_AS_DESCRIBED,FAIR,1291.6,,RESTOCK,2026-04-30T04:36:50.726872
RET-00001586,ORD-00018945,SKU-00689,5,2026-02-05,NOT_AS_DESCRIBED,NEW,4461.8,2026-02-10,DESTROY,2026-04-30T04:36:50.726872
RET-00001587,ORD-00037734,SKU-00106,4,2025-06-08,ARRIVED_LATE,GOOD,17.68,2025-06-11,REFURBISH,2026-04-30T04:36:50.726872
RET-00001588,ORD-00037055,SKU-00304,3,2025-07-19,DAMAGED_TRANSIT,GOOD,692.31,2025-07-24,RETURN_TO_VENDOR,2026-04-30T04:36:50.726872
RET-00001589,ORD-00023467,SKU-00972,3,2026-02-14,ARRIVED_LATE,DAMAGED,989.49,,RETURN_TO_VENDOR,2026-04-30T04:36:50.726872
RET-00001590,ORD-00031787,SKU-00011,5,2025-05-17,DAMAGED_TRANSIT,LIKE_NEW,5451.3,2025-05-23,DESTROY,2026-04-30T04:36:50.726872
RET-00001591,ORD-00010022,SKU-00486,3,2025-06-30,NOT_AS_DESCRIBED,FAIR,2488.77,,RESTOCK,2026-04-30T04:36:50.726872
RET-00001592,ORD-00038633,SKU-00977,3,2025-07-17,DEFECTIVE,DAMAGED,1460.13,,DESTROY,2026-04-30T04:36:50.726872
RET-00001593,ORD-00028228,SKU-00095,5,2025-08-21,CHANGED_MIND,NEW,5288.05,2025-08-25,DONATE,2026-04-30T04:36:50.726872
RET-00001594,ORD-00013190,SKU-00302,3,2025-06-01,NOT_AS_DESCRIBED,UNSELLABLE,3133.83,,REFURBISH,2026-04-30T04:36:50.726872
RET-00001595,ORD-00033695,SKU-00585,3,2025-12-24,WRONG_ITEM,DAMAGED,2172.27,,DESTROY,2026-04-30T04:36:50.726872
RET-00001596,ORD-00035324,SKU-00020,3,2025-06-29,ARRIVED_LATE,NEW,1601.88,2025-07-06,RESTOCK,2026-04-30T04:36:50.726872
RET-00001597,ORD-00014907,SKU-00876,3,2025-11-01,WRONG_ITEM,DAMAGED,308.34,,RESTOCK,2026-04-30T04:36:50.726872
RET-00001598,ORD-00036292,SKU-00483,5,2026-01-26,DUPLICATE_ORDER,GOOD,5038.0,2026-01-27,RESTOCK,2026-04-30T04:36:50.726872
RET-00001599,ORD-00003448,SKU-00727,2,2025-11-09,DUPLICATE_ORDER,GOOD,512.9,2025-11-12,RESTOCK,2026-04-30T04:36:50.726872
RET-00001600,ORD-00015018,SKU-00349,4,2025-07-04,DUPLICATE_ORDER,GOOD,2975.8,2025-07-09,RESTOCK,2026-04-30T04:36:50.726872
RET-00001601,ORD-00049772,SKU-00369,5,2025-05-24,ARRIVED_LATE,FAIR,4684.15,,RESTOCK,2026-04-30T04:36:50.726872
RET-00001602,ORD-00043502,SKU-00387,4,2026-03-02,NOT_AS_DESCRIBED,LIKE_NEW,3694.52,2026-03-09,RESTOCK,2026-04-30T04:36:50.726872
RET-00001603,ORD-00016479,SKU-00934,4,2026-03-14,NOT_AS_DESCRIBED,GOOD,2526.12,2026-03-21,RESTOCK,2026-04-30T04:36:50.726872
RET-00001604,ORD-00005387,SKU-00993,1,2025-07-08,DEFECTIVE,NEW,1309.4,2025-07-13,RESTOCK,2026-04-30T04:36:50.726872
RET-00001605,ORD-00030875,SKU-00459,4,2025-09-06,WRONG_ITEM,GOOD,131.88,2025-09-08,RESTOCK,2026-04-30T04:36:50.726872
RET-00001606,ORD-00037405,SKU-00688,2,2025-08-03,WRONG_ITEM,GOOD,2397.2,2025-08-06,DONATE,2026-04-30T04:36:50.726872
RET-00001607,ORD-00049476,SKU-00098,5,2025-12-26,WRONG_ITEM,LIKE_NEW,2044.65,2025-12-27,RESTOCK,2026-04-30T04:36:50.726872
RET-00001608,ORD-00016855,SKU-00254,1,2025-12-10,NOT_AS_DESCRIBED,DAMAGED,1041.84,,REFURBISH,2026-04-30T04:36:50.726872
RET-00001609,ORD-00020100,SKU-00985,5,2026-02-13,NOT_AS_DESCRIBED,LIKE_NEW,2274.7,2026-02-17,REFURBISH,2026-04-30T04:36:50.726872
RET-00001610,ORD-00028710,SKU-00510,3,2026-03-15,DUPLICATE_ORDER,GOOD,2091.06,2026-03-20,RESTOCK,2026-04-30T04:36:50.726872
RET-00001611,ORD-00011129,SKU-00254,3,2026-03-24,DEFECTIVE,FAIR,3125.52,,RESTOCK,2026-04-30T04:36:50.726872
RET-00001612,ORD-00021922,SKU-00033,5,2025-11-03,DAMAGED_TRANSIT,GOOD,1555.65,2025-11-10,RESTOCK,2026-04-30T04:36:50.726872
RET-00001613,ORD-00029863,SKU-00923,3,2026-03-17,WRONG_ITEM,DAMAGED,669.03,,DESTROY,2026-04-30T04:36:50.726872
RET-00001614,ORD-00034425,SKU-00571,5,2026-04-06,DEFECTIVE,NEW,1895.95,2026-04-08,RESTOCK,2026-04-30T04:36:50.726872
RET-00001615,ORD-00017401,SKU-00883,2,2026-04-09,DAMAGED_TRANSIT,UNSELLABLE,431.34,,DESTROY,2026-04-30T04:36:50.726872
RET-00001616,ORD-00036841,SKU-00616,1,2026-02-22,WRONG_ITEM,GOOD,128.9,2026-02-26,DESTROY,2026-04-30T04:36:50.726872
RET-00001617,ORD-00016500,SKU-00677,2,2026-01-01,DAMAGED_TRANSIT,FAIR,1080.56,,RESTOCK,2026-04-30T04:36:50.726872
RET-00001618,ORD-00001011,SKU-00252,1,2025-10-28,ARRIVED_LATE,FAIR,599.98,,DESTROY,2026-04-30T04:36:50.726872
RET-00001619,ORD-00018780,SKU-00297,5,2025-04-30,DAMAGED_TRANSIT,GOOD,3811.4,2025-05-04,REFURBISH,2026-04-30T04:36:50.726872
RET-00001620,ORD-00030957,SKU-00113,4,2025-08-31,DAMAGED_TRANSIT,LIKE_NEW,393.84,2025-09-03,RETURN_TO_VENDOR,2026-04-30T04:36:50.726872
RET-00001621,ORD-00044874,SKU-00155,5,2025-07-13,DAMAGED_TRANSIT,DAMAGED,2981.9,,DESTROY,2026-04-30T04:36:50.726872
RET-00001622,ORD-00046020,SKU-00081,4,2025-09-23,NOT_AS_DESCRIBED,NEW,2029.32,2025-09-30,REFURBISH,2026-04-30T04:36:50.726872
RET-00001623,ORD-00041491,SKU-00330,3,2025-08-21,WRONG_ITEM,NEW,1654.71,2025-08-25,RESTOCK,2026-04-30T04:36:50.726872
RET-00001624,ORD-00010653,SKU-00871,2,2025-07-13,DEFECTIVE,NEW,1301.7,2025-07-16,RESTOCK,2026-04-30T04:36:50.726872
RET-00001625,ORD-00030161,SKU-00060,3,2025-11-08,DUPLICATE_ORDER,UNSELLABLE,2467.65,,DONATE,2026-04-30T04:36:50.726872
RET-00001626,ORD-00022591,SKU-00754,2,2025-08-22,ARRIVED_LATE,NEW,919.2,2025-08-26,RESTOCK,2026-04-30T04:36:50.726872
RET-00001627,ORD-00007458,SKU-00735,2,2026-04-02,DEFECTIVE,GOOD,22.96,2026-04-08,RESTOCK,2026-04-30T04:36:50.726872
RET-00001628,ORD-00047440,SKU-00947,2,2026-04-08,ARRIVED_LATE,NEW,63.0,2026-04-15,RESTOCK,2026-04-30T04:36:50.726872
RET-00001629,ORD-00043872,SKU-00466,1,2025-08-07,ARRIVED_LATE,LIKE_NEW,762.52,2025-08-14,REFURBISH,2026-04-30T04:36:50.726872
RET-00001630,ORD-00047526,SKU-00571,2,2025-08-21,DEFECTIVE,NEW,758.38,2025-08-22,DESTROY,2026-04-30T04:36:50.726872
RET-00001631,ORD-00034570,SKU-00542,5,2025-06-17,CHANGED_MIND,UNSELLABLE,2320.35,,RESTOCK,2026-04-30T04:36:50.726872
RET-00001632,ORD-00017583,SKU-00406,3,2025-08-23,DUPLICATE_ORDER,DAMAGED,3386.58,,DONATE,2026-04-30T04:36:50.726872
RET-00001633,ORD-00021931,SKU-00778,4,2025-10-10,CHANGED_MIND,UNSELLABLE,3623.92,,RESTOCK,2026-04-30T04:36:50.726872
RET-00001634,ORD-00030702,SKU-00722,5,2026-04-16,WRONG_ITEM,DAMAGED,714.35,,REFURBISH,2026-04-30T04:36:50.726872
RET-00001635,ORD-00013337,SKU-00750,2,2026-03-06,DUPLICATE_ORDER,FAIR,1139.42,,RESTOCK,2026-04-30T04:36:50.726872
RET-00001636,ORD-00042999,SKU-00744,2,2026-02-09,CHANGED_MIND,FAIR,2393.66,,RESTOCK,2026-04-30T04:36:50.726872
RET-00001637,ORD-00044539,SKU-00270,1,2025-10-30,DEFECTIVE,GOOD,245.7,2025-10-31,DESTROY,2026-04-30T04:36:50.726872
RET-00001638,ORD-00037772,SKU-00640,4,2025-10-16,WRONG_ITEM,LIKE_NEW,2336.36,2025-10-23,RETURN_TO_VENDOR,2026-04-30T04:36:50.726872
RET-00001639,ORD-00019429,SKU-00185,5,2025-09-28,DUPLICATE_ORDER,LIKE_NEW,2041.6,2025-10-02,RESTOCK,2026-04-30T04:36:50.726872
RET-00001640,ORD-00025856,SKU-00071,2,2025-06-06,CHANGED_MIND,LIKE_NEW,1544.34,2025-06-08,REFURBISH,2026-04-30T04:36:50.726872
RET-00001641,ORD-00047046,SKU-00282,5,2025-12-17,DUPLICATE_ORDER,UNSELLABLE,3089.2,,RETURN_TO_VENDOR,2026-04-30T04:36:50.726872
RET-00001642,ORD-00026813,SKU-00352,3,2025-10-29,DAMAGED_TRANSIT,UNSELLABLE,2302.08,,DESTROY,2026-04-30T04:36:50.726872
RET-00001643,ORD-00021106,SKU-00588,3,2026-04-12,NOT_AS_DESCRIBED,GOOD,1786.23,2026-04-18,DESTROY,2026-04-30T04:36:50.726872
RET-00001644,ORD-00015708,SKU-00351,3,2026-04-22,NOT_AS_DESCRIBED,UNSELLABLE,839.82,,DESTROY,2026-04-30T04:36:50.726872
RET-00001645,ORD-00019018,SKU-00488,5,2025-10-18,DEFECTIVE,UNSELLABLE,329.0,,DESTROY,2026-04-30T04:36:50.726872
RET-00001646,ORD-00010189,SKU-00155,3,2025-06-10,CHANGED_MIND,FAIR,1789.14,,RESTOCK,2026-04-30T04:36:50.726872
RET-00001647,ORD-00038204,SKU-00963,2,2025-10-04,ARRIVED_LATE,GOOD,2812.92,2025-10-06,RETURN_TO_VENDOR,2026-04-30T04:36:50.726872
RET-00001648,ORD-00022385,SKU-00679,1,2025-06-10,DAMAGED_TRANSIT,GOOD,31.04,2025-06-11,RESTOCK,2026-04-30T04:36:50.726872
RET-00001649,ORD-00033915,SKU-00124,5,2025-10-30,CHANGED_MIND,UNSELLABLE,4064.85,,RETURN_TO_VENDOR,2026-04-30T04:36:50.726872
RET-00001650,ORD-00029919,SKU-00028,5,2026-03-01,DEFECTIVE,FAIR,1155.3,,DESTROY,2026-04-30T04:36:50.726872
RET-00001651,ORD-00000070,SKU-00756,2,2025-09-09,DAMAGED_TRANSIT,NEW,1041.16,2025-09-13,RESTOCK,2026-04-30T04:36:50.726872
RET-00001652,ORD-00046826,SKU-00675,3,2025-06-04,DEFECTIVE,LIKE_NEW,482.01,2025-06-06,RETURN_TO_VENDOR,2026-04-30T04:36:50.726872
RET-00001653,ORD-00019472,SKU-00610,2,2025-10-25,DAMAGED_TRANSIT,FAIR,1438.72,,DESTROY,2026-04-30T04:36:50.726872
RET-00001654,ORD-00038128,SKU-00341,3,2025-05-10,DUPLICATE_ORDER,FAIR,2700.84,,DONATE,2026-04-30T04:36:50.726872
RET-00001655,ORD-00044888,SKU-00543,3,2026-01-17,CHANGED_MIND,FAIR,2493.0,,DESTROY,2026-04-30T04:36:50.726872
RET-00001656,ORD-00019574,SKU-00776,4,2025-07-07,DEFECTIVE,LIKE_NEW,390.84,2025-07-12,DONATE,2026-04-30T04:36:50.726872
RET-00001657,ORD-00030284,SKU-00780,1,2025-08-31,DUPLICATE_ORDER,NEW,106.72,2025-09-06,RESTOCK,2026-04-30T04:36:50.726872
RET-00001658,ORD-00045652,SKU-00203,3,2025-08-18,CHANGED_MIND,LIKE_NEW,964.47,2025-08-19,RETURN_TO_VENDOR,2026-04-30T04:36:50.726872
RET-00001659,ORD-00024050,SKU-00603,2,2025-11-06,ARRIVED_LATE,LIKE_NEW,2404.12,2025-11-08,REFURBISH,2026-04-30T04:36:50.726872
RET-00001660,ORD-00048370,SKU-00196,3,2025-11-13,ARRIVED_LATE,DAMAGED,627.21,,DONATE,2026-04-30T04:36:50.726872
RET-00001661,ORD-00035864,SKU-00389,1,2025-09-22,NOT_AS_DESCRIBED,LIKE_NEW,75.33,2025-09-26,REFURBISH,2026-04-30T04:36:50.726872
RET-00001662,ORD-00012221,SKU-00433,2,2025-11-02,CHANGED_MIND,NEW,1201.42,2025-11-08,RESTOCK,2026-04-30T04:36:50.726872
RET-00001663,ORD-00024850,SKU-00904,3,2025-08-12,NOT_AS_DESCRIBED,GOOD,2819.61,2025-08-16,RETURN_TO_VENDOR,2026-04-30T04:36:50.726872
RET-00001664,ORD-00043776,SKU-00115,2,2025-11-20,DAMAGED_TRANSIT,GOOD,768.26,2025-11-23,REFURBISH,2026-04-30T04:36:50.726872
RET-00001665,ORD-00031745,SKU-00750,3,2026-04-20,NOT_AS_DESCRIBED,GOOD,1709.13,2026-04-23,RETURN_TO_VENDOR,2026-04-30T04:36:50.726872
RET-00001666,ORD-00027966,SKU-00229,2,2025-07-30,DUPLICATE_ORDER,LIKE_NEW,687.68,2025-08-01,RESTOCK,2026-04-30T04:36:50.726872
RET-00001667,ORD-00035669,SKU-00650,1,2025-08-21,ARRIVED_LATE,GOOD,181.01,2025-08-23,RESTOCK,2026-04-30T04:36:50.726872
RET-00001668,ORD-00029132,SKU-00370,2,2026-01-25,NOT_AS_DESCRIBED,NEW,1136.18,2026-01-28,RESTOCK,2026-04-30T04:36:50.726872
RET-00001669,ORD-00032788,SKU-00419,2,2026-02-22,ARRIVED_LATE,NEW,629.5,2026-02-28,RETURN_TO_VENDOR,2026-04-30T04:36:50.726872
RET-00001670,ORD-00020926,SKU-00387,4,2025-12-14,DUPLICATE_ORDER,DAMAGED,3694.52,,RESTOCK,2026-04-30T04:36:50.726872
RET-00001671,ORD-00032010,SKU-00012,5,2026-03-02,DAMAGED_TRANSIT,FAIR,3448.9,,REFURBISH,2026-04-30T04:36:50.726872
RET-00001672,ORD-00016832,SKU-00824,5,2026-04-06,DUPLICATE_ORDER,GOOD,1919.65,2026-04-10,REFURBISH,2026-04-30T04:36:50.726872
RET-00001673,ORD-00034064,SKU-00264,2,2026-02-11,NOT_AS_DESCRIBED,DAMAGED,69.06,,REFURBISH,2026-04-30T04:36:50.726872
RET-00001674,ORD-00026600,SKU-00821,1,2026-03-10,NOT_AS_DESCRIBED,NEW,500.53,2026-03-12,RESTOCK,2026-04-30T04:36:50.726872
RET-00001675,ORD-00021932,SKU-00574,1,2026-03-15,DAMAGED_TRANSIT,GOOD,582.23,2026-03-17,DESTROY,2026-04-30T04:36:50.726872
RET-00001676,ORD-00017057,SKU-00433,4,2026-01-01,DAMAGED_TRANSIT,FAIR,2402.84,,RESTOCK,2026-04-30T04:36:50.726872
RET-00001677,ORD-00049139,SKU-00926,3,2025-11-04,ARRIVED_LATE,FAIR,2941.44,,RESTOCK,2026-04-30T04:36:50.726872
RET-00001678,ORD-00044128,SKU-00328,3,2025-09-23,NOT_AS_DESCRIBED,DAMAGED,687.93,,REFURBISH,2026-04-30T04:36:50.726872
RET-00001679,ORD-00049125,SKU-00653,4,2026-04-08,WRONG_ITEM,LIKE_NEW,490.12,2026-04-15,RESTOCK,2026-04-30T04:36:50.726872
RET-00001680,ORD-00032222,SKU-00515,1,2025-07-13,CHANGED_MIND,UNSELLABLE,650.1,,RETURN_TO_VENDOR,2026-04-30T04:36:50.726872
RET-00001681,ORD-00046387,SKU-00667,4,2026-03-02,NOT_AS_DESCRIBED,FAIR,479.16,,RETURN_TO_VENDOR,2026-04-30T04:36:50.726872
RET-00001682,ORD-00047650,SKU-00500,4,2026-02-02,WRONG_ITEM,GOOD,2931.28,2026-02-04,DESTROY,2026-04-30T04:36:50.726872
RET-00001683,ORD-00039440,SKU-00665,3,2026-03-02,DEFECTIVE,FAIR,635.4,,REFURBISH,2026-04-30T04:36:50.726872
RET-00001684,ORD-00012605,SKU-00213,3,2025-09-03,DUPLICATE_ORDER,GOOD,2866.02,2025-09-07,REFURBISH,2026-04-30T04:36:50.726872
RET-00001685,ORD-00003455,SKU-00674,2,2025-10-07,DEFECTIVE,LIKE_NEW,176.22,2025-10-12,RESTOCK,2026-04-30T04:36:50.726872
RET-00001686,ORD-00020415,SKU-00125,2,2026-03-03,NOT_AS_DESCRIBED,GOOD,733.3,2026-03-09,DONATE,2026-04-30T04:36:50.726872
RET-00001687,ORD-00045446,SKU-00727,5,2026-02-20,CHANGED_MIND,FAIR,1282.25,,RESTOCK,2026-04-30T04:36:50.726872
RET-00001688,ORD-00000537,SKU-00520,5,2025-09-03,DUPLICATE_ORDER,GOOD,3875.95,2025-09-08,DESTROY,2026-04-30T04:36:50.726872
RET-00001689,ORD-00023288,SKU-00772,5,2025-11-10,NOT_AS_DESCRIBED,GOOD,3297.5,2025-11-15,DONATE,2026-04-30T04:36:50.726872
RET-00001690,ORD-00007499,SKU-00219,2,2025-12-13,ARRIVED_LATE,NEW,84.84,2025-12-15,REFURBISH,2026-04-30T04:36:50.726872
RET-00001691,ORD-00006061,SKU-00297,3,2025-11-19,CHANGED_MIND,NEW,2286.84,2025-11-21,REFURBISH,2026-04-30T04:36:50.726872
RET-00001692,ORD-00038663,SKU-00662,5,2025-09-16,DAMAGED_TRANSIT,LIKE_NEW,3972.95,2025-09-19,RESTOCK,2026-04-30T04:36:50.726872
RET-00001693,ORD-00047265,SKU-00322,1,2025-10-11,DUPLICATE_ORDER,UNSELLABLE,57.44,,RESTOCK,2026-04-30T04:36:50.726872
RET-00001694,ORD-00048346,SKU-00585,1,2026-02-23,WRONG_ITEM,FAIR,724.09,,DESTROY,2026-04-30T04:36:50.726872
RET-00001695,ORD-00028008,SKU-00790,2,2026-02-27,ARRIVED_LATE,UNSELLABLE,1116.1,,DESTROY,2026-04-30T04:36:50.726872
RET-00001696,ORD-00006172,SKU-00689,3,2025-10-12,DUPLICATE_ORDER,DAMAGED,2677.08,,RESTOCK,2026-04-30T04:36:50.726872
RET-00001697,ORD-00005119,SKU-00745,4,2025-10-09,DAMAGED_TRANSIT,GOOD,2142.84,2025-10-12,REFURBISH,2026-04-30T04:36:50.726872
RET-00001698,ORD-00011475,SKU-00117,5,2026-02-22,DEFECTIVE,LIKE_NEW,2566.3,2026-02-28,DONATE,2026-04-30T04:36:50.726872
RET-00001699,ORD-00009923,SKU-00564,5,2025-05-07,NOT_AS_DESCRIBED,DAMAGED,3037.45,,RESTOCK,2026-04-30T04:36:50.726872
RET-00001700,ORD-00047071,SKU-00781,4,2026-03-31,DAMAGED_TRANSIT,LIKE_NEW,3621.8,2026-04-02,REFURBISH,2026-04-30T04:36:50.726872
RET-00001701,ORD-00045131,SKU-00823,5,2025-05-14,CHANGED_MIND,LIKE_NEW,1744.75,2025-05-20,DESTROY,2026-04-30T04:36:50.726872
RET-00001702,ORD-00010071,SKU-00445,1,2026-03-04,ARRIVED_LATE,FAIR,586.77,,RESTOCK,2026-04-30T04:36:50.726872
RET-00001703,ORD-00015110,SKU-00197,4,2025-11-18,DAMAGED_TRANSIT,DAMAGED,1943.08,,RETURN_TO_VENDOR,2026-04-30T04:36:50.726872
RET-00001704,ORD-00037958,SKU-00922,4,2025-06-27,CHANGED_MIND,FAIR,6024.84,,REFURBISH,2026-04-30T04:36:50.726872
RET-00001705,ORD-00000898,SKU-00095,2,2026-04-06,WRONG_ITEM,GOOD,2115.22,2026-04-09,DESTROY,2026-04-30T04:36:50.726872
RET-00001706,ORD-00022652,SKU-00227,2,2025-11-09,DUPLICATE_ORDER,GOOD,895.1,2025-11-15,RESTOCK,2026-04-30T04:36:50.726872
RET-00001707,ORD-00049530,SKU-00503,5,2025-07-03,DUPLICATE_ORDER,DAMAGED,2401.25,,RETURN_TO_VENDOR,2026-04-30T04:36:50.726872
RET-00001708,ORD-00033510,SKU-00451,3,2025-12-04,ARRIVED_LATE,NEW,3121.65,2025-12-10,RESTOCK,2026-04-30T04:36:50.726872
RET-00001709,ORD-00033697,SKU-00937,5,2025-07-18,CHANGED_MIND,GOOD,4946.8,2025-07-22,RESTOCK,2026-04-30T04:36:50.726872
RET-00001710,ORD-00007408,SKU-00694,1,2025-11-30,DUPLICATE_ORDER,NEW,295.92,2025-12-05,RESTOCK,2026-04-30T04:36:50.726872
RET-00001711,ORD-00009055,SKU-00735,2,2026-01-29,DEFECTIVE,LIKE_NEW,22.96,2026-02-03,RESTOCK,2026-04-30T04:36:50.726872
RET-00001712,ORD-00037688,SKU-00188,3,2025-08-20,DUPLICATE_ORDER,FAIR,1461.99,,RESTOCK,2026-04-30T04:36:50.726872
RET-00001713,ORD-00044851,SKU-00525,3,2026-01-03,WRONG_ITEM,DAMAGED,180.33,,DESTROY,2026-04-30T04:36:50.726872
RET-00001714,ORD-00036076,SKU-00496,2,2025-10-09,ARRIVED_LATE,GOOD,1538.04,2025-10-11,REFURBISH,2026-04-30T04:36:50.726872
RET-00001715,ORD-00012097,SKU-00085,4,2025-10-15,DAMAGED_TRANSIT,DAMAGED,377.8,,RESTOCK,2026-04-30T04:36:50.726872
RET-00001716,ORD-00008854,SKU-00261,2,2025-06-03,CHANGED_MIND,LIKE_NEW,1039.88,2025-06-09,RESTOCK,2026-04-30T04:36:50.726872
RET-00001717,ORD-00048648,SKU-00353,1,2026-01-06,NOT_AS_DESCRIBED,UNSELLABLE,945.6,,REFURBISH,2026-04-30T04:36:50.726872
RET-00001718,ORD-00003322,SKU-00328,5,2025-11-05,DEFECTIVE,DAMAGED,1146.55,,RESTOCK,2026-04-30T04:36:50.726872
RET-00001719,ORD-00036811,SKU-00550,2,2025-12-21,DUPLICATE_ORDER,GOOD,1967.16,2025-12-26,RESTOCK,2026-04-30T04:36:50.726872
RET-00001720,ORD-00005845,SKU-00491,5,2025-10-28,ARRIVED_LATE,LIKE_NEW,6280.8,2025-10-30,RESTOCK,2026-04-30T04:36:50.726872
RET-00001721,ORD-00032224,SKU-00559,4,2025-06-15,NOT_AS_DESCRIBED,UNSELLABLE,5775.36,,RETURN_TO_VENDOR,2026-04-30T04:36:50.726872
RET-00001722,ORD-00005894,SKU-00326,4,2025-10-22,ARRIVED_LATE,NEW,2857.56,2025-10-26,RESTOCK,2026-04-30T04:36:50.726872
RET-00001723,ORD-00022532,SKU-00774,5,2026-04-28,WRONG_ITEM,GOOD,1717.2,2026-05-04,RESTOCK,2026-04-30T04:36:50.726872
RET-00001724,ORD-00041848,SKU-00494,2,2025-06-22,DEFECTIVE,NEW,1272.16,2025-06-25,RESTOCK,2026-04-30T04:36:50.726872
RET-00001725,ORD-00048279,SKU-00191,3,2025-12-17,NOT_AS_DESCRIBED,DAMAGED,2333.43,,DESTROY,2026-04-30T04:36:50.726872
RET-00001726,ORD-00019860,SKU-00022,5,2025-11-15,DEFECTIVE,LIKE_NEW,1678.5,2025-11-20,RESTOCK,2026-04-30T04:36:50.726872
RET-00001727,ORD-00048375,SKU-00508,4,2025-10-05,DUPLICATE_ORDER,GOOD,4582.6,2025-10-08,DESTROY,2026-04-30T04:36:50.726872
RET-00001728,ORD-00009360,SKU-00801,4,2025-11-12,DAMAGED_TRANSIT,LIKE_NEW,2129.2,2025-11-13,RESTOCK,2026-04-30T04:36:50.726872
RET-00001729,ORD-00025989,SKU-00060,4,2026-02-05,CHANGED_MIND,NEW,3290.2,2026-02-06,RESTOCK,2026-04-30T04:36:50.726872
RET-00001730,ORD-00022522,SKU-00250,3,2025-06-10,NOT_AS_DESCRIBED,NEW,285.45,2025-06-14,RESTOCK,2026-04-30T04:36:50.726872
RET-00001731,ORD-00012763,SKU-00323,2,2025-06-07,CHANGED_MIND,GOOD,1353.26,2025-06-11,DESTROY,2026-04-30T04:36:50.726872
RET-00001732,ORD-00044184,SKU-00541,1,2025-11-30,CHANGED_MIND,LIKE_NEW,695.87,2025-12-03,RESTOCK,2026-04-30T04:36:50.726872
RET-00001733,ORD-00003695,SKU-00535,2,2025-07-21,DEFECTIVE,LIKE_NEW,65.7,2025-07-26,RETURN_TO_VENDOR,2026-04-30T04:36:50.726872
RET-00001734,ORD-00020678,SKU-00590,2,2026-03-29,DEFECTIVE,GOOD,2433.32,2026-04-04,RESTOCK,2026-04-30T04:36:50.726872
RET-00001735,ORD-00007586,SKU-00537,5,2025-11-17,CHANGED_MIND,FAIR,3785.45,,RESTOCK,2026-04-30T04:36:50.726872
RET-00001736,ORD-00021299,SKU-00833,4,2025-06-26,NOT_AS_DESCRIBED,DAMAGED,376.92,,RESTOCK,2026-04-30T04:36:50.726872
RET-00001737,ORD-00016095,SKU-00456,5,2026-04-06,NOT_AS_DESCRIBED,LIKE_NEW,266.7,2026-04-07,DESTROY,2026-04-30T04:36:50.726872
RET-00001738,ORD-00047100,SKU-00005,1,2026-01-23,DUPLICATE_ORDER,GOOD,221.05,2026-01-25,RESTOCK,2026-04-30T04:36:50.726872
RET-00001739,ORD-00037677,SKU-00316,2,2025-06-24,DUPLICATE_ORDER,GOOD,841.54,2025-06-30,RESTOCK,2026-04-30T04:36:50.726872
RET-00001740,ORD-00044136,SKU-00080,5,2025-07-23,WRONG_ITEM,LIKE_NEW,2321.75,2025-07-24,RESTOCK,2026-04-30T04:36:50.726872
RET-00001741,ORD-00030606,SKU-00767,3,2026-01-12,DUPLICATE_ORDER,FAIR,404.91,,RESTOCK,2026-04-30T04:36:50.726872
RET-00001742,ORD-00034251,SKU-00469,1,2026-02-04,DAMAGED_TRANSIT,LIKE_NEW,515.69,2026-02-11,REFURBISH,2026-04-30T04:36:50.726872
RET-00001743,ORD-00023946,SKU-00783,4,2025-05-28,DUPLICATE_ORDER,UNSELLABLE,4984.68,,RESTOCK,2026-04-30T04:36:50.726872
RET-00001744,ORD-00047968,SKU-00758,4,2025-08-07,WRONG_ITEM,GOOD,2161.6,2025-08-12,RESTOCK,2026-04-30T04:36:50.726872
RET-00001745,ORD-00044846,SKU-00274,2,2025-11-03,DUPLICATE_ORDER,UNSELLABLE,879.12,,RESTOCK,2026-04-30T04:36:50.726872
RET-00001746,ORD-00003803,SKU-00693,3,2025-05-07,CHANGED_MIND,GOOD,2266.56,2025-05-14,REFURBISH,2026-04-30T04:36:50.726872
RET-00001747,ORD-00002845,SKU-00136,1,2025-11-13,ARRIVED_LATE,GOOD,223.55,2025-11-14,DONATE,2026-04-30T04:36:50.726872
RET-00001748,ORD-00028495,SKU-00068,5,2025-12-17,CHANGED_MIND,NEW,5978.45,2025-12-21,DESTROY,2026-04-30T04:36:50.726872
RET-00001749,ORD-00025313,SKU-00493,3,2026-01-04,DUPLICATE_ORDER,UNSELLABLE,2442.33,,RETURN_TO_VENDOR,2026-04-30T04:36:50.726872
RET-00001750,ORD-00040539,SKU-00135,5,2025-10-25,CHANGED_MIND,DAMAGED,6305.25,,REFURBISH,2026-04-30T04:36:50.726872
RET-00001751,ORD-00013700,SKU-00693,1,2025-12-23,ARRIVED_LATE,LIKE_NEW,755.52,2025-12-27,RESTOCK,2026-04-30T04:36:50.726872
RET-00001752,ORD-00034284,SKU-00412,3,2025-06-09,NOT_AS_DESCRIBED,FAIR,1510.02,,REFURBISH,2026-04-30T04:36:50.726872
RET-00001753,ORD-00048268,SKU-00815,5,2025-08-10,DUPLICATE_ORDER,DAMAGED,5144.65,,RETURN_TO_VENDOR,2026-04-30T04:36:50.726872
RET-00001754,ORD-00004956,SKU-00342,5,2025-05-15,DUPLICATE_ORDER,UNSELLABLE,2735.65,,RESTOCK,2026-04-30T04:36:50.726872
RET-00001755,ORD-00033698,SKU-00332,2,2025-10-30,DUPLICATE_ORDER,LIKE_NEW,520.74,2025-11-01,DESTROY,2026-04-30T04:36:50.726872
RET-00001756,ORD-00024376,SKU-00350,1,2025-11-21,DAMAGED_TRANSIT,NEW,51.72,2025-11-24,RESTOCK,2026-04-30T04:36:50.726872
RET-00001757,ORD-00048534,SKU-00497,4,2025-07-16,WRONG_ITEM,LIKE_NEW,2325.12,2025-07-19,RESTOCK,2026-04-30T04:36:50.726872
RET-00001758,ORD-00033937,SKU-00748,4,2026-03-12,ARRIVED_LATE,DAMAGED,3164.8,,RESTOCK,2026-04-30T04:36:50.726872
RET-00001759,ORD-00019344,SKU-00632,1,2026-02-24,WRONG_ITEM,DAMAGED,366.48,,DESTROY,2026-04-30T04:36:50.726872
RET-00001760,ORD-00021493,SKU-00564,3,2026-03-15,ARRIVED_LATE,GOOD,1822.47,2026-03-21,DESTROY,2026-04-30T04:36:50.726872
RET-00001761,ORD-00003684,SKU-00305,2,2025-08-20,WRONG_ITEM,FAIR,1176.36,,RESTOCK,2026-04-30T04:36:50.726872
RET-00001762,ORD-00034279,SKU-00491,2,2025-10-31,DAMAGED_TRANSIT,DAMAGED,2512.32,,RESTOCK,2026-04-30T04:36:50.726872
RET-00001763,ORD-00012847,SKU-00543,3,2025-10-13,WRONG_ITEM,FAIR,2493.0,,RETURN_TO_VENDOR,2026-04-30T04:36:50.726872
RET-00001764,ORD-00013563,SKU-00514,4,2025-09-17,DAMAGED_TRANSIT,DAMAGED,1291.6,,REFURBISH,2026-04-30T04:36:50.726872
RET-00001765,ORD-00040086,SKU-00143,3,2025-07-21,CHANGED_MIND,DAMAGED,2980.29,,RETURN_TO_VENDOR,2026-04-30T04:36:50.726872
RET-00001766,ORD-00024058,SKU-00932,2,2025-12-30,NOT_AS_DESCRIBED,DAMAGED,2393.54,,RESTOCK,2026-04-30T04:36:50.726872
RET-00001767,ORD-00028542,SKU-00891,1,2026-02-05,DAMAGED_TRANSIT,UNSELLABLE,89.07,,RETURN_TO_VENDOR,2026-04-30T04:36:50.726872
RET-00001768,ORD-00034747,SKU-00482,3,2025-09-08,NOT_AS_DESCRIBED,UNSELLABLE,1079.55,,RESTOCK,2026-04-30T04:36:50.726872
RET-00001769,ORD-00014902,SKU-00476,4,2026-03-03,CHANGED_MIND,GOOD,2984.4,2026-03-04,RESTOCK,2026-04-30T04:36:50.726872
RET-00001770,ORD-00022068,SKU-00008,3,2026-03-25,ARRIVED_LATE,NEW,1025.55,2026-03-29,RESTOCK,2026-04-30T04:36:50.726872
RET-00001771,ORD-00045391,SKU-00958,1,2025-08-13,ARRIVED_LATE,NEW,452.74,2025-08-16,RESTOCK,2026-04-30T04:36:50.726872
RET-00001772,ORD-00045589,SKU-00912,1,2025-09-08,ARRIVED_LATE,FAIR,851.32,,RESTOCK,2026-04-30T04:36:50.726872
RET-00001773,ORD-00000648,SKU-00277,3,2025-12-01,WRONG_ITEM,FAIR,2505.9,,RESTOCK,2026-04-30T04:36:50.726872
RET-00001774,ORD-00038149,SKU-00584,5,2025-12-19,DEFECTIVE,FAIR,5193.65,,DESTROY,2026-04-30T04:36:50.726872
RET-00001775,ORD-00043944,SKU-00152,3,2025-11-11,NOT_AS_DESCRIBED,GOOD,2718.39,2025-11-12,RESTOCK,2026-04-30T04:36:50.726872
RET-00001776,ORD-00010868,SKU-00292,5,2025-06-16,ARRIVED_LATE,NEW,5311.7,2025-06-21,REFURBISH,2026-04-30T04:36:50.726872
RET-00001777,ORD-00047964,SKU-00492,2,2026-04-27,WRONG_ITEM,FAIR,203.72,,RESTOCK,2026-04-30T04:36:50.726872
RET-00001778,ORD-00038616,SKU-00928,1,2025-12-13,DEFECTIVE,LIKE_NEW,173.89,2025-12-15,REFURBISH,2026-04-30T04:36:50.726872
RET-00001779,ORD-00019380,SKU-00211,4,2025-12-22,CHANGED_MIND,UNSELLABLE,2350.0,,RETURN_TO_VENDOR,2026-04-30T04:36:50.726872
RET-00001780,ORD-00022946,SKU-00269,2,2025-12-05,ARRIVED_LATE,GOOD,1758.54,2025-12-09,RESTOCK,2026-04-30T04:36:50.726872
RET-00001781,ORD-00017829,SKU-00297,4,2025-06-20,CHANGED_MIND,GOOD,3049.12,2025-06-26,DESTROY,2026-04-30T04:36:50.726872
RET-00001782,ORD-00001774,SKU-00901,5,2025-10-09,DEFECTIVE,LIKE_NEW,204.95,2025-10-16,DESTROY,2026-04-30T04:36:50.726872
RET-00001783,ORD-00025976,SKU-00352,4,2025-12-03,DUPLICATE_ORDER,LIKE_NEW,3069.44,2025-12-04,RETURN_TO_VENDOR,2026-04-30T04:36:50.726872
RET-00001784,ORD-00016787,SKU-00006,4,2025-07-07,ARRIVED_LATE,GOOD,1594.48,2025-07-10,RESTOCK,2026-04-30T04:36:50.726872
RET-00001785,ORD-00049625,SKU-00371,1,2025-08-09,WRONG_ITEM,DAMAGED,510.61,,DESTROY,2026-04-30T04:36:50.726872
RET-00001786,ORD-00024868,SKU-00046,1,2025-09-03,DAMAGED_TRANSIT,GOOD,400.86,2025-09-05,RETURN_TO_VENDOR,2026-04-30T04:36:50.726872
RET-00001787,ORD-00028686,SKU-00706,2,2026-03-02,CHANGED_MIND,UNSELLABLE,657.26,,RESTOCK,2026-04-30T04:36:50.726872
RET-00001788,ORD-00009967,SKU-00592,1,2026-04-21,ARRIVED_LATE,LIKE_NEW,131.93,2026-04-28,RESTOCK,2026-04-30T04:36:50.726872
RET-00001789,ORD-00018044,SKU-00962,1,2026-03-16,DEFECTIVE,NEW,403.1,2026-03-23,RESTOCK,2026-04-30T04:36:50.726872
RET-00001790,ORD-00006727,SKU-00534,5,2025-06-20,CHANGED_MIND,GOOD,3156.45,2025-06-25,REFURBISH,2026-04-30T04:36:50.726872
RET-00001791,ORD-00035742,SKU-00225,1,2026-02-21,DAMAGED_TRANSIT,DAMAGED,46.79,,DESTROY,2026-04-30T04:36:50.726872
RET-00001792,ORD-00035537,SKU-00514,3,2026-03-26,DEFECTIVE,GOOD,968.7,2026-04-02,DESTROY,2026-04-30T04:36:50.726872
RET-00001793,ORD-00010470,SKU-00588,1,2025-05-24,DUPLICATE_ORDER,LIKE_NEW,595.41,2025-05-31,RESTOCK,2026-04-30T04:36:50.726872
RET-00001794,ORD-00034985,SKU-00180,3,2026-04-22,WRONG_ITEM,DAMAGED,591.42,,RESTOCK,2026-04-30T04:36:50.726872
RET-00001795,ORD-00047463,SKU-00554,4,2025-06-02,NOT_AS_DESCRIBED,NEW,3180.96,2025-06-07,DESTROY,2026-04-30T04:36:50.726872
RET-00001796,ORD-00014445,SKU-00011,1,2025-12-22,DUPLICATE_ORDER,FAIR,1090.26,,RESTOCK,2026-04-30T04:36:50.726872
RET-00001797,ORD-00014192,SKU-00435,5,2025-07-24,WRONG_ITEM,FAIR,4036.8,,RESTOCK,2026-04-30T04:36:50.726872
RET-00001798,ORD-00048033,SKU-00055,2,2025-11-04,NOT_AS_DESCRIBED,GOOD,2714.98,2025-11-10,RESTOCK,2026-04-30T04:36:50.726872
RET-00001799,ORD-00013271,SKU-00421,5,2025-10-14,DAMAGED_TRANSIT,LIKE_NEW,743.25,2025-10-17,RETURN_TO_VENDOR,2026-04-30T04:36:50.726872
RET-00001800,ORD-00045088,SKU-00160,3,2026-01-08,NOT_AS_DESCRIBED,NEW,1421.73,2026-01-14,RESTOCK,2026-04-30T04:36:50.726872
RET-00001801,ORD-00010006,SKU-00818,1,2025-08-12,DEFECTIVE,GOOD,193.81,2025-08-18,RESTOCK,2026-04-30T04:36:50.726872
RET-00001802,ORD-00017099,SKU-00434,3,2025-04-30,DAMAGED_TRANSIT,GOOD,2895.3,2025-05-02,DESTROY,2026-04-30T04:36:50.726872
RET-00001803,ORD-00013862,SKU-00245,4,2026-04-26,DUPLICATE_ORDER,GOOD,2240.08,2026-05-02,REFURBISH,2026-04-30T04:36:50.726872
RET-00001804,ORD-00029733,SKU-00641,4,2025-08-24,DUPLICATE_ORDER,DAMAGED,3178.48,,RESTOCK,2026-04-30T04:36:50.726872
RET-00001805,ORD-00034016,SKU-00928,2,2025-12-15,DAMAGED_TRANSIT,GOOD,347.78,2025-12-20,RESTOCK,2026-04-30T04:36:50.726872
RET-00001806,ORD-00045752,SKU-00574,5,2025-10-16,NOT_AS_DESCRIBED,UNSELLABLE,2911.15,,RESTOCK,2026-04-30T04:36:50.726872
RET-00001807,ORD-00024860,SKU-00603,3,2025-10-25,NOT_AS_DESCRIBED,UNSELLABLE,3606.18,,DESTROY,2026-04-30T04:36:50.726872
RET-00001808,ORD-00005717,SKU-00842,2,2025-11-18,DAMAGED_TRANSIT,LIKE_NEW,2026.6,2025-11-19,DESTROY,2026-04-30T04:36:50.726872
RET-00001809,ORD-00044543,SKU-00016,3,2026-03-25,DEFECTIVE,FAIR,2297.7,,RESTOCK,2026-04-30T04:36:50.726872
RET-00001810,ORD-00028778,SKU-00618,1,2025-09-27,WRONG_ITEM,NEW,508.5,2025-10-04,DESTROY,2026-04-30T04:36:50.726872
RET-00001811,ORD-00010983,SKU-00659,5,2025-05-15,DAMAGED_TRANSIT,GOOD,2965.55,2025-05-17,DONATE,2026-04-30T04:36:50.726872
RET-00001812,ORD-00004731,SKU-00199,1,2026-03-20,WRONG_ITEM,LIKE_NEW,295.41,2026-03-25,RETURN_TO_VENDOR,2026-04-30T04:36:50.726872
RET-00001813,ORD-00002002,SKU-00943,4,2025-08-06,DEFECTIVE,DAMAGED,2798.04,,DONATE,2026-04-30T04:36:50.726872
RET-00001814,ORD-00020159,SKU-00582,2,2025-07-10,WRONG_ITEM,UNSELLABLE,597.24,,RESTOCK,2026-04-30T04:36:50.726872
RET-00001815,ORD-00035126,SKU-00288,2,2026-01-23,DEFECTIVE,NEW,546.02,2026-01-24,RETURN_TO_VENDOR,2026-04-30T04:36:50.726872
RET-00001816,ORD-00018250,SKU-00076,3,2026-01-25,WRONG_ITEM,LIKE_NEW,727.74,2026-01-29,DESTROY,2026-04-30T04:36:50.726872
RET-00001817,ORD-00040685,SKU-00201,2,2026-02-04,CHANGED_MIND,FAIR,1604.66,,DESTROY,2026-04-30T04:36:50.726872
RET-00001818,ORD-00015132,SKU-00427,4,2025-08-10,WRONG_ITEM,NEW,2036.16,2025-08-11,REFURBISH,2026-04-30T04:36:50.726872
RET-00001819,ORD-00043340,SKU-00054,1,2026-03-02,CHANGED_MIND,NEW,604.63,2026-03-08,RESTOCK,2026-04-30T04:36:50.726872
RET-00001820,ORD-00017824,SKU-00110,4,2025-12-24,DAMAGED_TRANSIT,UNSELLABLE,3044.52,,RESTOCK,2026-04-30T04:36:50.726872
RET-00001821,ORD-00011856,SKU-00624,5,2025-07-08,DEFECTIVE,DAMAGED,230.8,,RETURN_TO_VENDOR,2026-04-30T04:36:50.726872
RET-00001822,ORD-00005878,SKU-00097,4,2026-04-11,CHANGED_MIND,UNSELLABLE,3258.16,,DONATE,2026-04-30T04:36:50.726872
RET-00001823,ORD-00037902,SKU-00841,4,2025-08-02,DEFECTIVE,UNSELLABLE,186.96,,RESTOCK,2026-04-30T04:36:50.726872
RET-00001824,ORD-00000612,SKU-00298,2,2026-02-22,CHANGED_MIND,FAIR,889.26,,RESTOCK,2026-04-30T04:36:50.726872
RET-00001825,ORD-00047734,SKU-00033,5,2025-10-23,DAMAGED_TRANSIT,LIKE_NEW,1555.65,2025-10-28,RESTOCK,2026-04-30T04:36:50.726872
RET-00001826,ORD-00018105,SKU-00192,4,2025-10-16,DEFECTIVE,DAMAGED,592.6,,REFURBISH,2026-04-30T04:36:50.726872
RET-00001827,ORD-00018797,SKU-00645,2,2026-04-25,ARRIVED_LATE,LIKE_NEW,584.4,2026-05-02,RETURN_TO_VENDOR,2026-04-30T04:36:50.726872
RET-00001828,ORD-00016279,SKU-00154,2,2025-08-20,DEFECTIVE,FAIR,368.98,,REFURBISH,2026-04-30T04:36:50.726872
RET-00001829,ORD-00009578,SKU-00327,2,2025-06-21,NOT_AS_DESCRIBED,GOOD,1541.9,2025-06-23,RESTOCK,2026-04-30T04:36:50.726872
RET-00001830,ORD-00014568,SKU-00398,5,2025-11-16,DAMAGED_TRANSIT,GOOD,2949.3,2025-11-20,RESTOCK,2026-04-30T04:36:50.726872
RET-00001831,ORD-00023245,SKU-00482,5,2026-02-06,WRONG_ITEM,UNSELLABLE,1799.25,,RESTOCK,2026-04-30T04:36:50.726872
RET-00001832,ORD-00013670,SKU-00326,5,2026-02-24,DEFECTIVE,NEW,3571.95,2026-02-25,RESTOCK,2026-04-30T04:36:50.726872
RET-00001833,ORD-00009825,SKU-00582,3,2025-09-28,DUPLICATE_ORDER,FAIR,895.86,,RESTOCK,2026-04-30T04:36:50.726872
RET-00001834,ORD-00049170,SKU-00458,4,2026-04-16,DAMAGED_TRANSIT,DAMAGED,38.28,,RESTOCK,2026-04-30T04:36:50.726872
RET-00001835,ORD-00040920,SKU-00397,5,2026-03-25,CHANGED_MIND,LIKE_NEW,2118.6,2026-03-27,REFURBISH,2026-04-30T04:36:50.726872
RET-00001836,ORD-00019561,SKU-00145,3,2025-11-07,WRONG_ITEM,GOOD,1937.43,2025-11-14,RESTOCK,2026-04-30T04:36:50.726872
RET-00001837,ORD-00038588,SKU-00109,5,2025-11-08,NOT_AS_DESCRIBED,DAMAGED,983.2,,RESTOCK,2026-04-30T04:36:50.726872
RET-00001838,ORD-00044265,SKU-00183,4,2025-10-04,DUPLICATE_ORDER,DAMAGED,100.52,,RESTOCK,2026-04-30T04:36:50.726872
RET-00001839,ORD-00049896,SKU-00867,3,2025-12-27,WRONG_ITEM,GOOD,3489.15,2026-01-02,RESTOCK,2026-04-30T04:36:50.726872
RET-00001840,ORD-00015803,SKU-00688,5,2026-04-24,NOT_AS_DESCRIBED,LIKE_NEW,5993.0,2026-04-30,REFURBISH,2026-04-30T04:36:50.726872
RET-00001841,ORD-00035360,SKU-00320,4,2025-08-20,ARRIVED_LATE,UNSELLABLE,3818.96,,RESTOCK,2026-04-30T04:36:50.726872
RET-00001842,ORD-00005166,SKU-00844,4,2026-02-20,DEFECTIVE,FAIR,1915.36,,RESTOCK,2026-04-30T04:36:50.726872
RET-00001843,ORD-00036336,SKU-00722,3,2025-11-01,DEFECTIVE,GOOD,428.61,2025-11-02,DONATE,2026-04-30T04:36:50.726872
RET-00001844,ORD-00006214,SKU-00011,2,2025-12-13,ARRIVED_LATE,UNSELLABLE,2180.52,,REFURBISH,2026-04-30T04:36:50.726872
RET-00001845,ORD-00015744,SKU-00908,2,2026-03-19,DUPLICATE_ORDER,LIKE_NEW,1350.68,2026-03-23,RESTOCK,2026-04-30T04:36:50.726872
RET-00001846,ORD-00025708,SKU-00026,1,2025-12-09,DEFECTIVE,NEW,654.33,2025-12-15,RESTOCK,2026-04-30T04:36:50.726872
RET-00001847,ORD-00006769,SKU-00725,3,2025-08-31,CHANGED_MIND,GOOD,294.33,2025-09-05,RESTOCK,2026-04-30T04:36:50.726872
RET-00001848,ORD-00027332,SKU-00931,4,2026-03-17,WRONG_ITEM,GOOD,743.24,2026-03-18,DONATE,2026-04-30T04:36:50.726872
RET-00001849,ORD-00027627,SKU-00118,4,2025-05-20,NOT_AS_DESCRIBED,LIKE_NEW,2799.48,2025-05-21,REFURBISH,2026-04-30T04:36:50.726872
RET-00001850,ORD-00043954,SKU-00143,3,2025-12-23,DAMAGED_TRANSIT,GOOD,2980.29,2025-12-28,DONATE,2026-04-30T04:36:50.726872
RET-00001851,ORD-00009424,SKU-00815,1,2026-04-08,DUPLICATE_ORDER,NEW,1028.93,2026-04-13,REFURBISH,2026-04-30T04:36:50.726872
RET-00001852,ORD-00013705,SKU-00663,3,2025-06-04,DAMAGED_TRANSIT,LIKE_NEW,1320.93,2025-06-10,REFURBISH,2026-04-30T04:36:50.726872
RET-00001853,ORD-00019252,SKU-00064,5,2026-02-05,DEFECTIVE,GOOD,5520.15,2026-02-08,RESTOCK,2026-04-30T04:36:50.726872
RET-00001854,ORD-00040454,SKU-00026,5,2025-09-28,DAMAGED_TRANSIT,DAMAGED,3271.65,,DESTROY,2026-04-30T04:36:50.726872
RET-00001855,ORD-00045171,SKU-00086,3,2025-05-07,CHANGED_MIND,GOOD,1043.16,2025-05-13,RETURN_TO_VENDOR,2026-04-30T04:36:50.726872
RET-00001856,ORD-00021183,SKU-00432,3,2025-12-12,WRONG_ITEM,UNSELLABLE,1065.36,,RETURN_TO_VENDOR,2026-04-30T04:36:50.726872
RET-00001857,ORD-00039863,SKU-00415,3,2026-03-09,ARRIVED_LATE,GOOD,2243.91,2026-03-11,DESTROY,2026-04-30T04:36:50.726872
RET-00001858,ORD-00000818,SKU-00147,2,2025-08-27,DUPLICATE_ORDER,GOOD,526.94,2025-08-29,REFURBISH,2026-04-30T04:36:50.726872
RET-00001859,ORD-00030996,SKU-00953,4,2025-11-29,DUPLICATE_ORDER,GOOD,339.32,2025-12-02,RESTOCK,2026-04-30T04:36:50.726872
RET-00001860,ORD-00029923,SKU-00321,4,2025-09-28,DUPLICATE_ORDER,GOOD,496.92,2025-10-01,RESTOCK,2026-04-30T04:36:50.726872
RET-00001861,ORD-00036373,SKU-00860,5,2026-03-10,WRONG_ITEM,NEW,2109.1,2026-03-14,RETURN_TO_VENDOR,2026-04-30T04:36:50.726872
RET-00001862,ORD-00035723,SKU-00338,1,2025-09-12,DEFECTIVE,FAIR,441.86,,DESTROY,2026-04-30T04:36:50.726872
RET-00001863,ORD-00014398,SKU-00208,3,2025-07-29,ARRIVED_LATE,LIKE_NEW,718.89,2025-08-01,REFURBISH,2026-04-30T04:36:50.726872
RET-00001864,ORD-00047254,SKU-00868,2,2025-11-19,DEFECTIVE,UNSELLABLE,323.66,,RETURN_TO_VENDOR,2026-04-30T04:36:50.726872
RET-00001865,ORD-00015789,SKU-00783,3,2025-06-02,NOT_AS_DESCRIBED,UNSELLABLE,3738.51,,RESTOCK,2026-04-30T04:36:50.726872
RET-00001866,ORD-00013101,SKU-00473,1,2025-11-10,DUPLICATE_ORDER,LIKE_NEW,929.6,2025-11-14,REFURBISH,2026-04-30T04:36:50.726872
RET-00001867,ORD-00006704,SKU-00057,1,2025-07-25,CHANGED_MIND,GOOD,170.89,2025-07-28,RETURN_TO_VENDOR,2026-04-30T04:36:50.726872
RET-00001868,ORD-00011721,SKU-00877,5,2025-10-08,ARRIVED_LATE,LIKE_NEW,2305.45,2025-10-12,DONATE,2026-04-30T04:36:50.726872
RET-00001869,ORD-00003873,SKU-00337,5,2025-09-04,DAMAGED_TRANSIT,LIKE_NEW,1583.95,2025-09-07,DESTROY,2026-04-30T04:36:50.726872
RET-00001870,ORD-00033341,SKU-00424,5,2026-04-11,NOT_AS_DESCRIBED,DAMAGED,3083.15,,RETURN_TO_VENDOR,2026-04-30T04:36:50.726872
RET-00001871,ORD-00038603,SKU-00032,2,2025-11-14,ARRIVED_LATE,LIKE_NEW,1625.64,2025-11-15,RETURN_TO_VENDOR,2026-04-30T04:36:50.726872
RET-00001872,ORD-00027776,SKU-00635,4,2025-05-30,DEFECTIVE,GOOD,197.2,2025-06-05,RESTOCK,2026-04-30T04:36:50.726872
RET-00001873,ORD-00015096,SKU-00884,5,2026-01-02,WRONG_ITEM,LIKE_NEW,56.3,2026-01-04,REFURBISH,2026-04-30T04:36:50.726872
RET-00001874,ORD-00015946,SKU-00432,1,2025-08-17,CHANGED_MIND,GOOD,355.12,2025-08-20,DESTROY,2026-04-30T04:36:50.726872
RET-00001875,ORD-00000243,SKU-00133,5,2025-11-14,DEFECTIVE,LIKE_NEW,173.05,2025-11-18,RETURN_TO_VENDOR,2026-04-30T04:36:50.726872
RET-00001876,ORD-00007912,SKU-00239,5,2025-07-27,NOT_AS_DESCRIBED,FAIR,2906.35,,DESTROY,2026-04-30T04:36:50.726872
RET-00001877,ORD-00003153,SKU-00071,2,2025-10-04,ARRIVED_LATE,UNSELLABLE,1544.34,,RESTOCK,2026-04-30T04:36:50.726872
RET-00001878,ORD-00023027,SKU-00182,4,2025-10-31,ARRIVED_LATE,GOOD,1229.44,2025-11-03,RETURN_TO_VENDOR,2026-04-30T04:36:50.726872
RET-00001879,ORD-00040227,SKU-00087,1,2025-12-21,DAMAGED_TRANSIT,LIKE_NEW,98.95,2025-12-25,RETURN_TO_VENDOR,2026-04-30T04:36:50.726872
RET-00001880,ORD-00047238,SKU-00621,3,2025-09-22,DUPLICATE_ORDER,FAIR,1889.82,,DESTROY,2026-04-30T04:36:50.726872
RET-00001881,ORD-00026208,SKU-00541,1,2025-09-17,DUPLICATE_ORDER,FAIR,695.87,,DONATE,2026-04-30T04:36:50.726872
RET-00001882,ORD-00023539,SKU-00882,2,2025-11-16,NOT_AS_DESCRIBED,DAMAGED,387.38,,RETURN_TO_VENDOR,2026-04-30T04:36:50.726872
RET-00001883,ORD-00004471,SKU-00965,1,2025-11-26,DAMAGED_TRANSIT,GOOD,372.22,2025-11-28,DONATE,2026-04-30T04:36:50.726872
RET-00001884,ORD-00025506,SKU-00458,1,2025-06-21,DAMAGED_TRANSIT,LIKE_NEW,9.57,2025-06-28,RESTOCK,2026-04-30T04:36:50.726872
RET-00001885,ORD-00044389,SKU-00210,5,2026-04-01,DUPLICATE_ORDER,FAIR,492.8,,DONATE,2026-04-30T04:36:50.726872
RET-00001886,ORD-00033972,SKU-00930,4,2026-01-13,DAMAGED_TRANSIT,FAIR,1737.84,,REFURBISH,2026-04-30T04:36:50.726872
RET-00001887,ORD-00031110,SKU-00456,4,2025-11-06,WRONG_ITEM,DAMAGED,213.36,,DESTROY,2026-04-30T04:36:50.726872
RET-00001888,ORD-00047006,SKU-00710,5,2026-04-12,NOT_AS_DESCRIBED,LIKE_NEW,4538.35,2026-04-17,DESTROY,2026-04-30T04:36:50.726872
RET-00001889,ORD-00031309,SKU-00905,5,2026-02-04,NOT_AS_DESCRIBED,GOOD,1449.85,2026-02-08,REFURBISH,2026-04-30T04:36:50.726872
RET-00001890,ORD-00030435,SKU-00655,1,2026-01-18,CHANGED_MIND,LIKE_NEW,714.98,2026-01-22,RESTOCK,2026-04-30T04:36:50.726872
RET-00001891,ORD-00032369,SKU-00146,1,2026-01-21,WRONG_ITEM,UNSELLABLE,525.74,,RESTOCK,2026-04-30T04:36:50.726872
RET-00001892,ORD-00008612,SKU-00978,2,2025-10-14,WRONG_ITEM,GOOD,817.9,2025-10-20,RESTOCK,2026-04-30T04:36:50.726872
RET-00001893,ORD-00043610,SKU-00883,4,2025-10-20,NOT_AS_DESCRIBED,FAIR,862.68,,DONATE,2026-04-30T04:36:50.726872
RET-00001894,ORD-00039173,SKU-00683,2,2025-12-18,CHANGED_MIND,UNSELLABLE,718.5,,RESTOCK,2026-04-30T04:36:50.726872
RET-00001895,ORD-00039463,SKU-00087,2,2026-03-16,DAMAGED_TRANSIT,LIKE_NEW,197.9,2026-03-23,RESTOCK,2026-04-30T04:36:50.726872
RET-00001896,ORD-00027590,SKU-00788,2,2025-06-20,DEFECTIVE,FAIR,1454.28,,RESTOCK,2026-04-30T04:36:50.726872
RET-00001897,ORD-00046476,SKU-00352,1,2026-04-12,WRONG_ITEM,DAMAGED,767.36,,RETURN_TO_VENDOR,2026-04-30T04:36:50.726872
RET-00001898,ORD-00000908,SKU-00971,4,2025-09-23,DEFECTIVE,LIKE_NEW,3953.84,2025-09-27,DESTROY,2026-04-30T04:36:50.726872
RET-00001899,ORD-00033295,SKU-00951,2,2025-08-30,DUPLICATE_ORDER,GOOD,2172.82,2025-09-03,RESTOCK,2026-04-30T04:36:50.726872
RET-00001900,ORD-00004519,SKU-00284,1,2026-04-05,DAMAGED_TRANSIT,LIKE_NEW,254.37,2026-04-12,DONATE,2026-04-30T04:36:50.726872
RET-00001901,ORD-00028927,SKU-00192,3,2025-06-06,DUPLICATE_ORDER,NEW,444.45,2025-06-09,RESTOCK,2026-04-30T04:36:50.726872
RET-00001902,ORD-00039535,SKU-00259,3,2025-05-11,ARRIVED_LATE,GOOD,498.21,2025-05-15,RETURN_TO_VENDOR,2026-04-30T04:36:50.726872
RET-00001903,ORD-00005279,SKU-00823,5,2025-08-20,DAMAGED_TRANSIT,GOOD,1744.75,2025-08-27,REFURBISH,2026-04-30T04:36:50.726872
RET-00001904,ORD-00030642,SKU-00637,2,2025-12-30,ARRIVED_LATE,LIKE_NEW,866.86,2026-01-04,RESTOCK,2026-04-30T04:36:50.726872
RET-00001905,ORD-00030262,SKU-00880,5,2025-07-13,DAMAGED_TRANSIT,LIKE_NEW,1694.15,2025-07-19,RESTOCK,2026-04-30T04:36:50.726872
RET-00001906,ORD-00049328,SKU-00227,5,2025-05-06,DUPLICATE_ORDER,LIKE_NEW,2237.75,2025-05-12,RESTOCK,2026-04-30T04:36:50.726872
RET-00001907,ORD-00032374,SKU-00488,1,2025-11-21,DEFECTIVE,NEW,65.8,2025-11-23,RETURN_TO_VENDOR,2026-04-30T04:36:50.726872
RET-00001908,ORD-00044322,SKU-00812,5,2025-07-21,DUPLICATE_ORDER,GOOD,1257.5,2025-07-24,DESTROY,2026-04-30T04:36:50.726872
RET-00001909,ORD-00037093,SKU-00341,3,2025-06-22,WRONG_ITEM,UNSELLABLE,2700.84,,DESTROY,2026-04-30T04:36:50.726872
RET-00001910,ORD-00012491,SKU-00146,5,2025-10-15,DUPLICATE_ORDER,LIKE_NEW,2628.7,2025-10-17,DESTROY,2026-04-30T04:36:50.726872
RET-00001911,ORD-00015954,SKU-00094,2,2026-02-12,WRONG_ITEM,LIKE_NEW,1356.2,2026-02-14,RETURN_TO_VENDOR,2026-04-30T04:36:50.726872
RET-00001912,ORD-00013301,SKU-00566,5,2025-12-30,WRONG_ITEM,GOOD,3553.35,2026-01-06,DESTROY,2026-04-30T04:36:50.726872
RET-00001913,ORD-00045732,SKU-00311,4,2025-12-31,NOT_AS_DESCRIBED,DAMAGED,2123.4,,RESTOCK,2026-04-30T04:36:50.726872
RET-00001914,ORD-00040759,SKU-00703,3,2025-08-12,DEFECTIVE,DAMAGED,1190.79,,REFURBISH,2026-04-30T04:36:50.726872
RET-00001915,ORD-00049335,SKU-00524,5,2025-05-27,NOT_AS_DESCRIBED,LIKE_NEW,6857.1,2025-05-31,DONATE,2026-04-30T04:36:50.726872
RET-00001916,ORD-00024105,SKU-00513,5,2026-02-11,ARRIVED_LATE,GOOD,240.85,2026-02-17,RESTOCK,2026-04-30T04:36:50.726872
RET-00001917,ORD-00038509,SKU-00605,2,2025-06-02,NOT_AS_DESCRIBED,DAMAGED,1116.06,,RESTOCK,2026-04-30T04:36:50.726872
RET-00001918,ORD-00045417,SKU-00981,4,2025-05-23,DUPLICATE_ORDER,DAMAGED,2661.08,,RESTOCK,2026-04-30T04:36:50.726872
RET-00001919,ORD-00030115,SKU-00484,3,2025-10-06,DEFECTIVE,GOOD,3043.98,2025-10-07,RESTOCK,2026-04-30T04:36:50.726872
RET-00001920,ORD-00030514,SKU-00003,3,2025-08-09,DEFECTIVE,FAIR,1071.0,,RETURN_TO_VENDOR,2026-04-30T04:36:50.726872
RET-00001921,ORD-00010325,SKU-00383,4,2026-04-05,WRONG_ITEM,FAIR,452.12,,REFURBISH,2026-04-30T04:36:50.726872
RET-00001922,ORD-00010631,SKU-00825,2,2026-02-08,DAMAGED_TRANSIT,DAMAGED,1316.34,,REFURBISH,2026-04-30T04:36:50.726872
RET-00001923,ORD-00003114,SKU-00047,1,2026-03-16,NOT_AS_DESCRIBED,GOOD,508.59,2026-03-21,DONATE,2026-04-30T04:36:50.726872
RET-00001924,ORD-00045358,SKU-00031,3,2025-10-06,CHANGED_MIND,FAIR,4139.4,,RESTOCK,2026-04-30T04:36:50.726872
RET-00001925,ORD-00030224,SKU-00749,5,2026-02-02,DAMAGED_TRANSIT,LIKE_NEW,3395.55,2026-02-06,RESTOCK,2026-04-30T04:36:50.726872
RET-00001926,ORD-00040435,SKU-00881,4,2025-06-05,ARRIVED_LATE,GOOD,683.8,2025-06-11,RESTOCK,2026-04-30T04:36:50.726872
RET-00001927,ORD-00027447,SKU-00135,1,2025-05-20,DAMAGED_TRANSIT,DAMAGED,1261.05,,DESTROY,2026-04-30T04:36:50.726872
RET-00001928,ORD-00030918,SKU-00892,1,2025-11-30,CHANGED_MIND,DAMAGED,328.88,,DESTROY,2026-04-30T04:36:50.726872
RET-00001929,ORD-00024278,SKU-00527,1,2025-05-17,DUPLICATE_ORDER,FAIR,759.24,,RESTOCK,2026-04-30T04:36:50.726872
RET-00001930,ORD-00016689,SKU-00412,3,2026-02-23,DAMAGED_TRANSIT,NEW,1510.02,2026-02-26,RESTOCK,2026-04-30T04:36:50.726872
RET-00001931,ORD-00000845,SKU-00261,5,2026-03-31,DUPLICATE_ORDER,DAMAGED,2599.7,,RESTOCK,2026-04-30T04:36:50.726872
RET-00001932,ORD-00009249,SKU-00011,4,2025-06-04,DEFECTIVE,LIKE_NEW,4361.04,2025-06-05,RESTOCK,2026-04-30T04:36:50.726872
RET-00001933,ORD-00005470,SKU-00976,5,2025-05-13,ARRIVED_LATE,NEW,521.5,2025-05-17,RESTOCK,2026-04-30T04:36:50.726872
RET-00001934,ORD-00039084,SKU-00898,1,2025-06-10,CHANGED_MIND,FAIR,1297.43,,REFURBISH,2026-04-30T04:36:50.726872
RET-00001935,ORD-00002084,SKU-00245,2,2025-05-30,DEFECTIVE,GOOD,1120.04,2025-06-05,RESTOCK,2026-04-30T04:36:50.726872
RET-00001936,ORD-00042266,SKU-00851,4,2025-10-26,ARRIVED_LATE,GOOD,1581.64,2025-11-02,RESTOCK,2026-04-30T04:36:50.726872
RET-00001937,ORD-00002683,SKU-00714,2,2025-11-06,WRONG_ITEM,LIKE_NEW,1918.8,2025-11-11,DESTROY,2026-04-30T04:36:50.726872
RET-00001938,ORD-00031499,SKU-00086,4,2025-07-01,DUPLICATE_ORDER,GOOD,1390.88,2025-07-08,DONATE,2026-04-30T04:36:50.726872
RET-00001939,ORD-00025094,SKU-00797,2,2025-11-09,WRONG_ITEM,LIKE_NEW,1989.66,2025-11-10,RESTOCK,2026-04-30T04:36:50.726872
RET-00001940,ORD-00018322,SKU-00260,3,2025-11-14,NOT_AS_DESCRIBED,LIKE_NEW,279.81,2025-11-17,RESTOCK,2026-04-30T04:36:50.726872
RET-00001941,ORD-00020536,SKU-00730,5,2025-11-08,CHANGED_MIND,FAIR,805.5,,REFURBISH,2026-04-30T04:36:50.726872
RET-00001942,ORD-00029339,SKU-00054,1,2026-02-02,DAMAGED_TRANSIT,NEW,604.63,2026-02-05,REFURBISH,2026-04-30T04:36:50.726872
RET-00001943,ORD-00032873,SKU-00755,1,2026-04-25,ARRIVED_LATE,NEW,101.38,2026-04-28,RESTOCK,2026-04-30T04:36:50.726872
RET-00001944,ORD-00037543,SKU-00924,3,2026-02-14,DAMAGED_TRANSIT,UNSELLABLE,1286.61,,DESTROY,2026-04-30T04:36:50.726872
RET-00001945,ORD-00032635,SKU-00748,4,2026-03-14,DEFECTIVE,LIKE_NEW,3164.8,2026-03-20,DESTROY,2026-04-30T04:36:50.726872
RET-00001946,ORD-00025078,SKU-00698,3,2025-06-14,NOT_AS_DESCRIBED,DAMAGED,106.74,,RESTOCK,2026-04-30T04:36:50.726872
RET-00001947,ORD-00027274,SKU-00987,2,2026-03-30,DEFECTIVE,NEW,944.32,2026-04-06,RESTOCK,2026-04-30T04:36:50.726872
RET-00001948,ORD-00016079,SKU-00197,5,2025-08-27,NOT_AS_DESCRIBED,DAMAGED,2428.85,,RESTOCK,2026-04-30T04:36:50.726872
RET-00001949,ORD-00017256,SKU-00499,5,2025-11-22,ARRIVED_LATE,NEW,210.85,2025-11-24,RESTOCK,2026-04-30T04:36:50.726872
RET-00001950,ORD-00049013,SKU-00418,2,2025-10-30,DAMAGED_TRANSIT,LIKE_NEW,262.98,2025-11-04,RESTOCK,2026-04-30T04:36:50.726872
RET-00001951,ORD-00007723,SKU-00948,3,2026-04-16,WRONG_ITEM,GOOD,363.66,2026-04-19,RETURN_TO_VENDOR,2026-04-30T04:36:50.726872
RET-00001952,ORD-00002114,SKU-00435,4,2026-01-16,NOT_AS_DESCRIBED,FAIR,3229.44,,REFURBISH,2026-04-30T04:36:50.726872
RET-00001953,ORD-00021423,SKU-00255,4,2026-03-07,ARRIVED_LATE,DAMAGED,644.8,,REFURBISH,2026-04-30T04:36:50.726872
RET-00001954,ORD-00047881,SKU-00598,1,2025-05-07,DUPLICATE_ORDER,NEW,345.02,2025-05-11,DESTROY,2026-04-30T04:36:50.726872
RET-00001955,ORD-00032384,SKU-00044,3,2025-11-18,NOT_AS_DESCRIBED,LIKE_NEW,2043.63,2025-11-25,REFURBISH,2026-04-30T04:36:50.726872
RET-00001956,ORD-00041537,SKU-00428,3,2025-09-29,CHANGED_MIND,DAMAGED,344.46,,DONATE,2026-04-30T04:36:50.726872
RET-00001957,ORD-00003561,SKU-00752,4,2025-05-26,CHANGED_MIND,NEW,722.96,2025-05-27,RESTOCK,2026-04-30T04:36:50.726872
RET-00001958,ORD-00021792,SKU-00524,3,2025-08-08,DAMAGED_TRANSIT,UNSELLABLE,4114.26,,REFURBISH,2026-04-30T04:36:50.726872
RET-00001959,ORD-00007925,SKU-00181,2,2026-01-22,DUPLICATE_ORDER,FAIR,407.7,,REFURBISH,2026-04-30T04:36:50.726872
RET-00001960,ORD-00037419,SKU-00341,5,2025-05-17,WRONG_ITEM,NEW,4501.4,2025-05-19,DONATE,2026-04-30T04:36:50.726872
RET-00001961,ORD-00015328,SKU-00208,4,2025-05-05,WRONG_ITEM,FAIR,958.52,,RESTOCK,2026-04-30T04:36:50.726872
RET-00001962,ORD-00013993,SKU-00268,1,2025-10-20,DAMAGED_TRANSIT,FAIR,514.38,,RESTOCK,2026-04-30T04:36:50.726872
RET-00001963,ORD-00029503,SKU-00857,5,2026-03-28,DUPLICATE_ORDER,LIKE_NEW,415.85,2026-04-02,DONATE,2026-04-30T04:36:50.726872
RET-00001964,ORD-00045781,SKU-00820,1,2025-06-14,DUPLICATE_ORDER,NEW,49.29,2025-06-17,RETURN_TO_VENDOR,2026-04-30T04:36:50.726872
RET-00001965,ORD-00000025,SKU-00566,4,2026-03-11,DUPLICATE_ORDER,GOOD,2842.68,2026-03-18,RETURN_TO_VENDOR,2026-04-30T04:36:50.726872
RET-00001966,ORD-00045035,SKU-00426,4,2026-01-15,NOT_AS_DESCRIBED,NEW,2253.52,2026-01-22,RESTOCK,2026-04-30T04:36:50.726872
RET-00001967,ORD-00023456,SKU-00341,4,2025-12-18,ARRIVED_LATE,NEW,3601.12,2025-12-22,REFURBISH,2026-04-30T04:36:50.726872
RET-00001968,ORD-00017397,SKU-00540,1,2026-03-02,DUPLICATE_ORDER,GOOD,1013.62,2026-03-05,RETURN_TO_VENDOR,2026-04-30T04:36:50.726872
RET-00001969,ORD-00029174,SKU-00970,2,2025-06-27,DAMAGED_TRANSIT,GOOD,15.76,2025-06-30,DESTROY,2026-04-30T04:36:50.726872
RET-00001970,ORD-00039188,SKU-00127,2,2026-02-28,CHANGED_MIND,LIKE_NEW,1179.16,2026-03-07,RESTOCK,2026-04-30T04:36:50.726872
RET-00001971,ORD-00011620,SKU-00290,4,2026-04-23,ARRIVED_LATE,GOOD,648.12,2026-04-24,RETURN_TO_VENDOR,2026-04-30T04:36:50.726872
RET-00001972,ORD-00049352,SKU-00685,4,2026-02-11,ARRIVED_LATE,NEW,3503.08,2026-02-14,RESTOCK,2026-04-30T04:36:50.726872
RET-00001973,ORD-00025999,SKU-00372,4,2026-03-16,DEFECTIVE,FAIR,3769.96,,RESTOCK,2026-04-30T04:36:50.726872
RET-00001974,ORD-00049152,SKU-00011,5,2025-10-16,NOT_AS_DESCRIBED,DAMAGED,5451.3,,RETURN_TO_VENDOR,2026-04-30T04:36:50.726872
RET-00001975,ORD-00012598,SKU-00308,3,2025-10-05,NOT_AS_DESCRIBED,DAMAGED,1403.1,,REFURBISH,2026-04-30T04:36:50.726872
RET-00001976,ORD-00010097,SKU-00322,3,2025-05-16,WRONG_ITEM,LIKE_NEW,172.32,2025-05-23,REFURBISH,2026-04-30T04:36:50.726872
RET-00001977,ORD-00032843,SKU-00099,5,2025-07-03,DEFECTIVE,GOOD,2705.8,2025-07-10,RETURN_TO_VENDOR,2026-04-30T04:36:50.726872
RET-00001978,ORD-00041212,SKU-00362,2,2026-04-29,NOT_AS_DESCRIBED,DAMAGED,1685.98,,RETURN_TO_VENDOR,2026-04-30T04:36:50.726872
RET-00001979,ORD-00031508,SKU-00952,1,2025-10-26,WRONG_ITEM,FAIR,503.46,,RETURN_TO_VENDOR,2026-04-30T04:36:50.726872
RET-00001980,ORD-00048794,SKU-00503,5,2025-10-14,NOT_AS_DESCRIBED,UNSELLABLE,2401.25,,REFURBISH,2026-04-30T04:36:50.726872
RET-00001981,ORD-00039041,SKU-00552,3,2025-06-22,CHANGED_MIND,GOOD,2522.01,2025-06-23,RESTOCK,2026-04-30T04:36:50.726872
RET-00001982,ORD-00019117,SKU-00630,3,2026-02-04,DAMAGED_TRANSIT,NEW,834.66,2026-02-08,RESTOCK,2026-04-30T04:36:50.726872
RET-00001983,ORD-00017659,SKU-00482,2,2025-07-20,DUPLICATE_ORDER,GOOD,719.7,2025-07-21,RESTOCK,2026-04-30T04:36:50.726872
RET-00001984,ORD-00029300,SKU-00729,5,2025-08-12,ARRIVED_LATE,GOOD,1576.55,2025-08-15,RESTOCK,2026-04-30T04:36:50.726872
RET-00001985,ORD-00011334,SKU-00091,5,2025-09-23,NOT_AS_DESCRIBED,LIKE_NEW,2199.95,2025-09-26,RETURN_TO_VENDOR,2026-04-30T04:36:50.726872
RET-00001986,ORD-00049479,SKU-00608,2,2026-03-10,WRONG_ITEM,NEW,1335.8,2026-03-15,RESTOCK,2026-04-30T04:36:50.726872
RET-00001987,ORD-00024673,SKU-00648,3,2026-02-08,DAMAGED_TRANSIT,GOOD,2438.07,2026-02-13,REFURBISH,2026-04-30T04:36:50.726872
RET-00001988,ORD-00021191,SKU-00919,4,2026-01-03,NOT_AS_DESCRIBED,UNSELLABLE,582.88,,REFURBISH,2026-04-30T04:36:50.726872
RET-00001989,ORD-00049591,SKU-00344,3,2025-11-17,DEFECTIVE,NEW,1513.11,2025-11-20,RESTOCK,2026-04-30T04:36:50.726872
RET-00001990,ORD-00013592,SKU-00637,5,2025-10-30,DUPLICATE_ORDER,GOOD,2167.15,2025-11-02,RESTOCK,2026-04-30T04:36:50.726872
RET-00001991,ORD-00038974,SKU-00144,1,2025-09-16,ARRIVED_LATE,UNSELLABLE,200.16,,REFURBISH,2026-04-30T04:36:50.726872
RET-00001992,ORD-00012358,SKU-00922,4,2025-11-26,DUPLICATE_ORDER,DAMAGED,6024.84,,RESTOCK,2026-04-30T04:36:50.726872
RET-00001993,ORD-00028154,SKU-00636,5,2025-06-14,ARRIVED_LATE,GOOD,2722.8,2025-06-20,REFURBISH,2026-04-30T04:36:50.726872
RET-00001994,ORD-00032045,SKU-00686,4,2025-05-04,DEFECTIVE,FAIR,4672.88,,DONATE,2026-04-30T04:36:50.726872
RET-00001995,ORD-00035524,SKU-00553,1,2025-09-24,WRONG_ITEM,LIKE_NEW,570.59,2025-09-30,DONATE,2026-04-30T04:36:50.726872
RET-00001996,ORD-00047555,SKU-00008,4,2025-08-04,NOT_AS_DESCRIBED,GOOD,1367.4,2025-08-10,REFURBISH,2026-04-30T04:36:50.726872
RET-00001997,ORD-00049710,SKU-00506,2,2025-09-02,WRONG_ITEM,UNSELLABLE,2147.02,,RESTOCK,2026-04-30T04:36:50.726872
RET-00001998,ORD-00031187,SKU-00533,2,2025-12-04,DUPLICATE_ORDER,LIKE_NEW,1272.06,2025-12-11,REFURBISH,2026-04-30T04:36:50.726872
RET-00001999,ORD-00038594,SKU-00455,1,2025-05-24,ARRIVED_LATE,DAMAGED,382.75,,DESTROY,2026-04-30T04:36:50.726872
RET-00002000,ORD-00023258,SKU-00089,1,2025-11-15,DEFECTIVE,DAMAGED,232.64,,DESTROY,2026-04-30T04:36:50.726872
RET-00002001,ORD-00028345,SKU-00367,5,2025-10-19,DEFECTIVE,LIKE_NEW,3371.55,2025-10-25,RETURN_TO_VENDOR,2026-04-30T04:36:50.726872
RET-00002002,ORD-00014249,SKU-00729,2,2026-03-15,DUPLICATE_ORDER,LIKE_NEW,630.62,2026-03-16,RESTOCK,2026-04-30T04:36:50.726872
RET-00002003,ORD-00019798,SKU-00325,3,2026-03-04,DUPLICATE_ORDER,DAMAGED,2287.11,,DONATE,2026-04-30T04:36:50.726872
RET-00002004,ORD-00047086,SKU-00190,3,2026-03-06,DAMAGED_TRANSIT,LIKE_NEW,1957.53,2026-03-10,REFURBISH,2026-04-30T04:36:50.726872
RET-00002005,ORD-00045218,SKU-00643,3,2025-12-31,DAMAGED_TRANSIT,GOOD,1789.5,2026-01-04,RESTOCK,2026-04-30T04:36:50.726872
RET-00002006,ORD-00029457,SKU-00481,2,2026-01-24,NOT_AS_DESCRIBED,FAIR,446.56,,RETURN_TO_VENDOR,2026-04-30T04:36:50.726872
RET-00002007,ORD-00004042,SKU-00411,2,2026-02-19,NOT_AS_DESCRIBED,NEW,934.22,2026-02-26,REFURBISH,2026-04-30T04:36:50.726872
RET-00002008,ORD-00039074,SKU-00845,1,2025-12-18,DEFECTIVE,LIKE_NEW,377.96,2025-12-19,RETURN_TO_VENDOR,2026-04-30T04:36:50.726872
RET-00002009,ORD-00004195,SKU-00013,4,2026-04-24,CHANGED_MIND,LIKE_NEW,2669.8,2026-04-28,DESTROY,2026-04-30T04:36:50.726872
RET-00002010,ORD-00034930,SKU-00494,1,2025-12-02,DEFECTIVE,DAMAGED,636.08,,RETURN_TO_VENDOR,2026-04-30T04:36:50.726872
RET-00002011,ORD-00039585,SKU-00388,1,2026-03-30,DEFECTIVE,GOOD,566.55,2026-04-02,DONATE,2026-04-30T04:36:50.726872
RET-00002012,ORD-00013338,SKU-00985,5,2026-02-08,DAMAGED_TRANSIT,DAMAGED,2274.7,,RESTOCK,2026-04-30T04:36:50.726872
RET-00002013,ORD-00030195,SKU-00145,3,2025-08-31,ARRIVED_LATE,UNSELLABLE,1937.43,,REFURBISH,2026-04-30T04:36:50.726872
RET-00002014,ORD-00023168,SKU-00207,5,2025-10-08,DEFECTIVE,FAIR,5716.65,,DESTROY,2026-04-30T04:36:50.726872
RET-00002015,ORD-00036012,SKU-00676,2,2026-01-23,NOT_AS_DESCRIBED,DAMAGED,134.34,,DESTROY,2026-04-30T04:36:50.726872
RET-00002016,ORD-00049243,SKU-00597,2,2026-02-14,ARRIVED_LATE,NEW,765.0,2026-02-17,RESTOCK,2026-04-30T04:36:50.726872
RET-00002017,ORD-00004386,SKU-00255,4,2026-02-18,DUPLICATE_ORDER,GOOD,644.8,2026-02-20,RESTOCK,2026-04-30T04:36:50.726872
RET-00002018,ORD-00004193,SKU-00831,1,2026-02-23,CHANGED_MIND,UNSELLABLE,1172.92,,DESTROY,2026-04-30T04:36:50.726872
RET-00002019,ORD-00024890,SKU-00360,5,2026-01-23,DEFECTIVE,GOOD,3924.65,2026-01-24,RETURN_TO_VENDOR,2026-04-30T04:36:50.726872
RET-00002020,ORD-00047455,SKU-00993,5,2025-10-26,ARRIVED_LATE,FAIR,6547.0,,REFURBISH,2026-04-30T04:36:50.726872
RET-00002021,ORD-00044731,SKU-00439,4,2025-09-15,ARRIVED_LATE,DAMAGED,3888.12,,RETURN_TO_VENDOR,2026-04-30T04:36:50.726872
RET-00002022,ORD-00023102,SKU-00384,4,2025-08-29,DAMAGED_TRANSIT,LIKE_NEW,3229.32,2025-08-30,RESTOCK,2026-04-30T04:36:50.726872
RET-00002023,ORD-00000325,SKU-00495,1,2025-07-20,ARRIVED_LATE,LIKE_NEW,731.39,2025-07-25,RESTOCK,2026-04-30T04:36:50.726872
RET-00002024,ORD-00019664,SKU-00719,4,2026-03-01,NOT_AS_DESCRIBED,FAIR,3811.6,,RESTOCK,2026-04-30T04:36:50.726872
RET-00002025,ORD-00047076,SKU-00515,2,2025-10-30,WRONG_ITEM,GOOD,1300.2,2025-11-02,RETURN_TO_VENDOR,2026-04-30T04:36:50.726872
RET-00002026,ORD-00018426,SKU-00181,5,2026-03-16,WRONG_ITEM,LIKE_NEW,1019.25,2026-03-23,DONATE,2026-04-30T04:36:50.726872
RET-00002027,ORD-00047350,SKU-00136,4,2026-01-06,ARRIVED_LATE,FAIR,894.2,,RESTOCK,2026-04-30T04:36:50.726872
RET-00002028,ORD-00009423,SKU-00336,4,2026-02-06,NOT_AS_DESCRIBED,LIKE_NEW,436.72,2026-02-13,DESTROY,2026-04-30T04:36:50.726872
RET-00002029,ORD-00044504,SKU-00048,2,2026-02-21,DUPLICATE_ORDER,DAMAGED,1010.04,,REFURBISH,2026-04-30T04:36:50.726872
RET-00002030,ORD-00011850,SKU-00024,1,2026-03-15,DUPLICATE_ORDER,GOOD,1017.35,2026-03-19,REFURBISH,2026-04-30T04:36:50.726872
RET-00002031,ORD-00024774,SKU-00265,5,2026-04-06,NOT_AS_DESCRIBED,GOOD,472.35,2026-04-11,RESTOCK,2026-04-30T04:36:50.726872
RET-00002032,ORD-00008916,SKU-00499,4,2025-09-15,DUPLICATE_ORDER,GOOD,168.68,2025-09-17,RETURN_TO_VENDOR,2026-04-30T04:36:50.726872
RET-00002033,ORD-00041732,SKU-00376,3,2025-09-30,ARRIVED_LATE,DAMAGED,244.65,,DESTROY,2026-04-30T04:36:50.726872
RET-00002034,ORD-00012961,SKU-00306,4,2025-12-24,DAMAGED_TRANSIT,NEW,1649.52,2025-12-26,RESTOCK,2026-04-30T04:36:50.726872
RET-00002035,ORD-00033258,SKU-00693,5,2025-06-12,NOT_AS_DESCRIBED,NEW,3777.6,2025-06-19,RETURN_TO_VENDOR,2026-04-30T04:36:50.726872
RET-00002036,ORD-00008576,SKU-00037,3,2025-11-30,NOT_AS_DESCRIBED,LIKE_NEW,1349.31,2025-12-05,RETURN_TO_VENDOR,2026-04-30T04:36:50.726872
RET-00002037,ORD-00014372,SKU-00063,4,2025-11-05,NOT_AS_DESCRIBED,GOOD,853.8,2025-11-09,RETURN_TO_VENDOR,2026-04-30T04:36:50.726872
RET-00002038,ORD-00020837,SKU-00898,5,2025-06-23,DEFECTIVE,NEW,6487.15,2025-06-26,DESTROY,2026-04-30T04:36:50.726872
RET-00002039,ORD-00002907,SKU-00169,4,2025-07-18,CHANGED_MIND,FAIR,4550.92,,REFURBISH,2026-04-30T04:36:50.726872
RET-00002040,ORD-00040637,SKU-00238,4,2026-03-09,CHANGED_MIND,LIKE_NEW,1756.84,2026-03-11,RESTOCK,2026-04-30T04:36:50.726872
RET-00002041,ORD-00017584,SKU-00265,5,2025-06-22,DAMAGED_TRANSIT,NEW,472.35,2025-06-24,RESTOCK,2026-04-30T04:36:50.726872
RET-00002042,ORD-00018540,SKU-00474,4,2025-05-29,DAMAGED_TRANSIT,FAIR,3316.16,,RETURN_TO_VENDOR,2026-04-30T04:36:50.726872
RET-00002043,ORD-00044730,SKU-00073,2,2025-09-06,WRONG_ITEM,GOOD,1185.0,2025-09-07,RESTOCK,2026-04-30T04:36:50.726872
RET-00002044,ORD-00040753,SKU-00640,1,2025-06-11,CHANGED_MIND,FAIR,584.09,,REFURBISH,2026-04-30T04:36:50.726872
RET-00002045,ORD-00006902,SKU-00314,5,2026-02-15,ARRIVED_LATE,GOOD,848.35,2026-02-19,REFURBISH,2026-04-30T04:36:50.726872
RET-00002046,ORD-00010982,SKU-00567,3,2025-05-22,CHANGED_MIND,GOOD,2547.66,2025-05-24,REFURBISH,2026-04-30T04:36:50.726872
RET-00002047,ORD-00028547,SKU-00333,1,2026-04-16,NOT_AS_DESCRIBED,NEW,609.81,2026-04-19,REFURBISH,2026-04-30T04:36:50.726872
RET-00002048,ORD-00041553,SKU-00194,5,2025-12-06,WRONG_ITEM,NEW,366.25,2025-12-09,RESTOCK,2026-04-30T04:36:50.726872
RET-00002049,ORD-00037168,SKU-00766,4,2025-10-27,DAMAGED_TRANSIT,GOOD,2148.32,2025-11-02,RESTOCK,2026-04-30T04:36:50.726872
RET-00002050,ORD-00034828,SKU-00313,5,2025-10-23,DAMAGED_TRANSIT,UNSELLABLE,2113.95,,RETURN_TO_VENDOR,2026-04-30T04:36:50.726872
RET-00002051,ORD-00014760,SKU-00489,1,2026-01-24,DAMAGED_TRANSIT,DAMAGED,161.18,,REFURBISH,2026-04-30T04:36:50.726872
RET-00002052,ORD-00044394,SKU-00631,4,2025-12-14,CHANGED_MIND,LIKE_NEW,1441.72,2025-12-19,REFURBISH,2026-04-30T04:36:50.726872
RET-00002053,ORD-00031988,SKU-00466,5,2025-08-03,CHANGED_MIND,UNSELLABLE,3812.6,,RETURN_TO_VENDOR,2026-04-30T04:36:50.726872
RET-00002054,ORD-00035703,SKU-00678,3,2025-12-22,DEFECTIVE,NEW,1439.82,2025-12-26,REFURBISH,2026-04-30T04:36:50.726872
RET-00002055,ORD-00000520,SKU-00006,5,2025-08-10,NOT_AS_DESCRIBED,LIKE_NEW,1993.1,2025-08-13,REFURBISH,2026-04-30T04:36:50.726872
RET-00002056,ORD-00003955,SKU-00728,3,2025-11-18,DEFECTIVE,GOOD,421.89,2025-11-25,RESTOCK,2026-04-30T04:36:50.726872
RET-00002057,ORD-00042786,SKU-00149,5,2026-02-11,WRONG_ITEM,UNSELLABLE,1646.5,,REFURBISH,2026-04-30T04:36:50.726872
RET-00002058,ORD-00044483,SKU-00033,2,2026-02-07,ARRIVED_LATE,GOOD,622.26,2026-02-11,REFURBISH,2026-04-30T04:36:50.726872
RET-00002059,ORD-00019842,SKU-00915,4,2025-12-12,CHANGED_MIND,GOOD,4006.04,2025-12-14,RESTOCK,2026-04-30T04:36:50.726872
RET-00002060,ORD-00010733,SKU-00432,5,2025-11-13,WRONG_ITEM,DAMAGED,1775.6,,REFURBISH,2026-04-30T04:36:50.726872
RET-00002061,ORD-00035730,SKU-00477,2,2025-05-17,DEFECTIVE,FAIR,1891.42,,DESTROY,2026-04-30T04:36:50.726872
RET-00002062,ORD-00029271,SKU-00343,5,2026-02-26,DEFECTIVE,DAMAGED,1335.45,,RESTOCK,2026-04-30T04:36:50.726872
RET-00002063,ORD-00030673,SKU-00593,2,2026-04-22,DEFECTIVE,LIKE_NEW,954.12,2026-04-28,RESTOCK,2026-04-30T04:36:50.726872
RET-00002064,ORD-00041861,SKU-00519,1,2025-11-25,ARRIVED_LATE,GOOD,437.45,2025-11-30,REFURBISH,2026-04-30T04:36:50.726872
RET-00002065,ORD-00018208,SKU-00673,5,2025-11-21,ARRIVED_LATE,GOOD,4274.7,2025-11-22,REFURBISH,2026-04-30T04:36:50.726872
RET-00002066,ORD-00030271,SKU-00839,5,2026-01-24,CHANGED_MIND,DAMAGED,1212.55,,RETURN_TO_VENDOR,2026-04-30T04:36:50.726872
RET-00002067,ORD-00043024,SKU-00301,3,2025-11-15,ARRIVED_LATE,LIKE_NEW,3057.24,2025-11-17,REFURBISH,2026-04-30T04:36:50.726872
RET-00002068,ORD-00045671,SKU-00503,4,2026-03-18,CHANGED_MIND,LIKE_NEW,1921.0,2026-03-21,REFURBISH,2026-04-30T04:36:50.726872
RET-00002069,ORD-00005850,SKU-00166,1,2026-01-04,DAMAGED_TRANSIT,FAIR,35.38,,REFURBISH,2026-04-30T04:36:50.726872
RET-00002070,ORD-00024882,SKU-00763,5,2025-11-01,WRONG_ITEM,DAMAGED,4010.95,,RETURN_TO_VENDOR,2026-04-30T04:36:50.726872
RET-00002071,ORD-00016048,SKU-00084,5,2025-06-05,DEFECTIVE,GOOD,913.25,2025-06-06,DONATE,2026-04-30T04:36:50.726872
RET-00002072,ORD-00036337,SKU-00573,1,2025-08-04,NOT_AS_DESCRIBED,LIKE_NEW,965.2,2025-08-08,REFURBISH,2026-04-30T04:36:50.726872
RET-00002073,ORD-00005530,SKU-00881,5,2026-03-27,NOT_AS_DESCRIBED,GOOD,854.75,2026-03-28,DESTROY,2026-04-30T04:36:50.726872
RET-00002074,ORD-00008007,SKU-00694,1,2025-11-12,DUPLICATE_ORDER,LIKE_NEW,295.92,2025-11-14,RESTOCK,2026-04-30T04:36:50.726872
RET-00002075,ORD-00032251,SKU-00935,5,2025-06-22,CHANGED_MIND,UNSELLABLE,148.4,,DESTROY,2026-04-30T04:36:50.726872
RET-00002076,ORD-00018861,SKU-00780,3,2025-09-26,DUPLICATE_ORDER,FAIR,320.16,,RETURN_TO_VENDOR,2026-04-30T04:36:50.726872
RET-00002077,ORD-00007953,SKU-00305,4,2026-03-23,WRONG_ITEM,FAIR,2352.72,,RETURN_TO_VENDOR,2026-04-30T04:36:50.726872
RET-00002078,ORD-00030506,SKU-00650,3,2025-12-14,WRONG_ITEM,LIKE_NEW,543.03,2025-12-19,REFURBISH,2026-04-30T04:36:50.726872
RET-00002079,ORD-00020772,SKU-00666,2,2026-03-27,ARRIVED_LATE,DAMAGED,1771.88,,REFURBISH,2026-04-30T04:36:50.726872
RET-00002080,ORD-00016587,SKU-00947,2,2026-04-18,ARRIVED_LATE,FAIR,63.0,,RESTOCK,2026-04-30T04:36:50.726872
RET-00002081,ORD-00003972,SKU-00829,5,2026-04-09,ARRIVED_LATE,GOOD,4816.75,2026-04-12,RETURN_TO_VENDOR,2026-04-30T04:36:50.726872
RET-00002082,ORD-00037978,SKU-00127,3,2025-09-12,ARRIVED_LATE,LIKE_NEW,1768.74,2025-09-13,DONATE,2026-04-30T04:36:50.726872
RET-00002083,ORD-00036728,SKU-00401,4,2025-12-07,WRONG_ITEM,NEW,2898.84,2025-12-11,RETURN_TO_VENDOR,2026-04-30T04:36:50.726872
RET-00002084,ORD-00041508,SKU-00188,1,2025-11-09,DAMAGED_TRANSIT,NEW,487.33,2025-11-13,RESTOCK,2026-04-30T04:36:50.726872
RET-00002085,ORD-00001410,SKU-00645,5,2025-06-30,WRONG_ITEM,LIKE_NEW,1461.0,2025-07-02,RETURN_TO_VENDOR,2026-04-30T04:36:50.726872
RET-00002086,ORD-00047497,SKU-00841,4,2026-04-16,DEFECTIVE,LIKE_NEW,186.96,2026-04-17,DESTROY,2026-04-30T04:36:50.726872
RET-00002087,ORD-00037173,SKU-00886,5,2025-08-13,CHANGED_MIND,FAIR,2481.65,,RETURN_TO_VENDOR,2026-04-30T04:36:50.726872
RET-00002088,ORD-00000350,SKU-00182,4,2026-02-27,WRONG_ITEM,GOOD,1229.44,2026-03-04,DONATE,2026-04-30T04:36:50.726872
RET-00002089,ORD-00049037,SKU-00163,3,2026-02-17,DAMAGED_TRANSIT,NEW,431.1,2026-02-21,RESTOCK,2026-04-30T04:36:50.726872
RET-00002090,ORD-00048118,SKU-00490,1,2025-06-10,CHANGED_MIND,DAMAGED,184.94,,DESTROY,2026-04-30T04:36:50.726872
RET-00002091,ORD-00040555,SKU-00744,3,2026-04-08,DEFECTIVE,UNSELLABLE,3590.49,,RESTOCK,2026-04-30T04:36:50.726872
RET-00002092,ORD-00016879,SKU-00425,2,2025-11-16,DEFECTIVE,DAMAGED,2291.58,,REFURBISH,2026-04-30T04:36:50.726872
RET-00002093,ORD-00033557,SKU-00187,2,2025-05-24,DAMAGED_TRANSIT,FAIR,665.96,,RETURN_TO_VENDOR,2026-04-30T04:36:50.726872
RET-00002094,ORD-00047691,SKU-00669,1,2025-09-17,WRONG_ITEM,GOOD,49.14,2025-09-24,REFURBISH,2026-04-30T04:36:50.726872
RET-00002095,ORD-00028666,SKU-00262,4,2025-05-24,ARRIVED_LATE,LIKE_NEW,2026.28,2025-05-31,DONATE,2026-04-30T04:36:50.726872
RET-00002096,ORD-00030962,SKU-00605,2,2025-09-15,ARRIVED_LATE,FAIR,1116.06,,REFURBISH,2026-04-30T04:36:50.726872
RET-00002097,ORD-00019250,SKU-00111,2,2025-09-16,WRONG_ITEM,UNSELLABLE,1258.9,,RESTOCK,2026-04-30T04:36:50.726872
RET-00002098,ORD-00023502,SKU-00918,4,2026-03-12,DUPLICATE_ORDER,FAIR,1504.72,,DESTROY,2026-04-30T04:36:50.726872
RET-00002099,ORD-00029280,SKU-00965,5,2026-03-04,DAMAGED_TRANSIT,GOOD,1861.1,2026-03-11,DESTROY,2026-04-30T04:36:50.726872
RET-00002100,ORD-00015206,SKU-00656,2,2026-02-10,CHANGED_MIND,NEW,2446.32,2026-02-17,RESTOCK,2026-04-30T04:36:50.726872
RET-00002101,ORD-00047443,SKU-00917,3,2025-10-15,DAMAGED_TRANSIT,UNSELLABLE,4098.18,,RETURN_TO_VENDOR,2026-04-30T04:36:50.726872
RET-00002102,ORD-00025637,SKU-00793,1,2025-09-24,WRONG_ITEM,LIKE_NEW,162.86,2025-09-27,RESTOCK,2026-04-30T04:36:50.726872
RET-00002103,ORD-00015858,SKU-00079,3,2026-02-10,NOT_AS_DESCRIBED,GOOD,395.67,2026-02-13,RESTOCK,2026-04-30T04:36:50.726872
RET-00002104,ORD-00047529,SKU-00053,4,2025-05-20,NOT_AS_DESCRIBED,GOOD,663.52,2025-05-21,DESTROY,2026-04-30T04:36:50.726872
RET-00002105,ORD-00019708,SKU-00831,2,2025-11-06,WRONG_ITEM,LIKE_NEW,2345.84,2025-11-09,DESTROY,2026-04-30T04:36:50.726872
RET-00002106,ORD-00020522,SKU-00410,3,2025-12-01,ARRIVED_LATE,DAMAGED,3854.04,,RESTOCK,2026-04-30T04:36:50.726872
RET-00002107,ORD-00007816,SKU-00929,3,2025-12-18,DAMAGED_TRANSIT,GOOD,233.94,2025-12-20,RESTOCK,2026-04-30T04:36:50.726872
RET-00002108,ORD-00003879,SKU-00485,2,2025-11-19,ARRIVED_LATE,LIKE_NEW,1911.78,2025-11-24,DONATE,2026-04-30T04:36:50.726872
RET-00002109,ORD-00033186,SKU-00563,1,2025-09-21,DUPLICATE_ORDER,NEW,946.5,2025-09-22,RESTOCK,2026-04-30T04:36:50.726872
RET-00002110,ORD-00017775,SKU-00215,5,2025-05-17,ARRIVED_LATE,LIKE_NEW,5064.75,2025-05-23,DONATE,2026-04-30T04:36:50.726872
RET-00002111,ORD-00010947,SKU-00664,1,2025-08-12,DAMAGED_TRANSIT,FAIR,870.59,,REFURBISH,2026-04-30T04:36:50.726872
RET-00002112,ORD-00022072,SKU-00979,5,2026-03-04,WRONG_ITEM,DAMAGED,3049.0,,DESTROY,2026-04-30T04:36:50.726872
RET-00002113,ORD-00030588,SKU-00851,4,2025-06-29,WRONG_ITEM,UNSELLABLE,1581.64,,DONATE,2026-04-30T04:36:50.726872
RET-00002114,ORD-00003175,SKU-00889,4,2025-11-01,WRONG_ITEM,LIKE_NEW,1845.76,2025-11-07,RESTOCK,2026-04-30T04:36:50.726872
RET-00002115,ORD-00030704,SKU-00234,3,2025-06-06,DAMAGED_TRANSIT,GOOD,2210.25,2025-06-10,RESTOCK,2026-04-30T04:36:50.726872
RET-00002116,ORD-00003757,SKU-00354,2,2025-07-15,DEFECTIVE,LIKE_NEW,995.16,2025-07-17,RESTOCK,2026-04-30T04:36:50.726872
RET-00002117,ORD-00046627,SKU-00246,1,2025-06-28,NOT_AS_DESCRIBED,LIKE_NEW,407.58,2025-07-03,RETURN_TO_VENDOR,2026-04-30T04:36:50.726872
RET-00002118,ORD-00001193,SKU-00049,5,2025-11-26,DAMAGED_TRANSIT,DAMAGED,1609.55,,DONATE,2026-04-30T04:36:50.726872
RET-00002119,ORD-00002665,SKU-00813,5,2025-10-28,DAMAGED_TRANSIT,UNSELLABLE,4265.15,,DESTROY,2026-04-30T04:36:50.726872
RET-00002120,ORD-00028528,SKU-00736,5,2026-02-08,DAMAGED_TRANSIT,FAIR,1653.1,,REFURBISH,2026-04-30T04:36:50.726872
RET-00002121,ORD-00014474,SKU-00945,4,2025-08-23,WRONG_ITEM,DAMAGED,648.88,,REFURBISH,2026-04-30T04:36:50.726872
RET-00002122,ORD-00021720,SKU-00695,4,2025-08-24,NOT_AS_DESCRIBED,FAIR,937.64,,DESTROY,2026-04-30T04:36:50.726872
RET-00002123,ORD-00044068,SKU-00279,3,2025-11-19,DEFECTIVE,FAIR,1232.4,,REFURBISH,2026-04-30T04:36:50.726872
RET-00002124,ORD-00012735,SKU-00085,2,2025-12-09,DUPLICATE_ORDER,GOOD,188.9,2025-12-16,REFURBISH,2026-04-30T04:36:50.726872
RET-00002125,ORD-00033103,SKU-00225,1,2025-12-15,NOT_AS_DESCRIBED,FAIR,46.79,,RETURN_TO_VENDOR,2026-04-30T04:36:50.726872
RET-00002126,ORD-00044165,SKU-00210,3,2025-12-15,DEFECTIVE,NEW,295.68,2025-12-16,REFURBISH,2026-04-30T04:36:50.726872
RET-00002127,ORD-00016941,SKU-00318,4,2025-08-20,DAMAGED_TRANSIT,LIKE_NEW,3710.04,2025-08-26,RESTOCK,2026-04-30T04:36:50.726872
RET-00002128,ORD-00017211,SKU-00507,2,2025-06-17,DUPLICATE_ORDER,GOOD,35.94,2025-06-23,RESTOCK,2026-04-30T04:36:50.726872
RET-00002129,ORD-00030096,SKU-00936,2,2025-11-15,DAMAGED_TRANSIT,NEW,1892.06,2025-11-22,RESTOCK,2026-04-30T04:36:50.726872
RET-00002130,ORD-00012173,SKU-00104,1,2026-04-01,DAMAGED_TRANSIT,NEW,233.63,2026-04-04,DONATE,2026-04-30T04:36:50.726872
RET-00002131,ORD-00034819,SKU-00775,1,2025-08-29,DUPLICATE_ORDER,LIKE_NEW,494.8,2025-08-31,RESTOCK,2026-04-30T04:36:50.726872
RET-00002132,ORD-00028289,SKU-00419,1,2025-07-22,WRONG_ITEM,UNSELLABLE,314.75,,RETURN_TO_VENDOR,2026-04-30T04:36:50.726872
RET-00002133,ORD-00034216,SKU-00671,1,2026-03-04,DUPLICATE_ORDER,GOOD,739.72,2026-03-08,REFURBISH,2026-04-30T04:36:50.726872
RET-00002134,ORD-00007470,SKU-00081,1,2026-01-01,ARRIVED_LATE,LIKE_NEW,507.33,2026-01-03,RESTOCK,2026-04-30T04:36:50.726872
RET-00002135,ORD-00031766,SKU-00869,2,2025-10-11,DEFECTIVE,FAIR,262.58,,REFURBISH,2026-04-30T04:36:50.726872
RET-00002136,ORD-00012805,SKU-00158,4,2026-01-21,DEFECTIVE,GOOD,1649.28,2026-01-24,RESTOCK,2026-04-30T04:36:50.726872
RET-00002137,ORD-00045036,SKU-00662,2,2025-09-26,WRONG_ITEM,UNSELLABLE,1589.18,,REFURBISH,2026-04-30T04:36:50.726872
RET-00002138,ORD-00027038,SKU-00510,3,2025-09-07,DEFECTIVE,GOOD,2091.06,2025-09-14,DONATE,2026-04-30T04:36:50.726872
RET-00002139,ORD-00048180,SKU-00639,1,2025-07-13,DEFECTIVE,LIKE_NEW,126.89,2025-07-18,REFURBISH,2026-04-30T04:36:50.726872
RET-00002140,ORD-00011131,SKU-00960,5,2025-12-29,CHANGED_MIND,FAIR,2640.65,,RESTOCK,2026-04-30T04:36:50.726872
RET-00002141,ORD-00008498,SKU-00695,1,2026-04-14,DEFECTIVE,GOOD,234.41,2026-04-20,DESTROY,2026-04-30T04:36:50.726872
RET-00002142,ORD-00007228,SKU-00267,3,2026-03-03,NOT_AS_DESCRIBED,LIKE_NEW,3989.16,2026-03-09,RESTOCK,2026-04-30T04:36:50.726872
RET-00002143,ORD-00033247,SKU-00030,4,2026-04-04,WRONG_ITEM,FAIR,2687.64,,RETURN_TO_VENDOR,2026-04-30T04:36:50.726872
RET-00002144,ORD-00018123,SKU-00062,3,2025-12-30,NOT_AS_DESCRIBED,DAMAGED,193.26,,RETURN_TO_VENDOR,2026-04-30T04:36:50.726872
RET-00002145,ORD-00004911,SKU-00334,5,2026-03-11,DAMAGED_TRANSIT,FAIR,4584.75,,RESTOCK,2026-04-30T04:36:50.726872
RET-00002146,ORD-00000096,SKU-00806,4,2025-08-23,NOT_AS_DESCRIBED,NEW,1903.88,2025-08-28,REFURBISH,2026-04-30T04:36:50.726872
RET-00002147,ORD-00000580,SKU-00243,5,2025-11-27,NOT_AS_DESCRIBED,NEW,2994.55,2025-11-29,REFURBISH,2026-04-30T04:36:50.726872
RET-00002148,ORD-00038599,SKU-00212,4,2025-10-17,NOT_AS_DESCRIBED,DAMAGED,2310.16,,DONATE,2026-04-30T04:36:50.726872
RET-00002149,ORD-00033070,SKU-00686,3,2025-11-03,ARRIVED_LATE,UNSELLABLE,3504.66,,REFURBISH,2026-04-30T04:36:50.726872
RET-00002150,ORD-00049977,SKU-00884,4,2025-07-28,ARRIVED_LATE,FAIR,45.04,,REFURBISH,2026-04-30T04:36:50.726872
RET-00002151,ORD-00019902,SKU-00758,1,2025-05-01,DEFECTIVE,GOOD,540.4,2025-05-06,RESTOCK,2026-04-30T04:36:50.726872
RET-00002152,ORD-00044166,SKU-00824,2,2026-03-27,DAMAGED_TRANSIT,GOOD,767.86,2026-03-28,RESTOCK,2026-04-30T04:36:50.726872
RET-00002153,ORD-00041735,SKU-00504,1,2025-08-10,ARRIVED_LATE,DAMAGED,371.85,,RESTOCK,2026-04-30T04:36:50.726872
RET-00002154,ORD-00018167,SKU-00396,5,2025-11-08,NOT_AS_DESCRIBED,GOOD,1080.45,2025-11-10,RESTOCK,2026-04-30T04:36:50.726872
RET-00002155,ORD-00049301,SKU-00676,4,2025-05-24,CHANGED_MIND,UNSELLABLE,268.68,,RESTOCK,2026-04-30T04:36:50.726872
RET-00002156,ORD-00027457,SKU-00998,2,2025-12-23,DUPLICATE_ORDER,LIKE_NEW,298.18,2025-12-25,RESTOCK,2026-04-30T04:36:50.726872
RET-00002157,ORD-00024052,SKU-00918,5,2025-11-22,ARRIVED_LATE,DAMAGED,1880.9,,RESTOCK,2026-04-30T04:36:50.726872
RET-00002158,ORD-00047224,SKU-00612,5,2025-08-11,ARRIVED_LATE,LIKE_NEW,1881.0,2025-08-13,DONATE,2026-04-30T04:36:50.726872
RET-00002159,ORD-00037746,SKU-00372,2,2025-07-14,WRONG_ITEM,UNSELLABLE,1884.98,,RESTOCK,2026-04-30T04:36:50.726872
RET-00002160,ORD-00036719,SKU-00543,4,2025-11-19,CHANGED_MIND,NEW,3324.0,2025-11-24,DESTROY,2026-04-30T04:36:50.726872
RET-00002161,ORD-00003696,SKU-00513,1,2025-05-01,DAMAGED_TRANSIT,DAMAGED,48.17,,REFURBISH,2026-04-30T04:36:50.726872
RET-00002162,ORD-00025727,SKU-00253,5,2026-02-21,DEFECTIVE,LIKE_NEW,3109.6,2026-02-27,RESTOCK,2026-04-30T04:36:50.726872
RET-00002163,ORD-00031214,SKU-00142,3,2025-07-01,CHANGED_MIND,NEW,3086.04,2025-07-08,RESTOCK,2026-04-30T04:36:50.726872
RET-00002164,ORD-00011221,SKU-00913,2,2025-06-27,DEFECTIVE,LIKE_NEW,1854.12,2025-06-29,DESTROY,2026-04-30T04:36:50.726872
RET-00002165,ORD-00015988,SKU-00389,1,2026-02-25,WRONG_ITEM,LIKE_NEW,75.33,2026-02-28,RETURN_TO_VENDOR,2026-04-30T04:36:50.726872
RET-00002166,ORD-00048511,SKU-00422,1,2025-08-16,DUPLICATE_ORDER,NEW,583.16,2025-08-18,DESTROY,2026-04-30T04:36:50.726872
RET-00002167,ORD-00017136,SKU-00851,1,2025-07-07,DAMAGED_TRANSIT,LIKE_NEW,395.41,2025-07-11,RESTOCK,2026-04-30T04:36:50.726872
RET-00002168,ORD-00039528,SKU-00016,2,2025-09-29,NOT_AS_DESCRIBED,LIKE_NEW,1531.8,2025-10-06,RESTOCK,2026-04-30T04:36:50.726872
RET-00002169,ORD-00003545,SKU-00947,2,2025-09-29,ARRIVED_LATE,LIKE_NEW,63.0,2025-10-05,DONATE,2026-04-30T04:36:50.726872
RET-00002170,ORD-00033206,SKU-00696,5,2026-01-16,DEFECTIVE,NEW,4339.85,2026-01-19,RESTOCK,2026-04-30T04:36:50.726872
RET-00002171,ORD-00030295,SKU-00431,5,2026-03-12,DEFECTIVE,LIKE_NEW,4240.6,2026-03-18,RESTOCK,2026-04-30T04:36:50.726872
RET-00002172,ORD-00046418,SKU-00167,5,2025-06-18,DAMAGED_TRANSIT,NEW,4615.1,2025-06-23,DESTROY,2026-04-30T04:36:50.726872
RET-00002173,ORD-00011859,SKU-00693,5,2025-09-26,ARRIVED_LATE,GOOD,3777.6,2025-10-01,RESTOCK,2026-04-30T04:36:50.726872
RET-00002174,ORD-00007967,SKU-00272,4,2026-04-21,ARRIVED_LATE,GOOD,2178.2,2026-04-22,RESTOCK,2026-04-30T04:36:50.726872
RET-00002175,ORD-00020661,SKU-00147,2,2025-06-03,DUPLICATE_ORDER,DAMAGED,526.94,,RESTOCK,2026-04-30T04:36:50.726872
RET-00002176,ORD-00038951,SKU-00082,5,2025-12-16,WRONG_ITEM,GOOD,3155.9,2025-12-23,REFURBISH,2026-04-30T04:36:50.726872
RET-00002177,ORD-00032596,SKU-00223,2,2025-09-26,DEFECTIVE,LIKE_NEW,1537.62,2025-09-27,DESTROY,2026-04-30T04:36:50.726872
RET-00002178,ORD-00019341,SKU-00761,3,2025-08-27,DUPLICATE_ORDER,UNSELLABLE,284.55,,REFURBISH,2026-04-30T04:36:50.726872
RET-00002179,ORD-00043696,SKU-00725,5,2025-08-18,WRONG_ITEM,GOOD,490.55,2025-08-20,RESTOCK,2026-04-30T04:36:50.726872
RET-00002180,ORD-00015016,SKU-00273,3,2026-04-12,DEFECTIVE,FAIR,700.5,,REFURBISH,2026-04-30T04:36:50.726872
RET-00002181,ORD-00039386,SKU-00468,1,2025-06-15,DAMAGED_TRANSIT,FAIR,1306.27,,REFURBISH,2026-04-30T04:36:50.726872
RET-00002182,ORD-00003191,SKU-00018,2,2025-08-24,CHANGED_MIND,LIKE_NEW,1194.02,2025-08-31,RETURN_TO_VENDOR,2026-04-30T04:36:50.726872
RET-00002183,ORD-00024622,SKU-00455,3,2026-04-23,CHANGED_MIND,GOOD,1148.25,2026-04-30,RETURN_TO_VENDOR,2026-04-30T04:36:50.726872
RET-00002184,ORD-00035468,SKU-00317,1,2026-03-07,DUPLICATE_ORDER,NEW,128.79,2026-03-12,RETURN_TO_VENDOR,2026-04-30T04:36:50.726872
RET-00002185,ORD-00047609,SKU-00790,3,2026-03-07,DEFECTIVE,UNSELLABLE,1674.15,,RESTOCK,2026-04-30T04:36:50.726872
RET-00002186,ORD-00001270,SKU-00414,4,2025-05-23,DUPLICATE_ORDER,UNSELLABLE,1343.68,,RESTOCK,2026-04-30T04:36:50.726872
RET-00002187,ORD-00029834,SKU-00398,1,2025-04-30,DEFECTIVE,DAMAGED,589.86,,RESTOCK,2026-04-30T04:36:50.726872
RET-00002188,ORD-00009741,SKU-00448,2,2025-09-01,NOT_AS_DESCRIBED,FAIR,923.44,,DESTROY,2026-04-30T04:36:50.726872
RET-00002189,ORD-00049819,SKU-00338,1,2026-04-22,ARRIVED_LATE,LIKE_NEW,441.86,2026-04-27,RESTOCK,2026-04-30T04:36:50.726872
RET-00002190,ORD-00047016,SKU-00931,2,2025-11-30,DUPLICATE_ORDER,FAIR,371.62,,REFURBISH,2026-04-30T04:36:50.726872
RET-00002191,ORD-00001314,SKU-00981,3,2025-08-13,NOT_AS_DESCRIBED,GOOD,1995.81,2025-08-19,DESTROY,2026-04-30T04:36:50.726872
RET-00002192,ORD-00020126,SKU-00227,4,2026-04-11,DUPLICATE_ORDER,DAMAGED,1790.2,,DONATE,2026-04-30T04:36:50.726872
RET-00002193,ORD-00023848,SKU-00749,2,2025-05-16,WRONG_ITEM,LIKE_NEW,1358.22,2025-05-21,RESTOCK,2026-04-30T04:36:50.726872
RET-00002194,ORD-00044065,SKU-00038,2,2026-01-03,DAMAGED_TRANSIT,LIKE_NEW,923.72,2026-01-09,REFURBISH,2026-04-30T04:36:50.726872
RET-00002195,ORD-00012700,SKU-00934,3,2025-07-23,DEFECTIVE,UNSELLABLE,1894.59,,RESTOCK,2026-04-30T04:36:50.726872
RET-00002196,ORD-00049549,SKU-00412,2,2026-01-30,WRONG_ITEM,DAMAGED,1006.68,,DONATE,2026-04-30T04:36:50.726872
RET-00002197,ORD-00026654,SKU-00800,4,2025-11-15,CHANGED_MIND,LIKE_NEW,1073.64,2025-11-21,REFURBISH,2026-04-30T04:36:50.726872
RET-00002198,ORD-00010096,SKU-00624,4,2025-08-07,NOT_AS_DESCRIBED,NEW,184.64,2025-08-10,RETURN_TO_VENDOR,2026-04-30T04:36:50.726872
RET-00002199,ORD-00044599,SKU-00216,3,2025-06-11,DUPLICATE_ORDER,DAMAGED,943.56,,REFURBISH,2026-04-30T04:36:50.726872
RET-00002200,ORD-00040497,SKU-00938,3,2025-12-31,DAMAGED_TRANSIT,GOOD,1229.04,2026-01-05,DESTROY,2026-04-30T04:36:50.726872
RET-00002201,ORD-00016762,SKU-00087,3,2025-09-01,DEFECTIVE,LIKE_NEW,296.85,2025-09-06,RESTOCK,2026-04-30T04:36:50.726872
RET-00002202,ORD-00038290,SKU-00022,4,2026-01-25,CHANGED_MIND,UNSELLABLE,1342.8,,RESTOCK,2026-04-30T04:36:50.726872
RET-00002203,ORD-00030513,SKU-00934,2,2025-07-14,WRONG_ITEM,GOOD,1263.06,2025-07-20,RETURN_TO_VENDOR,2026-04-30T04:36:50.726872
RET-00002204,ORD-00042643,SKU-00451,1,2025-07-25,CHANGED_MIND,FAIR,1040.55,,DESTROY,2026-04-30T04:36:50.726872
RET-00002205,ORD-00012610,SKU-00930,4,2025-07-28,DAMAGED_TRANSIT,GOOD,1737.84,2025-07-30,RESTOCK,2026-04-30T04:36:50.726872
RET-00002206,ORD-00013332,SKU-00954,3,2025-12-15,WRONG_ITEM,NEW,1176.36,2025-12-18,REFURBISH,2026-04-30T04:36:50.726872
RET-00002207,ORD-00010014,SKU-00913,1,2025-10-03,ARRIVED_LATE,LIKE_NEW,927.06,2025-10-09,RESTOCK,2026-04-30T04:36:50.726872
RET-00002208,ORD-00020397,SKU-00503,3,2026-03-06,DUPLICATE_ORDER,LIKE_NEW,1440.75,2026-03-10,DESTROY,2026-04-30T04:36:50.726872
RET-00002209,ORD-00036259,SKU-00536,3,2025-05-20,NOT_AS_DESCRIBED,DAMAGED,188.79,,DESTROY,2026-04-30T04:36:50.726872
RET-00002210,ORD-00046783,SKU-00996,4,2025-08-23,DAMAGED_TRANSIT,GOOD,1417.0,2025-08-28,RESTOCK,2026-04-30T04:36:50.726872
RET-00002211,ORD-00046556,SKU-00043,3,2025-12-28,WRONG_ITEM,GOOD,1162.5,2025-12-29,RESTOCK,2026-04-30T04:36:50.726872
RET-00002212,ORD-00047748,SKU-00300,5,2025-07-26,DUPLICATE_ORDER,FAIR,306.15,,DESTROY,2026-04-30T04:36:50.726872
RET-00002213,ORD-00014524,SKU-00445,5,2025-08-15,CHANGED_MIND,DAMAGED,2933.85,,REFURBISH,2026-04-30T04:36:50.726872
RET-00002214,ORD-00041500,SKU-00731,3,2025-12-04,DEFECTIVE,FAIR,1896.57,,DESTROY,2026-04-30T04:36:50.726872
RET-00002215,ORD-00025317,SKU-00193,4,2025-06-15,DUPLICATE_ORDER,NEW,909.36,2025-06-16,DONATE,2026-04-30T04:36:50.726872
RET-00002216,ORD-00036563,SKU-00638,1,2025-07-28,DAMAGED_TRANSIT,NEW,34.29,2025-07-31,RESTOCK,2026-04-30T04:36:50.726872
RET-00002217,ORD-00031135,SKU-00387,1,2025-09-20,CHANGED_MIND,NEW,923.63,2025-09-26,RESTOCK,2026-04-30T04:36:50.726872
RET-00002218,ORD-00000874,SKU-00098,1,2025-06-20,NOT_AS_DESCRIBED,FAIR,408.93,,RETURN_TO_VENDOR,2026-04-30T04:36:50.726872
RET-00002219,ORD-00038651,SKU-00511,1,2025-08-09,NOT_AS_DESCRIBED,GOOD,1299.11,2025-08-11,RETURN_TO_VENDOR,2026-04-30T04:36:50.726872
RET-00002220,ORD-00048134,SKU-00745,2,2026-04-12,NOT_AS_DESCRIBED,DAMAGED,1071.42,,REFURBISH,2026-04-30T04:36:50.726872
RET-00002221,ORD-00026905,SKU-00836,4,2025-08-25,CHANGED_MIND,LIKE_NEW,476.72,2025-08-28,REFURBISH,2026-04-30T04:36:50.726872
RET-00002222,ORD-00016183,SKU-00301,4,2026-04-20,DAMAGED_TRANSIT,GOOD,4076.32,2026-04-25,RETURN_TO_VENDOR,2026-04-30T04:36:50.726872
RET-00002223,ORD-00008109,SKU-00503,3,2026-01-01,ARRIVED_LATE,FAIR,1440.75,,DESTROY,2026-04-30T04:36:50.726872
RET-00002224,ORD-00007664,SKU-00755,5,2025-12-09,DUPLICATE_ORDER,LIKE_NEW,506.9,2025-12-14,RESTOCK,2026-04-30T04:36:50.726872
RET-00002225,ORD-00005283,SKU-00055,4,2025-09-10,NOT_AS_DESCRIBED,GOOD,5429.96,2025-09-13,RESTOCK,2026-04-30T04:36:50.726872
RET-00002226,ORD-00030082,SKU-00119,5,2025-11-28,CHANGED_MIND,UNSELLABLE,1887.1,,REFURBISH,2026-04-30T04:36:50.726872
RET-00002227,ORD-00046160,SKU-00410,2,2025-05-24,NOT_AS_DESCRIBED,GOOD,2569.36,2025-05-27,RETURN_TO_VENDOR,2026-04-30T04:36:50.726872
RET-00002228,ORD-00042980,SKU-00049,5,2025-09-03,WRONG_ITEM,FAIR,1609.55,,RETURN_TO_VENDOR,2026-04-30T04:36:50.726872
RET-00002229,ORD-00020834,SKU-00719,4,2026-02-28,DUPLICATE_ORDER,LIKE_NEW,3811.6,2026-03-02,DONATE,2026-04-30T04:36:50.726872
RET-00002230,ORD-00023701,SKU-00470,4,2025-06-08,NOT_AS_DESCRIBED,NEW,1066.88,2025-06-10,REFURBISH,2026-04-30T04:36:50.726872
RET-00002231,ORD-00000280,SKU-00385,3,2025-10-16,CHANGED_MIND,FAIR,3703.2,,RESTOCK,2026-04-30T04:36:50.726872
RET-00002232,ORD-00013414,SKU-00412,5,2025-06-21,DAMAGED_TRANSIT,GOOD,2516.7,2025-06-24,RESTOCK,2026-04-30T04:36:50.726872
RET-00002233,ORD-00032913,SKU-00921,3,2025-11-18,ARRIVED_LATE,UNSELLABLE,2612.76,,RESTOCK,2026-04-30T04:36:50.726872
RET-00002234,ORD-00000664,SKU-00776,5,2025-11-25,CHANGED_MIND,FAIR,488.55,,RETURN_TO_VENDOR,2026-04-30T04:36:50.726872
RET-00002235,ORD-00009063,SKU-00334,4,2026-04-18,DAMAGED_TRANSIT,LIKE_NEW,3667.8,2026-04-20,DONATE,2026-04-30T04:36:50.726872
RET-00002236,ORD-00009951,SKU-00559,4,2025-10-25,NOT_AS_DESCRIBED,FAIR,5775.36,,DESTROY,2026-04-30T04:36:50.726872
RET-00002237,ORD-00029490,SKU-00983,1,2026-02-06,WRONG_ITEM,GOOD,165.4,2026-02-10,RETURN_TO_VENDOR,2026-04-30T04:36:50.726872
RET-00002238,ORD-00016136,SKU-00360,3,2025-09-29,DUPLICATE_ORDER,NEW,2354.79,2025-09-30,DESTROY,2026-04-30T04:36:50.726872
RET-00002239,ORD-00000926,SKU-00395,4,2025-08-04,NOT_AS_DESCRIBED,UNSELLABLE,2054.76,,REFURBISH,2026-04-30T04:36:50.726872
RET-00002240,ORD-00043865,SKU-00498,4,2025-10-26,DEFECTIVE,NEW,1701.88,2025-10-30,DESTROY,2026-04-30T04:36:50.726872
RET-00002241,ORD-00036624,SKU-00493,4,2025-10-29,DUPLICATE_ORDER,FAIR,3256.44,,RETURN_TO_VENDOR,2026-04-30T04:36:50.726872
RET-00002242,ORD-00025882,SKU-00783,3,2025-12-11,DAMAGED_TRANSIT,NEW,3738.51,2025-12-13,RESTOCK,2026-04-30T04:36:50.726872
RET-00002243,ORD-00035749,SKU-00071,4,2025-09-30,DUPLICATE_ORDER,GOOD,3088.68,2025-10-04,REFURBISH,2026-04-30T04:36:50.726872
RET-00002244,ORD-00020019,SKU-00130,5,2026-01-06,CHANGED_MIND,FAIR,3034.05,,RESTOCK,2026-04-30T04:36:50.726872
RET-00002245,ORD-00017569,SKU-00858,1,2025-09-16,ARRIVED_LATE,GOOD,411.95,2025-09-18,RESTOCK,2026-04-30T04:36:50.726872
RET-00002246,ORD-00023833,SKU-00931,5,2025-12-11,NOT_AS_DESCRIBED,NEW,929.05,2025-12-14,DESTROY,2026-04-30T04:36:50.726872
RET-00002247,ORD-00031795,SKU-00643,4,2025-06-11,DUPLICATE_ORDER,FAIR,2386.0,,RESTOCK,2026-04-30T04:36:50.726872
RET-00002248,ORD-00027822,SKU-00300,3,2025-07-10,WRONG_ITEM,DAMAGED,183.69,,RESTOCK,2026-04-30T04:36:50.726872
RET-00002249,ORD-00001786,SKU-00752,3,2025-09-16,NOT_AS_DESCRIBED,NEW,542.22,2025-09-23,DESTROY,2026-04-30T04:36:50.726872
RET-00002250,ORD-00015152,SKU-00063,5,2025-12-16,CHANGED_MIND,GOOD,1067.25,2025-12-17,RETURN_TO_VENDOR,2026-04-30T04:36:50.726872
RET-00002251,ORD-00027221,SKU-00376,1,2025-07-22,ARRIVED_LATE,LIKE_NEW,81.55,2025-07-28,REFURBISH,2026-04-30T04:36:50.726872
RET-00002252,ORD-00027328,SKU-00741,5,2026-01-22,WRONG_ITEM,NEW,1656.2,2026-01-27,RETURN_TO_VENDOR,2026-04-30T04:36:50.726872
RET-00002253,ORD-00049905,SKU-00466,5,2025-10-01,DAMAGED_TRANSIT,DAMAGED,3812.6,,RESTOCK,2026-04-30T04:36:50.726872
RET-00002254,ORD-00028599,SKU-00276,5,2025-10-25,WRONG_ITEM,GOOD,1705.25,2025-10-28,REFURBISH,2026-04-30T04:36:50.726872
RET-00002255,ORD-00037500,SKU-00293,4,2025-08-24,ARRIVED_LATE,UNSELLABLE,501.08,,RETURN_TO_VENDOR,2026-04-30T04:36:50.726872
RET-00002256,ORD-00003578,SKU-00509,2,2025-06-22,DAMAGED_TRANSIT,GOOD,219.24,2025-06-25,RESTOCK,2026-04-30T04:36:50.726872
RET-00002257,ORD-00035720,SKU-00978,2,2025-11-23,NOT_AS_DESCRIBED,GOOD,817.9,2025-11-28,RETURN_TO_VENDOR,2026-04-30T04:36:50.726872
RET-00002258,ORD-00047745,SKU-00928,2,2025-08-09,NOT_AS_DESCRIBED,DAMAGED,347.78,,RESTOCK,2026-04-30T04:36:50.726872
RET-00002259,ORD-00008045,SKU-00162,1,2025-08-14,ARRIVED_LATE,DAMAGED,303.43,,REFURBISH,2026-04-30T04:36:50.726872
RET-00002260,ORD-00038103,SKU-00267,5,2025-05-20,DEFECTIVE,FAIR,6648.6,,REFURBISH,2026-04-30T04:36:50.726872
RET-00002261,ORD-00004531,SKU-00126,4,2025-11-11,DUPLICATE_ORDER,LIKE_NEW,1974.6,2025-11-13,DESTROY,2026-04-30T04:36:50.726872
RET-00002262,ORD-00040821,SKU-00961,4,2025-11-11,DUPLICATE_ORDER,GOOD,4727.8,2025-11-18,RESTOCK,2026-04-30T04:36:50.726872
RET-00002263,ORD-00000755,SKU-00317,5,2026-03-09,ARRIVED_LATE,DAMAGED,643.95,,DONATE,2026-04-30T04:36:50.726872
RET-00002264,ORD-00017192,SKU-00251,2,2025-08-13,NOT_AS_DESCRIBED,NEW,1109.54,2025-08-19,DONATE,2026-04-30T04:36:50.726872
RET-00002265,ORD-00041317,SKU-00252,4,2025-08-08,DUPLICATE_ORDER,LIKE_NEW,2399.92,2025-08-13,DESTROY,2026-04-30T04:36:50.726872
RET-00002266,ORD-00011441,SKU-00873,3,2025-12-04,DUPLICATE_ORDER,LIKE_NEW,1569.48,2025-12-10,DESTROY,2026-04-30T04:36:50.726872
RET-00002267,ORD-00002512,SKU-00204,1,2026-02-26,WRONG_ITEM,GOOD,981.99,2026-03-03,DESTROY,2026-04-30T04:36:50.726872
RET-00002268,ORD-00007048,SKU-00331,4,2025-05-14,WRONG_ITEM,FAIR,2027.84,,DESTROY,2026-04-30T04:36:50.726872
RET-00002269,ORD-00036207,SKU-00474,3,2026-02-07,DUPLICATE_ORDER,LIKE_NEW,2487.12,2026-02-08,RESTOCK,2026-04-30T04:36:50.726872
RET-00002270,ORD-00042453,SKU-00300,1,2026-01-24,DUPLICATE_ORDER,GOOD,61.23,2026-01-31,RESTOCK,2026-04-30T04:36:50.726872
RET-00002271,ORD-00014117,SKU-00750,1,2025-06-19,DEFECTIVE,LIKE_NEW,569.71,2025-06-21,RESTOCK,2026-04-30T04:36:50.726872
RET-00002272,ORD-00039152,SKU-00748,1,2026-01-22,CHANGED_MIND,LIKE_NEW,791.2,2026-01-29,REFURBISH,2026-04-30T04:36:50.726872
RET-00002273,ORD-00033589,SKU-00609,3,2025-07-23,NOT_AS_DESCRIBED,DAMAGED,2364.93,,REFURBISH,2026-04-30T04:36:50.726872
RET-00002274,ORD-00039651,SKU-00927,1,2025-05-17,NOT_AS_DESCRIBED,LIKE_NEW,1354.5,2025-05-18,REFURBISH,2026-04-30T04:36:50.726872
RET-00002275,ORD-00032983,SKU-00858,3,2026-02-27,DAMAGED_TRANSIT,LIKE_NEW,1235.85,2026-03-06,RESTOCK,2026-04-30T04:36:50.726872
RET-00002276,ORD-00000758,SKU-00350,4,2025-09-20,DUPLICATE_ORDER,DAMAGED,206.88,,RESTOCK,2026-04-30T04:36:50.726872
RET-00002277,ORD-00008727,SKU-00289,4,2025-12-13,DEFECTIVE,UNSELLABLE,919.44,,RESTOCK,2026-04-30T04:36:50.726872
RET-00002278,ORD-00017302,SKU-00972,4,2026-03-13,WRONG_ITEM,UNSELLABLE,1319.32,,RETURN_TO_VENDOR,2026-04-30T04:36:50.726872
RET-00002279,ORD-00028549,SKU-00737,1,2025-09-29,ARRIVED_LATE,DAMAGED,288.9,,RESTOCK,2026-04-30T04:36:50.726872
RET-00002280,ORD-00009240,SKU-00868,4,2025-08-08,WRONG_ITEM,GOOD,647.32,2025-08-14,REFURBISH,2026-04-30T04:36:50.726872
RET-00002281,ORD-00033255,SKU-00447,3,2026-04-22,NOT_AS_DESCRIBED,LIKE_NEW,594.6,2026-04-25,RESTOCK,2026-04-30T04:36:50.726872
RET-00002282,ORD-00002434,SKU-00552,1,2025-08-24,WRONG_ITEM,LIKE_NEW,840.67,2025-08-25,DONATE,2026-04-30T04:36:50.726872
RET-00002283,ORD-00040457,SKU-00284,2,2025-10-31,DAMAGED_TRANSIT,UNSELLABLE,508.74,,RESTOCK,2026-04-30T04:36:50.726872
RET-00002284,ORD-00019324,SKU-00852,1,2025-09-02,ARRIVED_LATE,DAMAGED,703.7,,RETURN_TO_VENDOR,2026-04-30T04:36:50.726872
RET-00002285,ORD-00045058,SKU-00882,4,2025-08-01,DEFECTIVE,DAMAGED,774.76,,RESTOCK,2026-04-30T04:36:50.726872
RET-00002286,ORD-00000552,SKU-00170,2,2025-06-14,CHANGED_MIND,GOOD,1418.96,2025-06-18,RESTOCK,2026-04-30T04:36:50.726872
RET-00002287,ORD-00021086,SKU-00975,2,2026-02-03,NOT_AS_DESCRIBED,GOOD,1504.0,2026-02-07,RESTOCK,2026-04-30T04:36:50.726872
RET-00002288,ORD-00034585,SKU-00218,3,2025-06-02,ARRIVED_LATE,FAIR,2480.34,,RESTOCK,2026-04-30T04:36:50.726872
RET-00002289,ORD-00046259,SKU-00575,4,2026-01-01,NOT_AS_DESCRIBED,GOOD,97.96,2026-01-02,RETURN_TO_VENDOR,2026-04-30T04:36:50.726872
RET-00002290,ORD-00019609,SKU-00576,3,2025-10-06,DAMAGED_TRANSIT,FAIR,3056.88,,DONATE,2026-04-30T04:36:50.726872
RET-00002291,ORD-00015403,SKU-00584,4,2025-08-07,DEFECTIVE,GOOD,4154.92,2025-08-11,DONATE,2026-04-30T04:36:50.726872
RET-00002292,ORD-00001823,SKU-00516,2,2026-03-31,DEFECTIVE,NEW,465.08,2026-04-01,RETURN_TO_VENDOR,2026-04-30T04:36:50.726872
RET-00002293,ORD-00016254,SKU-00567,2,2025-12-02,WRONG_ITEM,UNSELLABLE,1698.44,,RETURN_TO_VENDOR,2026-04-30T04:36:50.726872
RET-00002294,ORD-00039469,SKU-00677,1,2026-02-12,ARRIVED_LATE,NEW,540.28,2026-02-19,RETURN_TO_VENDOR,2026-04-30T04:36:50.726872
RET-00002295,ORD-00007362,SKU-00425,2,2025-05-07,DEFECTIVE,LIKE_NEW,2291.58,2025-05-13,RESTOCK,2026-04-30T04:36:50.726872
RET-00002296,ORD-00024963,SKU-00321,3,2025-06-19,WRONG_ITEM,UNSELLABLE,372.69,,DESTROY,2026-04-30T04:36:50.726872
RET-00002297,ORD-00000589,SKU-00151,1,2025-10-17,DUPLICATE_ORDER,DAMAGED,421.86,,DESTROY,2026-04-30T04:36:50.726872
RET-00002298,ORD-00017719,SKU-00297,1,2026-03-26,DUPLICATE_ORDER,GOOD,762.28,2026-04-01,RETURN_TO_VENDOR,2026-04-30T04:36:50.726872
RET-00002299,ORD-00024685,SKU-00755,4,2025-10-30,DUPLICATE_ORDER,NEW,405.52,2025-11-02,REFURBISH,2026-04-30T04:36:50.726872
RET-00002300,ORD-00012624,SKU-00433,2,2025-09-07,DAMAGED_TRANSIT,FAIR,1201.42,,RESTOCK,2026-04-30T04:36:50.726872
RET-00002301,ORD-00040486,SKU-00306,3,2025-10-18,ARRIVED_LATE,UNSELLABLE,1237.14,,RESTOCK,2026-04-30T04:36:50.726872
RET-00002302,ORD-00014753,SKU-00571,3,2025-10-16,DAMAGED_TRANSIT,GOOD,1137.57,2025-10-20,RETURN_TO_VENDOR,2026-04-30T04:36:50.726872
RET-00002303,ORD-00007011,SKU-00122,3,2026-01-01,DAMAGED_TRANSIT,LIKE_NEW,1708.68,2026-01-04,RETURN_TO_VENDOR,2026-04-30T04:36:50.726872
RET-00002304,ORD-00045550,SKU-00084,1,2026-04-04,ARRIVED_LATE,DAMAGED,182.65,,RESTOCK,2026-04-30T04:36:50.726872
RET-00002305,ORD-00012582,SKU-00862,2,2025-07-13,CHANGED_MIND,GOOD,658.02,2025-07-16,RETURN_TO_VENDOR,2026-04-30T04:36:50.726872
RET-00002306,ORD-00010807,SKU-00843,4,2025-12-29,DAMAGED_TRANSIT,UNSELLABLE,2344.72,,DESTROY,2026-04-30T04:36:50.726872
RET-00002307,ORD-00038947,SKU-00033,1,2025-09-20,CHANGED_MIND,NEW,311.13,2025-09-27,RESTOCK,2026-04-30T04:36:50.726872
RET-00002308,ORD-00044071,SKU-00127,1,2025-11-01,WRONG_ITEM,GOOD,589.58,2025-11-02,RESTOCK,2026-04-30T04:36:50.726872
RET-00002309,ORD-00044601,SKU-00524,3,2025-10-20,DAMAGED_TRANSIT,GOOD,4114.26,2025-10-23,RESTOCK,2026-04-30T04:36:50.726872
RET-00002310,ORD-00005948,SKU-00881,3,2025-04-30,NOT_AS_DESCRIBED,NEW,512.85,2025-05-06,DONATE,2026-04-30T04:36:50.726872
RET-00002311,ORD-00003817,SKU-00660,5,2025-11-19,DUPLICATE_ORDER,LIKE_NEW,3149.1,2025-11-23,RETURN_TO_VENDOR,2026-04-30T04:36:50.726872
RET-00002312,ORD-00007400,SKU-00081,1,2025-12-31,NOT_AS_DESCRIBED,NEW,507.33,2026-01-01,REFURBISH,2026-04-30T04:36:50.726872
RET-00002313,ORD-00042112,SKU-00510,3,2025-11-18,DEFECTIVE,NEW,2091.06,2025-11-20,RESTOCK,2026-04-30T04:36:50.726872
RET-00002314,ORD-00029587,SKU-00180,5,2025-11-24,DAMAGED_TRANSIT,LIKE_NEW,985.7,2025-11-27,RESTOCK,2026-04-30T04:36:50.726872
RET-00002315,ORD-00013835,SKU-00060,4,2026-04-16,WRONG_ITEM,NEW,3290.2,2026-04-18,DESTROY,2026-04-30T04:36:50.726872
RET-00002316,ORD-00003634,SKU-00986,5,2026-01-08,CHANGED_MIND,LIKE_NEW,2011.15,2026-01-11,DESTROY,2026-04-30T04:36:50.726872
RET-00002317,ORD-00021334,SKU-00764,5,2026-02-25,DUPLICATE_ORDER,DAMAGED,5463.5,,RETURN_TO_VENDOR,2026-04-30T04:36:50.726872
RET-00002318,ORD-00024045,SKU-00600,2,2025-09-26,DUPLICATE_ORDER,UNSELLABLE,1492.9,,DESTROY,2026-04-30T04:36:50.726872
RET-00002319,ORD-00000395,SKU-00934,4,2026-02-10,NOT_AS_DESCRIBED,FAIR,2526.12,,DESTROY,2026-04-30T04:36:50.726872
RET-00002320,ORD-00043934,SKU-00985,4,2025-05-27,ARRIVED_LATE,GOOD,1819.76,2025-06-01,DESTROY,2026-04-30T04:36:50.726872
RET-00002321,ORD-00043393,SKU-00512,2,2025-12-16,DEFECTIVE,DAMAGED,1506.96,,DONATE,2026-04-30T04:36:50.726872
RET-00002322,ORD-00007937,SKU-00551,4,2025-11-16,DEFECTIVE,DAMAGED,2539.32,,REFURBISH,2026-04-30T04:36:50.726872
RET-00002323,ORD-00023348,SKU-00861,4,2025-06-07,ARRIVED_LATE,NEW,2567.68,2025-06-11,DESTROY,2026-04-30T04:36:50.726872
RET-00002324,ORD-00045157,SKU-00449,3,2025-05-04,DAMAGED_TRANSIT,LIKE_NEW,531.96,2025-05-11,RETURN_TO_VENDOR,2026-04-30T04:36:50.726872
RET-00002325,ORD-00024682,SKU-00700,5,2025-11-07,WRONG_ITEM,LIKE_NEW,1384.1,2025-11-11,RESTOCK,2026-04-30T04:36:50.726872
RET-00002326,ORD-00015335,SKU-00459,1,2025-07-21,ARRIVED_LATE,GOOD,32.97,2025-07-27,RESTOCK,2026-04-30T04:36:50.726872
RET-00002327,ORD-00049029,SKU-00723,5,2025-11-13,DAMAGED_TRANSIT,LIKE_NEW,7124.5,2025-11-15,RESTOCK,2026-04-30T04:36:50.726872
RET-00002328,ORD-00003016,SKU-00043,5,2025-08-20,CHANGED_MIND,LIKE_NEW,1937.5,2025-08-22,RESTOCK,2026-04-30T04:36:50.726872
RET-00002329,ORD-00029299,SKU-00639,3,2026-04-23,NOT_AS_DESCRIBED,GOOD,380.67,2026-04-24,RESTOCK,2026-04-30T04:36:50.726872
RET-00002330,ORD-00010047,SKU-00710,3,2025-07-19,CHANGED_MIND,FAIR,2723.01,,RETURN_TO_VENDOR,2026-04-30T04:36:50.726872
RET-00002331,ORD-00028596,SKU-00690,3,2025-12-18,DEFECTIVE,UNSELLABLE,1605.69,,RESTOCK,2026-04-30T04:36:50.726872
RET-00002332,ORD-00015466,SKU-00006,2,2025-10-03,DAMAGED_TRANSIT,FAIR,797.24,,RETURN_TO_VENDOR,2026-04-30T04:36:50.726872
RET-00002333,ORD-00003241,SKU-00196,4,2026-04-29,NOT_AS_DESCRIBED,DAMAGED,836.28,,RESTOCK,2026-04-30T04:36:50.726872
RET-00002334,ORD-00009007,SKU-00417,4,2026-02-09,NOT_AS_DESCRIBED,FAIR,1523.4,,RESTOCK,2026-04-30T04:36:50.726872
RET-00002335,ORD-00002216,SKU-00702,1,2025-10-15,NOT_AS_DESCRIBED,UNSELLABLE,93.35,,RESTOCK,2026-04-30T04:36:50.726872
RET-00002336,ORD-00037452,SKU-00056,2,2025-09-21,NOT_AS_DESCRIBED,NEW,433.42,2025-09-28,RESTOCK,2026-04-30T04:36:50.726872
RET-00002337,ORD-00011858,SKU-00229,3,2025-08-18,DUPLICATE_ORDER,NEW,1031.52,2025-08-25,RESTOCK,2026-04-30T04:36:50.726872
RET-00002338,ORD-00004930,SKU-00272,5,2025-09-02,DAMAGED_TRANSIT,NEW,2722.75,2025-09-05,RESTOCK,2026-04-30T04:36:50.726872
RET-00002339,ORD-00049521,SKU-00042,5,2025-09-24,DEFECTIVE,LIKE_NEW,866.35,2025-09-29,RESTOCK,2026-04-30T04:36:50.726872
RET-00002340,ORD-00046743,SKU-00132,5,2026-03-26,NOT_AS_DESCRIBED,GOOD,6362.85,2026-03-29,DONATE,2026-04-30T04:36:50.726872
RET-00002341,ORD-00007087,SKU-00461,3,2026-03-08,ARRIVED_LATE,LIKE_NEW,333.21,2026-03-14,RESTOCK,2026-04-30T04:36:50.726872
RET-00002342,ORD-00002836,SKU-00500,2,2026-04-09,DEFECTIVE,FAIR,1465.64,,RETURN_TO_VENDOR,2026-04-30T04:36:50.726872
RET-00002343,ORD-00046438,SKU-00026,4,2026-03-29,DUPLICATE_ORDER,GOOD,2617.32,2026-04-05,RESTOCK,2026-04-30T04:36:50.726872
RET-00002344,ORD-00021272,SKU-00172,3,2025-07-29,DAMAGED_TRANSIT,FAIR,3147.45,,DESTROY,2026-04-30T04:36:50.726872
RET-00002345,ORD-00037161,SKU-00010,4,2025-08-21,DEFECTIVE,UNSELLABLE,1271.84,,REFURBISH,2026-04-30T04:36:50.726872
RET-00002346,ORD-00022338,SKU-00314,5,2025-09-21,ARRIVED_LATE,GOOD,848.35,2025-09-25,REFURBISH,2026-04-30T04:36:50.726872
RET-00002347,ORD-00029775,SKU-00828,4,2026-01-09,DEFECTIVE,GOOD,4975.4,2026-01-10,RESTOCK,2026-04-30T04:36:50.726872
RET-00002348,ORD-00045388,SKU-00662,5,2026-04-23,DEFECTIVE,LIKE_NEW,3972.95,2026-04-25,RESTOCK,2026-04-30T04:36:50.726872
RET-00002349,ORD-00033121,SKU-00343,1,2026-04-29,NOT_AS_DESCRIBED,NEW,267.09,2026-05-05,RESTOCK,2026-04-30T04:36:50.726872
RET-00002350,ORD-00039958,SKU-00112,4,2025-12-26,NOT_AS_DESCRIBED,FAIR,3950.48,,DESTROY,2026-04-30T04:36:50.726872
RET-00002351,ORD-00031916,SKU-00220,5,2025-06-19,DAMAGED_TRANSIT,LIKE_NEW,2673.95,2025-06-24,RESTOCK,2026-04-30T04:36:50.726872
RET-00002352,ORD-00012094,SKU-00772,4,2025-06-05,DEFECTIVE,NEW,2638.0,2025-06-07,RESTOCK,2026-04-30T04:36:50.726872
RET-00002353,ORD-00020470,SKU-00256,4,2026-04-19,NOT_AS_DESCRIBED,GOOD,4599.6,2026-04-23,REFURBISH,2026-04-30T04:36:50.726872
RET-00002354,ORD-00019876,SKU-00729,4,2025-10-20,CHANGED_MIND,NEW,1261.24,2025-10-26,DESTROY,2026-04-30T04:36:50.726872
RET-00002355,ORD-00029068,SKU-00735,3,2026-02-09,DUPLICATE_ORDER,LIKE_NEW,34.44,2026-02-12,REFURBISH,2026-04-30T04:36:50.726872
RET-00002356,ORD-00020802,SKU-00217,3,2025-12-14,ARRIVED_LATE,UNSELLABLE,3177.24,,RESTOCK,2026-04-30T04:36:50.726872
RET-00002357,ORD-00002442,SKU-00172,1,2025-05-26,NOT_AS_DESCRIBED,LIKE_NEW,1049.15,2025-05-28,RESTOCK,2026-04-30T04:36:50.726872
RET-00002358,ORD-00041319,SKU-00294,5,2026-01-14,DEFECTIVE,NEW,62.95,2026-01-19,DESTROY,2026-04-30T04:36:50.726872
RET-00002359,ORD-00006042,SKU-00228,5,2026-01-24,NOT_AS_DESCRIBED,GOOD,1033.45,2026-01-27,RESTOCK,2026-04-30T04:36:50.726872
RET-00002360,ORD-00035499,SKU-00641,2,2025-08-20,WRONG_ITEM,GOOD,1589.24,2025-08-25,DONATE,2026-04-30T04:36:50.726872
RET-00002361,ORD-00016221,SKU-00449,4,2025-12-22,WRONG_ITEM,NEW,709.28,2025-12-28,DESTROY,2026-04-30T04:36:50.726872
RET-00002362,ORD-00005611,SKU-00495,4,2025-10-16,DEFECTIVE,GOOD,2925.56,2025-10-20,RESTOCK,2026-04-30T04:36:50.726872
RET-00002363,ORD-00005753,SKU-00381,2,2026-02-01,DEFECTIVE,LIKE_NEW,1051.28,2026-02-04,DESTROY,2026-04-30T04:36:50.726872
RET-00002364,ORD-00035202,SKU-00715,1,2025-11-15,DEFECTIVE,GOOD,12.65,2025-11-22,RESTOCK,2026-04-30T04:36:50.726872
RET-00002365,ORD-00017915,SKU-00520,1,2025-05-27,NOT_AS_DESCRIBED,LIKE_NEW,775.19,2025-05-28,RESTOCK,2026-04-30T04:36:50.726872
RET-00002366,ORD-00037583,SKU-00071,1,2025-11-20,DEFECTIVE,FAIR,772.17,,DESTROY,2026-04-30T04:36:50.726872
RET-00002367,ORD-00046116,SKU-00551,2,2025-07-27,DUPLICATE_ORDER,UNSELLABLE,1269.66,,REFURBISH,2026-04-30T04:36:50.726872
RET-00002368,ORD-00046609,SKU-00212,1,2025-07-14,NOT_AS_DESCRIBED,GOOD,577.54,2025-07-19,REFURBISH,2026-04-30T04:36:50.726872
RET-00002369,ORD-00031430,SKU-00328,3,2025-09-02,DAMAGED_TRANSIT,GOOD,687.93,2025-09-04,RESTOCK,2026-04-30T04:36:50.726872
RET-00002370,ORD-00041651,SKU-00262,4,2025-06-07,DUPLICATE_ORDER,GOOD,2026.28,2025-06-09,RESTOCK,2026-04-30T04:36:50.726872
RET-00002371,ORD-00029910,SKU-00097,1,2025-12-30,DAMAGED_TRANSIT,LIKE_NEW,814.54,2025-12-31,RESTOCK,2026-04-30T04:36:50.726872
RET-00002372,ORD-00044480,SKU-00579,2,2026-01-04,WRONG_ITEM,GOOD,1621.18,2026-01-05,RESTOCK,2026-04-30T04:36:50.726872
RET-00002373,ORD-00049984,SKU-00892,2,2025-11-17,WRONG_ITEM,LIKE_NEW,657.76,2025-11-24,REFURBISH,2026-04-30T04:36:50.726872
RET-00002374,ORD-00010293,SKU-00525,5,2025-11-15,NOT_AS_DESCRIBED,UNSELLABLE,300.55,,DESTROY,2026-04-30T04:36:50.726872
RET-00002375,ORD-00047183,SKU-00565,2,2026-04-05,WRONG_ITEM,LIKE_NEW,201.28,2026-04-08,REFURBISH,2026-04-30T04:36:50.726872
RET-00002376,ORD-00005214,SKU-00878,2,2025-09-08,WRONG_ITEM,LIKE_NEW,1556.52,2025-09-15,RESTOCK,2026-04-30T04:36:50.726872
RET-00002377,ORD-00001512,SKU-00270,5,2025-05-09,DAMAGED_TRANSIT,DAMAGED,1228.5,,DONATE,2026-04-30T04:36:50.726872
RET-00002378,ORD-00024784,SKU-00417,4,2025-11-01,DEFECTIVE,UNSELLABLE,1523.4,,DONATE,2026-04-30T04:36:50.726872
RET-00002379,ORD-00006479,SKU-00180,1,2025-11-20,DUPLICATE_ORDER,LIKE_NEW,197.14,2025-11-21,REFURBISH,2026-04-30T04:36:50.726872
RET-00002380,ORD-00005103,SKU-00686,5,2026-01-14,DEFECTIVE,FAIR,5841.1,,RETURN_TO_VENDOR,2026-04-30T04:36:50.726872
RET-00002381,ORD-00046005,SKU-00509,5,2025-07-21,WRONG_ITEM,FAIR,548.1,,RETURN_TO_VENDOR,2026-04-30T04:36:50.726872
RET-00002382,ORD-00011557,SKU-00753,4,2025-09-09,CHANGED_MIND,LIKE_NEW,1846.36,2025-09-11,DESTROY,2026-04-30T04:36:50.726872
RET-00002383,ORD-00014921,SKU-00290,3,2025-09-19,DUPLICATE_ORDER,NEW,486.09,2025-09-23,RESTOCK,2026-04-30T04:36:50.726872
RET-00002384,ORD-00002739,SKU-00157,4,2025-09-26,ARRIVED_LATE,UNSELLABLE,95.56,,RETURN_TO_VENDOR,2026-04-30T04:36:50.726872
RET-00002385,ORD-00006397,SKU-00240,3,2025-05-06,CHANGED_MIND,DAMAGED,1370.67,,RESTOCK,2026-04-30T04:36:50.726872
RET-00002386,ORD-00000672,SKU-00112,5,2025-10-14,DEFECTIVE,NEW,4938.1,2025-10-21,DONATE,2026-04-30T04:36:50.726872
RET-00002387,ORD-00031852,SKU-00654,5,2025-06-29,WRONG_ITEM,DAMAGED,3228.6,,RESTOCK,2026-04-30T04:36:50.726872
RET-00002388,ORD-00008399,SKU-00489,1,2026-01-29,CHANGED_MIND,GOOD,161.18,2026-01-30,RETURN_TO_VENDOR,2026-04-30T04:36:50.726872
RET-00002389,ORD-00026240,SKU-00505,2,2026-03-24,ARRIVED_LATE,NEW,2905.24,2026-03-29,RETURN_TO_VENDOR,2026-04-30T04:36:50.726872
RET-00002390,ORD-00017922,SKU-00048,1,2026-04-05,CHANGED_MIND,NEW,505.02,2026-04-06,REFURBISH,2026-04-30T04:36:50.726872
RET-00002391,ORD-00008496,SKU-00686,4,2026-02-22,DUPLICATE_ORDER,DAMAGED,4672.88,,RESTOCK,2026-04-30T04:36:50.726872
RET-00002392,ORD-00048187,SKU-00525,2,2025-08-29,WRONG_ITEM,NEW,120.22,2025-09-05,DESTROY,2026-04-30T04:36:50.726872
RET-00002393,ORD-00015015,SKU-00231,2,2025-10-17,DEFECTIVE,GOOD,38.16,2025-10-21,RESTOCK,2026-04-30T04:36:50.726872
RET-00002394,ORD-00036448,SKU-00202,2,2025-12-06,ARRIVED_LATE,LIKE_NEW,1647.58,2025-12-11,RESTOCK,2026-04-30T04:36:50.726872
RET-00002395,ORD-00021799,SKU-00755,3,2026-01-15,DAMAGED_TRANSIT,GOOD,304.14,2026-01-20,RESTOCK,2026-04-30T04:36:50.726872
RET-00002396,ORD-00021098,SKU-00063,5,2026-02-21,NOT_AS_DESCRIBED,NEW,1067.25,2026-02-27,DESTROY,2026-04-30T04:36:50.726872
RET-00002397,ORD-00013858,SKU-00305,3,2026-03-02,DAMAGED_TRANSIT,UNSELLABLE,1764.54,,RETURN_TO_VENDOR,2026-04-30T04:36:50.726872
RET-00002398,ORD-00004890,SKU-00201,3,2025-09-14,CHANGED_MIND,NEW,2406.99,2025-09-21,RESTOCK,2026-04-30T04:36:50.726872
RET-00002399,ORD-00004504,SKU-00035,3,2025-06-14,DUPLICATE_ORDER,NEW,1156.68,2025-06-18,DONATE,2026-04-30T04:36:50.726872
RET-00002400,ORD-00038736,SKU-00413,3,2025-12-31,CHANGED_MIND,FAIR,13.05,,REFURBISH,2026-04-30T04:36:50.726872
RET-00002401,ORD-00004464,SKU-00353,5,2025-05-27,ARRIVED_LATE,FAIR,4728.0,,RETURN_TO_VENDOR,2026-04-30T04:36:50.726872
RET-00002402,ORD-00010474,SKU-00591,1,2025-06-24,DAMAGED_TRANSIT,FAIR,1069.39,,DESTROY,2026-04-30T04:36:50.726872
RET-00002403,ORD-00037986,SKU-00457,1,2026-01-26,DEFECTIVE,NEW,388.48,2026-01-27,DONATE,2026-04-30T04:36:50.726872
RET-00002404,ORD-00013334,SKU-00328,2,2026-04-07,WRONG_ITEM,GOOD,458.62,2026-04-08,RESTOCK,2026-04-30T04:36:50.726872
RET-00002405,ORD-00042891,SKU-00382,1,2026-02-09,ARRIVED_LATE,LIKE_NEW,338.27,2026-02-15,RESTOCK,2026-04-30T04:36:50.726872
RET-00002406,ORD-00009310,SKU-00801,1,2025-09-09,WRONG_ITEM,GOOD,532.3,2025-09-16,RESTOCK,2026-04-30T04:36:50.726872
RET-00002407,ORD-00009456,SKU-00074,1,2026-04-23,DAMAGED_TRANSIT,DAMAGED,76.61,,RETURN_TO_VENDOR,2026-04-30T04:36:50.726872
RET-00002408,ORD-00006778,SKU-00126,5,2026-01-25,ARRIVED_LATE,FAIR,2468.25,,RESTOCK,2026-04-30T04:36:50.726872
RET-00002409,ORD-00048885,SKU-00207,2,2026-04-14,ARRIVED_LATE,GOOD,2286.66,2026-04-21,RESTOCK,2026-04-30T04:36:50.726872
RET-00002410,ORD-00020724,SKU-00113,5,2026-03-14,DUPLICATE_ORDER,LIKE_NEW,492.3,2026-03-19,REFURBISH,2026-04-30T04:36:50.726872
RET-00002411,ORD-00016306,SKU-00440,2,2026-02-15,WRONG_ITEM,GOOD,1599.4,2026-02-21,RESTOCK,2026-04-30T04:36:50.726872
RET-00002412,ORD-00000233,SKU-00754,5,2025-10-03,WRONG_ITEM,GOOD,2298.0,2025-10-07,RESTOCK,2026-04-30T04:36:50.726872
RET-00002413,ORD-00043794,SKU-00790,3,2026-01-22,CHANGED_MIND,LIKE_NEW,1674.15,2026-01-29,RESTOCK,2026-04-30T04:36:50.726872
RET-00002414,ORD-00008095,SKU-00574,1,2026-03-17,ARRIVED_LATE,FAIR,582.23,,RESTOCK,2026-04-30T04:36:50.726872
RET-00002415,ORD-00022697,SKU-00446,2,2025-05-24,WRONG_ITEM,GOOD,145.34,2025-05-26,RESTOCK,2026-04-30T04:36:50.726872
RET-00002416,ORD-00028350,SKU-00673,1,2025-12-01,DAMAGED_TRANSIT,GOOD,854.94,2025-12-02,DONATE,2026-04-30T04:36:50.726872
RET-00002417,ORD-00029580,SKU-00549,3,2025-11-12,WRONG_ITEM,FAIR,133.23,,RESTOCK,2026-04-30T04:36:50.726872
RET-00002418,ORD-00046651,SKU-00055,3,2025-07-24,NOT_AS_DESCRIBED,GOOD,4072.47,2025-07-28,DONATE,2026-04-30T04:36:50.726872
RET-00002419,ORD-00041439,SKU-00844,1,2025-09-01,ARRIVED_LATE,FAIR,478.84,,RETURN_TO_VENDOR,2026-04-30T04:36:50.726872
RET-00002420,ORD-00027462,SKU-00081,1,2026-02-13,CHANGED_MIND,LIKE_NEW,507.33,2026-02-17,RESTOCK,2026-04-30T04:36:50.726872
RET-00002421,ORD-00005208,SKU-00968,1,2025-05-06,DUPLICATE_ORDER,NEW,986.57,2025-05-07,RETURN_TO_VENDOR,2026-04-30T04:36:50.726872
RET-00002422,ORD-00031159,SKU-00411,4,2025-11-10,ARRIVED_LATE,GOOD,1868.44,2025-11-17,DESTROY,2026-04-30T04:36:50.726872
RET-00002423,ORD-00001579,SKU-00060,1,2025-08-23,ARRIVED_LATE,GOOD,822.55,2025-08-30,REFURBISH,2026-04-30T04:36:50.726872
RET-00002424,ORD-00029354,SKU-00527,5,2025-05-19,DEFECTIVE,UNSELLABLE,3796.2,,REFURBISH,2026-04-30T04:36:50.726872
RET-00002425,ORD-00009182,SKU-00728,3,2025-09-02,WRONG_ITEM,GOOD,421.89,2025-09-03,RESTOCK,2026-04-30T04:36:50.726872
RET-00002426,ORD-00019626,SKU-00903,3,2026-04-21,CHANGED_MIND,GOOD,1612.47,2026-04-22,RESTOCK,2026-04-30T04:36:50.726872
RET-00002427,ORD-00030937,SKU-00971,2,2025-06-02,DAMAGED_TRANSIT,NEW,1976.92,2025-06-09,DESTROY,2026-04-30T04:36:50.726872
RET-00002428,ORD-00004284,SKU-00193,3,2025-04-30,NOT_AS_DESCRIBED,NEW,682.02,2025-05-05,DONATE,2026-04-30T04:36:50.726872
RET-00002429,ORD-00007720,SKU-00205,2,2025-06-24,DEFECTIVE,DAMAGED,300.68,,REFURBISH,2026-04-30T04:36:50.726872
RET-00002430,ORD-00045866,SKU-00479,5,2025-07-12,DUPLICATE_ORDER,GOOD,5170.55,2025-07-19,DESTROY,2026-04-30T04:36:50.726872
RET-00002431,ORD-00009138,SKU-00577,3,2025-05-17,WRONG_ITEM,DAMAGED,1264.74,,RESTOCK,2026-04-30T04:36:50.726872
RET-00002432,ORD-00022081,SKU-00469,4,2026-02-20,NOT_AS_DESCRIBED,GOOD,2062.76,2026-02-22,RETURN_TO_VENDOR,2026-04-30T04:36:50.726872
RET-00002433,ORD-00022811,SKU-00741,4,2025-10-06,NOT_AS_DESCRIBED,GOOD,1324.96,2025-10-11,DESTROY,2026-04-30T04:36:50.726872
RET-00002434,ORD-00018834,SKU-00617,4,2026-02-16,CHANGED_MIND,NEW,858.4,2026-02-21,REFURBISH,2026-04-30T04:36:50.726872
RET-00002435,ORD-00041647,SKU-00889,1,2025-05-25,DUPLICATE_ORDER,DAMAGED,461.44,,REFURBISH,2026-04-30T04:36:50.726872
RET-00002436,ORD-00034713,SKU-00930,4,2025-06-07,DUPLICATE_ORDER,NEW,1737.84,2025-06-08,RESTOCK,2026-04-30T04:36:50.726872
RET-00002437,ORD-00008364,SKU-00139,4,2025-10-24,CHANGED_MIND,GOOD,486.88,2025-10-30,RESTOCK,2026-04-30T04:36:50.726872
RET-00002438,ORD-00029197,SKU-00090,3,2025-09-26,NOT_AS_DESCRIBED,LIKE_NEW,846.84,2025-10-01,REFURBISH,2026-04-30T04:36:50.726872
RET-00002439,ORD-00038798,SKU-00187,1,2025-12-29,DEFECTIVE,GOOD,332.98,2026-01-01,DONATE,2026-04-30T04:36:50.726872
RET-00002440,ORD-00030573,SKU-00462,4,2025-05-20,CHANGED_MIND,GOOD,4029.84,2025-05-27,RESTOCK,2026-04-30T04:36:50.726872
RET-00002441,ORD-00032283,SKU-00534,5,2025-11-01,WRONG_ITEM,GOOD,3156.45,2025-11-06,RESTOCK,2026-04-30T04:36:50.726872
RET-00002442,ORD-00034857,SKU-00529,2,2025-07-08,DUPLICATE_ORDER,FAIR,491.62,,RESTOCK,2026-04-30T04:36:50.726872
RET-00002443,ORD-00001497,SKU-00466,4,2025-07-07,ARRIVED_LATE,LIKE_NEW,3050.08,2025-07-10,REFURBISH,2026-04-30T04:36:50.726872
RET-00002444,ORD-00026441,SKU-00705,1,2025-08-12,DEFECTIVE,LIKE_NEW,597.16,2025-08-19,RESTOCK,2026-04-30T04:36:50.726872
RET-00002445,ORD-00008275,SKU-00333,3,2025-05-14,WRONG_ITEM,LIKE_NEW,1829.43,2025-05-17,DONATE,2026-04-30T04:36:50.726872
RET-00002446,ORD-00000932,SKU-00539,4,2025-08-08,DUPLICATE_ORDER,GOOD,2583.24,2025-08-13,RESTOCK,2026-04-30T04:36:50.726872
RET-00002447,ORD-00003917,SKU-00409,2,2025-04-29,DAMAGED_TRANSIT,LIKE_NEW,1134.76,2025-05-04,REFURBISH,2026-04-30T04:36:50.726872
RET-00002448,ORD-00024331,SKU-00226,4,2025-11-02,WRONG_ITEM,UNSELLABLE,1341.84,,RETURN_TO_VENDOR,2026-04-30T04:36:50.726872
RET-00002449,ORD-00021143,SKU-00937,5,2026-01-12,DUPLICATE_ORDER,GOOD,4946.8,2026-01-13,RESTOCK,2026-04-30T04:36:50.726872
RET-00002450,ORD-00013511,SKU-00267,3,2025-11-04,WRONG_ITEM,GOOD,3989.16,2025-11-07,RESTOCK,2026-04-30T04:36:50.726872
RET-00002451,ORD-00047553,SKU-00351,5,2025-05-04,WRONG_ITEM,FAIR,1399.7,,RETURN_TO_VENDOR,2026-04-30T04:36:50.726872
RET-00002452,ORD-00035292,SKU-00455,2,2025-12-28,CHANGED_MIND,GOOD,765.5,2026-01-02,RETURN_TO_VENDOR,2026-04-30T04:36:50.726872
RET-00002453,ORD-00020968,SKU-00484,1,2026-02-01,NOT_AS_DESCRIBED,FAIR,1014.66,,DONATE,2026-04-30T04:36:50.726872
RET-00002454,ORD-00023571,SKU-00121,5,2025-05-11,NOT_AS_DESCRIBED,GOOD,1231.55,2025-05-15,REFURBISH,2026-04-30T04:36:50.726872
RET-00002455,ORD-00010771,SKU-00223,1,2026-02-10,ARRIVED_LATE,GOOD,768.81,2026-02-14,RESTOCK,2026-04-30T04:36:50.726872
RET-00002456,ORD-00000132,SKU-00574,4,2025-10-09,CHANGED_MIND,FAIR,2328.92,,DESTROY,2026-04-30T04:36:50.726872
RET-00002457,ORD-00003063,SKU-00867,2,2026-03-20,DAMAGED_TRANSIT,LIKE_NEW,2326.1,2026-03-22,RESTOCK,2026-04-30T04:36:50.726872
RET-00002458,ORD-00033945,SKU-00620,4,2026-04-05,ARRIVED_LATE,FAIR,2587.04,,RETURN_TO_VENDOR,2026-04-30T04:36:50.726872
RET-00002459,ORD-00038050,SKU-00060,1,2026-03-12,NOT_AS_DESCRIBED,NEW,822.55,2026-03-16,RESTOCK,2026-04-30T04:36:50.726872
RET-00002460,ORD-00007082,SKU-00990,4,2025-05-06,ARRIVED_LATE,DAMAGED,541.84,,RESTOCK,2026-04-30T04:36:50.726872
RET-00002461,ORD-00039496,SKU-00787,2,2025-05-11,ARRIVED_LATE,LIKE_NEW,136.18,2025-05-16,DESTROY,2026-04-30T04:36:50.726872
RET-00002462,ORD-00045328,SKU-00240,3,2026-04-25,DUPLICATE_ORDER,NEW,1370.67,2026-04-28,RETURN_TO_VENDOR,2026-04-30T04:36:50.726872
RET-00002463,ORD-00017944,SKU-00590,1,2025-09-03,NOT_AS_DESCRIBED,DAMAGED,1216.66,,RESTOCK,2026-04-30T04:36:50.726872
RET-00002464,ORD-00021333,SKU-00100,3,2025-06-15,DUPLICATE_ORDER,LIKE_NEW,92.46,2025-06-22,RESTOCK,2026-04-30T04:36:50.726872
RET-00002465,ORD-00038231,SKU-00709,1,2025-08-02,WRONG_ITEM,DAMAGED,645.67,,RESTOCK,2026-04-30T04:36:50.726872
RET-00002466,ORD-00009736,SKU-00170,5,2026-04-06,CHANGED_MIND,LIKE_NEW,3547.4,2026-04-12,RETURN_TO_VENDOR,2026-04-30T04:36:50.726872
RET-00002467,ORD-00009956,SKU-00475,1,2025-09-19,DEFECTIVE,DAMAGED,411.9,,RESTOCK,2026-04-30T04:36:50.726872
RET-00002468,ORD-00031674,SKU-00359,5,2025-09-06,DEFECTIVE,NEW,6810.85,2025-09-08,DESTROY,2026-04-30T04:36:50.726872
RET-00002469,ORD-00047385,SKU-00020,4,2026-03-19,DAMAGED_TRANSIT,LIKE_NEW,2135.84,2026-03-22,RESTOCK,2026-04-30T04:36:50.726872
RET-00002470,ORD-00021199,SKU-00123,1,2026-01-28,ARRIVED_LATE,GOOD,362.26,2026-02-02,RESTOCK,2026-04-30T04:36:50.726872
RET-00002471,ORD-00018126,SKU-00279,4,2026-02-09,DEFECTIVE,FAIR,1643.2,,DESTROY,2026-04-30T04:36:50.726872
RET-00002472,ORD-00045101,SKU-00358,5,2025-09-19,NOT_AS_DESCRIBED,GOOD,5402.75,2025-09-22,RESTOCK,2026-04-30T04:36:50.726872
RET-00002473,ORD-00005090,SKU-00254,3,2025-07-15,WRONG_ITEM,UNSELLABLE,3125.52,,RETURN_TO_VENDOR,2026-04-30T04:36:50.726872
RET-00002474,ORD-00014774,SKU-00510,5,2025-11-22,DUPLICATE_ORDER,LIKE_NEW,3485.1,2025-11-27,RESTOCK,2026-04-30T04:36:50.726872
RET-00002475,ORD-00008667,SKU-00599,3,2025-11-18,NOT_AS_DESCRIBED,DAMAGED,650.91,,REFURBISH,2026-04-30T04:36:50.726872
RET-00002476,ORD-00016867,SKU-00384,5,2025-08-13,CHANGED_MIND,FAIR,4036.65,,REFURBISH,2026-04-30T04:36:50.726872
RET-00002477,ORD-00007126,SKU-00028,3,2025-08-10,CHANGED_MIND,GOOD,693.18,2025-08-12,RETURN_TO_VENDOR,2026-04-30T04:36:50.726872
RET-00002478,ORD-00023983,SKU-00263,5,2025-08-02,DEFECTIVE,FAIR,4013.1,,RESTOCK,2026-04-30T04:36:50.726872
RET-00002479,ORD-00037811,SKU-00354,4,2025-10-18,WRONG_ITEM,LIKE_NEW,1990.32,2025-10-22,REFURBISH,2026-04-30T04:36:50.726872
RET-00002480,ORD-00009682,SKU-00523,2,2026-04-02,CHANGED_MIND,DAMAGED,716.96,,DONATE,2026-04-30T04:36:50.726872
RET-00002481,ORD-00042831,SKU-00416,4,2025-10-10,DUPLICATE_ORDER,DAMAGED,571.68,,REFURBISH,2026-04-30T04:36:50.726872
RET-00002482,ORD-00035629,SKU-00406,1,2026-01-03,DEFECTIVE,GOOD,1128.86,2026-01-07,RESTOCK,2026-04-30T04:36:50.726872
RET-00002483,ORD-00043434,SKU-00324,2,2025-08-19,DEFECTIVE,GOOD,490.92,2025-08-20,REFURBISH,2026-04-30T04:36:50.726872
RET-00002484,ORD-00012647,SKU-00327,2,2025-09-16,CHANGED_MIND,DAMAGED,1541.9,,DESTROY,2026-04-30T04:36:50.726872
RET-00002485,ORD-00037805,SKU-00268,1,2026-01-08,CHANGED_MIND,FAIR,514.38,,REFURBISH,2026-04-30T04:36:50.726872
RET-00002486,ORD-00027280,SKU-00415,4,2025-07-13,ARRIVED_LATE,DAMAGED,2991.88,,DESTROY,2026-04-30T04:36:50.726872
RET-00002487,ORD-00039408,SKU-00276,1,2025-06-24,DAMAGED_TRANSIT,UNSELLABLE,341.05,,RETURN_TO_VENDOR,2026-04-30T04:36:50.726872
RET-00002488,ORD-00028139,SKU-00673,5,2025-09-04,DAMAGED_TRANSIT,GOOD,4274.7,2025-09-05,RESTOCK,2026-04-30T04:36:50.726872
RET-00002489,ORD-00014236,SKU-00148,2,2025-09-18,CHANGED_MIND,UNSELLABLE,140.2,,REFURBISH,2026-04-30T04:36:50.726872
RET-00002490,ORD-00044294,SKU-00905,4,2025-05-21,DAMAGED_TRANSIT,UNSELLABLE,1159.88,,RETURN_TO_VENDOR,2026-04-30T04:36:50.726872
RET-00002491,ORD-00011992,SKU-00685,5,2025-08-10,CHANGED_MIND,GOOD,4378.85,2025-08-13,RESTOCK,2026-04-30T04:36:50.726872
RET-00002492,ORD-00015749,SKU-00820,1,2025-09-22,DEFECTIVE,DAMAGED,49.29,,RESTOCK,2026-04-30T04:36:50.726872
RET-00002493,ORD-00014785,SKU-00456,3,2025-06-20,DAMAGED_TRANSIT,UNSELLABLE,160.02,,DONATE,2026-04-30T04:36:50.726872
RET-00002494,ORD-00023865,SKU-00287,2,2025-06-06,WRONG_ITEM,GOOD,1638.64,2025-06-09,RETURN_TO_VENDOR,2026-04-30T04:36:50.726872
RET-00002495,ORD-00047106,SKU-00568,4,2026-02-03,WRONG_ITEM,LIKE_NEW,1572.0,2026-02-06,REFURBISH,2026-04-30T04:36:50.726872
RET-00002496,ORD-00029815,SKU-00862,5,2026-04-18,ARRIVED_LATE,NEW,1645.05,2026-04-22,RESTOCK,2026-04-30T04:36:50.726872
RET-00002497,ORD-00009034,SKU-00434,3,2026-03-15,WRONG_ITEM,GOOD,2895.3,2026-03-19,REFURBISH,2026-04-30T04:36:50.726872
RET-00002498,ORD-00017843,SKU-00365,1,2026-01-11,DAMAGED_TRANSIT,LIKE_NEW,149.16,2026-01-16,RESTOCK,2026-04-30T04:36:50.726872
RET-00002499,ORD-00046225,SKU-00063,4,2026-02-27,ARRIVED_LATE,LIKE_NEW,853.8,2026-03-04,RESTOCK,2026-04-30T04:36:50.726872
RET-00002500,ORD-00026797,SKU-00370,5,2025-07-25,DUPLICATE_ORDER,FAIR,2840.45,,RESTOCK,2026-04-30T04:36:50.726872
RET-00002501,ORD-00031647,SKU-00282,5,2025-09-10,ARRIVED_LATE,FAIR,3089.2,,RESTOCK,2026-04-30T04:36:50.726872
RET-00002502,ORD-00039634,SKU-00266,4,2026-01-13,DEFECTIVE,FAIR,2899.84,,RESTOCK,2026-04-30T04:36:50.726872
RET-00002503,ORD-00002642,SKU-00015,4,2025-11-07,WRONG_ITEM,DAMAGED,3750.56,,DESTROY,2026-04-30T04:36:50.726872
RET-00002504,ORD-00030141,SKU-00350,1,2025-06-24,WRONG_ITEM,UNSELLABLE,51.72,,RESTOCK,2026-04-30T04:36:50.726872
RET-00002505,ORD-00035797,SKU-00294,5,2026-02-25,NOT_AS_DESCRIBED,DAMAGED,62.95,,RESTOCK,2026-04-30T04:36:50.726872
RET-00002506,ORD-00000277,SKU-00331,5,2025-12-09,NOT_AS_DESCRIBED,NEW,2534.8,2025-12-15,REFURBISH,2026-04-30T04:36:50.726872
RET-00002507,ORD-00021126,SKU-00243,1,2025-10-11,DUPLICATE_ORDER,GOOD,598.91,2025-10-13,RESTOCK,2026-04-30T04:36:50.726872
RET-00002508,ORD-00009438,SKU-00593,3,2025-10-23,CHANGED_MIND,UNSELLABLE,1431.18,,RESTOCK,2026-04-30T04:36:50.726872
RET-00002509,ORD-00011637,SKU-00286,4,2025-09-19,DEFECTIVE,FAIR,623.92,,RESTOCK,2026-04-30T04:36:50.726872
RET-00002510,ORD-00031443,SKU-00042,3,2025-12-21,DEFECTIVE,GOOD,519.81,2025-12-28,RETURN_TO_VENDOR,2026-04-30T04:36:50.726872
RET-00002511,ORD-00041532,SKU-00874,4,2025-06-20,NOT_AS_DESCRIBED,GOOD,1744.52,2025-06-22,RESTOCK,2026-04-30T04:36:50.726872
RET-00002512,ORD-00002778,SKU-00443,1,2026-02-11,DEFECTIVE,UNSELLABLE,940.63,,DESTROY,2026-04-30T04:36:50.726872
RET-00002513,ORD-00012425,SKU-00142,2,2025-07-28,ARRIVED_LATE,UNSELLABLE,2057.36,,RESTOCK,2026-04-30T04:36:50.726872
RET-00002514,ORD-00023697,SKU-00593,4,2025-07-20,DAMAGED_TRANSIT,NEW,1908.24,2025-07-23,REFURBISH,2026-04-30T04:36:50.726872
RET-00002515,ORD-00035251,SKU-00971,1,2025-10-18,DEFECTIVE,DAMAGED,988.46,,RETURN_TO_VENDOR,2026-04-30T04:36:50.726872
RET-00002516,ORD-00019218,SKU-00540,3,2025-08-07,WRONG_ITEM,LIKE_NEW,3040.86,2025-08-10,RESTOCK,2026-04-30T04:36:50.726872
RET-00002517,ORD-00047879,SKU-00253,4,2026-04-25,WRONG_ITEM,LIKE_NEW,2487.68,2026-04-26,DESTROY,2026-04-30T04:36:50.726872
RET-00002518,ORD-00020370,SKU-00883,3,2025-10-18,ARRIVED_LATE,FAIR,647.01,,REFURBISH,2026-04-30T04:36:50.726872
RET-00002519,ORD-00003274,SKU-00939,5,2025-06-19,WRONG_ITEM,NEW,3689.5,2025-06-23,DESTROY,2026-04-30T04:36:50.726872
RET-00002520,ORD-00029440,SKU-00515,2,2026-03-18,DAMAGED_TRANSIT,GOOD,1300.2,2026-03-24,REFURBISH,2026-04-30T04:36:50.726872
RET-00002521,ORD-00041188,SKU-00349,2,2025-07-07,NOT_AS_DESCRIBED,FAIR,1487.9,,DESTROY,2026-04-30T04:36:50.726872
RET-00002522,ORD-00035763,SKU-00557,2,2025-12-12,NOT_AS_DESCRIBED,LIKE_NEW,2777.56,2025-12-19,RETURN_TO_VENDOR,2026-04-30T04:36:50.726872
RET-00002523,ORD-00037052,SKU-00309,1,2026-01-26,ARRIVED_LATE,LIKE_NEW,948.84,2026-01-31,RESTOCK,2026-04-30T04:36:50.726872
RET-00002524,ORD-00009257,SKU-00367,1,2025-06-03,DAMAGED_TRANSIT,DAMAGED,674.31,,DONATE,2026-04-30T04:36:50.726872
RET-00002525,ORD-00013944,SKU-00047,5,2025-05-19,NOT_AS_DESCRIBED,LIKE_NEW,2542.95,2025-05-25,DONATE,2026-04-30T04:36:50.726872
RET-00002526,ORD-00024709,SKU-00363,4,2026-02-02,NOT_AS_DESCRIBED,FAIR,3259.92,,RETURN_TO_VENDOR,2026-04-30T04:36:50.726872
RET-00002527,ORD-00020218,SKU-00736,4,2025-09-25,DEFECTIVE,NEW,1322.48,2025-09-28,RESTOCK,2026-04-30T04:36:50.726872
RET-00002528,ORD-00005092,SKU-00670,1,2025-07-24,CHANGED_MIND,DAMAGED,1158.15,,RETURN_TO_VENDOR,2026-04-30T04:36:50.726872
RET-00002529,ORD-00006841,SKU-00360,2,2025-10-12,ARRIVED_LATE,LIKE_NEW,1569.86,2025-10-14,RESTOCK,2026-04-30T04:36:50.726872
RET-00002530,ORD-00040157,SKU-00938,3,2025-11-10,DAMAGED_TRANSIT,UNSELLABLE,1229.04,,RESTOCK,2026-04-30T04:36:50.726872
RET-00002531,ORD-00048691,SKU-00497,3,2025-06-22,WRONG_ITEM,FAIR,1743.84,,DESTROY,2026-04-30T04:36:50.726872
RET-00002532,ORD-00038662,SKU-00295,1,2026-02-19,ARRIVED_LATE,GOOD,28.94,2026-02-21,RETURN_TO_VENDOR,2026-04-30T04:36:50.726872
RET-00002533,ORD-00006560,SKU-00793,3,2025-06-08,DAMAGED_TRANSIT,GOOD,488.58,2025-06-11,RESTOCK,2026-04-30T04:36:50.726872
RET-00002534,ORD-00031520,SKU-00959,3,2025-10-14,ARRIVED_LATE,GOOD,1029.36,2025-10-17,REFURBISH,2026-04-30T04:36:50.726872
RET-00002535,ORD-00013287,SKU-00140,3,2025-06-24,CHANGED_MIND,NEW,2666.58,2025-06-26,REFURBISH,2026-04-30T04:36:50.726872
RET-00002536,ORD-00036806,SKU-00762,1,2025-05-09,NOT_AS_DESCRIBED,DAMAGED,67.71,,RESTOCK,2026-04-30T04:36:50.726872
RET-00002537,ORD-00017850,SKU-00246,4,2025-10-11,CHANGED_MIND,UNSELLABLE,1630.32,,RESTOCK,2026-04-30T04:36:50.726872
RET-00002538,ORD-00001758,SKU-00810,3,2025-08-17,DUPLICATE_ORDER,DAMAGED,225.48,,REFURBISH,2026-04-30T04:36:50.726872
RET-00002539,ORD-00038630,SKU-00394,5,2025-10-27,ARRIVED_LATE,LIKE_NEW,2807.05,2025-10-31,RESTOCK,2026-04-30T04:36:50.726872
RET-00002540,ORD-00029851,SKU-00139,1,2026-03-21,CHANGED_MIND,UNSELLABLE,121.72,,RESTOCK,2026-04-30T04:36:50.726872
RET-00002541,ORD-00020919,SKU-00281,4,2025-11-12,DUPLICATE_ORDER,DAMAGED,4730.92,,RESTOCK,2026-04-30T04:36:50.726872
RET-00002542,ORD-00026975,SKU-00802,5,2025-09-21,DEFECTIVE,FAIR,5083.85,,RESTOCK,2026-04-30T04:36:50.726872
RET-00002543,ORD-00038705,SKU-00727,5,2026-02-09,DEFECTIVE,LIKE_NEW,1282.25,2026-02-12,RESTOCK,2026-04-30T04:36:50.726872
RET-00002544,ORD-00047026,SKU-00094,5,2025-12-18,NOT_AS_DESCRIBED,UNSELLABLE,3390.5,,RESTOCK,2026-04-30T04:36:50.726872
RET-00002545,ORD-00031179,SKU-00332,3,2026-01-22,CHANGED_MIND,GOOD,781.11,2026-01-26,RESTOCK,2026-04-30T04:36:50.726872
RET-00002546,ORD-00001041,SKU-00668,1,2025-08-08,DUPLICATE_ORDER,GOOD,426.35,2025-08-15,REFURBISH,2026-04-30T04:36:50.726872
RET-00002547,ORD-00029696,SKU-00864,5,2026-01-11,ARRIVED_LATE,NEW,5244.85,2026-01-12,REFURBISH,2026-04-30T04:36:50.726872
RET-00002548,ORD-00013343,SKU-00055,3,2026-02-19,DAMAGED_TRANSIT,DAMAGED,4072.47,,RETURN_TO_VENDOR,2026-04-30T04:36:50.726872
RET-00002549,ORD-00031363,SKU-00161,3,2026-04-24,WRONG_ITEM,GOOD,3665.46,2026-04-26,RESTOCK,2026-04-30T04:36:50.726872
RET-00002550,ORD-00043877,SKU-00922,1,2026-01-13,CHANGED_MIND,GOOD,1506.21,2026-01-15,REFURBISH,2026-04-30T04:36:50.726872
RET-00002551,ORD-00032569,SKU-00754,4,2025-09-05,WRONG_ITEM,DAMAGED,1838.4,,DESTROY,2026-04-30T04:36:50.726872
RET-00002552,ORD-00036735,SKU-00034,3,2026-04-21,NOT_AS_DESCRIBED,LIKE_NEW,1144.05,2026-04-22,DESTROY,2026-04-30T04:36:50.726872
RET-00002553,ORD-00001634,SKU-00693,4,2025-08-02,DAMAGED_TRANSIT,UNSELLABLE,3022.08,,RESTOCK,2026-04-30T04:36:50.726872
RET-00002554,ORD-00041434,SKU-00618,5,2025-10-22,DUPLICATE_ORDER,LIKE_NEW,2542.5,2025-10-24,DESTROY,2026-04-30T04:36:50.726872
RET-00002555,ORD-00024785,SKU-00203,5,2026-04-09,DAMAGED_TRANSIT,NEW,1607.45,2026-04-14,RETURN_TO_VENDOR,2026-04-30T04:36:50.726872
RET-00002556,ORD-00017709,SKU-00217,1,2025-10-16,DEFECTIVE,GOOD,1059.08,2025-10-23,RESTOCK,2026-04-30T04:36:50.726872
RET-00002557,ORD-00041036,SKU-00255,5,2025-10-31,DEFECTIVE,GOOD,806.0,2025-11-04,RESTOCK,2026-04-30T04:36:50.726872
RET-00002558,ORD-00033534,SKU-00663,5,2025-07-30,DUPLICATE_ORDER,UNSELLABLE,2201.55,,RESTOCK,2026-04-30T04:36:50.726872
RET-00002559,ORD-00003527,SKU-00232,2,2026-03-22,NOT_AS_DESCRIBED,GOOD,754.96,2026-03-24,DESTROY,2026-04-30T04:36:50.726872
RET-00002560,ORD-00046691,SKU-00501,3,2026-02-20,CHANGED_MIND,LIKE_NEW,767.49,2026-02-22,RETURN_TO_VENDOR,2026-04-30T04:36:50.726872
RET-00002561,ORD-00006583,SKU-00190,4,2025-10-27,ARRIVED_LATE,GOOD,2610.04,2025-11-02,DONATE,2026-04-30T04:36:50.726872
RET-00002562,ORD-00045193,SKU-00797,1,2026-01-21,WRONG_ITEM,NEW,994.83,2026-01-24,RETURN_TO_VENDOR,2026-04-30T04:36:50.726872
RET-00002563,ORD-00030451,SKU-00467,3,2026-04-20,NOT_AS_DESCRIBED,DAMAGED,968.94,,DESTROY,2026-04-30T04:36:50.726872
RET-00002564,ORD-00019498,SKU-00389,2,2025-10-03,DEFECTIVE,FAIR,150.66,,REFURBISH,2026-04-30T04:36:50.726872
RET-00002565,ORD-00010959,SKU-00873,3,2025-06-09,CHANGED_MIND,GOOD,1569.48,2025-06-10,RETURN_TO_VENDOR,2026-04-30T04:36:50.726872
RET-00002566,ORD-00001704,SKU-00606,3,2025-11-05,ARRIVED_LATE,GOOD,844.65,2025-11-06,DESTROY,2026-04-30T04:36:50.726872
RET-00002567,ORD-00031127,SKU-00976,1,2025-05-05,CHANGED_MIND,FAIR,104.3,,RESTOCK,2026-04-30T04:36:50.726872
RET-00002568,ORD-00018624,SKU-00798,5,2026-01-01,DEFECTIVE,UNSELLABLE,4164.55,,RETURN_TO_VENDOR,2026-04-30T04:36:50.726872
RET-00002569,ORD-00007229,SKU-00707,3,2025-10-06,NOT_AS_DESCRIBED,DAMAGED,796.2,,REFURBISH,2026-04-30T04:36:50.726872
RET-00002570,ORD-00042104,SKU-00264,2,2025-06-20,DEFECTIVE,GOOD,69.06,2025-06-21,RESTOCK,2026-04-30T04:36:50.726872
RET-00002571,ORD-00032561,SKU-00522,5,2025-12-11,ARRIVED_LATE,DAMAGED,2850.05,,RESTOCK,2026-04-30T04:36:50.726872
RET-00002572,ORD-00043360,SKU-00465,2,2025-12-02,ARRIVED_LATE,NEW,380.52,2025-12-07,RESTOCK,2026-04-30T04:36:50.726872
RET-00002573,ORD-00017727,SKU-00687,2,2026-03-31,WRONG_ITEM,DAMAGED,278.5,,RESTOCK,2026-04-30T04:36:50.726872
RET-00002574,ORD-00046963,SKU-00280,5,2025-08-30,DEFECTIVE,UNSELLABLE,2515.05,,RESTOCK,2026-04-30T04:36:50.726872
RET-00002575,ORD-00009590,SKU-00697,3,2026-01-11,ARRIVED_LATE,FAIR,1157.28,,RETURN_TO_VENDOR,2026-04-30T04:36:50.726872
RET-00002576,ORD-00045551,SKU-00194,1,2026-03-09,NOT_AS_DESCRIBED,DAMAGED,73.25,,REFURBISH,2026-04-30T04:36:50.726872
RET-00002577,ORD-00002185,SKU-00506,1,2026-02-17,WRONG_ITEM,GOOD,1073.51,2026-02-19,DONATE,2026-04-30T04:36:50.726872
RET-00002578,ORD-00026539,SKU-00931,5,2025-09-07,DAMAGED_TRANSIT,LIKE_NEW,929.05,2025-09-09,RETURN_TO_VENDOR,2026-04-30T04:36:50.726872
RET-00002579,ORD-00008411,SKU-00026,5,2025-10-24,ARRIVED_LATE,FAIR,3271.65,,RESTOCK,2026-04-30T04:36:50.726872
RET-00002580,ORD-00040998,SKU-00048,1,2025-05-06,DAMAGED_TRANSIT,UNSELLABLE,505.02,,DONATE,2026-04-30T04:36:50.726872
RET-00002581,ORD-00043605,SKU-00538,2,2026-04-08,ARRIVED_LATE,DAMAGED,188.48,,REFURBISH,2026-04-30T04:36:50.726872
RET-00002582,ORD-00028968,SKU-00094,5,2025-06-20,DUPLICATE_ORDER,FAIR,3390.5,,RESTOCK,2026-04-30T04:36:50.726872
RET-00002583,ORD-00037342,SKU-00370,5,2026-03-26,ARRIVED_LATE,LIKE_NEW,2840.45,2026-03-29,RETURN_TO_VENDOR,2026-04-30T04:36:50.726872
RET-00002584,ORD-00034433,SKU-00412,3,2025-06-05,CHANGED_MIND,LIKE_NEW,1510.02,2025-06-09,RESTOCK,2026-04-30T04:36:50.726872
RET-00002585,ORD-00007954,SKU-00388,3,2025-09-13,ARRIVED_LATE,GOOD,1699.65,2025-09-20,RESTOCK,2026-04-30T04:36:50.726872
RET-00002586,ORD-00017274,SKU-00379,1,2026-04-24,NOT_AS_DESCRIBED,GOOD,111.26,2026-04-25,REFURBISH,2026-04-30T04:36:50.726872
RET-00002587,ORD-00006664,SKU-00362,4,2025-10-27,DAMAGED_TRANSIT,DAMAGED,3371.96,,RESTOCK,2026-04-30T04:36:50.726872
RET-00002588,ORD-00033470,SKU-00206,1,2025-08-18,CHANGED_MIND,GOOD,552.16,2025-08-24,RETURN_TO_VENDOR,2026-04-30T04:36:50.726872
RET-00002589,ORD-00012532,SKU-00168,1,2025-12-14,DAMAGED_TRANSIT,NEW,463.84,2025-12-17,RETURN_TO_VENDOR,2026-04-30T04:36:50.726872
RET-00002590,ORD-00044735,SKU-00317,1,2025-12-07,DAMAGED_TRANSIT,LIKE_NEW,128.79,2025-12-12,DONATE,2026-04-30T04:36:50.726872
RET-00002591,ORD-00026649,SKU-00879,3,2025-08-02,DUPLICATE_ORDER,GOOD,1699.44,2025-08-04,RESTOCK,2026-04-30T04:36:50.726872
RET-00002592,ORD-00020289,SKU-00499,2,2025-05-15,DUPLICATE_ORDER,UNSELLABLE,84.34,,REFURBISH,2026-04-30T04:36:50.726872
RET-00002593,ORD-00044636,SKU-00099,2,2026-01-25,NOT_AS_DESCRIBED,FAIR,1082.32,,RETURN_TO_VENDOR,2026-04-30T04:36:50.726872
RET-00002594,ORD-00036919,SKU-00736,1,2025-07-14,ARRIVED_LATE,LIKE_NEW,330.62,2025-07-19,DESTROY,2026-04-30T04:36:50.726872
RET-00002595,ORD-00047292,SKU-00999,5,2026-04-15,NOT_AS_DESCRIBED,LIKE_NEW,4837.75,2026-04-20,DESTROY,2026-04-30T04:36:50.726872
RET-00002596,ORD-00019535,SKU-00653,5,2025-10-09,NOT_AS_DESCRIBED,GOOD,612.65,2025-10-14,RESTOCK,2026-04-30T04:36:50.726872
RET-00002597,ORD-00034104,SKU-00417,2,2025-06-07,DAMAGED_TRANSIT,FAIR,761.7,,REFURBISH,2026-04-30T04:36:50.726872
RET-00002598,ORD-00019810,SKU-00492,1,2025-12-21,ARRIVED_LATE,FAIR,101.86,,DESTROY,2026-04-30T04:36:50.726872
RET-00002599,ORD-00031961,SKU-00197,4,2026-04-26,ARRIVED_LATE,NEW,1943.08,2026-05-03,RETURN_TO_VENDOR,2026-04-30T04:36:50.726872
RET-00002600,ORD-00031610,SKU-00732,2,2025-11-17,DAMAGED_TRANSIT,NEW,767.84,2025-11-21,DONATE,2026-04-30T04:36:50.726872
RET-00002601,ORD-00003064,SKU-00034,3,2026-04-09,ARRIVED_LATE,FAIR,1144.05,,REFURBISH,2026-04-30T04:36:50.726872
RET-00002602,ORD-00005079,SKU-00341,4,2026-04-05,DAMAGED_TRANSIT,FAIR,3601.12,,DESTROY,2026-04-30T04:36:50.726872
RET-00002603,ORD-00027022,SKU-00537,5,2025-06-27,CHANGED_MIND,GOOD,3785.45,2025-06-30,DESTROY,2026-04-30T04:36:50.726872
RET-00002604,ORD-00029926,SKU-00149,2,2026-03-17,CHANGED_MIND,NEW,658.6,2026-03-18,RETURN_TO_VENDOR,2026-04-30T04:36:50.726872
RET-00002605,ORD-00008448,SKU-00735,2,2025-09-06,DEFECTIVE,GOOD,22.96,2025-09-08,REFURBISH,2026-04-30T04:36:50.726872
RET-00002606,ORD-00029259,SKU-00476,1,2026-04-02,NOT_AS_DESCRIBED,FAIR,746.1,,RESTOCK,2026-04-30T04:36:50.726872
RET-00002607,ORD-00016834,SKU-00870,1,2025-05-26,DUPLICATE_ORDER,DAMAGED,528.53,,DESTROY,2026-04-30T04:36:50.726872
RET-00002608,ORD-00039064,SKU-00109,1,2025-08-23,DUPLICATE_ORDER,LIKE_NEW,196.64,2025-08-29,DONATE,2026-04-30T04:36:50.726872
RET-00002609,ORD-00048219,SKU-00266,3,2025-08-09,DAMAGED_TRANSIT,NEW,2174.88,2025-08-15,RESTOCK,2026-04-30T04:36:50.726872
RET-00002610,ORD-00041389,SKU-00179,3,2026-04-05,ARRIVED_LATE,DAMAGED,3261.21,,DESTROY,2026-04-30T04:36:50.726872
RET-00002611,ORD-00031158,SKU-00019,4,2025-12-04,NOT_AS_DESCRIBED,DAMAGED,2132.72,,REFURBISH,2026-04-30T04:36:50.726872
RET-00002612,ORD-00005832,SKU-00776,3,2025-10-27,WRONG_ITEM,FAIR,293.13,,REFURBISH,2026-04-30T04:36:50.726872
RET-00002613,ORD-00006669,SKU-00147,5,2025-12-24,CHANGED_MIND,DAMAGED,1317.35,,DONATE,2026-04-30T04:36:50.726872
RET-00002614,ORD-00044553,SKU-00592,3,2025-12-01,DUPLICATE_ORDER,FAIR,395.79,,REFURBISH,2026-04-30T04:36:50.726872
RET-00002615,ORD-00002255,SKU-00865,1,2025-10-10,ARRIVED_LATE,NEW,39.77,2025-10-13,REFURBISH,2026-04-30T04:36:50.726872
RET-00002616,ORD-00015220,SKU-00151,2,2026-03-04,ARRIVED_LATE,FAIR,843.72,,RESTOCK,2026-04-30T04:36:50.726872
RET-00002617,ORD-00048062,SKU-00690,2,2025-05-15,DUPLICATE_ORDER,FAIR,1070.46,,REFURBISH,2026-04-30T04:36:50.726872
RET-00002618,ORD-00014588,SKU-00231,2,2025-09-01,DEFECTIVE,LIKE_NEW,38.16,2025-09-03,RESTOCK,2026-04-30T04:36:50.726872
RET-00002619,ORD-00035309,SKU-00146,1,2025-09-05,CHANGED_MIND,LIKE_NEW,525.74,2025-09-07,RETURN_TO_VENDOR,2026-04-30T04:36:50.726872
RET-00002620,ORD-00011038,SKU-00749,1,2025-09-22,ARRIVED_LATE,GOOD,679.11,2025-09-26,RESTOCK,2026-04-30T04:36:50.726872
RET-00002621,ORD-00022425,SKU-00531,5,2025-07-06,DUPLICATE_ORDER,GOOD,2045.95,2025-07-09,REFURBISH,2026-04-30T04:36:50.726872
RET-00002622,ORD-00019181,SKU-00830,4,2025-12-04,ARRIVED_LATE,LIKE_NEW,1500.56,2025-12-10,RESTOCK,2026-04-30T04:36:50.726872
RET-00002623,ORD-00033661,SKU-00782,5,2026-04-25,DUPLICATE_ORDER,LIKE_NEW,647.5,2026-04-28,RETURN_TO_VENDOR,2026-04-30T04:36:50.726872
RET-00002624,ORD-00048813,SKU-00651,3,2025-12-18,DAMAGED_TRANSIT,NEW,3409.11,2025-12-24,REFURBISH,2026-04-30T04:36:50.726872
RET-00002625,ORD-00017966,SKU-00879,5,2025-12-28,DAMAGED_TRANSIT,GOOD,2832.4,2026-01-01,RETURN_TO_VENDOR,2026-04-30T04:36:50.726872
RET-00002626,ORD-00014761,SKU-00218,1,2025-05-19,DAMAGED_TRANSIT,UNSELLABLE,826.78,,RETURN_TO_VENDOR,2026-04-30T04:36:50.726872
RET-00002627,ORD-00003980,SKU-00449,4,2026-03-19,NOT_AS_DESCRIBED,FAIR,709.28,,DONATE,2026-04-30T04:36:50.726872
RET-00002628,ORD-00045473,SKU-00170,4,2025-12-30,DEFECTIVE,GOOD,2837.92,2026-01-02,REFURBISH,2026-04-30T04:36:50.726872
RET-00002629,ORD-00048976,SKU-00841,3,2025-09-27,DAMAGED_TRANSIT,LIKE_NEW,140.22,2025-09-28,RESTOCK,2026-04-30T04:36:50.726872
RET-00002630,ORD-00036680,SKU-00389,1,2025-09-26,CHANGED_MIND,FAIR,75.33,,DESTROY,2026-04-30T04:36:50.726872
RET-00002631,ORD-00003159,SKU-00578,2,2025-09-24,DEFECTIVE,LIKE_NEW,2809.66,2025-09-25,RESTOCK,2026-04-30T04:36:50.726872
RET-00002632,ORD-00049676,SKU-00572,4,2025-07-01,DEFECTIVE,DAMAGED,457.12,,RETURN_TO_VENDOR,2026-04-30T04:36:50.726872
RET-00002633,ORD-00011930,SKU-00068,2,2025-10-10,ARRIVED_LATE,GOOD,2391.38,2025-10-16,RESTOCK,2026-04-30T04:36:50.726872
RET-00002634,ORD-00030030,SKU-00034,2,2025-07-03,WRONG_ITEM,FAIR,762.7,,RETURN_TO_VENDOR,2026-04-30T04:36:50.726872
RET-00002635,ORD-00010951,SKU-00647,3,2025-08-13,DAMAGED_TRANSIT,DAMAGED,985.53,,REFURBISH,2026-04-30T04:36:50.726872
RET-00002636,ORD-00021704,SKU-00982,1,2025-08-27,ARRIVED_LATE,LIKE_NEW,163.97,2025-08-31,REFURBISH,2026-04-30T04:36:50.726872
RET-00002637,ORD-00021452,SKU-00648,4,2025-06-22,DAMAGED_TRANSIT,GOOD,3250.76,2025-06-27,RESTOCK,2026-04-30T04:36:50.726872
RET-00002638,ORD-00019435,SKU-00761,5,2026-03-22,DUPLICATE_ORDER,LIKE_NEW,474.25,2026-03-23,REFURBISH,2026-04-30T04:36:50.726872
RET-00002639,ORD-00039676,SKU-00376,5,2026-01-04,DAMAGED_TRANSIT,GOOD,407.75,2026-01-08,RESTOCK,2026-04-30T04:36:50.726872
RET-00002640,ORD-00048842,SKU-00137,1,2025-11-11,CHANGED_MIND,UNSELLABLE,702.14,,REFURBISH,2026-04-30T04:36:50.726872
RET-00002641,ORD-00020575,SKU-00649,3,2026-04-17,WRONG_ITEM,GOOD,570.0,2026-04-18,RETURN_TO_VENDOR,2026-04-30T04:36:50.726872
RET-00002642,ORD-00013787,SKU-00904,3,2026-01-07,NOT_AS_DESCRIBED,GOOD,2819.61,2026-01-09,RESTOCK,2026-04-30T04:36:50.726872
RET-00002643,ORD-00035243,SKU-00075,5,2025-09-13,DUPLICATE_ORDER,LIKE_NEW,898.7,2025-09-17,DESTROY,2026-04-30T04:36:50.726872
RET-00002644,ORD-00046906,SKU-00367,4,2026-02-11,WRONG_ITEM,LIKE_NEW,2697.24,2026-02-16,REFURBISH,2026-04-30T04:36:50.726872
RET-00002645,ORD-00021925,SKU-00805,4,2025-09-16,WRONG_ITEM,FAIR,2968.48,,RESTOCK,2026-04-30T04:36:50.726872
RET-00002646,ORD-00004702,SKU-00615,1,2025-12-24,ARRIVED_LATE,GOOD,1312.37,2025-12-30,REFURBISH,2026-04-30T04:36:50.726872
RET-00002647,ORD-00014867,SKU-00928,4,2025-05-29,ARRIVED_LATE,GOOD,695.56,2025-06-03,DONATE,2026-04-30T04:36:50.726872
RET-00002648,ORD-00031579,SKU-00217,2,2025-05-21,DUPLICATE_ORDER,DAMAGED,2118.16,,DESTROY,2026-04-30T04:36:50.726872
RET-00002649,ORD-00046563,SKU-00390,3,2026-01-29,DEFECTIVE,DAMAGED,691.83,,RESTOCK,2026-04-30T04:36:50.726872
RET-00002650,ORD-00043071,SKU-00226,1,2025-11-10,DUPLICATE_ORDER,UNSELLABLE,335.46,,RESTOCK,2026-04-30T04:36:50.726872
RET-00002651,ORD-00022666,SKU-00098,4,2025-08-31,ARRIVED_LATE,FAIR,1635.72,,RESTOCK,2026-04-30T04:36:50.726872
RET-00002652,ORD-00034143,SKU-00843,3,2025-05-17,DUPLICATE_ORDER,LIKE_NEW,1758.54,2025-05-20,RETURN_TO_VENDOR,2026-04-30T04:36:50.726872
RET-00002653,ORD-00022151,SKU-00317,2,2025-08-23,DUPLICATE_ORDER,LIKE_NEW,257.58,2025-08-27,REFURBISH,2026-04-30T04:36:50.726872
RET-00002654,ORD-00018773,SKU-00286,3,2025-07-12,DAMAGED_TRANSIT,LIKE_NEW,467.94,2025-07-15,REFURBISH,2026-04-30T04:36:50.726872
RET-00002655,ORD-00030342,SKU-00883,5,2025-10-14,WRONG_ITEM,NEW,1078.35,2025-10-17,RESTOCK,2026-04-30T04:36:50.726872
RET-00002656,ORD-00029376,SKU-00094,2,2026-01-26,WRONG_ITEM,GOOD,1356.2,2026-01-27,REFURBISH,2026-04-30T04:36:50.726872
RET-00002657,ORD-00028121,SKU-00832,3,2025-08-07,DEFECTIVE,NEW,328.17,2025-08-14,RESTOCK,2026-04-30T04:36:50.726872
RET-00002658,ORD-00019223,SKU-00146,4,2026-03-10,ARRIVED_LATE,DAMAGED,2102.96,,RETURN_TO_VENDOR,2026-04-30T04:36:50.726872
RET-00002659,ORD-00004468,SKU-00819,2,2025-11-29,NOT_AS_DESCRIBED,FAIR,571.34,,REFURBISH,2026-04-30T04:36:50.726872
RET-00002660,ORD-00047909,SKU-00022,4,2025-09-25,ARRIVED_LATE,LIKE_NEW,1342.8,2025-09-26,REFURBISH,2026-04-30T04:36:50.726872
RET-00002661,ORD-00000669,SKU-00335,4,2025-07-23,ARRIVED_LATE,LIKE_NEW,5202.96,2025-07-25,RESTOCK,2026-04-30T04:36:50.726872
RET-00002662,ORD-00026363,SKU-00703,4,2025-05-17,DEFECTIVE,NEW,1587.72,2025-05-21,DESTROY,2026-04-30T04:36:50.726872
RET-00002663,ORD-00031618,SKU-00141,3,2025-11-24,ARRIVED_LATE,FAIR,2063.88,,RETURN_TO_VENDOR,2026-04-30T04:36:50.726872
RET-00002664,ORD-00013540,SKU-00067,5,2026-03-11,NOT_AS_DESCRIBED,GOOD,3497.9,2026-03-12,DESTROY,2026-04-30T04:36:50.726872
RET-00002665,ORD-00014439,SKU-00431,4,2025-11-17,DAMAGED_TRANSIT,FAIR,3392.48,,RETURN_TO_VENDOR,2026-04-30T04:36:50.726872
RET-00002666,ORD-00019832,SKU-00614,3,2025-05-25,NOT_AS_DESCRIBED,LIKE_NEW,157.53,2025-05-26,RESTOCK,2026-04-30T04:36:50.726872
RET-00002667,ORD-00028900,SKU-00564,3,2025-08-25,ARRIVED_LATE,DAMAGED,1822.47,,REFURBISH,2026-04-30T04:36:50.726872
RET-00002668,ORD-00042654,SKU-00077,1,2025-09-17,DAMAGED_TRANSIT,UNSELLABLE,467.78,,RESTOCK,2026-04-30T04:36:50.726872
RET-00002669,ORD-00035599,SKU-00629,4,2025-05-23,DAMAGED_TRANSIT,LIKE_NEW,2187.92,2025-05-29,REFURBISH,2026-04-30T04:36:50.726872
RET-00002670,ORD-00000893,SKU-00202,1,2025-08-03,DAMAGED_TRANSIT,LIKE_NEW,823.79,2025-08-08,DONATE,2026-04-30T04:36:50.726872
RET-00002671,ORD-00043333,SKU-00956,2,2025-09-02,DEFECTIVE,LIKE_NEW,477.18,2025-09-05,RESTOCK,2026-04-30T04:36:50.726872
RET-00002672,ORD-00012334,SKU-00030,1,2026-03-10,DAMAGED_TRANSIT,DAMAGED,671.91,,DESTROY,2026-04-30T04:36:50.726872
RET-00002673,ORD-00032973,SKU-00731,5,2025-11-03,DUPLICATE_ORDER,LIKE_NEW,3160.95,2025-11-06,RESTOCK,2026-04-30T04:36:50.726872
RET-00002674,ORD-00044914,SKU-00425,5,2026-04-04,DAMAGED_TRANSIT,NEW,5728.95,2026-04-06,RESTOCK,2026-04-30T04:36:50.726872
RET-00002675,ORD-00005152,SKU-00750,1,2026-02-14,CHANGED_MIND,NEW,569.71,2026-02-19,RESTOCK,2026-04-30T04:36:50.726872
RET-00002676,ORD-00008930,SKU-00486,1,2025-12-20,WRONG_ITEM,UNSELLABLE,829.59,,RESTOCK,2026-04-30T04:36:50.726872
RET-00002677,ORD-00014966,SKU-00585,3,2025-06-22,WRONG_ITEM,UNSELLABLE,2172.27,,RETURN_TO_VENDOR,2026-04-30T04:36:50.726872
RET-00002678,ORD-00043306,SKU-00076,5,2025-05-02,DEFECTIVE,DAMAGED,1212.9,,DONATE,2026-04-30T04:36:50.726872
RET-00002679,ORD-00045792,SKU-00372,5,2026-02-11,DUPLICATE_ORDER,UNSELLABLE,4712.45,,DESTROY,2026-04-30T04:36:50.726872
RET-00002680,ORD-00035545,SKU-00632,1,2025-12-19,WRONG_ITEM,DAMAGED,366.48,,DESTROY,2026-04-30T04:36:50.726872
RET-00002681,ORD-00030272,SKU-00642,5,2025-11-16,NOT_AS_DESCRIBED,NEW,4733.15,2025-11-20,DONATE,2026-04-30T04:36:50.726872
RET-00002682,ORD-00021393,SKU-00756,1,2025-09-09,DEFECTIVE,FAIR,520.58,,DESTROY,2026-04-30T04:36:50.726872
RET-00002683,ORD-00028161,SKU-00325,2,2026-04-18,DUPLICATE_ORDER,DAMAGED,1524.74,,RESTOCK,2026-04-30T04:36:50.726872
RET-00002684,ORD-00048816,SKU-00142,2,2026-02-05,CHANGED_MIND,UNSELLABLE,2057.36,,DONATE,2026-04-30T04:36:50.726872
RET-00002685,ORD-00032899,SKU-00177,5,2025-10-11,NOT_AS_DESCRIBED,DAMAGED,4335.9,,DESTROY,2026-04-30T04:36:50.726872
RET-00002686,ORD-00030266,SKU-00955,4,2025-06-01,CHANGED_MIND,LIKE_NEW,3145.88,2025-06-05,REFURBISH,2026-04-30T04:36:50.726872
RET-00002687,ORD-00021896,SKU-00664,1,2025-10-03,DAMAGED_TRANSIT,NEW,870.59,2025-10-08,RESTOCK,2026-04-30T04:36:50.726872
RET-00002688,ORD-00049759,SKU-00977,5,2026-01-31,WRONG_ITEM,LIKE_NEW,2433.55,2026-02-02,RESTOCK,2026-04-30T04:36:50.726872
RET-00002689,ORD-00022607,SKU-00136,2,2026-03-08,DEFECTIVE,LIKE_NEW,447.1,2026-03-14,REFURBISH,2026-04-30T04:36:50.726872
RET-00002690,ORD-00033225,SKU-00776,1,2026-03-09,DAMAGED_TRANSIT,NEW,97.71,2026-03-16,DONATE,2026-04-30T04:36:50.726872
RET-00002691,ORD-00016213,SKU-00199,3,2025-05-26,WRONG_ITEM,NEW,886.23,2025-05-29,REFURBISH,2026-04-30T04:36:50.726872
RET-00002692,ORD-00041167,SKU-00302,5,2025-11-20,CHANGED_MIND,GOOD,5223.05,2025-11-26,RETURN_TO_VENDOR,2026-04-30T04:36:50.726872
RET-00002693,ORD-00012401,SKU-00722,3,2026-03-16,DEFECTIVE,DAMAGED,428.61,,RESTOCK,2026-04-30T04:36:50.726872
RET-00002694,ORD-00006176,SKU-00697,3,2025-12-30,DAMAGED_TRANSIT,DAMAGED,1157.28,,RETURN_TO_VENDOR,2026-04-30T04:36:50.726872
RET-00002695,ORD-00048793,SKU-00443,4,2026-02-06,NOT_AS_DESCRIBED,LIKE_NEW,3762.52,2026-02-12,REFURBISH,2026-04-30T04:36:50.726872
RET-00002696,ORD-00041414,SKU-00349,5,2026-02-09,NOT_AS_DESCRIBED,FAIR,3719.75,,RESTOCK,2026-04-30T04:36:50.726872
RET-00002697,ORD-00024121,SKU-00081,3,2025-12-21,DEFECTIVE,NEW,1521.99,2025-12-28,RESTOCK,2026-04-30T04:36:50.726872
RET-00002698,ORD-00039140,SKU-00797,4,2026-03-13,DAMAGED_TRANSIT,LIKE_NEW,3979.32,2026-03-15,RESTOCK,2026-04-30T04:36:50.726872
RET-00002699,ORD-00039657,SKU-00141,4,2026-03-15,DUPLICATE_ORDER,LIKE_NEW,2751.84,2026-03-19,RESTOCK,2026-04-30T04:36:50.726872
RET-00002700,ORD-00006595,SKU-00374,2,2025-09-13,DAMAGED_TRANSIT,FAIR,564.6,,RETURN_TO_VENDOR,2026-04-30T04:36:50.726872
RET-00002701,ORD-00005518,SKU-00218,2,2026-04-26,DEFECTIVE,LIKE_NEW,1653.56,2026-05-03,DESTROY,2026-04-30T04:36:50.726872
RET-00002702,ORD-00032836,SKU-00263,2,2025-11-12,NOT_AS_DESCRIBED,GOOD,1605.24,2025-11-15,RESTOCK,2026-04-30T04:36:50.726872
RET-00002703,ORD-00008379,SKU-00337,4,2025-10-05,DUPLICATE_ORDER,GOOD,1267.16,2025-10-09,REFURBISH,2026-04-30T04:36:50.726872
RET-00002704,ORD-00028779,SKU-00581,5,2026-01-04,CHANGED_MIND,LIKE_NEW,4547.6,2026-01-05,DESTROY,2026-04-30T04:36:50.726872
RET-00002705,ORD-00014627,SKU-00417,2,2025-11-02,ARRIVED_LATE,FAIR,761.7,,RESTOCK,2026-04-30T04:36:50.726872
RET-00002706,ORD-00005046,SKU-00977,5,2025-05-18,WRONG_ITEM,UNSELLABLE,2433.55,,RESTOCK,2026-04-30T04:36:50.726872
RET-00002707,ORD-00045333,SKU-00100,3,2026-03-12,NOT_AS_DESCRIBED,GOOD,92.46,2026-03-13,RETURN_TO_VENDOR,2026-04-30T04:36:50.726872
RET-00002708,ORD-00006165,SKU-00887,4,2025-08-17,WRONG_ITEM,LIKE_NEW,1825.8,2025-08-23,RETURN_TO_VENDOR,2026-04-30T04:36:50.726872
RET-00002709,ORD-00015919,SKU-00195,1,2025-07-22,DUPLICATE_ORDER,FAIR,300.6,,REFURBISH,2026-04-30T04:36:50.726872
RET-00002710,ORD-00035395,SKU-00387,2,2025-11-05,DEFECTIVE,LIKE_NEW,1847.26,2025-11-09,RETURN_TO_VENDOR,2026-04-30T04:36:50.726872
RET-00002711,ORD-00037120,SKU-00966,5,2025-08-12,WRONG_ITEM,NEW,1674.95,2025-08-17,RESTOCK,2026-04-30T04:36:50.726872
RET-00002712,ORD-00011720,SKU-00876,3,2025-10-11,WRONG_ITEM,NEW,308.34,2025-10-17,DONATE,2026-04-30T04:36:50.726872
RET-00002713,ORD-00045535,SKU-00730,1,2026-03-24,DUPLICATE_ORDER,GOOD,161.1,2026-03-29,RESTOCK,2026-04-30T04:36:50.726872
RET-00002714,ORD-00036583,SKU-00654,5,2025-07-18,CHANGED_MIND,FAIR,3228.6,,DONATE,2026-04-30T04:36:50.726872
RET-00002715,ORD-00045410,SKU-00850,3,2025-10-05,DAMAGED_TRANSIT,LIKE_NEW,1666.14,2025-10-08,RETURN_TO_VENDOR,2026-04-30T04:36:50.726872
RET-00002716,ORD-00028069,SKU-00849,1,2025-11-04,NOT_AS_DESCRIBED,GOOD,551.51,2025-11-11,DONATE,2026-04-30T04:36:50.726872
RET-00002717,ORD-00013970,SKU-00838,5,2025-12-06,NOT_AS_DESCRIBED,DAMAGED,1798.0,,RETURN_TO_VENDOR,2026-04-30T04:36:50.726872
RET-00002718,ORD-00010498,SKU-00774,5,2025-09-28,DAMAGED_TRANSIT,GOOD,1717.2,2025-10-01,RESTOCK,2026-04-30T04:36:50.726872
RET-00002719,ORD-00022196,SKU-00419,3,2025-05-24,NOT_AS_DESCRIBED,LIKE_NEW,944.25,2025-05-30,RESTOCK,2026-04-30T04:36:50.726872
RET-00002720,ORD-00040386,SKU-00971,4,2025-10-15,WRONG_ITEM,GOOD,3953.84,2025-10-16,RESTOCK,2026-04-30T04:36:50.726872
RET-00002721,ORD-00036149,SKU-00570,3,2025-09-11,NOT_AS_DESCRIBED,DAMAGED,1308.63,,REFURBISH,2026-04-30T04:36:50.726872
RET-00002722,ORD-00008896,SKU-00438,1,2025-06-27,ARRIVED_LATE,NEW,427.48,2025-06-28,DONATE,2026-04-30T04:36:50.726872
RET-00002723,ORD-00024505,SKU-00023,3,2025-09-18,WRONG_ITEM,FAIR,1430.88,,RESTOCK,2026-04-30T04:36:50.726872
RET-00002724,ORD-00021960,SKU-00651,4,2026-01-10,CHANGED_MIND,NEW,4545.48,2026-01-17,DESTROY,2026-04-30T04:36:50.726872
RET-00002725,ORD-00008680,SKU-00382,1,2025-08-15,DEFECTIVE,FAIR,338.27,,REFURBISH,2026-04-30T04:36:50.726872
RET-00002726,ORD-00008447,SKU-00666,1,2025-12-13,DEFECTIVE,GOOD,885.94,2025-12-14,RESTOCK,2026-04-30T04:36:50.726872
RET-00002727,ORD-00014278,SKU-00097,4,2026-01-13,WRONG_ITEM,LIKE_NEW,3258.16,2026-01-19,REFURBISH,2026-04-30T04:36:50.726872
RET-00002728,ORD-00019486,SKU-00352,4,2026-04-20,DAMAGED_TRANSIT,UNSELLABLE,3069.44,,RESTOCK,2026-04-30T04:36:50.726872
RET-00002729,ORD-00035199,SKU-00633,2,2025-12-25,CHANGED_MIND,FAIR,1088.58,,RETURN_TO_VENDOR,2026-04-30T04:36:50.726872
RET-00002730,ORD-00021672,SKU-00988,5,2025-11-18,ARRIVED_LATE,LIKE_NEW,2885.8,2025-11-25,REFURBISH,2026-04-30T04:36:50.726872
RET-00002731,ORD-00013672,SKU-00643,2,2025-12-03,ARRIVED_LATE,NEW,1193.0,2025-12-06,RESTOCK,2026-04-30T04:36:50.726872
RET-00002732,ORD-00031677,SKU-00707,1,2025-11-23,DAMAGED_TRANSIT,UNSELLABLE,265.4,,REFURBISH,2026-04-30T04:36:50.726872
RET-00002733,ORD-00019781,SKU-00012,3,2026-04-20,WRONG_ITEM,DAMAGED,2069.34,,RESTOCK,2026-04-30T04:36:50.726872
RET-00002734,ORD-00006225,SKU-00368,2,2025-10-27,DAMAGED_TRANSIT,NEW,181.36,2025-11-01,RESTOCK,2026-04-30T04:36:50.726872
RET-00002735,ORD-00034198,SKU-00473,4,2026-04-11,WRONG_ITEM,NEW,3718.4,2026-04-15,DONATE,2026-04-30T04:36:50.726872
RET-00002736,ORD-00004366,SKU-00085,4,2025-08-31,NOT_AS_DESCRIBED,GOOD,377.8,2025-09-06,RESTOCK,2026-04-30T04:36:50.726872
RET-00002737,ORD-00008962,SKU-00705,4,2026-03-14,DAMAGED_TRANSIT,FAIR,2388.64,,RETURN_TO_VENDOR,2026-04-30T04:36:50.726872
RET-00002738,ORD-00010638,SKU-00746,4,2025-05-28,ARRIVED_LATE,GOOD,3346.2,2025-06-03,REFURBISH,2026-04-30T04:36:50.726872
RET-00002739,ORD-00049003,SKU-00273,2,2025-07-02,DAMAGED_TRANSIT,GOOD,467.0,2025-07-08,RETURN_TO_VENDOR,2026-04-30T04:36:50.726872
RET-00002740,ORD-00024452,SKU-00682,3,2026-03-02,DAMAGED_TRANSIT,NEW,724.86,2026-03-04,RESTOCK,2026-04-30T04:36:50.726872
RET-00002741,ORD-00008031,SKU-00541,1,2025-08-20,CHANGED_MIND,FAIR,695.87,,DESTROY,2026-04-30T04:36:50.726872
RET-00002742,ORD-00031613,SKU-00001,4,2025-07-12,WRONG_ITEM,LIKE_NEW,1275.72,2025-07-13,RESTOCK,2026-04-30T04:36:50.726872
RET-00002743,ORD-00027516,SKU-00814,4,2025-11-10,NOT_AS_DESCRIBED,LIKE_NEW,5628.08,2025-11-12,RESTOCK,2026-04-30T04:36:50.726872
RET-00002744,ORD-00001499,SKU-00039,1,2025-06-18,WRONG_ITEM,NEW,917.47,2025-06-21,RESTOCK,2026-04-30T04:36:50.726872
RET-00002745,ORD-00037220,SKU-00403,3,2025-08-13,ARRIVED_LATE,NEW,914.4,2025-08-15,DONATE,2026-04-30T04:36:50.726872
RET-00002746,ORD-00049674,SKU-00715,3,2025-11-14,ARRIVED_LATE,FAIR,37.95,,RETURN_TO_VENDOR,2026-04-30T04:36:50.726872
RET-00002747,ORD-00001672,SKU-00948,1,2025-12-21,DUPLICATE_ORDER,GOOD,121.22,2025-12-27,RESTOCK,2026-04-30T04:36:50.726872
RET-00002748,ORD-00038581,SKU-00996,4,2026-04-23,DAMAGED_TRANSIT,DAMAGED,1417.0,,DONATE,2026-04-30T04:36:50.726872
RET-00002749,ORD-00004064,SKU-00302,3,2025-08-06,WRONG_ITEM,LIKE_NEW,3133.83,2025-08-10,RESTOCK,2026-04-30T04:36:50.726872
RET-00002750,ORD-00015639,SKU-00735,3,2025-08-12,DEFECTIVE,DAMAGED,34.44,,DONATE,2026-04-30T04:36:50.726872
RET-00002751,ORD-00045796,SKU-00534,1,2025-10-04,DEFECTIVE,GOOD,631.29,2025-10-10,DESTROY,2026-04-30T04:36:50.726872
RET-00002752,ORD-00020573,SKU-00897,5,2026-01-16,DAMAGED_TRANSIT,GOOD,208.85,2026-01-20,RESTOCK,2026-04-30T04:36:50.726872
RET-00002753,ORD-00042119,SKU-00785,4,2026-02-19,ARRIVED_LATE,GOOD,298.76,2026-02-22,RESTOCK,2026-04-30T04:36:50.726872
RET-00002754,ORD-00011379,SKU-00777,5,2025-12-05,DUPLICATE_ORDER,DAMAGED,1218.9,,RESTOCK,2026-04-30T04:36:50.726872
RET-00002755,ORD-00008369,SKU-00954,3,2025-12-18,ARRIVED_LATE,GOOD,1176.36,2025-12-24,REFURBISH,2026-04-30T04:36:50.726872
RET-00002756,ORD-00046282,SKU-00548,2,2026-02-10,CHANGED_MIND,DAMAGED,954.28,,DONATE,2026-04-30T04:36:50.726872
RET-00002757,ORD-00030356,SKU-00016,4,2025-11-01,CHANGED_MIND,LIKE_NEW,3063.6,2025-11-04,REFURBISH,2026-04-30T04:36:50.726872
RET-00002758,ORD-00028978,SKU-00063,2,2026-03-12,NOT_AS_DESCRIBED,LIKE_NEW,426.9,2026-03-17,DONATE,2026-04-30T04:36:50.726872
RET-00002759,ORD-00033694,SKU-00575,3,2025-07-21,NOT_AS_DESCRIBED,NEW,73.47,2025-07-28,RESTOCK,2026-04-30T04:36:50.726872
RET-00002760,ORD-00020738,SKU-00966,3,2025-11-03,DAMAGED_TRANSIT,FAIR,1004.97,,RESTOCK,2026-04-30T04:36:50.726872
RET-00002761,ORD-00002087,SKU-00237,3,2025-05-25,WRONG_ITEM,LIKE_NEW,3573.06,2025-05-26,DESTROY,2026-04-30T04:36:50.726872
RET-00002762,ORD-00009535,SKU-00305,5,2025-08-04,DEFECTIVE,UNSELLABLE,2940.9,,RESTOCK,2026-04-30T04:36:50.726872
RET-00002763,ORD-00048662,SKU-00361,2,2026-02-02,DAMAGED_TRANSIT,DAMAGED,1241.82,,DESTROY,2026-04-30T04:36:50.726872
RET-00002764,ORD-00049519,SKU-00429,2,2025-08-31,WRONG_ITEM,FAIR,371.94,,DONATE,2026-04-30T04:36:50.726872
RET-00002765,ORD-00001044,SKU-00695,5,2025-11-11,CHANGED_MIND,NEW,1172.05,2025-11-16,DONATE,2026-04-30T04:36:50.726872
RET-00002766,ORD-00028669,SKU-00279,1,2025-09-20,WRONG_ITEM,UNSELLABLE,410.8,,RESTOCK,2026-04-30T04:36:50.726872
RET-00002767,ORD-00029789,SKU-00437,1,2026-01-19,NOT_AS_DESCRIBED,LIKE_NEW,781.17,2026-01-26,REFURBISH,2026-04-30T04:36:50.726872
RET-00002768,ORD-00015536,SKU-00384,1,2026-02-05,WRONG_ITEM,GOOD,807.33,2026-02-07,RESTOCK,2026-04-30T04:36:50.726872
RET-00002769,ORD-00008113,SKU-00894,3,2026-03-27,DAMAGED_TRANSIT,UNSELLABLE,528.54,,RESTOCK,2026-04-30T04:36:50.726872
RET-00002770,ORD-00001493,SKU-00392,4,2026-03-05,DEFECTIVE,GOOD,3960.4,2026-03-11,RESTOCK,2026-04-30T04:36:50.726872
RET-00002771,ORD-00049534,SKU-00408,4,2025-11-14,NOT_AS_DESCRIBED,LIKE_NEW,2163.52,2025-11-17,DESTROY,2026-04-30T04:36:50.726872
RET-00002772,ORD-00021719,SKU-00487,2,2025-10-18,DEFECTIVE,DAMAGED,452.2,,DESTROY,2026-04-30T04:36:50.726872
RET-00002773,ORD-00021280,SKU-00203,1,2025-07-01,DAMAGED_TRANSIT,NEW,321.49,2025-07-05,RESTOCK,2026-04-30T04:36:50.726872
RET-00002774,ORD-00048259,SKU-00904,3,2025-10-19,DEFECTIVE,LIKE_NEW,2819.61,2025-10-20,REFURBISH,2026-04-30T04:36:50.726872
RET-00002775,ORD-00024989,SKU-00459,5,2026-01-13,NOT_AS_DESCRIBED,GOOD,164.85,2026-01-18,RESTOCK,2026-04-30T04:36:50.726872
RET-00002776,ORD-00048019,SKU-00895,4,2025-10-25,CHANGED_MIND,NEW,790.04,2025-10-31,DESTROY,2026-04-30T04:36:50.726872
RET-00002777,ORD-00022704,SKU-00746,4,2026-02-06,DEFECTIVE,DAMAGED,3346.2,,RESTOCK,2026-04-30T04:36:50.726872
RET-00002778,ORD-00030554,SKU-00220,2,2026-01-30,CHANGED_MIND,GOOD,1069.58,2026-02-06,RESTOCK,2026-04-30T04:36:50.726872
RET-00002779,ORD-00036077,SKU-00440,3,2026-03-27,DUPLICATE_ORDER,GOOD,2399.1,2026-03-28,RETURN_TO_VENDOR,2026-04-30T04:36:50.726872
RET-00002780,ORD-00031869,SKU-00455,4,2025-11-17,CHANGED_MIND,FAIR,1531.0,,RESTOCK,2026-04-30T04:36:50.726872
RET-00002781,ORD-00036948,SKU-00043,1,2026-02-03,NOT_AS_DESCRIBED,GOOD,387.5,2026-02-10,DESTROY,2026-04-30T04:36:50.726872
RET-00002782,ORD-00025980,SKU-00690,1,2025-08-09,DUPLICATE_ORDER,LIKE_NEW,535.23,2025-08-13,RETURN_TO_VENDOR,2026-04-30T04:36:50.726872
RET-00002783,ORD-00006385,SKU-00872,1,2026-03-01,WRONG_ITEM,DAMAGED,16.47,,RESTOCK,2026-04-30T04:36:50.726872
RET-00002784,ORD-00036657,SKU-00268,4,2025-12-23,DEFECTIVE,LIKE_NEW,2057.52,2025-12-26,RETURN_TO_VENDOR,2026-04-30T04:36:50.726872
RET-00002785,ORD-00037020,SKU-00935,5,2025-05-29,WRONG_ITEM,GOOD,148.4,2025-06-05,RESTOCK,2026-04-30T04:36:50.726872
RET-00002786,ORD-00045280,SKU-00374,3,2025-09-09,CHANGED_MIND,GOOD,846.9,2025-09-13,RESTOCK,2026-04-30T04:36:50.726872
RET-00002787,ORD-00036399,SKU-00844,1,2025-12-23,DEFECTIVE,FAIR,478.84,,REFURBISH,2026-04-30T04:36:50.726872
RET-00002788,ORD-00041527,SKU-00589,5,2026-01-16,CHANGED_MIND,GOOD,3249.95,2026-01-21,RETURN_TO_VENDOR,2026-04-30T04:36:50.726872
RET-00002789,ORD-00009305,SKU-00843,2,2025-06-27,DUPLICATE_ORDER,UNSELLABLE,1172.36,,RETURN_TO_VENDOR,2026-04-30T04:36:50.726872
RET-00002790,ORD-00010816,SKU-00641,3,2025-05-16,DAMAGED_TRANSIT,DAMAGED,2383.86,,REFURBISH,2026-04-30T04:36:50.726872
RET-00002791,ORD-00049204,SKU-00792,4,2026-04-05,DEFECTIVE,NEW,1275.56,2026-04-09,RESTOCK,2026-04-30T04:36:50.726872
RET-00002792,ORD-00026418,SKU-00804,2,2026-01-11,WRONG_ITEM,GOOD,2607.38,2026-01-18,RETURN_TO_VENDOR,2026-04-30T04:36:50.726872
RET-00002793,ORD-00010620,SKU-00205,1,2025-11-25,WRONG_ITEM,NEW,150.34,2025-12-01,RETURN_TO_VENDOR,2026-04-30T04:36:50.726872
RET-00002794,ORD-00033483,SKU-00167,3,2025-10-12,CHANGED_MIND,LIKE_NEW,2769.06,2025-10-18,REFURBISH,2026-04-30T04:36:50.726872
RET-00002795,ORD-00018800,SKU-00729,2,2025-12-20,DEFECTIVE,GOOD,630.62,2025-12-24,REFURBISH,2026-04-30T04:36:50.726872
RET-00002796,ORD-00003185,SKU-00700,3,2025-11-24,CHANGED_MIND,LIKE_NEW,830.46,2025-11-30,DESTROY,2026-04-30T04:36:50.726872
RET-00002797,ORD-00003914,SKU-00911,4,2025-08-01,DUPLICATE_ORDER,GOOD,2265.04,2025-08-06,RETURN_TO_VENDOR,2026-04-30T04:36:50.726872
RET-00002798,ORD-00040856,SKU-00267,5,2025-06-23,NOT_AS_DESCRIBED,GOOD,6648.6,2025-06-24,RESTOCK,2026-04-30T04:36:50.726872
RET-00002799,ORD-00043863,SKU-00694,5,2025-10-02,WRONG_ITEM,GOOD,1479.6,2025-10-08,DONATE,2026-04-30T04:36:50.726872
RET-00002800,ORD-00005647,SKU-00418,5,2025-08-21,WRONG_ITEM,GOOD,657.45,2025-08-25,REFURBISH,2026-04-30T04:36:50.726872
RET-00002801,ORD-00009349,SKU-00716,1,2025-09-28,CHANGED_MIND,FAIR,722.52,,REFURBISH,2026-04-30T04:36:50.726872
RET-00002802,ORD-00019673,SKU-00714,3,2025-11-27,DAMAGED_TRANSIT,NEW,2878.2,2025-12-03,RETURN_TO_VENDOR,2026-04-30T04:36:50.726872
RET-00002803,ORD-00007932,SKU-00201,1,2025-07-28,WRONG_ITEM,FAIR,802.33,,RETURN_TO_VENDOR,2026-04-30T04:36:50.726872
RET-00002804,ORD-00029117,SKU-00766,4,2025-06-25,ARRIVED_LATE,LIKE_NEW,2148.32,2025-06-28,REFURBISH,2026-04-30T04:36:50.726872
RET-00002805,ORD-00008088,SKU-00298,1,2026-04-27,DAMAGED_TRANSIT,GOOD,444.63,2026-05-01,DONATE,2026-04-30T04:36:50.726872
RET-00002806,ORD-00015606,SKU-00327,1,2025-10-02,CHANGED_MIND,GOOD,770.95,2025-10-05,RESTOCK,2026-04-30T04:36:50.726872
RET-00002807,ORD-00025975,SKU-00065,4,2025-07-22,ARRIVED_LATE,UNSELLABLE,4309.56,,DESTROY,2026-04-30T04:36:50.726872
RET-00002808,ORD-00046658,SKU-00868,3,2026-04-02,CHANGED_MIND,DAMAGED,485.49,,RESTOCK,2026-04-30T04:36:50.726872
RET-00002809,ORD-00002466,SKU-00195,1,2026-01-19,DAMAGED_TRANSIT,LIKE_NEW,300.6,2026-01-24,RETURN_TO_VENDOR,2026-04-30T04:36:50.726872
RET-00002810,ORD-00031638,SKU-00307,4,2025-10-17,DUPLICATE_ORDER,GOOD,4403.28,2025-10-24,RESTOCK,2026-04-30T04:36:50.726872
RET-00002811,ORD-00004334,SKU-00198,3,2025-05-02,ARRIVED_LATE,GOOD,296.97,2025-05-05,REFURBISH,2026-04-30T04:36:50.726872
RET-00002812,ORD-00033432,SKU-00808,4,2026-03-06,DAMAGED_TRANSIT,GOOD,335.84,2026-03-13,DONATE,2026-04-30T04:36:50.726872
RET-00002813,ORD-00005744,SKU-00677,5,2026-04-11,CHANGED_MIND,GOOD,2701.4,2026-04-12,RESTOCK,2026-04-30T04:36:50.726872
RET-00002814,ORD-00015711,SKU-00791,5,2025-07-12,CHANGED_MIND,LIKE_NEW,3898.15,2025-07-18,REFURBISH,2026-04-30T04:36:50.726872
RET-00002815,ORD-00010672,SKU-00842,5,2026-03-23,WRONG_ITEM,LIKE_NEW,5066.5,2026-03-29,REFURBISH,2026-04-30T04:36:50.726872
RET-00002816,ORD-00026236,SKU-00428,4,2025-06-03,ARRIVED_LATE,NEW,459.28,2025-06-04,RESTOCK,2026-04-30T04:36:50.726872
RET-00002817,ORD-00013945,SKU-00205,2,2025-06-14,DUPLICATE_ORDER,LIKE_NEW,300.68,2025-06-20,REFURBISH,2026-04-30T04:36:50.726872
RET-00002818,ORD-00048088,SKU-00192,2,2026-02-25,DUPLICATE_ORDER,DAMAGED,296.3,,RETURN_TO_VENDOR,2026-04-30T04:36:50.726872
RET-00002819,ORD-00018232,SKU-00538,3,2025-12-13,DUPLICATE_ORDER,NEW,282.72,2025-12-14,RESTOCK,2026-04-30T04:36:50.726872
RET-00002820,ORD-00031222,SKU-00989,5,2025-04-30,DAMAGED_TRANSIT,NEW,2263.2,2025-05-04,RESTOCK,2026-04-30T04:36:50.726872
RET-00002821,ORD-00019899,SKU-00894,2,2025-12-30,CHANGED_MIND,LIKE_NEW,352.36,2026-01-05,RESTOCK,2026-04-30T04:36:50.726872
RET-00002822,ORD-00036144,SKU-00865,3,2025-09-08,DAMAGED_TRANSIT,GOOD,119.31,2025-09-15,REFURBISH,2026-04-30T04:36:50.726872
RET-00002823,ORD-00025477,SKU-00541,2,2025-12-19,DUPLICATE_ORDER,GOOD,1391.74,2025-12-24,RESTOCK,2026-04-30T04:36:50.726872
RET-00002824,ORD-00049448,SKU-00528,1,2025-07-21,DAMAGED_TRANSIT,DAMAGED,374.04,,RESTOCK,2026-04-30T04:36:50.726872
RET-00002825,ORD-00030770,SKU-00774,3,2025-05-25,WRONG_ITEM,UNSELLABLE,1030.32,,RESTOCK,2026-04-30T04:36:50.726872
RET-00002826,ORD-00012307,SKU-00514,3,2026-02-10,WRONG_ITEM,DAMAGED,968.7,,REFURBISH,2026-04-30T04:36:50.726872
RET-00002827,ORD-00015245,SKU-00815,5,2026-01-06,DUPLICATE_ORDER,LIKE_NEW,5144.65,2026-01-13,REFURBISH,2026-04-30T04:36:50.726872
RET-00002828,ORD-00023846,SKU-00585,4,2026-02-22,CHANGED_MIND,NEW,2896.36,2026-02-23,RESTOCK,2026-04-30T04:36:50.726872
RET-00002829,ORD-00003101,SKU-00548,1,2026-04-06,CHANGED_MIND,FAIR,477.14,,RESTOCK,2026-04-30T04:36:50.726872
RET-00002830,ORD-00029739,SKU-00709,5,2026-04-05,DUPLICATE_ORDER,DAMAGED,3228.35,,RESTOCK,2026-04-30T04:36:50.726872
RET-00002831,ORD-00031069,SKU-00743,4,2026-03-19,DUPLICATE_ORDER,GOOD,164.8,2026-03-26,RETURN_TO_VENDOR,2026-04-30T04:36:50.726872
RET-00002832,ORD-00039473,SKU-00827,5,2026-01-06,NOT_AS_DESCRIBED,GOOD,2162.35,2026-01-10,DESTROY,2026-04-30T04:36:50.726872
RET-00002833,ORD-00007836,SKU-00128,5,2026-02-02,DEFECTIVE,GOOD,3824.65,2026-02-07,REFURBISH,2026-04-30T04:36:50.726872
RET-00002834,ORD-00016888,SKU-00837,3,2025-05-01,CHANGED_MIND,FAIR,431.25,,RESTOCK,2026-04-30T04:36:50.726872
RET-00002835,ORD-00032268,SKU-00260,5,2026-03-04,NOT_AS_DESCRIBED,UNSELLABLE,466.35,,REFURBISH,2026-04-30T04:36:50.726872
RET-00002836,ORD-00049470,SKU-00983,1,2025-05-28,WRONG_ITEM,LIKE_NEW,165.4,2025-05-29,RETURN_TO_VENDOR,2026-04-30T04:36:50.726872
RET-00002837,ORD-00042236,SKU-00497,2,2025-08-19,NOT_AS_DESCRIBED,FAIR,1162.56,,REFURBISH,2026-04-30T04:36:50.726872
RET-00002838,ORD-00026318,SKU-00547,4,2025-11-23,ARRIVED_LATE,UNSELLABLE,990.2,,RETURN_TO_VENDOR,2026-04-30T04:36:50.726872
RET-00002839,ORD-00048738,SKU-00049,3,2026-01-12,CHANGED_MIND,UNSELLABLE,965.73,,RETURN_TO_VENDOR,2026-04-30T04:36:50.726872
RET-00002840,ORD-00021670,SKU-00873,4,2025-11-30,CHANGED_MIND,LIKE_NEW,2092.64,2025-12-06,RETURN_TO_VENDOR,2026-04-30T04:36:50.726872
RET-00002841,ORD-00040335,SKU-00614,4,2026-01-11,ARRIVED_LATE,DAMAGED,210.04,,DONATE,2026-04-30T04:36:50.726872
RET-00002842,ORD-00019753,SKU-00975,5,2025-10-06,WRONG_ITEM,GOOD,3760.0,2025-10-08,REFURBISH,2026-04-30T04:36:50.726872
RET-00002843,ORD-00033798,SKU-00838,1,2025-05-18,NOT_AS_DESCRIBED,GOOD,359.6,2025-05-25,REFURBISH,2026-04-30T04:36:50.726872
RET-00002844,ORD-00030563,SKU-00617,1,2026-01-23,DAMAGED_TRANSIT,FAIR,214.6,,RETURN_TO_VENDOR,2026-04-30T04:36:50.726872
RET-00002845,ORD-00000655,SKU-00266,1,2026-02-17,ARRIVED_LATE,FAIR,724.96,,DONATE,2026-04-30T04:36:50.726872
RET-00002846,ORD-00047949,SKU-00796,5,2025-08-16,WRONG_ITEM,DAMAGED,601.95,,RESTOCK,2026-04-30T04:36:50.726872
RET-00002847,ORD-00005073,SKU-00810,5,2025-12-31,NOT_AS_DESCRIBED,UNSELLABLE,375.8,,DESTROY,2026-04-30T04:36:50.726872
RET-00002848,ORD-00017873,SKU-00886,3,2025-09-28,DEFECTIVE,LIKE_NEW,1488.99,2025-09-30,RESTOCK,2026-04-30T04:36:50.726872
RET-00002849,ORD-00043584,SKU-00735,5,2025-09-21,DEFECTIVE,LIKE_NEW,57.4,2025-09-28,RESTOCK,2026-04-30T04:36:50.726872
RET-00002850,ORD-00025486,SKU-00255,3,2026-03-28,DEFECTIVE,LIKE_NEW,483.6,2026-04-04,RESTOCK,2026-04-30T04:36:50.726872
RET-00002851,ORD-00037784,SKU-00341,5,2025-05-08,DAMAGED_TRANSIT,UNSELLABLE,4501.4,,RESTOCK,2026-04-30T04:36:50.726872
RET-00002852,ORD-00005093,SKU-00374,3,2026-03-18,WRONG_ITEM,GOOD,846.9,2026-03-19,RESTOCK,2026-04-30T04:36:50.726872
RET-00002853,ORD-00009039,SKU-00794,2,2026-03-24,DEFECTIVE,NEW,473.88,2026-03-28,RETURN_TO_VENDOR,2026-04-30T04:36:50.726872
RET-00002854,ORD-00016088,SKU-00049,2,2025-10-20,DAMAGED_TRANSIT,NEW,643.82,2025-10-26,RESTOCK,2026-04-30T04:36:50.726872
RET-00002855,ORD-00031450,SKU-00621,1,2025-10-25,DUPLICATE_ORDER,NEW,629.94,2025-10-30,REFURBISH,2026-04-30T04:36:50.726872
RET-00002856,ORD-00017244,SKU-00732,1,2025-07-23,NOT_AS_DESCRIBED,LIKE_NEW,383.92,2025-07-26,REFURBISH,2026-04-30T04:36:50.726872
RET-00002857,ORD-00038058,SKU-00456,2,2025-08-26,CHANGED_MIND,LIKE_NEW,106.68,2025-09-01,RESTOCK,2026-04-30T04:36:50.726872
RET-00002858,ORD-00001470,SKU-00392,5,2025-07-05,DUPLICATE_ORDER,UNSELLABLE,4950.5,,RESTOCK,2026-04-30T04:36:50.726872
RET-00002859,ORD-00018940,SKU-00363,2,2025-07-04,DAMAGED_TRANSIT,LIKE_NEW,1629.96,2025-07-08,DESTROY,2026-04-30T04:36:50.726872
RET-00002860,ORD-00027580,SKU-00350,5,2025-06-30,WRONG_ITEM,FAIR,258.6,,RESTOCK,2026-04-30T04:36:50.726872
RET-00002861,ORD-00023615,SKU-00549,4,2025-09-12,DAMAGED_TRANSIT,DAMAGED,177.64,,RESTOCK,2026-04-30T04:36:50.726872
RET-00002862,ORD-00005630,SKU-00374,5,2025-10-06,DEFECTIVE,GOOD,1411.5,2025-10-09,RESTOCK,2026-04-30T04:36:50.726872
RET-00002863,ORD-00024812,SKU-00472,1,2025-05-31,WRONG_ITEM,LIKE_NEW,700.82,2025-06-02,RETURN_TO_VENDOR,2026-04-30T04:36:50.726872
RET-00002864,ORD-00032588,SKU-00443,1,2025-06-30,DUPLICATE_ORDER,DAMAGED,940.63,,REFURBISH,2026-04-30T04:36:50.726872
RET-00002865,ORD-00023479,SKU-00510,4,2025-04-30,ARRIVED_LATE,GOOD,2788.08,2025-05-06,REFURBISH,2026-04-30T04:36:50.726872
RET-00002866,ORD-00044144,SKU-00155,2,2025-05-09,CHANGED_MIND,NEW,1192.76,2025-05-15,REFURBISH,2026-04-30T04:36:50.726872
RET-00002867,ORD-00047946,SKU-00720,5,2025-12-25,DAMAGED_TRANSIT,DAMAGED,1848.3,,DESTROY,2026-04-30T04:36:50.726872
RET-00002868,ORD-00020790,SKU-00518,4,2026-04-18,DEFECTIVE,GOOD,412.88,2026-04-22,RESTOCK,2026-04-30T04:36:50.726872
RET-00002869,ORD-00024475,SKU-00075,1,2025-11-30,CHANGED_MIND,GOOD,179.74,2025-12-02,RETURN_TO_VENDOR,2026-04-30T04:36:50.726872
RET-00002870,ORD-00033498,SKU-00445,3,2025-11-26,ARRIVED_LATE,GOOD,1760.31,2025-11-28,RESTOCK,2026-04-30T04:36:50.726872
RET-00002871,ORD-00035192,SKU-00205,5,2025-07-31,CHANGED_MIND,DAMAGED,751.7,,DESTROY,2026-04-30T04:36:50.726872
RET-00002872,ORD-00024250,SKU-00480,3,2025-10-25,DAMAGED_TRANSIT,GOOD,2489.43,2025-10-29,DONATE,2026-04-30T04:36:50.726872
RET-00002873,ORD-00023446,SKU-00275,1,2025-07-31,CHANGED_MIND,DAMAGED,103.13,,DESTROY,2026-04-30T04:36:50.726872
RET-00002874,ORD-00017030,SKU-00147,5,2025-07-23,DEFECTIVE,DAMAGED,1317.35,,DESTROY,2026-04-30T04:36:50.726872
RET-00002875,ORD-00047298,SKU-00281,2,2025-09-20,CHANGED_MIND,GOOD,2365.46,2025-09-23,RESTOCK,2026-04-30T04:36:50.726872
RET-00002876,ORD-00003052,SKU-00614,3,2025-09-06,DEFECTIVE,DAMAGED,157.53,,REFURBISH,2026-04-30T04:36:50.726872
RET-00002877,ORD-00022165,SKU-00359,3,2025-09-03,WRONG_ITEM,LIKE_NEW,4086.51,2025-09-09,RESTOCK,2026-04-30T04:36:50.726872
RET-00002878,ORD-00043587,SKU-00063,4,2026-02-15,CHANGED_MIND,FAIR,853.8,,REFURBISH,2026-04-30T04:36:50.726872
RET-00002879,ORD-00021124,SKU-00785,5,2025-11-11,CHANGED_MIND,FAIR,373.45,,REFURBISH,2026-04-30T04:36:50.726872
RET-00002880,ORD-00018174,SKU-00065,1,2025-07-28,DUPLICATE_ORDER,UNSELLABLE,1077.39,,RETURN_TO_VENDOR,2026-04-30T04:36:50.726872
RET-00002881,ORD-00025448,SKU-00693,1,2025-05-04,DEFECTIVE,GOOD,755.52,2025-05-07,RESTOCK,2026-04-30T04:36:50.726872
RET-00002882,ORD-00004310,SKU-00546,2,2025-07-08,WRONG_ITEM,LIKE_NEW,770.86,2025-07-12,RESTOCK,2026-04-30T04:36:50.726872
RET-00002883,ORD-00004756,SKU-00377,2,2025-07-13,DAMAGED_TRANSIT,NEW,908.38,2025-07-16,DONATE,2026-04-30T04:36:50.726872
RET-00002884,ORD-00048921,SKU-00725,5,2025-07-28,NOT_AS_DESCRIBED,GOOD,490.55,2025-08-02,RESTOCK,2026-04-30T04:36:50.726872
RET-00002885,ORD-00013329,SKU-00992,3,2025-11-30,DUPLICATE_ORDER,FAIR,2356.11,,RETURN_TO_VENDOR,2026-04-30T04:36:50.726872
RET-00002886,ORD-00014420,SKU-00455,1,2025-12-25,DEFECTIVE,DAMAGED,382.75,,RESTOCK,2026-04-30T04:36:50.726872
RET-00002887,ORD-00011869,SKU-00330,4,2025-09-18,ARRIVED_LATE,LIKE_NEW,2206.28,2025-09-24,REFURBISH,2026-04-30T04:36:50.726872
RET-00002888,ORD-00022395,SKU-00931,5,2026-03-07,DUPLICATE_ORDER,NEW,929.05,2026-03-14,DESTROY,2026-04-30T04:36:50.726872
RET-00002889,ORD-00000717,SKU-00896,1,2026-04-16,DAMAGED_TRANSIT,GOOD,186.66,2026-04-19,DESTROY,2026-04-30T04:36:50.726872
RET-00002890,ORD-00040394,SKU-00620,2,2025-11-16,WRONG_ITEM,LIKE_NEW,1293.52,2025-11-22,DONATE,2026-04-30T04:36:50.726872
RET-00002891,ORD-00000729,SKU-00204,2,2026-03-18,WRONG_ITEM,UNSELLABLE,1963.98,,RESTOCK,2026-04-30T04:36:50.726872
RET-00002892,ORD-00023316,SKU-00976,5,2025-10-27,DAMAGED_TRANSIT,GOOD,521.5,2025-10-30,RESTOCK,2026-04-30T04:36:50.726872
RET-00002893,ORD-00049513,SKU-00394,5,2025-08-26,CHANGED_MIND,UNSELLABLE,2807.05,,RETURN_TO_VENDOR,2026-04-30T04:36:50.726872
RET-00002894,ORD-00041200,SKU-00686,2,2025-10-03,NOT_AS_DESCRIBED,GOOD,2336.44,2025-10-10,RESTOCK,2026-04-30T04:36:50.726872
RET-00002895,ORD-00034758,SKU-00658,4,2025-05-19,DEFECTIVE,UNSELLABLE,1925.32,,RETURN_TO_VENDOR,2026-04-30T04:36:50.726872
RET-00002896,ORD-00004502,SKU-00646,2,2025-06-30,DAMAGED_TRANSIT,FAIR,470.68,,DESTROY,2026-04-30T04:36:50.726872
RET-00002897,ORD-00009133,SKU-00745,2,2025-08-07,DEFECTIVE,FAIR,1071.42,,RETURN_TO_VENDOR,2026-04-30T04:36:50.726872
RET-00002898,ORD-00044042,SKU-00286,2,2025-09-09,DEFECTIVE,LIKE_NEW,311.96,2025-09-12,DONATE,2026-04-30T04:36:50.726872
RET-00002899,ORD-00013969,SKU-00320,1,2025-07-10,DUPLICATE_ORDER,UNSELLABLE,954.74,,DONATE,2026-04-30T04:36:50.726872
RET-00002900,ORD-00009486,SKU-00340,4,2025-05-26,NOT_AS_DESCRIBED,DAMAGED,4841.36,,RESTOCK,2026-04-30T04:36:50.726872
RET-00002901,ORD-00041422,SKU-00322,1,2026-01-31,WRONG_ITEM,LIKE_NEW,57.44,2026-02-06,DESTROY,2026-04-30T04:36:50.726872
RET-00002902,ORD-00049589,SKU-00280,2,2025-06-11,CHANGED_MIND,NEW,1006.02,2025-06-16,DONATE,2026-04-30T04:36:50.726872
RET-00002903,ORD-00042742,SKU-00880,3,2025-12-16,DEFECTIVE,UNSELLABLE,1016.49,,REFURBISH,2026-04-30T04:36:50.726872
RET-00002904,ORD-00000790,SKU-00736,1,2025-08-11,DEFECTIVE,GOOD,330.62,2025-08-12,RESTOCK,2026-04-30T04:36:50.726872
RET-00002905,ORD-00023198,SKU-00822,1,2025-06-27,DEFECTIVE,NEW,45.06,2025-07-03,RESTOCK,2026-04-30T04:36:50.726872
RET-00002906,ORD-00040727,SKU-00736,4,2025-09-04,DAMAGED_TRANSIT,GOOD,1322.48,2025-09-11,DONATE,2026-04-30T04:36:50.726872
RET-00002907,ORD-00037302,SKU-00812,5,2025-05-24,NOT_AS_DESCRIBED,GOOD,1257.5,2025-05-28,REFURBISH,2026-04-30T04:36:50.726872
RET-00002908,ORD-00006878,SKU-00642,3,2026-03-21,NOT_AS_DESCRIBED,LIKE_NEW,2839.89,2026-03-23,RESTOCK,2026-04-30T04:36:50.726872
RET-00002909,ORD-00016557,SKU-00178,3,2026-01-29,DUPLICATE_ORDER,GOOD,2590.02,2026-02-04,RETURN_TO_VENDOR,2026-04-30T04:36:50.726872
RET-00002910,ORD-00043575,SKU-00868,3,2025-07-15,DEFECTIVE,FAIR,485.49,,RETURN_TO_VENDOR,2026-04-30T04:36:50.726872
RET-00002911,ORD-00040883,SKU-00582,5,2025-11-14,NOT_AS_DESCRIBED,DAMAGED,1493.1,,RESTOCK,2026-04-30T04:36:50.726872
RET-00002912,ORD-00011102,SKU-00901,5,2025-12-31,DAMAGED_TRANSIT,FAIR,204.95,,DONATE,2026-04-30T04:36:50.726872
RET-00002913,ORD-00021142,SKU-00927,5,2025-11-19,DAMAGED_TRANSIT,DAMAGED,6772.5,,RETURN_TO_VENDOR,2026-04-30T04:36:50.726872
RET-00002914,ORD-00047982,SKU-00172,5,2026-03-19,WRONG_ITEM,LIKE_NEW,5245.75,2026-03-22,DESTROY,2026-04-30T04:36:50.726872
RET-00002915,ORD-00003049,SKU-00901,5,2026-02-18,DEFECTIVE,NEW,204.95,2026-02-19,REFURBISH,2026-04-30T04:36:50.726872
RET-00002916,ORD-00017679,SKU-00315,3,2026-01-09,DEFECTIVE,GOOD,2265.63,2026-01-14,DESTROY,2026-04-30T04:36:50.726872
RET-00002917,ORD-00048545,SKU-00304,4,2025-08-02,DAMAGED_TRANSIT,UNSELLABLE,923.08,,REFURBISH,2026-04-30T04:36:50.726872
RET-00002918,ORD-00040990,SKU-00669,3,2025-10-23,CHANGED_MIND,LIKE_NEW,147.42,2025-10-25,RESTOCK,2026-04-30T04:36:50.726872
RET-00002919,ORD-00046445,SKU-00881,1,2025-04-29,DUPLICATE_ORDER,LIKE_NEW,170.95,2025-05-06,RESTOCK,2026-04-30T04:36:50.726872
RET-00002920,ORD-00043671,SKU-00352,4,2025-05-26,DEFECTIVE,NEW,3069.44,2025-05-29,RESTOCK,2026-04-30T04:36:50.726872
RET-00002921,ORD-00046848,SKU-00441,1,2025-07-03,WRONG_ITEM,FAIR,655.22,,REFURBISH,2026-04-30T04:36:50.726872
RET-00002922,ORD-00044044,SKU-00318,1,2025-05-26,CHANGED_MIND,GOOD,927.51,2025-05-30,RESTOCK,2026-04-30T04:36:50.726872
RET-00002923,ORD-00044115,SKU-00419,3,2025-10-28,ARRIVED_LATE,UNSELLABLE,944.25,,DESTROY,2026-04-30T04:36:50.726872
RET-00002924,ORD-00011359,SKU-00725,5,2026-03-10,NOT_AS_DESCRIBED,FAIR,490.55,,RESTOCK,2026-04-30T04:36:50.726872
RET-00002925,ORD-00045959,SKU-00867,3,2026-03-08,WRONG_ITEM,LIKE_NEW,3489.15,2026-03-11,RESTOCK,2026-04-30T04:36:50.726872
RET-00002926,ORD-00009434,SKU-00615,4,2025-11-25,DAMAGED_TRANSIT,LIKE_NEW,5249.48,2025-11-28,RESTOCK,2026-04-30T04:36:50.726872
RET-00002927,ORD-00014572,SKU-00315,4,2026-04-09,NOT_AS_DESCRIBED,FAIR,3020.84,,RESTOCK,2026-04-30T04:36:50.726872
RET-00002928,ORD-00018456,SKU-00825,1,2026-01-26,ARRIVED_LATE,LIKE_NEW,658.17,2026-02-01,REFURBISH,2026-04-30T04:36:50.726872
RET-00002929,ORD-00029489,SKU-00647,2,2025-05-13,CHANGED_MIND,UNSELLABLE,657.02,,RESTOCK,2026-04-30T04:36:50.726872
RET-00002930,ORD-00001509,SKU-00751,4,2026-01-19,DUPLICATE_ORDER,NEW,1023.04,2026-01-20,DONATE,2026-04-30T04:36:50.726872
RET-00002931,ORD-00048821,SKU-00383,5,2025-09-28,WRONG_ITEM,UNSELLABLE,565.15,,REFURBISH,2026-04-30T04:36:50.726872
RET-00002932,ORD-00016220,SKU-00717,2,2025-12-11,DAMAGED_TRANSIT,NEW,1674.92,2025-12-14,RETURN_TO_VENDOR,2026-04-30T04:36:50.726872
RET-00002933,ORD-00006305,SKU-00883,4,2025-08-10,CHANGED_MIND,FAIR,862.68,,DESTROY,2026-04-30T04:36:50.726872
RET-00002934,ORD-00047723,SKU-00936,2,2025-05-21,ARRIVED_LATE,UNSELLABLE,1892.06,,RETURN_TO_VENDOR,2026-04-30T04:36:50.726872
RET-00002935,ORD-00030796,SKU-00505,2,2025-12-01,NOT_AS_DESCRIBED,DAMAGED,2905.24,,REFURBISH,2026-04-30T04:36:50.726872
RET-00002936,ORD-00014968,SKU-00625,4,2026-04-12,WRONG_ITEM,LIKE_NEW,4912.76,2026-04-19,RESTOCK,2026-04-30T04:36:50.726872
RET-00002937,ORD-00042684,SKU-00153,4,2025-07-11,DAMAGED_TRANSIT,FAIR,4064.12,,RESTOCK,2026-04-30T04:36:50.726872
RET-00002938,ORD-00019608,SKU-00210,5,2025-12-24,DUPLICATE_ORDER,UNSELLABLE,492.8,,REFURBISH,2026-04-30T04:36:50.726872
RET-00002939,ORD-00010998,SKU-00647,5,2025-11-24,NOT_AS_DESCRIBED,FAIR,1642.55,,RETURN_TO_VENDOR,2026-04-30T04:36:50.726872
RET-00002940,ORD-00020115,SKU-00673,3,2026-04-23,CHANGED_MIND,FAIR,2564.82,,DESTROY,2026-04-30T04:36:50.726872
RET-00002941,ORD-00012683,SKU-00404,3,2025-10-28,DEFECTIVE,UNSELLABLE,2064.21,,RESTOCK,2026-04-30T04:36:50.726872
RET-00002942,ORD-00017668,SKU-00040,2,2026-01-07,DUPLICATE_ORDER,NEW,841.1,2026-01-09,REFURBISH,2026-04-30T04:36:50.726872
RET-00002943,ORD-00021909,SKU-00842,5,2025-10-01,ARRIVED_LATE,FAIR,5066.5,,DONATE,2026-04-30T04:36:50.726872
RET-00002944,ORD-00009723,SKU-00930,3,2025-06-13,DEFECTIVE,NEW,1303.38,2025-06-16,RESTOCK,2026-04-30T04:36:50.726872
RET-00002945,ORD-00032254,SKU-00560,1,2025-05-04,NOT_AS_DESCRIBED,FAIR,148.21,,RESTOCK,2026-04-30T04:36:50.726872
RET-00002946,ORD-00039848,SKU-00033,2,2025-10-25,CHANGED_MIND,LIKE_NEW,622.26,2025-10-31,RESTOCK,2026-04-30T04:36:50.726872
RET-00002947,ORD-00029936,SKU-00290,3,2025-05-16,DAMAGED_TRANSIT,FAIR,486.09,,RETURN_TO_VENDOR,2026-04-30T04:36:50.726872
RET-00002948,ORD-00001302,SKU-00438,5,2026-02-02,DUPLICATE_ORDER,UNSELLABLE,2137.4,,RESTOCK,2026-04-30T04:36:50.726872
RET-00002949,ORD-00049127,SKU-00575,2,2025-08-03,NOT_AS_DESCRIBED,LIKE_NEW,48.98,2025-08-07,REFURBISH,2026-04-30T04:36:50.726872
RET-00002950,ORD-00013877,SKU-00430,4,2026-04-27,DUPLICATE_ORDER,FAIR,3296.72,,DONATE,2026-04-30T04:36:50.726872
RET-00002951,ORD-00029219,SKU-00883,3,2025-08-05,CHANGED_MIND,NEW,647.01,2025-08-11,DESTROY,2026-04-30T04:36:50.726872
RET-00002952,ORD-00009151,SKU-00982,1,2025-10-03,WRONG_ITEM,FAIR,163.97,,RETURN_TO_VENDOR,2026-04-30T04:36:50.726872
RET-00002953,ORD-00002736,SKU-00787,5,2026-01-26,DEFECTIVE,GOOD,340.45,2026-01-28,RESTOCK,2026-04-30T04:36:50.726872
RET-00002954,ORD-00045119,SKU-00426,3,2025-11-08,DUPLICATE_ORDER,LIKE_NEW,1690.14,2025-11-10,DESTROY,2026-04-30T04:36:50.726872
RET-00002955,ORD-00022990,SKU-00525,1,2026-04-21,WRONG_ITEM,GOOD,60.11,2026-04-25,RESTOCK,2026-04-30T04:36:50.726872
RET-00002956,ORD-00035002,SKU-00812,4,2026-03-27,NOT_AS_DESCRIBED,NEW,1006.0,2026-04-03,RESTOCK,2026-04-30T04:36:50.726872
RET-00002957,ORD-00020952,SKU-00589,5,2025-07-26,DAMAGED_TRANSIT,LIKE_NEW,3249.95,2025-07-27,RESTOCK,2026-04-30T04:36:50.726872
RET-00002958,ORD-00003683,SKU-00315,3,2025-06-01,DUPLICATE_ORDER,DAMAGED,2265.63,,REFURBISH,2026-04-30T04:36:50.726872
RET-00002959,ORD-00026521,SKU-00105,1,2025-11-06,ARRIVED_LATE,FAIR,447.47,,RETURN_TO_VENDOR,2026-04-30T04:36:50.726872
RET-00002960,ORD-00003400,SKU-00250,2,2026-01-28,DEFECTIVE,UNSELLABLE,190.3,,RESTOCK,2026-04-30T04:36:50.726872
RET-00002961,ORD-00022525,SKU-00505,5,2026-03-29,DAMAGED_TRANSIT,FAIR,7263.1,,RETURN_TO_VENDOR,2026-04-30T04:36:50.726872
RET-00002962,ORD-00031983,SKU-00372,3,2025-08-16,CHANGED_MIND,GOOD,2827.47,2025-08-21,REFURBISH,2026-04-30T04:36:50.726872
RET-00002963,ORD-00028424,SKU-00255,1,2025-05-20,NOT_AS_DESCRIBED,FAIR,161.2,,RETURN_TO_VENDOR,2026-04-30T04:36:50.726872
RET-00002964,ORD-00012408,SKU-00182,4,2025-07-23,DEFECTIVE,LIKE_NEW,1229.44,2025-07-27,DESTROY,2026-04-30T04:36:50.726872
RET-00002965,ORD-00048570,SKU-00452,1,2025-09-16,ARRIVED_LATE,GOOD,74.49,2025-09-22,RESTOCK,2026-04-30T04:36:50.726872
RET-00002966,ORD-00047226,SKU-00585,5,2025-08-30,DUPLICATE_ORDER,FAIR,3620.45,,RESTOCK,2026-04-30T04:36:50.726872
RET-00002967,ORD-00039959,SKU-00340,3,2025-11-19,DAMAGED_TRANSIT,LIKE_NEW,3631.02,2025-11-22,RESTOCK,2026-04-30T04:36:50.726872
RET-00002968,ORD-00009159,SKU-00681,2,2025-12-06,CHANGED_MIND,LIKE_NEW,1096.78,2025-12-09,DESTROY,2026-04-30T04:36:50.726872
RET-00002969,ORD-00021163,SKU-00611,2,2025-05-23,DAMAGED_TRANSIT,DAMAGED,596.64,,RESTOCK,2026-04-30T04:36:50.726872
RET-00002970,ORD-00002632,SKU-00564,5,2026-04-20,DEFECTIVE,LIKE_NEW,3037.45,2026-04-24,REFURBISH,2026-04-30T04:36:50.726872
RET-00002971,ORD-00042603,SKU-00718,1,2026-02-12,CHANGED_MIND,DAMAGED,349.77,,RETURN_TO_VENDOR,2026-04-30T04:36:50.726872
RET-00002972,ORD-00018879,SKU-00635,4,2025-05-14,ARRIVED_LATE,FAIR,197.2,,RETURN_TO_VENDOR,2026-04-30T04:36:50.726872
RET-00002973,ORD-00029336,SKU-00457,3,2026-02-11,CHANGED_MIND,FAIR,1165.44,,RETURN_TO_VENDOR,2026-04-30T04:36:50.726872
RET-00002974,ORD-00028938,SKU-00755,2,2026-02-24,ARRIVED_LATE,FAIR,202.76,,REFURBISH,2026-04-30T04:36:50.726872
RET-00002975,ORD-00045836,SKU-00578,2,2026-02-03,NOT_AS_DESCRIBED,GOOD,2809.66,2026-02-08,RESTOCK,2026-04-30T04:36:50.726872
RET-00002976,ORD-00007579,SKU-00595,5,2026-01-21,NOT_AS_DESCRIBED,FAIR,825.8,,RESTOCK,2026-04-30T04:36:50.726872
RET-00002977,ORD-00047121,SKU-00890,4,2025-06-30,DAMAGED_TRANSIT,UNSELLABLE,405.12,,RESTOCK,2026-04-30T04:36:50.726872
RET-00002978,ORD-00041746,SKU-00937,3,2025-07-13,DUPLICATE_ORDER,NEW,2968.08,2025-07-18,DONATE,2026-04-30T04:36:50.726872
RET-00002979,ORD-00032538,SKU-00948,2,2025-08-11,NOT_AS_DESCRIBED,UNSELLABLE,242.44,,RESTOCK,2026-04-30T04:36:50.726872
RET-00002980,ORD-00013887,SKU-00820,2,2025-05-20,WRONG_ITEM,GOOD,98.58,2025-05-26,RESTOCK,2026-04-30T04:36:50.726872
RET-00002981,ORD-00044954,SKU-00078,3,2026-02-14,DEFECTIVE,DAMAGED,1385.16,,REFURBISH,2026-04-30T04:36:50.726872
RET-00002982,ORD-00003834,SKU-00611,4,2025-10-19,ARRIVED_LATE,FAIR,1193.28,,RETURN_TO_VENDOR,2026-04-30T04:36:50.726872
RET-00002983,ORD-00000629,SKU-00803,5,2025-07-04,DUPLICATE_ORDER,LIKE_NEW,2026.7,2025-07-07,RESTOCK,2026-04-30T04:36:50.726872
RET-00002984,ORD-00001666,SKU-00447,3,2026-02-03,ARRIVED_LATE,DAMAGED,594.6,,DONATE,2026-04-30T04:36:50.726872
RET-00002985,ORD-00045864,SKU-00387,5,2025-07-04,DAMAGED_TRANSIT,NEW,4618.15,2025-07-08,RETURN_TO_VENDOR,2026-04-30T04:36:50.726872
RET-00002986,ORD-00009156,SKU-00582,5,2025-05-03,DUPLICATE_ORDER,UNSELLABLE,1493.1,,DONATE,2026-04-30T04:36:50.726872
RET-00002987,ORD-00022873,SKU-00919,1,2025-06-12,ARRIVED_LATE,LIKE_NEW,145.72,2025-06-13,RESTOCK,2026-04-30T04:36:50.726872
RET-00002988,ORD-00011979,SKU-00455,2,2025-11-21,WRONG_ITEM,DAMAGED,765.5,,RESTOCK,2026-04-30T04:36:50.726872
RET-00002989,ORD-00041720,SKU-00651,2,2026-02-19,DUPLICATE_ORDER,UNSELLABLE,2272.74,,REFURBISH,2026-04-30T04:36:50.726872
RET-00002990,ORD-00039274,SKU-00798,1,2025-08-06,WRONG_ITEM,GOOD,832.91,2025-08-13,RESTOCK,2026-04-30T04:36:50.726872
RET-00002991,ORD-00000918,SKU-00607,2,2025-09-25,DEFECTIVE,NEW,1609.78,2025-09-29,RESTOCK,2026-04-30T04:36:50.726872
RET-00002992,ORD-00033087,SKU-00980,5,2026-02-16,CHANGED_MIND,GOOD,2431.95,2026-02-21,RETURN_TO_VENDOR,2026-04-30T04:36:50.726872
RET-00002993,ORD-00004360,SKU-00673,1,2025-09-16,ARRIVED_LATE,NEW,854.94,2025-09-22,REFURBISH,2026-04-30T04:36:50.726872
RET-00002994,ORD-00020927,SKU-00864,4,2025-11-02,DEFECTIVE,NEW,4195.88,2025-11-06,RESTOCK,2026-04-30T04:36:50.726872
RET-00002995,ORD-00005420,SKU-00596,1,2026-01-02,ARRIVED_LATE,GOOD,1399.73,2026-01-07,RESTOCK,2026-04-30T04:36:50.726872
RET-00002996,ORD-00016539,SKU-00977,2,2025-05-29,DUPLICATE_ORDER,FAIR,973.42,,REFURBISH,2026-04-30T04:36:50.726872
RET-00002997,ORD-00028502,SKU-00361,1,2025-10-05,NOT_AS_DESCRIBED,NEW,620.91,2025-10-09,DONATE,2026-04-30T04:36:50.726872
RET-00002998,ORD-00002060,SKU-00882,3,2025-05-17,WRONG_ITEM,LIKE_NEW,581.07,2025-05-24,REFURBISH,2026-04-30T04:36:50.726872
RET-00002999,ORD-00008250,SKU-00894,5,2025-09-20,DUPLICATE_ORDER,GOOD,880.9,2025-09-21,DONATE,2026-04-30T04:36:50.726872
RET-00003000,ORD-00020337,SKU-00279,3,2026-04-11,CHANGED_MIND,GOOD,1232.4,2026-04-15,RESTOCK,2026-04-30T04:36:50.726872
RET-00003001,ORD-00019024,SKU-00872,2,2025-06-22,DAMAGED_TRANSIT,FAIR,32.94,,RETURN_TO_VENDOR,2026-04-30T04:36:50.726872
RET-00003002,ORD-00004966,SKU-00005,4,2025-09-22,DAMAGED_TRANSIT,NEW,884.2,2025-09-25,RESTOCK,2026-04-30T04:36:50.726872
RET-00003003,ORD-00012866,SKU-00312,4,2025-12-16,ARRIVED_LATE,DAMAGED,4465.0,,RESTOCK,2026-04-30T04:36:50.726872
RET-00003004,ORD-00042509,SKU-00200,1,2025-11-02,WRONG_ITEM,NEW,643.63,2025-11-09,RETURN_TO_VENDOR,2026-04-30T04:36:50.726872
RET-00003005,ORD-00037204,SKU-00411,4,2026-02-23,CHANGED_MIND,FAIR,1868.44,,RESTOCK,2026-04-30T04:36:50.726872
RET-00003006,ORD-00019308,SKU-00888,5,2026-01-26,DAMAGED_TRANSIT,NEW,3263.0,2026-01-30,RETURN_TO_VENDOR,2026-04-30T04:36:50.726872
RET-00003007,ORD-00018141,SKU-00207,1,2026-01-03,WRONG_ITEM,NEW,1143.33,2026-01-10,RETURN_TO_VENDOR,2026-04-30T04:36:50.726872
RET-00003008,ORD-00031153,SKU-00561,1,2025-12-10,CHANGED_MIND,UNSELLABLE,162.66,,RESTOCK,2026-04-30T04:36:50.726872
RET-00003009,ORD-00047245,SKU-00949,5,2025-07-20,DUPLICATE_ORDER,DAMAGED,4381.45,,RETURN_TO_VENDOR,2026-04-30T04:36:50.726872
RET-00003010,ORD-00024345,SKU-00422,4,2025-09-22,NOT_AS_DESCRIBED,GOOD,2332.64,2025-09-29,RETURN_TO_VENDOR,2026-04-30T04:36:50.726872
RET-00003011,ORD-00000028,SKU-00185,2,2025-11-21,WRONG_ITEM,LIKE_NEW,816.64,2025-11-26,DESTROY,2026-04-30T04:36:50.726872
RET-00003012,ORD-00020249,SKU-00164,1,2025-05-22,NOT_AS_DESCRIBED,NEW,531.69,2025-05-24,RETURN_TO_VENDOR,2026-04-30T04:36:50.726872
RET-00003013,ORD-00031864,SKU-00453,5,2025-12-25,DEFECTIVE,FAIR,2584.05,,RETURN_TO_VENDOR,2026-04-30T04:36:50.726872
RET-00003014,ORD-00023043,SKU-00558,4,2025-09-18,DAMAGED_TRANSIT,LIKE_NEW,3457.52,2025-09-21,RESTOCK,2026-04-30T04:36:50.726872
RET-00003015,ORD-00017585,SKU-00052,2,2025-11-23,WRONG_ITEM,GOOD,1176.36,2025-11-25,DONATE,2026-04-30T04:36:50.726872
RET-00003016,ORD-00047900,SKU-00892,2,2025-07-29,DEFECTIVE,GOOD,657.76,2025-07-30,DONATE,2026-04-30T04:36:50.726872
RET-00003017,ORD-00046237,SKU-00004,1,2026-04-09,CHANGED_MIND,UNSELLABLE,693.67,,RETURN_TO_VENDOR,2026-04-30T04:36:50.726872
RET-00003018,ORD-00003379,SKU-00265,4,2026-04-17,DUPLICATE_ORDER,DAMAGED,377.88,,DESTROY,2026-04-30T04:36:50.726872
RET-00003019,ORD-00044117,SKU-00827,1,2025-11-10,DUPLICATE_ORDER,FAIR,432.47,,RESTOCK,2026-04-30T04:36:50.726872
RET-00003020,ORD-00031051,SKU-00574,2,2025-12-11,NOT_AS_DESCRIBED,GOOD,1164.46,2025-12-13,REFURBISH,2026-04-30T04:36:50.726872
RET-00003021,ORD-00030007,SKU-00694,1,2025-11-22,DUPLICATE_ORDER,GOOD,295.92,2025-11-27,DONATE,2026-04-30T04:36:50.726872
RET-00003022,ORD-00012412,SKU-00404,5,2026-04-06,DUPLICATE_ORDER,DAMAGED,3440.35,,RESTOCK,2026-04-30T04:36:50.726872
RET-00003023,ORD-00048930,SKU-00308,1,2025-10-23,DUPLICATE_ORDER,NEW,467.7,2025-10-27,RESTOCK,2026-04-30T04:36:50.726872
RET-00003024,ORD-00040154,SKU-00148,3,2025-10-26,NOT_AS_DESCRIBED,GOOD,210.3,2025-10-29,REFURBISH,2026-04-30T04:36:50.726872
RET-00003025,ORD-00006481,SKU-00337,1,2025-11-15,DUPLICATE_ORDER,UNSELLABLE,316.79,,RESTOCK,2026-04-30T04:36:50.726872
RET-00003026,ORD-00033646,SKU-00637,5,2025-06-29,DUPLICATE_ORDER,LIKE_NEW,2167.15,2025-07-01,DESTROY,2026-04-30T04:36:50.726872
RET-00003027,ORD-00007444,SKU-00871,4,2026-02-24,DUPLICATE_ORDER,DAMAGED,2603.4,,RETURN_TO_VENDOR,2026-04-30T04:36:50.726872
RET-00003028,ORD-00049979,SKU-00291,2,2025-12-28,WRONG_ITEM,GOOD,414.2,2026-01-03,RETURN_TO_VENDOR,2026-04-30T04:36:50.726872
RET-00003029,ORD-00047726,SKU-00665,4,2025-10-21,DEFECTIVE,DAMAGED,847.2,,RETURN_TO_VENDOR,2026-04-30T04:36:50.726872
RET-00003030,ORD-00018386,SKU-00610,1,2026-01-11,WRONG_ITEM,GOOD,719.36,2026-01-16,RESTOCK,2026-04-30T04:36:50.726872
RET-00003031,ORD-00025899,SKU-00194,3,2026-02-22,DUPLICATE_ORDER,DAMAGED,219.75,,RESTOCK,2026-04-30T04:36:50.726872
RET-00003032,ORD-00029382,SKU-00898,2,2026-01-07,ARRIVED_LATE,GOOD,2594.86,2026-01-11,RETURN_TO_VENDOR,2026-04-30T04:36:50.726872
RET-00003033,ORD-00024925,SKU-00117,3,2025-11-26,ARRIVED_LATE,DAMAGED,1539.78,,RESTOCK,2026-04-30T04:36:50.726872
RET-00003034,ORD-00038116,SKU-00692,4,2025-05-14,WRONG_ITEM,DAMAGED,1630.2,,DESTROY,2026-04-30T04:36:50.726872
RET-00003035,ORD-00008995,SKU-00722,4,2025-05-28,DUPLICATE_ORDER,LIKE_NEW,571.48,2025-06-03,RETURN_TO_VENDOR,2026-04-30T04:36:50.726872
RET-00003036,ORD-00023938,SKU-00261,5,2025-09-16,DUPLICATE_ORDER,NEW,2599.7,2025-09-19,RESTOCK,2026-04-30T04:36:50.726872
RET-00003037,ORD-00017621,SKU-00838,2,2025-10-19,ARRIVED_LATE,GOOD,719.2,2025-10-23,DESTROY,2026-04-30T04:36:50.726872
RET-00003038,ORD-00027446,SKU-00608,4,2026-03-09,NOT_AS_DESCRIBED,GOOD,2671.6,2026-03-11,RESTOCK,2026-04-30T04:36:50.726872
RET-00003039,ORD-00045093,SKU-00761,3,2025-12-23,WRONG_ITEM,FAIR,284.55,,REFURBISH,2026-04-30T04:36:50.726872
RET-00003040,ORD-00027588,SKU-00792,3,2026-01-19,DUPLICATE_ORDER,FAIR,956.67,,REFURBISH,2026-04-30T04:36:50.726872
RET-00003041,ORD-00028933,SKU-00589,4,2025-11-20,CHANGED_MIND,DAMAGED,2599.96,,DESTROY,2026-04-30T04:36:50.726872
RET-00003042,ORD-00040520,SKU-00854,4,2025-07-25,DUPLICATE_ORDER,LIKE_NEW,2488.8,2025-07-27,RETURN_TO_VENDOR,2026-04-30T04:36:50.726872
RET-00003043,ORD-00038181,SKU-00451,5,2025-05-03,DAMAGED_TRANSIT,GOOD,5202.75,2025-05-10,DONATE,2026-04-30T04:36:50.726872
RET-00003044,ORD-00016228,SKU-00849,4,2025-12-30,WRONG_ITEM,DAMAGED,2206.04,,RESTOCK,2026-04-30T04:36:50.726872
RET-00003045,ORD-00045600,SKU-00143,5,2025-12-05,WRONG_ITEM,LIKE_NEW,4967.15,2025-12-12,REFURBISH,2026-04-30T04:36:50.726872
RET-00003046,ORD-00038793,SKU-00148,4,2025-05-09,DAMAGED_TRANSIT,FAIR,280.4,,DONATE,2026-04-30T04:36:50.726872
RET-00003047,ORD-00005680,SKU-00594,3,2025-10-23,DUPLICATE_ORDER,GOOD,3430.47,2025-10-28,DESTROY,2026-04-30T04:36:50.726872
RET-00003048,ORD-00033755,SKU-00651,1,2025-07-30,ARRIVED_LATE,DAMAGED,1136.37,,RESTOCK,2026-04-30T04:36:50.726872
RET-00003049,ORD-00007108,SKU-00725,5,2025-08-16,DEFECTIVE,LIKE_NEW,490.55,2025-08-20,RESTOCK,2026-04-30T04:36:50.726872
RET-00003050,ORD-00003722,SKU-00566,1,2025-12-25,DUPLICATE_ORDER,NEW,710.67,2025-12-31,RETURN_TO_VENDOR,2026-04-30T04:36:50.726872
RET-00003051,ORD-00022709,SKU-00446,4,2025-08-20,DEFECTIVE,LIKE_NEW,290.68,2025-08-26,DONATE,2026-04-30T04:36:50.726872
RET-00003052,ORD-00039078,SKU-00975,1,2025-08-01,DUPLICATE_ORDER,GOOD,752.0,2025-08-05,DONATE,2026-04-30T04:36:50.726872
RET-00003053,ORD-00012171,SKU-00320,5,2026-01-21,DEFECTIVE,DAMAGED,4773.7,,RESTOCK,2026-04-30T04:36:50.726872
RET-00003054,ORD-00008869,SKU-00972,2,2025-11-25,DUPLICATE_ORDER,UNSELLABLE,659.66,,RESTOCK,2026-04-30T04:36:50.726872
RET-00003055,ORD-00037975,SKU-00504,3,2026-03-31,DUPLICATE_ORDER,FAIR,1115.55,,RESTOCK,2026-04-30T04:36:50.726872
RET-00003056,ORD-00038563,SKU-00483,4,2025-10-10,NOT_AS_DESCRIBED,NEW,4030.4,2025-10-13,REFURBISH,2026-04-30T04:36:50.726872
RET-00003057,ORD-00027169,SKU-00139,4,2025-06-30,WRONG_ITEM,GOOD,486.88,2025-07-06,REFURBISH,2026-04-30T04:36:50.726872
RET-00003058,ORD-00044200,SKU-00477,4,2026-03-05,WRONG_ITEM,LIKE_NEW,3782.84,2026-03-09,DONATE,2026-04-30T04:36:50.726872
RET-00003059,ORD-00023220,SKU-00176,2,2025-07-24,WRONG_ITEM,UNSELLABLE,245.78,,DESTROY,2026-04-30T04:36:50.726872
RET-00003060,ORD-00015461,SKU-00285,4,2026-04-25,ARRIVED_LATE,GOOD,1872.04,2026-05-01,REFURBISH,2026-04-30T04:36:50.726872
RET-00003061,ORD-00031084,SKU-00046,2,2025-05-24,CHANGED_MIND,NEW,801.72,2025-05-29,RESTOCK,2026-04-30T04:36:50.726872
RET-00003062,ORD-00006974,SKU-00151,2,2025-12-19,DEFECTIVE,NEW,843.72,2025-12-26,DONATE,2026-04-30T04:36:50.726872
RET-00003063,ORD-00042884,SKU-00454,2,2025-11-06,DUPLICATE_ORDER,GOOD,1308.82,2025-11-13,RETURN_TO_VENDOR,2026-04-30T04:36:50.726872
RET-00003064,ORD-00033242,SKU-00595,2,2026-01-25,NOT_AS_DESCRIBED,FAIR,330.32,,DESTROY,2026-04-30T04:36:50.726872
RET-00003065,ORD-00028928,SKU-00086,1,2025-12-29,CHANGED_MIND,LIKE_NEW,347.72,2026-01-01,REFURBISH,2026-04-30T04:36:50.726872
RET-00003066,ORD-00040653,SKU-00660,2,2025-12-16,DUPLICATE_ORDER,FAIR,1259.64,,REFURBISH,2026-04-30T04:36:50.726872
RET-00003067,ORD-00044524,SKU-00031,5,2025-12-13,DAMAGED_TRANSIT,GOOD,6899.0,2025-12-17,RESTOCK,2026-04-30T04:36:50.726872
RET-00003068,ORD-00002376,SKU-00362,4,2026-03-23,ARRIVED_LATE,UNSELLABLE,3371.96,,RESTOCK,2026-04-30T04:36:50.726872
RET-00003069,ORD-00035944,SKU-00097,3,2025-07-20,NOT_AS_DESCRIBED,NEW,2443.62,2025-07-27,RESTOCK,2026-04-30T04:36:50.726872
RET-00003070,ORD-00001248,SKU-00761,1,2025-04-30,DUPLICATE_ORDER,LIKE_NEW,94.85,2025-05-01,RESTOCK,2026-04-30T04:36:50.726872
RET-00003071,ORD-00029714,SKU-00349,1,2026-01-21,DUPLICATE_ORDER,FAIR,743.95,,RESTOCK,2026-04-30T04:36:50.726872
RET-00003072,ORD-00014014,SKU-00514,4,2025-09-06,WRONG_ITEM,NEW,1291.6,2025-09-09,REFURBISH,2026-04-30T04:36:50.726872
RET-00003073,ORD-00026446,SKU-00657,2,2026-02-05,DEFECTIVE,NEW,767.46,2026-02-08,DESTROY,2026-04-30T04:36:50.726872
RET-00003074,ORD-00043562,SKU-00673,2,2026-04-23,NOT_AS_DESCRIBED,LIKE_NEW,1709.88,2026-04-28,RESTOCK,2026-04-30T04:36:50.726872
RET-00003075,ORD-00010613,SKU-00008,5,2026-01-28,DAMAGED_TRANSIT,DAMAGED,1709.25,,RESTOCK,2026-04-30T04:36:50.726872
RET-00003076,ORD-00014305,SKU-00974,2,2026-01-02,ARRIVED_LATE,UNSELLABLE,2077.64,,DESTROY,2026-04-30T04:36:50.726872
RET-00003077,ORD-00018398,SKU-00113,2,2025-07-11,DUPLICATE_ORDER,GOOD,196.92,2025-07-15,REFURBISH,2026-04-30T04:36:50.726872
RET-00003078,ORD-00015195,SKU-00970,5,2025-10-24,DUPLICATE_ORDER,LIKE_NEW,39.4,2025-10-29,RESTOCK,2026-04-30T04:36:50.726872
RET-00003079,ORD-00003056,SKU-00130,3,2026-02-26,DUPLICATE_ORDER,DAMAGED,1820.43,,DONATE,2026-04-30T04:36:50.726872
RET-00003080,ORD-00016269,SKU-00993,3,2025-11-10,DAMAGED_TRANSIT,UNSELLABLE,3928.2,,DONATE,2026-04-30T04:36:50.726872
RET-00003081,ORD-00047380,SKU-00657,1,2026-02-24,NOT_AS_DESCRIBED,LIKE_NEW,383.73,2026-02-26,RESTOCK,2026-04-30T04:36:50.726872
RET-00003082,ORD-00020405,SKU-00137,4,2025-10-04,ARRIVED_LATE,FAIR,2808.56,,RESTOCK,2026-04-30T04:36:50.726872
RET-00003083,ORD-00011726,SKU-00848,5,2025-09-01,NOT_AS_DESCRIBED,UNSELLABLE,1622.75,,RESTOCK,2026-04-30T04:36:50.726872
RET-00003084,ORD-00041616,SKU-00020,2,2025-05-12,ARRIVED_LATE,LIKE_NEW,1067.92,2025-05-18,RESTOCK,2026-04-30T04:36:50.726872
RET-00003085,ORD-00029314,SKU-00961,4,2025-11-05,DAMAGED_TRANSIT,FAIR,4727.8,,RESTOCK,2026-04-30T04:36:50.726872
RET-00003086,ORD-00012144,SKU-00129,5,2025-12-18,DEFECTIVE,DAMAGED,4012.45,,RETURN_TO_VENDOR,2026-04-30T04:36:50.726872
RET-00003087,ORD-00013908,SKU-00886,4,2025-05-13,ARRIVED_LATE,DAMAGED,1985.32,,RESTOCK,2026-04-30T04:36:50.726872
RET-00003088,ORD-00043282,SKU-00781,4,2026-03-12,DUPLICATE_ORDER,GOOD,3621.8,2026-03-19,RETURN_TO_VENDOR,2026-04-30T04:36:50.726872
RET-00003089,ORD-00012369,SKU-00011,2,2025-10-03,ARRIVED_LATE,GOOD,2180.52,2025-10-04,RESTOCK,2026-04-30T04:36:50.726872
RET-00003090,ORD-00003471,SKU-00198,1,2026-03-25,NOT_AS_DESCRIBED,GOOD,98.99,2026-03-28,RESTOCK,2026-04-30T04:36:50.726872
RET-00003091,ORD-00035759,SKU-00073,3,2025-10-06,NOT_AS_DESCRIBED,DAMAGED,1777.5,,DONATE,2026-04-30T04:36:50.726872
RET-00003092,ORD-00020158,SKU-00118,2,2025-05-05,WRONG_ITEM,NEW,1399.74,2025-05-11,RESTOCK,2026-04-30T04:36:50.726872
RET-00003093,ORD-00041686,SKU-00643,3,2026-03-01,WRONG_ITEM,LIKE_NEW,1789.5,2026-03-06,DESTROY,2026-04-30T04:36:50.726872
RET-00003094,ORD-00044982,SKU-00554,1,2025-10-17,NOT_AS_DESCRIBED,NEW,795.24,2025-10-24,RETURN_TO_VENDOR,2026-04-30T04:36:50.726872
RET-00003095,ORD-00024553,SKU-00316,2,2025-11-02,ARRIVED_LATE,NEW,841.54,2025-11-08,RESTOCK,2026-04-30T04:36:50.726872
RET-00003096,ORD-00003050,SKU-00282,4,2025-10-20,CHANGED_MIND,UNSELLABLE,2471.36,,RESTOCK,2026-04-30T04:36:50.726872
RET-00003097,ORD-00009332,SKU-00822,5,2025-11-01,WRONG_ITEM,GOOD,225.3,2025-11-02,DESTROY,2026-04-30T04:36:50.726872
RET-00003098,ORD-00032366,SKU-00974,3,2025-05-09,CHANGED_MIND,GOOD,3116.46,2025-05-14,RESTOCK,2026-04-30T04:36:50.726872
RET-00003099,ORD-00013198,SKU-00062,4,2026-02-06,DAMAGED_TRANSIT,DAMAGED,257.68,,RESTOCK,2026-04-30T04:36:50.726872
RET-00003100,ORD-00014415,SKU-00607,4,2025-05-08,WRONG_ITEM,FAIR,3219.56,,REFURBISH,2026-04-30T04:36:50.726872
RET-00003101,ORD-00024165,SKU-00053,4,2025-12-29,WRONG_ITEM,LIKE_NEW,663.52,2025-12-31,RETURN_TO_VENDOR,2026-04-30T04:36:50.726872
RET-00003102,ORD-00028422,SKU-00348,3,2025-07-16,DAMAGED_TRANSIT,UNSELLABLE,812.4,,RESTOCK,2026-04-30T04:36:50.726872
RET-00003103,ORD-00042880,SKU-00160,1,2025-09-02,DEFECTIVE,LIKE_NEW,473.91,2025-09-07,DESTROY,2026-04-30T04:36:50.726872
RET-00003104,ORD-00009097,SKU-00828,4,2025-06-05,NOT_AS_DESCRIBED,GOOD,4975.4,2025-06-07,DESTROY,2026-04-30T04:36:50.726872
RET-00003105,ORD-00011750,SKU-00615,1,2025-05-13,WRONG_ITEM,LIKE_NEW,1312.37,2025-05-19,REFURBISH,2026-04-30T04:36:50.726872
RET-00003106,ORD-00046833,SKU-00895,5,2025-12-21,DEFECTIVE,FAIR,987.55,,RESTOCK,2026-04-30T04:36:50.726872
RET-00003107,ORD-00003517,SKU-00744,5,2025-10-02,CHANGED_MIND,FAIR,5984.15,,RESTOCK,2026-04-30T04:36:50.726872
RET-00003108,ORD-00044713,SKU-00134,1,2025-12-23,DUPLICATE_ORDER,LIKE_NEW,226.9,2025-12-26,REFURBISH,2026-04-30T04:36:50.726872
RET-00003109,ORD-00032528,SKU-00415,4,2025-07-12,NOT_AS_DESCRIBED,GOOD,2991.88,2025-07-15,RETURN_TO_VENDOR,2026-04-30T04:36:50.726872
RET-00003110,ORD-00023162,SKU-00970,1,2026-03-31,CHANGED_MIND,LIKE_NEW,7.88,2026-04-03,RETURN_TO_VENDOR,2026-04-30T04:36:50.726872
RET-00003111,ORD-00028353,SKU-00634,2,2025-11-05,DAMAGED_TRANSIT,FAIR,316.94,,REFURBISH,2026-04-30T04:36:50.726872
RET-00003112,ORD-00021843,SKU-00811,3,2025-11-09,CHANGED_MIND,GOOD,1113.39,2025-11-14,RESTOCK,2026-04-30T04:36:50.726872
RET-00003113,ORD-00002050,SKU-00310,1,2025-05-06,DEFECTIVE,NEW,177.41,2025-05-07,RESTOCK,2026-04-30T04:36:50.726872
RET-00003114,ORD-00030534,SKU-00059,5,2026-04-10,WRONG_ITEM,FAIR,214.9,,RETURN_TO_VENDOR,2026-04-30T04:36:50.726872
RET-00003115,ORD-00029248,SKU-00547,3,2025-11-30,WRONG_ITEM,UNSELLABLE,742.65,,RESTOCK,2026-04-30T04:36:50.726872
RET-00003116,ORD-00034386,SKU-00015,4,2025-09-19,DUPLICATE_ORDER,FAIR,3750.56,,RESTOCK,2026-04-30T04:36:50.726872
RET-00003117,ORD-00031121,SKU-00938,4,2026-04-15,ARRIVED_LATE,LIKE_NEW,1638.72,2026-04-22,RESTOCK,2026-04-30T04:36:50.726872
RET-00003118,ORD-00006083,SKU-00166,3,2025-09-12,NOT_AS_DESCRIBED,GOOD,106.14,2025-09-14,REFURBISH,2026-04-30T04:36:50.726872
RET-00003119,ORD-00014202,SKU-00983,2,2025-05-08,ARRIVED_LATE,LIKE_NEW,330.8,2025-05-12,DONATE,2026-04-30T04:36:50.726872
RET-00003120,ORD-00043441,SKU-00898,3,2026-03-17,WRONG_ITEM,LIKE_NEW,3892.29,2026-03-22,RESTOCK,2026-04-30T04:36:50.726872
RET-00003121,ORD-00048799,SKU-00326,2,2025-12-18,WRONG_ITEM,NEW,1428.78,2025-12-25,RESTOCK,2026-04-30T04:36:50.726872
RET-00003122,ORD-00038173,SKU-00489,3,2025-09-11,DEFECTIVE,NEW,483.54,2025-09-18,REFURBISH,2026-04-30T04:36:50.726872
RET-00003123,ORD-00011262,SKU-00163,4,2025-08-14,NOT_AS_DESCRIBED,GOOD,574.8,2025-08-18,RETURN_TO_VENDOR,2026-04-30T04:36:50.726872
RET-00003124,ORD-00022681,SKU-00653,4,2026-02-12,DEFECTIVE,GOOD,490.12,2026-02-18,DONATE,2026-04-30T04:36:50.726872
RET-00003125,ORD-00037127,SKU-00279,1,2025-10-31,CHANGED_MIND,DAMAGED,410.8,,REFURBISH,2026-04-30T04:36:50.726872
RET-00003126,ORD-00018257,SKU-00263,5,2025-06-10,CHANGED_MIND,FAIR,4013.1,,REFURBISH,2026-04-30T04:36:50.726872
RET-00003127,ORD-00011843,SKU-00120,1,2025-07-11,WRONG_ITEM,NEW,376.55,2025-07-15,DONATE,2026-04-30T04:36:50.726872
RET-00003128,ORD-00007123,SKU-00762,2,2025-10-27,ARRIVED_LATE,GOOD,135.42,2025-11-01,REFURBISH,2026-04-30T04:36:50.726872
RET-00003129,ORD-00036065,SKU-00130,2,2025-07-29,WRONG_ITEM,LIKE_NEW,1213.62,2025-07-30,RETURN_TO_VENDOR,2026-04-30T04:36:50.726872
RET-00003130,ORD-00015311,SKU-00131,4,2025-06-07,NOT_AS_DESCRIBED,UNSELLABLE,3975.92,,DESTROY,2026-04-30T04:36:50.726872
RET-00003131,ORD-00030184,SKU-00664,4,2026-01-11,ARRIVED_LATE,FAIR,3482.36,,RESTOCK,2026-04-30T04:36:50.726872
RET-00003132,ORD-00026004,SKU-00794,5,2026-01-26,DEFECTIVE,DAMAGED,1184.7,,RESTOCK,2026-04-30T04:36:50.726872
RET-00003133,ORD-00011567,SKU-00176,2,2025-08-28,ARRIVED_LATE,DAMAGED,245.78,,REFURBISH,2026-04-30T04:36:50.726872
RET-00003134,ORD-00046017,SKU-00599,3,2025-05-11,DAMAGED_TRANSIT,LIKE_NEW,650.91,2025-05-12,DESTROY,2026-04-30T04:36:50.726872
RET-00003135,ORD-00007819,SKU-00705,4,2025-12-21,DUPLICATE_ORDER,NEW,2388.64,2025-12-28,DESTROY,2026-04-30T04:36:50.726872
RET-00003136,ORD-00042487,SKU-00835,5,2025-10-13,ARRIVED_LATE,FAIR,2761.25,,RETURN_TO_VENDOR,2026-04-30T04:36:50.726872
RET-00003137,ORD-00001913,SKU-00103,4,2025-12-31,DUPLICATE_ORDER,LIKE_NEW,923.92,2026-01-04,RETURN_TO_VENDOR,2026-04-30T04:36:50.726872
RET-00003138,ORD-00033350,SKU-00501,1,2025-07-23,WRONG_ITEM,LIKE_NEW,255.83,2025-07-26,RESTOCK,2026-04-30T04:36:50.726872
RET-00003139,ORD-00033536,SKU-00855,2,2025-11-04,DEFECTIVE,FAIR,1864.22,,DESTROY,2026-04-30T04:36:50.726872
RET-00003140,ORD-00008825,SKU-00169,5,2025-09-09,WRONG_ITEM,GOOD,5688.65,2025-09-15,RETURN_TO_VENDOR,2026-04-30T04:36:50.726872
RET-00003141,ORD-00048013,SKU-00361,3,2026-03-25,CHANGED_MIND,DAMAGED,1862.73,,REFURBISH,2026-04-30T04:36:50.726872
RET-00003142,ORD-00036379,SKU-00718,3,2025-08-15,DAMAGED_TRANSIT,GOOD,1049.31,2025-08-22,REFURBISH,2026-04-30T04:36:50.726872
RET-00003143,ORD-00034087,SKU-00767,2,2026-02-07,DAMAGED_TRANSIT,DAMAGED,269.94,,DONATE,2026-04-30T04:36:50.726872
RET-00003144,ORD-00017329,SKU-00327,5,2025-07-24,DEFECTIVE,DAMAGED,3854.75,,RETURN_TO_VENDOR,2026-04-30T04:36:50.726872
RET-00003145,ORD-00023216,SKU-00719,3,2025-10-30,DEFECTIVE,GOOD,2858.7,2025-11-04,DONATE,2026-04-30T04:36:50.726872
RET-00003146,ORD-00013184,SKU-00758,3,2025-05-20,CHANGED_MIND,GOOD,1621.2,2025-05-26,RESTOCK,2026-04-30T04:36:50.726872
RET-00003147,ORD-00003906,SKU-00689,1,2026-03-16,NOT_AS_DESCRIBED,GOOD,892.36,2026-03-17,RESTOCK,2026-04-30T04:36:50.726872
RET-00003148,ORD-00038118,SKU-00668,2,2025-08-08,CHANGED_MIND,NEW,852.7,2025-08-11,DESTROY,2026-04-30T04:36:50.726872
RET-00003149,ORD-00006492,SKU-00378,4,2025-09-05,CHANGED_MIND,GOOD,4884.24,2025-09-10,RESTOCK,2026-04-30T04:36:50.726872
RET-00003150,ORD-00034856,SKU-00420,1,2026-02-16,DUPLICATE_ORDER,GOOD,888.87,2026-02-18,RESTOCK,2026-04-30T04:36:50.726872
RET-00003151,ORD-00002545,SKU-00152,4,2025-09-10,WRONG_ITEM,DAMAGED,3624.52,,REFURBISH,2026-04-30T04:36:50.726872
RET-00003152,ORD-00027549,SKU-00083,4,2025-07-19,ARRIVED_LATE,FAIR,3115.24,,REFURBISH,2026-04-30T04:36:50.726872
RET-00003153,ORD-00005506,SKU-00659,2,2025-06-22,DAMAGED_TRANSIT,FAIR,1186.22,,DESTROY,2026-04-30T04:36:50.726872
RET-00003154,ORD-00049927,SKU-00776,2,2025-08-19,DAMAGED_TRANSIT,GOOD,195.42,2025-08-21,REFURBISH,2026-04-30T04:36:50.726872
RET-00003155,ORD-00027662,SKU-00489,1,2025-08-13,WRONG_ITEM,NEW,161.18,2025-08-19,RETURN_TO_VENDOR,2026-04-30T04:36:50.726872
RET-00003156,ORD-00004574,SKU-00689,5,2025-09-08,WRONG_ITEM,FAIR,4461.8,,REFURBISH,2026-04-30T04:36:50.726872
RET-00003157,ORD-00029555,SKU-00357,5,2025-09-11,ARRIVED_LATE,LIKE_NEW,2326.45,2025-09-18,RESTOCK,2026-04-30T04:36:50.726872
RET-00003158,ORD-00025739,SKU-00901,3,2026-01-11,DAMAGED_TRANSIT,NEW,122.97,2026-01-14,DONATE,2026-04-30T04:36:50.726872
RET-00003159,ORD-00037258,SKU-00917,3,2025-07-29,DUPLICATE_ORDER,GOOD,4098.18,2025-07-30,RETURN_TO_VENDOR,2026-04-30T04:36:50.726872
RET-00003160,ORD-00011568,SKU-00537,2,2025-05-20,DAMAGED_TRANSIT,GOOD,1514.18,2025-05-24,RESTOCK,2026-04-30T04:36:50.726872
RET-00003161,ORD-00041802,SKU-00784,1,2025-06-20,CHANGED_MIND,GOOD,447.69,2025-06-27,DONATE,2026-04-30T04:36:50.726872
RET-00003162,ORD-00031435,SKU-00051,1,2026-04-20,DEFECTIVE,UNSELLABLE,559.2,,DESTROY,2026-04-30T04:36:50.726872
RET-00003163,ORD-00028948,SKU-00332,5,2026-02-02,DEFECTIVE,UNSELLABLE,1301.85,,REFURBISH,2026-04-30T04:36:50.726872
RET-00003164,ORD-00003218,SKU-00024,1,2025-06-26,DAMAGED_TRANSIT,GOOD,1017.35,2025-06-28,RESTOCK,2026-04-30T04:36:50.726872
RET-00003165,ORD-00014748,SKU-00230,4,2025-07-07,ARRIVED_LATE,FAIR,4190.56,,RESTOCK,2026-04-30T04:36:50.726872
RET-00003166,ORD-00005293,SKU-00916,2,2025-11-11,WRONG_ITEM,FAIR,710.22,,REFURBISH,2026-04-30T04:36:50.726872
RET-00003167,ORD-00028952,SKU-00717,2,2026-01-03,DAMAGED_TRANSIT,LIKE_NEW,1674.92,2026-01-05,RESTOCK,2026-04-30T04:36:50.726872
RET-00003168,ORD-00042050,SKU-00066,3,2026-02-03,CHANGED_MIND,NEW,2057.61,2026-02-05,REFURBISH,2026-04-30T04:36:50.726872
RET-00003169,ORD-00004924,SKU-00929,3,2025-09-25,DEFECTIVE,GOOD,233.94,2025-10-01,RESTOCK,2026-04-30T04:36:50.726872
RET-00003170,ORD-00016422,SKU-00046,5,2025-06-09,DUPLICATE_ORDER,GOOD,2004.3,2025-06-11,RETURN_TO_VENDOR,2026-04-30T04:36:50.726872
RET-00003171,ORD-00024123,SKU-00503,3,2026-02-07,NOT_AS_DESCRIBED,DAMAGED,1440.75,,RESTOCK,2026-04-30T04:36:50.726872
RET-00003172,ORD-00029557,SKU-00070,3,2026-04-27,DAMAGED_TRANSIT,FAIR,3801.48,,RESTOCK,2026-04-30T04:36:50.726872
RET-00003173,ORD-00007951,SKU-00891,1,2025-12-12,DAMAGED_TRANSIT,LIKE_NEW,89.07,2025-12-18,RETURN_TO_VENDOR,2026-04-30T04:36:50.726872
RET-00003174,ORD-00001783,SKU-00351,3,2025-10-01,WRONG_ITEM,DAMAGED,839.82,,DONATE,2026-04-30T04:36:50.726872
RET-00003175,ORD-00027879,SKU-00576,1,2025-11-24,DUPLICATE_ORDER,LIKE_NEW,1018.96,2025-11-29,DESTROY,2026-04-30T04:36:50.726872
RET-00003176,ORD-00044550,SKU-00645,4,2025-11-26,WRONG_ITEM,LIKE_NEW,1168.8,2025-11-30,DESTROY,2026-04-30T04:36:50.726872
RET-00003177,ORD-00049560,SKU-00147,5,2026-03-19,ARRIVED_LATE,DAMAGED,1317.35,,DESTROY,2026-04-30T04:36:50.726872
RET-00003178,ORD-00011793,SKU-00164,5,2025-07-20,CHANGED_MIND,LIKE_NEW,2658.45,2025-07-26,RESTOCK,2026-04-30T04:36:50.726872
RET-00003179,ORD-00000707,SKU-00297,1,2025-12-26,NOT_AS_DESCRIBED,LIKE_NEW,762.28,2025-12-29,DESTROY,2026-04-30T04:36:50.726872
RET-00003180,ORD-00028559,SKU-00505,1,2025-07-13,DEFECTIVE,DAMAGED,1452.62,,REFURBISH,2026-04-30T04:36:50.726872
RET-00003181,ORD-00026753,SKU-00695,3,2026-04-02,WRONG_ITEM,DAMAGED,703.23,,RESTOCK,2026-04-30T04:36:50.726872
RET-00003182,ORD-00013701,SKU-00916,5,2025-11-25,DAMAGED_TRANSIT,DAMAGED,1775.55,,REFURBISH,2026-04-30T04:36:50.726872
RET-00003183,ORD-00042568,SKU-00471,3,2025-09-03,CHANGED_MIND,GOOD,682.98,2025-09-09,DONATE,2026-04-30T04:36:50.726872
RET-00003184,ORD-00018427,SKU-00475,4,2025-10-18,DEFECTIVE,NEW,1647.6,2025-10-25,RETURN_TO_VENDOR,2026-04-30T04:36:50.726872
RET-00003185,ORD-00000871,SKU-00078,3,2025-11-17,WRONG_ITEM,FAIR,1385.16,,RESTOCK,2026-04-30T04:36:50.726872
RET-00003186,ORD-00045549,SKU-00620,4,2026-01-17,DAMAGED_TRANSIT,GOOD,2587.04,2026-01-21,RESTOCK,2026-04-30T04:36:50.726872
RET-00003187,ORD-00004745,SKU-00440,5,2026-02-13,ARRIVED_LATE,GOOD,3998.5,2026-02-19,DESTROY,2026-04-30T04:36:50.726872
RET-00003188,ORD-00013043,SKU-00623,2,2026-01-05,DUPLICATE_ORDER,UNSELLABLE,140.06,,DESTROY,2026-04-30T04:36:50.726872
RET-00003189,ORD-00022883,SKU-00989,4,2025-08-14,DEFECTIVE,LIKE_NEW,1810.56,2025-08-18,REFURBISH,2026-04-30T04:36:50.726872
RET-00003190,ORD-00020950,SKU-00527,4,2025-08-11,DAMAGED_TRANSIT,GOOD,3036.96,2025-08-12,DONATE,2026-04-30T04:36:50.726872
RET-00003191,ORD-00025034,SKU-00161,2,2025-06-03,NOT_AS_DESCRIBED,UNSELLABLE,2443.64,,REFURBISH,2026-04-30T04:36:50.726872
RET-00003192,ORD-00039102,SKU-00789,2,2026-01-25,DUPLICATE_ORDER,GOOD,1655.8,2026-01-31,RESTOCK,2026-04-30T04:36:50.726872
RET-00003193,ORD-00027240,SKU-00946,4,2026-04-07,WRONG_ITEM,DAMAGED,2624.12,,RESTOCK,2026-04-30T04:36:50.726872
RET-00003194,ORD-00041087,SKU-00449,4,2026-03-15,DAMAGED_TRANSIT,GOOD,709.28,2026-03-17,RESTOCK,2026-04-30T04:36:50.726872
RET-00003195,ORD-00021602,SKU-00321,5,2025-07-03,WRONG_ITEM,LIKE_NEW,621.15,2025-07-04,RESTOCK,2026-04-30T04:36:50.726872
RET-00003196,ORD-00040242,SKU-00266,4,2026-01-30,WRONG_ITEM,DAMAGED,2899.84,,RETURN_TO_VENDOR,2026-04-30T04:36:50.726872
RET-00003197,ORD-00003088,SKU-00883,2,2026-02-09,DUPLICATE_ORDER,DAMAGED,431.34,,RESTOCK,2026-04-30T04:36:50.726872
RET-00003198,ORD-00023292,SKU-00562,1,2025-08-27,CHANGED_MIND,DAMAGED,432.67,,DESTROY,2026-04-30T04:36:50.726872
RET-00003199,ORD-00041255,SKU-00245,3,2025-07-23,DUPLICATE_ORDER,LIKE_NEW,1680.06,2025-07-27,RESTOCK,2026-04-30T04:36:50.726872
RET-00003200,ORD-00025762,SKU-00152,1,2026-01-31,CHANGED_MIND,UNSELLABLE,906.13,,DESTROY,2026-04-30T04:36:50.726872
RET-00003201,ORD-00044049,SKU-00312,1,2025-06-13,DUPLICATE_ORDER,FAIR,1116.25,,RESTOCK,2026-04-30T04:36:50.726872
RET-00003202,ORD-00046805,SKU-00928,1,2026-02-18,DUPLICATE_ORDER,DAMAGED,173.89,,DESTROY,2026-04-30T04:36:50.726872
RET-00003203,ORD-00001647,SKU-00374,4,2025-06-26,DAMAGED_TRANSIT,GOOD,1129.2,2025-07-03,RETURN_TO_VENDOR,2026-04-30T04:36:50.726872
RET-00003204,ORD-00006317,SKU-00189,2,2025-08-06,WRONG_ITEM,LIKE_NEW,1744.02,2025-08-08,RETURN_TO_VENDOR,2026-04-30T04:36:50.726872
RET-00003205,ORD-00000229,SKU-00318,2,2026-01-26,NOT_AS_DESCRIBED,DAMAGED,1855.02,,RETURN_TO_VENDOR,2026-04-30T04:36:50.726872
RET-00003206,ORD-00021137,SKU-00284,2,2025-12-04,DUPLICATE_ORDER,DAMAGED,508.74,,REFURBISH,2026-04-30T04:36:50.726872
RET-00003207,ORD-00026485,SKU-00438,3,2026-02-12,DAMAGED_TRANSIT,LIKE_NEW,1282.44,2026-02-16,DESTROY,2026-04-30T04:36:50.726872
RET-00003208,ORD-00023380,SKU-00248,3,2026-02-16,WRONG_ITEM,GOOD,39.75,2026-02-21,RETURN_TO_VENDOR,2026-04-30T04:36:50.726872
RET-00003209,ORD-00022728,SKU-00437,4,2025-05-02,ARRIVED_LATE,NEW,3124.68,2025-05-06,REFURBISH,2026-04-30T04:36:50.726872
RET-00003210,ORD-00023573,SKU-00228,4,2026-03-28,ARRIVED_LATE,GOOD,826.76,2026-03-29,REFURBISH,2026-04-30T04:36:50.726872
RET-00003211,ORD-00038739,SKU-00254,5,2025-11-21,DUPLICATE_ORDER,FAIR,5209.2,,REFURBISH,2026-04-30T04:36:50.726872
RET-00003212,ORD-00002154,SKU-00983,2,2025-12-08,NOT_AS_DESCRIBED,LIKE_NEW,330.8,2025-12-12,REFURBISH,2026-04-30T04:36:50.726872
RET-00003213,ORD-00046971,SKU-00205,4,2025-05-10,NOT_AS_DESCRIBED,NEW,601.36,2025-05-15,REFURBISH,2026-04-30T04:36:50.726872
RET-00003214,ORD-00030502,SKU-00461,5,2026-04-09,DUPLICATE_ORDER,GOOD,555.35,2026-04-15,DESTROY,2026-04-30T04:36:50.726872
RET-00003215,ORD-00033999,SKU-00702,2,2025-10-14,DEFECTIVE,LIKE_NEW,186.7,2025-10-16,RESTOCK,2026-04-30T04:36:50.726872
RET-00003216,ORD-00029567,SKU-00021,1,2026-02-20,DEFECTIVE,UNSELLABLE,42.4,,DESTROY,2026-04-30T04:36:50.726872
RET-00003217,ORD-00037618,SKU-00582,4,2025-05-07,CHANGED_MIND,GOOD,1194.48,2025-05-09,REFURBISH,2026-04-30T04:36:50.726872
RET-00003218,ORD-00041484,SKU-00548,1,2026-01-03,WRONG_ITEM,FAIR,477.14,,RESTOCK,2026-04-30T04:36:50.726872
RET-00003219,ORD-00038904,SKU-00650,1,2025-11-05,DUPLICATE_ORDER,GOOD,181.01,2025-11-12,RESTOCK,2026-04-30T04:36:50.726872
RET-00003220,ORD-00015890,SKU-00641,1,2025-11-02,WRONG_ITEM,NEW,794.62,2025-11-07,RESTOCK,2026-04-30T04:36:50.726872
RET-00003221,ORD-00014702,SKU-00886,1,2025-09-24,WRONG_ITEM,GOOD,496.33,2025-09-28,RETURN_TO_VENDOR,2026-04-30T04:36:50.726872
RET-00003222,ORD-00006991,SKU-00501,3,2025-08-04,DUPLICATE_ORDER,UNSELLABLE,767.49,,REFURBISH,2026-04-30T04:36:50.726872
RET-00003223,ORD-00007056,SKU-00134,1,2025-05-04,DAMAGED_TRANSIT,LIKE_NEW,226.9,2025-05-09,RESTOCK,2026-04-30T04:36:50.726872
RET-00003224,ORD-00022989,SKU-00547,1,2026-04-09,DAMAGED_TRANSIT,LIKE_NEW,247.55,2026-04-13,REFURBISH,2026-04-30T04:36:50.726872
RET-00003225,ORD-00003350,SKU-00890,1,2025-06-25,CHANGED_MIND,LIKE_NEW,101.28,2025-06-26,DESTROY,2026-04-30T04:36:50.726872
RET-00003226,ORD-00004119,SKU-00723,3,2025-12-20,DUPLICATE_ORDER,GOOD,4274.7,2025-12-24,RETURN_TO_VENDOR,2026-04-30T04:36:50.726872
RET-00003227,ORD-00029182,SKU-00645,3,2026-02-21,NOT_AS_DESCRIBED,GOOD,876.6,2026-02-25,DONATE,2026-04-30T04:36:50.726872
RET-00003228,ORD-00048903,SKU-00732,1,2026-01-10,WRONG_ITEM,NEW,383.92,2026-01-16,RESTOCK,2026-04-30T04:36:50.726872
RET-00003229,ORD-00017921,SKU-00674,3,2026-04-20,DUPLICATE_ORDER,GOOD,264.33,2026-04-25,RESTOCK,2026-04-30T04:36:50.726872
RET-00003230,ORD-00019843,SKU-00701,2,2025-08-31,DUPLICATE_ORDER,DAMAGED,2062.0,,DESTROY,2026-04-30T04:36:50.726872
RET-00003231,ORD-00008905,SKU-00431,3,2026-03-28,ARRIVED_LATE,GOOD,2544.36,2026-04-03,REFURBISH,2026-04-30T04:36:50.726872
RET-00003232,ORD-00013946,SKU-00733,3,2026-04-01,DUPLICATE_ORDER,UNSELLABLE,1201.32,,DONATE,2026-04-30T04:36:50.726872
RET-00003233,ORD-00045357,SKU-00341,5,2026-01-04,DEFECTIVE,DAMAGED,4501.4,,REFURBISH,2026-04-30T04:36:50.726872
RET-00003234,ORD-00017168,SKU-00441,1,2025-05-02,CHANGED_MIND,NEW,655.22,2025-05-03,RESTOCK,2026-04-30T04:36:50.726872
RET-00003235,ORD-00031570,SKU-00414,1,2026-04-13,WRONG_ITEM,LIKE_NEW,335.92,2026-04-17,DONATE,2026-04-30T04:36:50.726872
RET-00003236,ORD-00015264,SKU-00494,3,2025-10-28,NOT_AS_DESCRIBED,NEW,1908.24,2025-11-03,DESTROY,2026-04-30T04:36:50.726872
RET-00003237,ORD-00015007,SKU-00462,5,2026-03-15,NOT_AS_DESCRIBED,DAMAGED,5037.3,,RESTOCK,2026-04-30T04:36:50.726872
RET-00003238,ORD-00007433,SKU-00995,4,2025-07-13,DEFECTIVE,UNSELLABLE,5101.6,,RESTOCK,2026-04-30T04:36:50.726872
RET-00003239,ORD-00014275,SKU-00806,4,2025-05-22,ARRIVED_LATE,NEW,1903.88,2025-05-24,DESTROY,2026-04-30T04:36:50.726872
RET-00003240,ORD-00034006,SKU-00380,3,2025-07-20,WRONG_ITEM,GOOD,4430.97,2025-07-27,DESTROY,2026-04-30T04:36:50.726872
RET-00003241,ORD-00008430,SKU-00161,4,2025-10-01,CHANGED_MIND,GOOD,4887.28,2025-10-08,DONATE,2026-04-30T04:36:50.726872
RET-00003242,ORD-00047978,SKU-00010,4,2026-01-03,WRONG_ITEM,LIKE_NEW,1271.84,2026-01-08,RESTOCK,2026-04-30T04:36:50.726872
RET-00003243,ORD-00045602,SKU-00122,5,2026-01-15,DEFECTIVE,DAMAGED,2847.8,,DESTROY,2026-04-30T04:36:50.726872
RET-00003244,ORD-00021646,SKU-00595,4,2025-10-17,ARRIVED_LATE,DAMAGED,660.64,,DESTROY,2026-04-30T04:36:50.726872
RET-00003245,ORD-00000331,SKU-00267,1,2025-07-19,DUPLICATE_ORDER,GOOD,1329.72,2025-07-22,REFURBISH,2026-04-30T04:36:50.726872
RET-00003246,ORD-00039257,SKU-00564,5,2025-11-26,DUPLICATE_ORDER,FAIR,3037.45,,RESTOCK,2026-04-30T04:36:50.726872
RET-00003247,ORD-00048787,SKU-00829,3,2025-10-04,WRONG_ITEM,GOOD,2890.05,2025-10-08,RESTOCK,2026-04-30T04:36:50.726872
RET-00003248,ORD-00037012,SKU-00851,4,2025-07-11,CHANGED_MIND,GOOD,1581.64,2025-07-16,RETURN_TO_VENDOR,2026-04-30T04:36:50.726872
RET-00003249,ORD-00037764,SKU-00177,4,2026-03-11,DAMAGED_TRANSIT,LIKE_NEW,3468.72,2026-03-16,REFURBISH,2026-04-30T04:36:50.726872
RET-00003250,ORD-00020751,SKU-00091,3,2025-09-19,WRONG_ITEM,GOOD,1319.97,2025-09-26,RESTOCK,2026-04-30T04:36:50.726872
RET-00003251,ORD-00024686,SKU-00030,1,2025-06-22,DEFECTIVE,LIKE_NEW,671.91,2025-06-26,REFURBISH,2026-04-30T04:36:50.726872
RET-00003252,ORD-00005660,SKU-00826,4,2025-07-19,WRONG_ITEM,DAMAGED,450.6,,RETURN_TO_VENDOR,2026-04-30T04:36:50.726872
RET-00003253,ORD-00026850,SKU-00737,5,2025-06-09,DEFECTIVE,GOOD,1444.5,2025-06-15,RESTOCK,2026-04-30T04:36:50.726872
RET-00003254,ORD-00018508,SKU-00243,1,2025-05-29,ARRIVED_LATE,LIKE_NEW,598.91,2025-06-01,DESTROY,2026-04-30T04:36:50.726872
RET-00003255,ORD-00006607,SKU-00675,5,2026-02-08,CHANGED_MIND,LIKE_NEW,803.35,2026-02-11,DESTROY,2026-04-30T04:36:50.726872
RET-00003256,ORD-00027829,SKU-00508,2,2026-01-08,DEFECTIVE,GOOD,2291.3,2026-01-10,REFURBISH,2026-04-30T04:36:50.726872
RET-00003257,ORD-00034757,SKU-00676,4,2026-03-21,NOT_AS_DESCRIBED,FAIR,268.68,,DESTROY,2026-04-30T04:36:50.726872
RET-00003258,ORD-00006196,SKU-00893,1,2025-10-04,DEFECTIVE,GOOD,290.9,2025-10-08,RETURN_TO_VENDOR,2026-04-30T04:36:50.726872
RET-00003259,ORD-00023310,SKU-00056,1,2025-07-01,DAMAGED_TRANSIT,GOOD,216.71,2025-07-02,DESTROY,2026-04-30T04:36:50.726872
RET-00003260,ORD-00020431,SKU-00676,2,2025-11-30,DUPLICATE_ORDER,GOOD,134.34,2025-12-04,RESTOCK,2026-04-30T04:36:50.726872
RET-00003261,ORD-00008978,SKU-00691,3,2025-05-01,DEFECTIVE,LIKE_NEW,1427.04,2025-05-05,REFURBISH,2026-04-30T04:36:50.726872
RET-00003262,ORD-00040441,SKU-00601,4,2025-11-01,DEFECTIVE,FAIR,115.72,,DESTROY,2026-04-30T04:36:50.726872
RET-00003263,ORD-00029689,SKU-00894,3,2025-09-12,CHANGED_MIND,DAMAGED,528.54,,RETURN_TO_VENDOR,2026-04-30T04:36:50.726872
RET-00003264,ORD-00049344,SKU-00330,4,2026-04-22,DUPLICATE_ORDER,FAIR,2206.28,,RESTOCK,2026-04-30T04:36:50.726872
RET-00003265,ORD-00002327,SKU-00269,2,2025-11-22,DEFECTIVE,GOOD,1758.54,2025-11-25,RESTOCK,2026-04-30T04:36:50.726872
RET-00003266,ORD-00035055,SKU-00119,2,2025-10-07,ARRIVED_LATE,FAIR,754.84,,REFURBISH,2026-04-30T04:36:50.726872
RET-00003267,ORD-00042114,SKU-00428,1,2026-02-14,DEFECTIVE,DAMAGED,114.82,,RESTOCK,2026-04-30T04:36:50.726872
RET-00003268,ORD-00032078,SKU-00831,1,2026-02-22,DEFECTIVE,GOOD,1172.92,2026-02-24,REFURBISH,2026-04-30T04:36:50.726872
RET-00003269,ORD-00034376,SKU-00989,3,2026-01-22,ARRIVED_LATE,GOOD,1357.92,2026-01-29,RETURN_TO_VENDOR,2026-04-30T04:36:50.726872
RET-00003270,ORD-00047157,SKU-00804,2,2025-10-31,DUPLICATE_ORDER,GOOD,2607.38,2025-11-06,DESTROY,2026-04-30T04:36:50.726872
RET-00003271,ORD-00017615,SKU-00402,2,2025-08-17,DUPLICATE_ORDER,NEW,431.9,2025-08-18,REFURBISH,2026-04-30T04:36:50.726872
RET-00003272,ORD-00046897,SKU-00831,4,2026-04-26,DEFECTIVE,FAIR,4691.68,,RESTOCK,2026-04-30T04:36:50.726872
RET-00003273,ORD-00014691,SKU-00443,4,2025-07-03,DAMAGED_TRANSIT,GOOD,3762.52,2025-07-06,REFURBISH,2026-04-30T04:36:50.726872
RET-00003274,ORD-00033914,SKU-00592,5,2026-01-29,CHANGED_MIND,UNSELLABLE,659.65,,RESTOCK,2026-04-30T04:36:50.726872
RET-00003275,ORD-00047508,SKU-00727,3,2025-11-19,NOT_AS_DESCRIBED,FAIR,769.35,,RESTOCK,2026-04-30T04:36:50.726872
RET-00003276,ORD-00019718,SKU-00270,1,2026-02-14,DUPLICATE_ORDER,GOOD,245.7,2026-02-16,REFURBISH,2026-04-30T04:36:50.726872
RET-00003277,ORD-00021485,SKU-00451,1,2025-11-27,DAMAGED_TRANSIT,NEW,1040.55,2025-12-04,RESTOCK,2026-04-30T04:36:50.726872
RET-00003278,ORD-00018089,SKU-00563,5,2025-11-01,NOT_AS_DESCRIBED,FAIR,4732.5,,RETURN_TO_VENDOR,2026-04-30T04:36:50.726872
RET-00003279,ORD-00030009,SKU-00955,2,2025-07-28,DEFECTIVE,DAMAGED,1572.94,,REFURBISH,2026-04-30T04:36:50.726872
RET-00003280,ORD-00039558,SKU-00340,2,2026-01-26,ARRIVED_LATE,DAMAGED,2420.68,,RESTOCK,2026-04-30T04:36:50.726872
RET-00003281,ORD-00018307,SKU-00020,3,2026-02-03,WRONG_ITEM,LIKE_NEW,1601.88,2026-02-06,RESTOCK,2026-04-30T04:36:50.726872
RET-00003282,ORD-00042552,SKU-00776,2,2026-02-04,DAMAGED_TRANSIT,FAIR,195.42,,RESTOCK,2026-04-30T04:36:50.726872
RET-00003283,ORD-00005603,SKU-00388,4,2025-12-03,DUPLICATE_ORDER,LIKE_NEW,2266.2,2025-12-10,RESTOCK,2026-04-30T04:36:50.726872
RET-00003284,ORD-00001621,SKU-00936,1,2026-03-27,DUPLICATE_ORDER,DAMAGED,946.03,,REFURBISH,2026-04-30T04:36:50.726872
RET-00003285,ORD-00007063,SKU-00134,2,2025-11-08,DEFECTIVE,GOOD,453.8,2025-11-11,DESTROY,2026-04-30T04:36:50.726872
RET-00003286,ORD-00043561,SKU-00608,2,2025-10-13,WRONG_ITEM,NEW,1335.8,2025-10-17,RESTOCK,2026-04-30T04:36:50.726872
RET-00003287,ORD-00042995,SKU-00904,2,2025-09-12,DEFECTIVE,LIKE_NEW,1879.74,2025-09-14,DONATE,2026-04-30T04:36:50.726872
RET-00003288,ORD-00026612,SKU-00953,4,2025-10-14,DUPLICATE_ORDER,FAIR,339.32,,RETURN_TO_VENDOR,2026-04-30T04:36:50.726872
RET-00003289,ORD-00047694,SKU-00121,5,2026-01-27,NOT_AS_DESCRIBED,NEW,1231.55,2026-02-03,REFURBISH,2026-04-30T04:36:50.726872
RET-00003290,ORD-00032549,SKU-00018,1,2025-08-16,DUPLICATE_ORDER,GOOD,597.01,2025-08-21,RESTOCK,2026-04-30T04:36:50.726872
RET-00003291,ORD-00037793,SKU-00241,3,2025-07-14,DAMAGED_TRANSIT,GOOD,1897.35,2025-07-21,DONATE,2026-04-30T04:36:50.726872
RET-00003292,ORD-00026182,SKU-00853,3,2025-06-12,DAMAGED_TRANSIT,DAMAGED,2848.35,,RESTOCK,2026-04-30T04:36:50.726872
RET-00003293,ORD-00036564,SKU-00439,5,2025-06-15,DUPLICATE_ORDER,UNSELLABLE,4860.15,,DESTROY,2026-04-30T04:36:50.726872
RET-00003294,ORD-00030610,SKU-00091,5,2025-08-19,CHANGED_MIND,LIKE_NEW,2199.95,2025-08-22,RESTOCK,2026-04-30T04:36:50.726872
RET-00003295,ORD-00045282,SKU-00992,4,2026-02-26,DUPLICATE_ORDER,GOOD,3141.48,2026-02-28,RETURN_TO_VENDOR,2026-04-30T04:36:50.726872
RET-00003296,ORD-00036703,SKU-00410,1,2025-06-21,DAMAGED_TRANSIT,FAIR,1284.68,,RESTOCK,2026-04-30T04:36:50.726872
RET-00003297,ORD-00005010,SKU-00319,5,2025-08-13,DAMAGED_TRANSIT,GOOD,853.25,2025-08-16,RESTOCK,2026-04-30T04:36:50.726872
RET-00003298,ORD-00017954,SKU-00063,1,2026-03-08,DEFECTIVE,DAMAGED,213.45,,REFURBISH,2026-04-30T04:36:50.726872
RET-00003299,ORD-00034813,SKU-00374,2,2025-05-06,DEFECTIVE,LIKE_NEW,564.6,2025-05-07,DONATE,2026-04-30T04:36:50.726872
RET-00003300,ORD-00049812,SKU-00878,3,2025-09-05,DEFECTIVE,LIKE_NEW,2334.78,2025-09-08,DESTROY,2026-04-30T04:36:50.726872
RET-00003301,ORD-00001745,SKU-00866,5,2025-12-25,CHANGED_MIND,FAIR,2830.45,,REFURBISH,2026-04-30T04:36:50.726872
RET-00003302,ORD-00012446,SKU-00732,1,2025-12-27,CHANGED_MIND,FAIR,383.92,,RESTOCK,2026-04-30T04:36:50.726872
RET-00003303,ORD-00030976,SKU-00305,1,2025-11-30,DAMAGED_TRANSIT,GOOD,588.18,2025-12-04,REFURBISH,2026-04-30T04:36:50.726872
RET-00003304,ORD-00049316,SKU-00984,3,2026-03-10,DUPLICATE_ORDER,UNSELLABLE,234.03,,RETURN_TO_VENDOR,2026-04-30T04:36:50.726872
RET-00003305,ORD-00041882,SKU-00839,5,2025-11-09,DUPLICATE_ORDER,LIKE_NEW,1212.55,2025-11-15,RESTOCK,2026-04-30T04:36:50.726872
RET-00003306,ORD-00037344,SKU-00839,1,2025-11-16,ARRIVED_LATE,NEW,242.51,2025-11-22,RESTOCK,2026-04-30T04:36:50.726872
RET-00003307,ORD-00031456,SKU-00071,3,2026-03-28,DEFECTIVE,FAIR,2316.51,,RETURN_TO_VENDOR,2026-04-30T04:36:50.726872
RET-00003308,ORD-00006693,SKU-00957,3,2025-08-02,DEFECTIVE,LIKE_NEW,700.29,2025-08-04,REFURBISH,2026-04-30T04:36:50.726872
RET-00003309,ORD-00045690,SKU-00042,3,2026-03-08,DAMAGED_TRANSIT,LIKE_NEW,519.81,2026-03-10,RETURN_TO_VENDOR,2026-04-30T04:36:50.726872
RET-00003310,ORD-00028105,SKU-00478,2,2026-02-14,DEFECTIVE,LIKE_NEW,1895.72,2026-02-15,REFURBISH,2026-04-30T04:36:50.726872
RET-00003311,ORD-00020198,SKU-00201,4,2025-06-10,CHANGED_MIND,DAMAGED,3209.32,,REFURBISH,2026-04-30T04:36:50.726872
RET-00003312,ORD-00039427,SKU-00607,4,2025-07-27,WRONG_ITEM,UNSELLABLE,3219.56,,RETURN_TO_VENDOR,2026-04-30T04:36:50.726872
RET-00003313,ORD-00036333,SKU-00619,4,2026-04-19,NOT_AS_DESCRIBED,GOOD,602.6,2026-04-22,RETURN_TO_VENDOR,2026-04-30T04:36:50.726872
RET-00003314,ORD-00015886,SKU-00100,5,2025-09-04,ARRIVED_LATE,FAIR,154.1,,DESTROY,2026-04-30T04:36:50.726872
RET-00003315,ORD-00019514,SKU-00626,1,2025-11-08,ARRIVED_LATE,FAIR,1044.92,,RESTOCK,2026-04-30T04:36:50.726872
RET-00003316,ORD-00035295,SKU-00405,1,2026-04-02,NOT_AS_DESCRIBED,NEW,250.5,2026-04-06,DESTROY,2026-04-30T04:36:50.726872
RET-00003317,ORD-00012383,SKU-00537,1,2025-06-04,DAMAGED_TRANSIT,LIKE_NEW,757.09,2025-06-08,DESTROY,2026-04-30T04:36:50.726872
RET-00003318,ORD-00044997,SKU-00969,1,2025-12-12,NOT_AS_DESCRIBED,LIKE_NEW,573.5,2025-12-18,RESTOCK,2026-04-30T04:36:50.726872
RET-00003319,ORD-00048216,SKU-00888,2,2025-08-22,NOT_AS_DESCRIBED,GOOD,1305.2,2025-08-24,RESTOCK,2026-04-30T04:36:50.726872
RET-00003320,ORD-00021826,SKU-00078,1,2025-09-08,ARRIVED_LATE,NEW,461.72,2025-09-14,RETURN_TO_VENDOR,2026-04-30T04:36:50.726872
RET-00003321,ORD-00014409,SKU-00045,3,2026-02-10,DAMAGED_TRANSIT,NEW,242.73,2026-02-11,RETURN_TO_VENDOR,2026-04-30T04:36:50.726872
RET-00003322,ORD-00044214,SKU-00246,1,2025-11-13,DAMAGED_TRANSIT,GOOD,407.58,2025-11-18,REFURBISH,2026-04-30T04:36:50.726872
RET-00003323,ORD-00010563,SKU-00593,3,2026-01-15,DEFECTIVE,GOOD,1431.18,2026-01-19,RETURN_TO_VENDOR,2026-04-30T04:36:50.726872
RET-00003324,ORD-00018927,SKU-00824,4,2026-02-19,DEFECTIVE,GOOD,1535.72,2026-02-22,RESTOCK,2026-04-30T04:36:50.726872
RET-00003325,ORD-00036043,SKU-00293,2,2025-07-23,DAMAGED_TRANSIT,GOOD,250.54,2025-07-25,DESTROY,2026-04-30T04:36:50.726872
RET-00003326,ORD-00049060,SKU-00745,1,2026-04-15,CHANGED_MIND,DAMAGED,535.71,,REFURBISH,2026-04-30T04:36:50.726872
RET-00003327,ORD-00021022,SKU-00280,3,2025-05-23,DEFECTIVE,FAIR,1509.03,,DONATE,2026-04-30T04:36:50.726872
RET-00003328,ORD-00040636,SKU-00458,3,2026-02-12,DUPLICATE_ORDER,UNSELLABLE,28.71,,DONATE,2026-04-30T04:36:50.726872
RET-00003329,ORD-00033085,SKU-00966,5,2025-09-21,DAMAGED_TRANSIT,FAIR,1674.95,,DONATE,2026-04-30T04:36:50.726872
RET-00003330,ORD-00022026,SKU-00267,2,2025-10-12,DEFECTIVE,GOOD,2659.44,2025-10-17,RESTOCK,2026-04-30T04:36:50.726872
RET-00003331,ORD-00007593,SKU-00658,3,2025-08-01,CHANGED_MIND,LIKE_NEW,1443.99,2025-08-05,REFURBISH,2026-04-30T04:36:50.726872
RET-00003332,ORD-00000185,SKU-00588,1,2025-06-08,DAMAGED_TRANSIT,LIKE_NEW,595.41,2025-06-10,DESTROY,2026-04-30T04:36:50.726872
RET-00003333,ORD-00027942,SKU-00516,2,2026-04-06,DEFECTIVE,FAIR,465.08,,DESTROY,2026-04-30T04:36:50.726872
RET-00003334,ORD-00017960,SKU-00563,1,2025-10-16,ARRIVED_LATE,LIKE_NEW,946.5,2025-10-20,RESTOCK,2026-04-30T04:36:50.726872
RET-00003335,ORD-00049449,SKU-00411,2,2025-12-03,ARRIVED_LATE,UNSELLABLE,934.22,,RESTOCK,2026-04-30T04:36:50.726872
RET-00003336,ORD-00004897,SKU-00854,5,2025-08-26,WRONG_ITEM,LIKE_NEW,3111.0,2025-08-28,RESTOCK,2026-04-30T04:36:50.726872
RET-00003337,ORD-00010678,SKU-00669,5,2026-02-01,ARRIVED_LATE,FAIR,245.7,,RETURN_TO_VENDOR,2026-04-30T04:36:50.726872
RET-00003338,ORD-00010809,SKU-00229,2,2025-10-19,NOT_AS_DESCRIBED,DAMAGED,687.68,,RESTOCK,2026-04-30T04:36:50.726872
RET-00003339,ORD-00031656,SKU-00913,5,2026-02-14,DUPLICATE_ORDER,DAMAGED,4635.3,,REFURBISH,2026-04-30T04:36:50.726872
RET-00003340,ORD-00032690,SKU-00868,2,2026-03-05,NOT_AS_DESCRIBED,FAIR,323.66,,RETURN_TO_VENDOR,2026-04-30T04:36:50.726872
RET-00003341,ORD-00029722,SKU-00697,5,2026-03-19,WRONG_ITEM,DAMAGED,1928.8,,RESTOCK,2026-04-30T04:36:50.726872
RET-00003342,ORD-00014618,SKU-00330,4,2026-04-20,ARRIVED_LATE,DAMAGED,2206.28,,RETURN_TO_VENDOR,2026-04-30T04:36:50.726872
RET-00003343,ORD-00014051,SKU-00851,2,2025-05-17,DAMAGED_TRANSIT,DAMAGED,790.82,,RETURN_TO_VENDOR,2026-04-30T04:36:50.726872
RET-00003344,ORD-00029136,SKU-00496,3,2026-02-22,DUPLICATE_ORDER,UNSELLABLE,2307.06,,RETURN_TO_VENDOR,2026-04-30T04:36:50.726872
RET-00003345,ORD-00042497,SKU-00662,1,2025-08-11,WRONG_ITEM,UNSELLABLE,794.59,,RESTOCK,2026-04-30T04:36:50.726872
RET-00003346,ORD-00048762,SKU-00379,4,2025-07-14,DUPLICATE_ORDER,FAIR,445.04,,DONATE,2026-04-30T04:36:50.726872
RET-00003347,ORD-00009454,SKU-00315,2,2025-06-24,WRONG_ITEM,DAMAGED,1510.42,,RETURN_TO_VENDOR,2026-04-30T04:36:50.726872
RET-00003348,ORD-00000425,SKU-00854,4,2026-02-08,DAMAGED_TRANSIT,LIKE_NEW,2488.8,2026-02-10,REFURBISH,2026-04-30T04:36:50.726872
RET-00003349,ORD-00011105,SKU-00366,5,2026-02-18,DEFECTIVE,FAIR,88.85,,DONATE,2026-04-30T04:36:50.726872
RET-00003350,ORD-00022451,SKU-00498,3,2025-06-06,ARRIVED_LATE,NEW,1276.41,2025-06-12,RESTOCK,2026-04-30T04:36:50.726872
RET-00003351,ORD-00015840,SKU-00970,5,2025-04-29,WRONG_ITEM,UNSELLABLE,39.4,,RESTOCK,2026-04-30T04:36:50.726872
RET-00003352,ORD-00004224,SKU-00464,5,2026-03-26,WRONG_ITEM,LIKE_NEW,5207.1,2026-03-31,RESTOCK,2026-04-30T04:36:50.726872
RET-00003353,ORD-00015962,SKU-00279,4,2025-10-18,WRONG_ITEM,UNSELLABLE,1643.2,,RESTOCK,2026-04-30T04:36:50.726872
RET-00003354,ORD-00043078,SKU-00281,4,2025-07-07,DEFECTIVE,GOOD,4730.92,2025-07-13,DESTROY,2026-04-30T04:36:50.726872
RET-00003355,ORD-00022477,SKU-00692,2,2026-01-26,WRONG_ITEM,FAIR,815.1,,DONATE,2026-04-30T04:36:50.726872
RET-00003356,ORD-00030863,SKU-00539,2,2025-06-10,NOT_AS_DESCRIBED,GOOD,1291.62,2025-06-17,DONATE,2026-04-30T04:36:50.726872
RET-00003357,ORD-00019895,SKU-00898,2,2025-05-23,DUPLICATE_ORDER,FAIR,2594.86,,REFURBISH,2026-04-30T04:36:50.726872
RET-00003358,ORD-00010528,SKU-00424,4,2025-04-29,DUPLICATE_ORDER,NEW,2466.52,2025-04-30,RESTOCK,2026-04-30T04:36:50.726872
RET-00003359,ORD-00013565,SKU-00592,4,2026-03-12,DUPLICATE_ORDER,GOOD,527.72,2026-03-19,DONATE,2026-04-30T04:36:50.726872
RET-00003360,ORD-00030657,SKU-00232,2,2026-03-12,DEFECTIVE,FAIR,754.96,,DESTROY,2026-04-30T04:36:50.726872
RET-00003361,ORD-00039830,SKU-00637,3,2026-04-11,DUPLICATE_ORDER,FAIR,1300.29,,REFURBISH,2026-04-30T04:36:50.726872
RET-00003362,ORD-00036549,SKU-00317,1,2025-06-28,WRONG_ITEM,DAMAGED,128.79,,RESTOCK,2026-04-30T04:36:50.726872
RET-00003363,ORD-00015120,SKU-00807,1,2025-06-23,DEFECTIVE,NEW,151.15,2025-06-27,RESTOCK,2026-04-30T04:36:50.726872
RET-00003364,ORD-00030974,SKU-00005,4,2025-05-10,CHANGED_MIND,UNSELLABLE,884.2,,RESTOCK,2026-04-30T04:36:50.726872
RET-00003365,ORD-00014012,SKU-00471,5,2025-11-14,DAMAGED_TRANSIT,LIKE_NEW,1138.3,2025-11-15,RESTOCK,2026-04-30T04:36:50.726872
RET-00003366,ORD-00024710,SKU-00515,5,2025-07-12,CHANGED_MIND,DAMAGED,3250.5,,REFURBISH,2026-04-30T04:36:50.726872
RET-00003367,ORD-00039629,SKU-00308,4,2025-11-12,DEFECTIVE,FAIR,1870.8,,RESTOCK,2026-04-30T04:36:50.726872
RET-00003368,ORD-00008671,SKU-00798,2,2026-02-05,DAMAGED_TRANSIT,UNSELLABLE,1665.82,,RESTOCK,2026-04-30T04:36:50.726872
RET-00003369,ORD-00014860,SKU-00076,2,2025-11-25,ARRIVED_LATE,DAMAGED,485.16,,REFURBISH,2026-04-30T04:36:50.726872
RET-00003370,ORD-00031596,SKU-00220,1,2025-11-20,DAMAGED_TRANSIT,NEW,534.79,2025-11-26,REFURBISH,2026-04-30T04:36:50.726872
RET-00003371,ORD-00020342,SKU-00480,1,2026-02-12,DAMAGED_TRANSIT,GOOD,829.81,2026-02-16,RESTOCK,2026-04-30T04:36:50.726872
RET-00003372,ORD-00008722,SKU-00133,4,2025-05-07,CHANGED_MIND,LIKE_NEW,138.44,2025-05-10,RESTOCK,2026-04-30T04:36:50.726872
RET-00003373,ORD-00041062,SKU-00425,3,2025-09-30,NOT_AS_DESCRIBED,UNSELLABLE,3437.37,,REFURBISH,2026-04-30T04:36:50.726872
RET-00003374,ORD-00034812,SKU-00970,4,2025-12-11,WRONG_ITEM,FAIR,31.52,,REFURBISH,2026-04-30T04:36:50.726872
RET-00003375,ORD-00016865,SKU-00282,4,2026-03-23,CHANGED_MIND,FAIR,2471.36,,RETURN_TO_VENDOR,2026-04-30T04:36:50.726872
RET-00003376,ORD-00015030,SKU-00445,1,2025-11-17,DUPLICATE_ORDER,DAMAGED,586.77,,REFURBISH,2026-04-30T04:36:50.726872
RET-00003377,ORD-00022581,SKU-00346,2,2026-03-08,NOT_AS_DESCRIBED,LIKE_NEW,1234.92,2026-03-09,RESTOCK,2026-04-30T04:36:50.726872
RET-00003378,ORD-00042353,SKU-00214,5,2025-09-01,CHANGED_MIND,LIKE_NEW,2473.85,2025-09-02,DESTROY,2026-04-30T04:36:50.726872
RET-00003379,ORD-00001837,SKU-00369,1,2025-11-07,DUPLICATE_ORDER,GOOD,936.83,2025-11-11,RESTOCK,2026-04-30T04:36:50.726872
RET-00003380,ORD-00019666,SKU-00445,5,2026-03-19,DAMAGED_TRANSIT,DAMAGED,2933.85,,DONATE,2026-04-30T04:36:50.726872
RET-00003381,ORD-00028286,SKU-00005,5,2026-01-16,CHANGED_MIND,NEW,1105.25,2026-01-21,DESTROY,2026-04-30T04:36:50.726872
RET-00003382,ORD-00024500,SKU-00383,1,2025-06-25,DAMAGED_TRANSIT,FAIR,113.03,,RETURN_TO_VENDOR,2026-04-30T04:36:50.726872
RET-00003383,ORD-00004431,SKU-00104,3,2026-04-10,DEFECTIVE,LIKE_NEW,700.89,2026-04-13,RESTOCK,2026-04-30T04:36:50.726872
RET-00003384,ORD-00043231,SKU-00352,3,2026-03-06,ARRIVED_LATE,NEW,2302.08,2026-03-11,RETURN_TO_VENDOR,2026-04-30T04:36:50.726872
RET-00003385,ORD-00027838,SKU-00649,5,2026-04-03,ARRIVED_LATE,LIKE_NEW,950.0,2026-04-09,RETURN_TO_VENDOR,2026-04-30T04:36:50.726872
RET-00003386,ORD-00019446,SKU-00492,1,2025-12-03,NOT_AS_DESCRIBED,LIKE_NEW,101.86,2025-12-07,REFURBISH,2026-04-30T04:36:50.726872
RET-00003387,ORD-00034638,SKU-00933,1,2025-05-02,ARRIVED_LATE,LIKE_NEW,702.2,2025-05-04,RESTOCK,2026-04-30T04:36:50.726872
RET-00003388,ORD-00024817,SKU-00641,3,2026-04-08,WRONG_ITEM,GOOD,2383.86,2026-04-12,RESTOCK,2026-04-30T04:36:50.726872
RET-00003389,ORD-00029828,SKU-00540,4,2025-11-15,DUPLICATE_ORDER,UNSELLABLE,4054.48,,RESTOCK,2026-04-30T04:36:50.726872
RET-00003390,ORD-00045260,SKU-00277,5,2025-06-06,DEFECTIVE,NEW,4176.5,2025-06-10,RETURN_TO_VENDOR,2026-04-30T04:36:50.726872
RET-00003391,ORD-00009700,SKU-00783,5,2025-09-13,DUPLICATE_ORDER,GOOD,6230.85,2025-09-18,DESTROY,2026-04-30T04:36:50.726872
RET-00003392,ORD-00023691,SKU-00975,1,2025-08-02,DEFECTIVE,DAMAGED,752.0,,RESTOCK,2026-04-30T04:36:50.726872
RET-00003393,ORD-00031311,SKU-00197,3,2025-08-24,CHANGED_MIND,NEW,1457.31,2025-08-31,DESTROY,2026-04-30T04:36:50.726872
RET-00003394,ORD-00014285,SKU-00209,3,2025-12-18,WRONG_ITEM,LIKE_NEW,207.99,2025-12-21,DONATE,2026-04-30T04:36:50.726872
RET-00003395,ORD-00036397,SKU-00707,5,2026-03-23,NOT_AS_DESCRIBED,GOOD,1327.0,2026-03-30,RESTOCK,2026-04-30T04:36:50.726872
RET-00003396,ORD-00010962,SKU-00053,3,2025-12-16,DEFECTIVE,GOOD,497.64,2025-12-22,REFURBISH,2026-04-30T04:36:50.726872
RET-00003397,ORD-00040639,SKU-00933,3,2026-02-13,DEFECTIVE,GOOD,2106.6,2026-02-17,REFURBISH,2026-04-30T04:36:50.726872
RET-00003398,ORD-00035369,SKU-00563,5,2025-07-31,NOT_AS_DESCRIBED,UNSELLABLE,4732.5,,RESTOCK,2026-04-30T04:36:50.726872
RET-00003399,ORD-00001145,SKU-00112,1,2025-11-01,DUPLICATE_ORDER,DAMAGED,987.62,,RESTOCK,2026-04-30T04:36:50.726872
RET-00003400,ORD-00045849,SKU-00483,5,2026-04-03,CHANGED_MIND,UNSELLABLE,5038.0,,RETURN_TO_VENDOR,2026-04-30T04:36:50.726872
RET-00003401,ORD-00022877,SKU-00987,4,2026-04-19,NOT_AS_DESCRIBED,FAIR,1888.64,,RETURN_TO_VENDOR,2026-04-30T04:36:50.726872
RET-00003402,ORD-00040577,SKU-00749,2,2025-09-22,CHANGED_MIND,FAIR,1358.22,,DONATE,2026-04-30T04:36:50.726872
RET-00003403,ORD-00021677,SKU-00940,2,2025-12-22,CHANGED_MIND,NEW,429.9,2025-12-26,DONATE,2026-04-30T04:36:50.726872
RET-00003404,ORD-00040774,SKU-00901,2,2025-10-02,NOT_AS_DESCRIBED,FAIR,81.98,,REFURBISH,2026-04-30T04:36:50.726872
RET-00003405,ORD-00030388,SKU-00966,5,2025-05-26,DUPLICATE_ORDER,LIKE_NEW,1674.95,2025-05-28,DESTROY,2026-04-30T04:36:50.726872
RET-00003406,ORD-00044364,SKU-00575,5,2026-04-25,WRONG_ITEM,UNSELLABLE,122.45,,REFURBISH,2026-04-30T04:36:50.726872
RET-00003407,ORD-00009902,SKU-00673,5,2025-08-05,DAMAGED_TRANSIT,UNSELLABLE,4274.7,,RETURN_TO_VENDOR,2026-04-30T04:36:50.726872
RET-00003408,ORD-00009123,SKU-00552,2,2025-08-08,ARRIVED_LATE,NEW,1681.34,2025-08-13,RESTOCK,2026-04-30T04:36:50.726872
RET-00003409,ORD-00012153,SKU-00441,2,2025-07-27,CHANGED_MIND,DAMAGED,1310.44,,RESTOCK,2026-04-30T04:36:50.726872
RET-00003410,ORD-00047012,SKU-00112,4,2026-01-10,DUPLICATE_ORDER,UNSELLABLE,3950.48,,RETURN_TO_VENDOR,2026-04-30T04:36:50.726872
RET-00003411,ORD-00036242,SKU-00193,5,2026-03-31,DAMAGED_TRANSIT,NEW,1136.7,2026-04-07,RESTOCK,2026-04-30T04:36:50.726872
RET-00003412,ORD-00016848,SKU-00956,1,2025-08-30,WRONG_ITEM,UNSELLABLE,238.59,,DESTROY,2026-04-30T04:36:50.726872
RET-00003413,ORD-00025358,SKU-00271,4,2025-09-26,DEFECTIVE,NEW,4944.36,2025-09-27,RETURN_TO_VENDOR,2026-04-30T04:36:50.726872
RET-00003414,ORD-00026505,SKU-00110,5,2025-12-31,CHANGED_MIND,UNSELLABLE,3805.65,,REFURBISH,2026-04-30T04:36:50.726872
RET-00003415,ORD-00003222,SKU-00144,4,2025-10-16,NOT_AS_DESCRIBED,GOOD,800.64,2025-10-22,RESTOCK,2026-04-30T04:36:50.726872
RET-00003416,ORD-00014392,SKU-00301,2,2025-07-05,DEFECTIVE,UNSELLABLE,2038.16,,DESTROY,2026-04-30T04:36:50.726872
RET-00003417,ORD-00023508,SKU-00255,1,2025-06-13,NOT_AS_DESCRIBED,UNSELLABLE,161.2,,DESTROY,2026-04-30T04:36:50.726872
RET-00003418,ORD-00020614,SKU-00358,3,2025-12-29,NOT_AS_DESCRIBED,LIKE_NEW,3241.65,2026-01-01,RESTOCK,2026-04-30T04:36:50.726872
RET-00003419,ORD-00018590,SKU-00756,2,2026-04-07,DEFECTIVE,NEW,1041.16,2026-04-12,DONATE,2026-04-30T04:36:50.726872
RET-00003420,ORD-00041712,SKU-00295,5,2025-05-15,DEFECTIVE,GOOD,144.7,2025-05-20,RESTOCK,2026-04-30T04:36:50.726872
RET-00003421,ORD-00047921,SKU-00518,2,2025-06-01,CHANGED_MIND,LIKE_NEW,206.44,2025-06-07,DESTROY,2026-04-30T04:36:50.726872
RET-00003422,ORD-00016001,SKU-00169,3,2026-01-30,CHANGED_MIND,GOOD,3413.19,2026-02-05,DESTROY,2026-04-30T04:36:50.726872
RET-00003423,ORD-00017631,SKU-00230,3,2025-10-10,DUPLICATE_ORDER,LIKE_NEW,3142.92,2025-10-11,RESTOCK,2026-04-30T04:36:50.726872
RET-00003424,ORD-00035264,SKU-00794,2,2026-01-29,WRONG_ITEM,GOOD,473.88,2026-01-31,RESTOCK,2026-04-30T04:36:50.726872
RET-00003425,ORD-00042558,SKU-00684,5,2025-11-25,DEFECTIVE,FAIR,5304.65,,RESTOCK,2026-04-30T04:36:50.726872
RET-00003426,ORD-00037520,SKU-00614,2,2025-12-16,CHANGED_MIND,UNSELLABLE,105.02,,RESTOCK,2026-04-30T04:36:50.726872
RET-00003427,ORD-00007730,SKU-00382,5,2025-06-03,NOT_AS_DESCRIBED,LIKE_NEW,1691.35,2025-06-09,REFURBISH,2026-04-30T04:36:50.726872
RET-00003428,ORD-00020966,SKU-00514,4,2025-11-02,DAMAGED_TRANSIT,UNSELLABLE,1291.6,,DESTROY,2026-04-30T04:36:50.726872
RET-00003429,ORD-00039189,SKU-00944,2,2025-07-04,ARRIVED_LATE,GOOD,775.22,2025-07-08,RETURN_TO_VENDOR,2026-04-30T04:36:50.726872
RET-00003430,ORD-00005814,SKU-00035,4,2025-05-12,ARRIVED_LATE,GOOD,1542.24,2025-05-19,RESTOCK,2026-04-30T04:36:50.726872
RET-00003431,ORD-00040534,SKU-00112,2,2026-02-19,DUPLICATE_ORDER,LIKE_NEW,1975.24,2026-02-22,RESTOCK,2026-04-30T04:36:50.726872
RET-00003432,ORD-00005950,SKU-00272,4,2026-02-27,ARRIVED_LATE,FAIR,2178.2,,RESTOCK,2026-04-30T04:36:50.726872
RET-00003433,ORD-00032153,SKU-00093,4,2026-04-18,DAMAGED_TRANSIT,DAMAGED,1903.4,,RESTOCK,2026-04-30T04:36:50.726872
RET-00003434,ORD-00012332,SKU-00783,4,2026-02-12,ARRIVED_LATE,DAMAGED,4984.68,,DESTROY,2026-04-30T04:36:50.726872
RET-00003435,ORD-00045081,SKU-00475,3,2026-03-25,CHANGED_MIND,GOOD,1235.7,2026-03-26,RESTOCK,2026-04-30T04:36:50.726872
RET-00003436,ORD-00019190,SKU-00661,5,2026-02-13,DUPLICATE_ORDER,NEW,708.55,2026-02-19,REFURBISH,2026-04-30T04:36:50.726872
RET-00003437,ORD-00001902,SKU-00093,1,2025-07-21,ARRIVED_LATE,GOOD,475.85,2025-07-27,RESTOCK,2026-04-30T04:36:50.726872
RET-00003438,ORD-00046046,SKU-00195,4,2025-10-18,WRONG_ITEM,DAMAGED,1202.4,,RESTOCK,2026-04-30T04:36:50.726872
RET-00003439,ORD-00026967,SKU-00464,2,2025-12-07,DAMAGED_TRANSIT,GOOD,2082.84,2025-12-10,RETURN_TO_VENDOR,2026-04-30T04:36:50.726872
RET-00003440,ORD-00030144,SKU-00258,5,2025-12-31,NOT_AS_DESCRIBED,FAIR,1427.35,,DESTROY,2026-04-30T04:36:50.726872
RET-00003441,ORD-00011614,SKU-00590,3,2026-03-05,DUPLICATE_ORDER,GOOD,3649.98,2026-03-09,DONATE,2026-04-30T04:36:50.726872
RET-00003442,ORD-00038418,SKU-00948,3,2025-06-02,CHANGED_MIND,NEW,363.66,2025-06-05,DESTROY,2026-04-30T04:36:50.726872
RET-00003443,ORD-00046531,SKU-00517,5,2025-11-30,NOT_AS_DESCRIBED,GOOD,4449.85,2025-12-05,RESTOCK,2026-04-30T04:36:50.726872
RET-00003444,ORD-00003397,SKU-00141,3,2025-10-23,NOT_AS_DESCRIBED,DAMAGED,2063.88,,DONATE,2026-04-30T04:36:50.726872
RET-00003445,ORD-00004408,SKU-00624,4,2026-03-28,CHANGED_MIND,NEW,184.64,2026-04-01,RETURN_TO_VENDOR,2026-04-30T04:36:50.726872
RET-00003446,ORD-00032261,SKU-00031,5,2025-11-06,WRONG_ITEM,LIKE_NEW,6899.0,2025-11-10,RESTOCK,2026-04-30T04:36:50.726872
RET-00003447,ORD-00020868,SKU-00102,5,2025-08-20,DAMAGED_TRANSIT,LIKE_NEW,1055.1,2025-08-23,RETURN_TO_VENDOR,2026-04-30T04:36:50.726872
RET-00003448,ORD-00033303,SKU-00033,5,2025-10-19,WRONG_ITEM,FAIR,1555.65,,DESTROY,2026-04-30T04:36:50.726872
RET-00003449,ORD-00019886,SKU-00918,4,2025-09-09,NOT_AS_DESCRIBED,NEW,1504.72,2025-09-11,REFURBISH,2026-04-30T04:36:50.726872
RET-00003450,ORD-00014657,SKU-00222,1,2026-02-07,NOT_AS_DESCRIBED,NEW,81.97,2026-02-13,RETURN_TO_VENDOR,2026-04-30T04:36:50.726872
RET-00003451,ORD-00014910,SKU-00687,3,2026-02-22,ARRIVED_LATE,UNSELLABLE,417.75,,RESTOCK,2026-04-30T04:36:50.726872
RET-00003452,ORD-00043305,SKU-00722,3,2025-05-29,WRONG_ITEM,GOOD,428.61,2025-05-31,REFURBISH,2026-04-30T04:36:50.726872
RET-00003453,ORD-00038916,SKU-00066,3,2025-07-16,CHANGED_MIND,FAIR,2057.61,,RESTOCK,2026-04-30T04:36:50.726872
RET-00003454,ORD-00034763,SKU-00015,2,2025-06-03,NOT_AS_DESCRIBED,NEW,1875.28,2025-06-05,RESTOCK,2026-04-30T04:36:50.726872
RET-00003455,ORD-00047603,SKU-00058,1,2025-08-23,DAMAGED_TRANSIT,DAMAGED,1397.67,,DONATE,2026-04-30T04:36:50.726872
RET-00003456,ORD-00025373,SKU-00780,1,2025-09-30,DEFECTIVE,FAIR,106.72,,DESTROY,2026-04-30T04:36:50.726872
RET-00003457,ORD-00006723,SKU-00901,5,2025-05-06,ARRIVED_LATE,UNSELLABLE,204.95,,RESTOCK,2026-04-30T04:36:50.726872
RET-00003458,ORD-00031738,SKU-00654,5,2026-02-02,WRONG_ITEM,DAMAGED,3228.6,,DESTROY,2026-04-30T04:36:50.726872
RET-00003459,ORD-00028320,SKU-00368,4,2025-05-25,ARRIVED_LATE,FAIR,362.72,,RESTOCK,2026-04-30T04:36:50.726872
RET-00003460,ORD-00048703,SKU-00455,3,2026-02-03,CHANGED_MIND,DAMAGED,1148.25,,RESTOCK,2026-04-30T04:36:50.726872
RET-00003461,ORD-00011390,SKU-00836,3,2025-08-21,WRONG_ITEM,GOOD,357.54,2025-08-26,RESTOCK,2026-04-30T04:36:50.726872
RET-00003462,ORD-00034618,SKU-00640,4,2025-05-12,ARRIVED_LATE,FAIR,2336.36,,RETURN_TO_VENDOR,2026-04-30T04:36:50.726872
RET-00003463,ORD-00023225,SKU-00320,1,2025-06-08,DAMAGED_TRANSIT,LIKE_NEW,954.74,2025-06-14,DESTROY,2026-04-30T04:36:50.726872
RET-00003464,ORD-00007109,SKU-00026,3,2025-09-29,DAMAGED_TRANSIT,LIKE_NEW,1962.99,2025-10-05,DESTROY,2026-04-30T04:36:50.726872
RET-00003465,ORD-00004121,SKU-00928,5,2026-01-22,DUPLICATE_ORDER,GOOD,869.45,2026-01-28,RETURN_TO_VENDOR,2026-04-30T04:36:50.726872
RET-00003466,ORD-00049332,SKU-00796,1,2025-09-16,DAMAGED_TRANSIT,DAMAGED,120.39,,RETURN_TO_VENDOR,2026-04-30T04:36:50.726872
RET-00003467,ORD-00010589,SKU-00502,3,2025-08-06,DAMAGED_TRANSIT,LIKE_NEW,1035.09,2025-08-09,RETURN_TO_VENDOR,2026-04-30T04:36:50.726872
RET-00003468,ORD-00027688,SKU-00316,5,2025-09-13,DEFECTIVE,GOOD,2103.85,2025-09-18,RESTOCK,2026-04-30T04:36:50.726872
RET-00003469,ORD-00035651,SKU-00464,2,2025-11-28,CHANGED_MIND,GOOD,2082.84,2025-12-04,RESTOCK,2026-04-30T04:36:50.726872
RET-00003470,ORD-00020691,SKU-00890,5,2025-08-15,NOT_AS_DESCRIBED,DAMAGED,506.4,,RESTOCK,2026-04-30T04:36:50.726872
RET-00003471,ORD-00018478,SKU-00623,1,2025-11-17,DEFECTIVE,LIKE_NEW,70.03,2025-11-23,RETURN_TO_VENDOR,2026-04-30T04:36:50.726872
RET-00003472,ORD-00030941,SKU-00578,3,2026-02-06,DUPLICATE_ORDER,LIKE_NEW,4214.49,2026-02-11,RETURN_TO_VENDOR,2026-04-30T04:36:50.726872
RET-00003473,ORD-00044548,SKU-00618,4,2025-06-08,DAMAGED_TRANSIT,NEW,2034.0,2025-06-15,REFURBISH,2026-04-30T04:36:50.726872
RET-00003474,ORD-00012168,SKU-00995,4,2025-08-09,NOT_AS_DESCRIBED,FAIR,5101.6,,RETURN_TO_VENDOR,2026-04-30T04:36:50.726872
RET-00003475,ORD-00040871,SKU-00687,3,2025-07-30,ARRIVED_LATE,LIKE_NEW,417.75,2025-08-02,REFURBISH,2026-04-30T04:36:50.726872
RET-00003476,ORD-00049638,SKU-00898,1,2026-04-24,CHANGED_MIND,GOOD,1297.43,2026-04-25,RETURN_TO_VENDOR,2026-04-30T04:36:50.726872
RET-00003477,ORD-00029963,SKU-00927,4,2025-12-27,DEFECTIVE,FAIR,5418.0,,RETURN_TO_VENDOR,2026-04-30T04:36:50.726872
RET-00003478,ORD-00016540,SKU-00353,5,2026-01-13,NOT_AS_DESCRIBED,LIKE_NEW,4728.0,2026-01-16,DESTROY,2026-04-30T04:36:50.726872
RET-00003479,ORD-00014470,SKU-00297,1,2025-12-31,NOT_AS_DESCRIBED,DAMAGED,762.28,,RESTOCK,2026-04-30T04:36:50.726872
RET-00003480,ORD-00026581,SKU-00802,5,2025-12-04,ARRIVED_LATE,FAIR,5083.85,,REFURBISH,2026-04-30T04:36:50.726872
RET-00003481,ORD-00047261,SKU-00221,3,2025-12-23,ARRIVED_LATE,GOOD,1513.95,2025-12-30,RESTOCK,2026-04-30T04:36:50.726872
RET-00003482,ORD-00017248,SKU-00110,2,2025-06-26,DEFECTIVE,DAMAGED,1522.26,,REFURBISH,2026-04-30T04:36:50.726872
RET-00003483,ORD-00011314,SKU-00278,5,2025-08-19,NOT_AS_DESCRIBED,GOOD,967.9,2025-08-25,RESTOCK,2026-04-30T04:36:50.726872
RET-00003484,ORD-00025279,SKU-00727,2,2025-08-16,ARRIVED_LATE,GOOD,512.9,2025-08-22,REFURBISH,2026-04-30T04:36:50.726872
RET-00003485,ORD-00025437,SKU-00074,4,2025-06-08,NOT_AS_DESCRIBED,FAIR,306.44,,REFURBISH,2026-04-30T04:36:50.726872
RET-00003486,ORD-00039715,SKU-00698,5,2026-03-04,WRONG_ITEM,LIKE_NEW,177.9,2026-03-11,DONATE,2026-04-30T04:36:50.726872
RET-00003487,ORD-00023328,SKU-00625,5,2025-06-21,DUPLICATE_ORDER,LIKE_NEW,6140.95,2025-06-24,RESTOCK,2026-04-30T04:36:50.726872
RET-00003488,ORD-00048226,SKU-00396,4,2025-09-10,CHANGED_MIND,FAIR,864.36,,DESTROY,2026-04-30T04:36:50.726872
RET-00003489,ORD-00018340,SKU-00530,4,2025-09-01,DUPLICATE_ORDER,LIKE_NEW,3678.56,2025-09-08,RESTOCK,2026-04-30T04:36:50.726872
RET-00003490,ORD-00031302,SKU-00634,3,2026-01-22,DEFECTIVE,LIKE_NEW,475.41,2026-01-26,REFURBISH,2026-04-30T04:36:50.726872
RET-00003491,ORD-00046944,SKU-00200,3,2025-05-22,WRONG_ITEM,GOOD,1930.89,2025-05-23,REFURBISH,2026-04-30T04:36:50.726872
RET-00003492,ORD-00008924,SKU-00543,4,2026-04-09,CHANGED_MIND,GOOD,3324.0,2026-04-11,REFURBISH,2026-04-30T04:36:50.726872
RET-00003493,ORD-00032371,SKU-00399,1,2025-05-27,NOT_AS_DESCRIBED,GOOD,693.56,2025-05-30,RESTOCK,2026-04-30T04:36:50.726872
RET-00003494,ORD-00045851,SKU-00989,2,2025-06-20,NOT_AS_DESCRIBED,FAIR,905.28,,DONATE,2026-04-30T04:36:50.726872
RET-00003495,ORD-00002411,SKU-00453,3,2025-10-12,DUPLICATE_ORDER,FAIR,1550.43,,DONATE,2026-04-30T04:36:50.726872
RET-00003496,ORD-00035123,SKU-00713,1,2025-09-28,DAMAGED_TRANSIT,DAMAGED,1120.64,,RESTOCK,2026-04-30T04:36:50.726872
RET-00003497,ORD-00031533,SKU-00439,4,2026-01-09,DAMAGED_TRANSIT,LIKE_NEW,3888.12,2026-01-10,RETURN_TO_VENDOR,2026-04-30T04:36:50.726872
RET-00003498,ORD-00029479,SKU-00539,1,2025-10-24,DEFECTIVE,LIKE_NEW,645.81,2025-10-30,DONATE,2026-04-30T04:36:50.726872
RET-00003499,ORD-00002992,SKU-00748,3,2025-05-27,DEFECTIVE,UNSELLABLE,2373.6,,RETURN_TO_VENDOR,2026-04-30T04:36:50.726872
RET-00003500,ORD-00034228,SKU-00530,3,2025-06-02,CHANGED_MIND,DAMAGED,2758.92,,REFURBISH,2026-04-30T04:36:50.726872
RET-00003501,ORD-00025208,SKU-00929,2,2026-03-20,DAMAGED_TRANSIT,UNSELLABLE,155.96,,RETURN_TO_VENDOR,2026-04-30T04:36:50.726872
RET-00003502,ORD-00044107,SKU-00781,4,2025-08-28,DEFECTIVE,DAMAGED,3621.8,,RESTOCK,2026-04-30T04:36:50.726872
RET-00003503,ORD-00006958,SKU-00575,5,2025-12-14,NOT_AS_DESCRIBED,NEW,122.45,2025-12-18,DONATE,2026-04-30T04:36:50.726872
RET-00003504,ORD-00014873,SKU-00514,2,2025-07-19,CHANGED_MIND,GOOD,645.8,2025-07-22,RESTOCK,2026-04-30T04:36:50.726872
RET-00003505,ORD-00004903,SKU-00999,3,2025-11-08,DAMAGED_TRANSIT,FAIR,2902.65,,RETURN_TO_VENDOR,2026-04-30T04:36:50.726872
RET-00003506,ORD-00001088,SKU-00203,2,2025-07-21,DEFECTIVE,FAIR,642.98,,RESTOCK,2026-04-30T04:36:50.726872
RET-00003507,ORD-00014756,SKU-00407,1,2026-02-06,ARRIVED_LATE,FAIR,27.24,,DONATE,2026-04-30T04:36:50.726872
RET-00003508,ORD-00023797,SKU-00323,1,2026-03-22,DUPLICATE_ORDER,FAIR,676.63,,RESTOCK,2026-04-30T04:36:50.726872
RET-00003509,ORD-00017053,SKU-00913,4,2026-01-03,ARRIVED_LATE,DAMAGED,3708.24,,RETURN_TO_VENDOR,2026-04-30T04:36:50.726872
RET-00003510,ORD-00043921,SKU-00158,1,2025-09-20,DAMAGED_TRANSIT,GOOD,412.32,2025-09-25,DONATE,2026-04-30T04:36:50.726872
RET-00003511,ORD-00007782,SKU-00037,2,2025-12-07,NOT_AS_DESCRIBED,DAMAGED,899.54,,RESTOCK,2026-04-30T04:36:50.726872
RET-00003512,ORD-00016885,SKU-00454,5,2025-08-15,CHANGED_MIND,UNSELLABLE,3272.05,,DESTROY,2026-04-30T04:36:50.726872
RET-00003513,ORD-00024029,SKU-00268,2,2026-01-30,NOT_AS_DESCRIBED,UNSELLABLE,1028.76,,RETURN_TO_VENDOR,2026-04-30T04:36:50.726872
RET-00003514,ORD-00026329,SKU-00420,4,2025-12-03,ARRIVED_LATE,GOOD,3555.48,2025-12-10,REFURBISH,2026-04-30T04:36:50.726872
RET-00003515,ORD-00040835,SKU-00090,2,2025-09-10,DEFECTIVE,NEW,564.56,2025-09-12,REFURBISH,2026-04-30T04:36:50.726872
RET-00003516,ORD-00039389,SKU-00977,2,2026-03-10,CHANGED_MIND,NEW,973.42,2026-03-16,RESTOCK,2026-04-30T04:36:50.726872
RET-00003517,ORD-00019445,SKU-00759,3,2025-11-05,DUPLICATE_ORDER,LIKE_NEW,1662.36,2025-11-08,REFURBISH,2026-04-30T04:36:50.726872
RET-00003518,ORD-00004643,SKU-00636,5,2026-04-24,NOT_AS_DESCRIBED,GOOD,2722.8,2026-04-28,RETURN_TO_VENDOR,2026-04-30T04:36:50.726872
RET-00003519,ORD-00005968,SKU-00374,1,2025-07-02,DUPLICATE_ORDER,LIKE_NEW,282.3,2025-07-07,RESTOCK,2026-04-30T04:36:50.726872
RET-00003520,ORD-00010414,SKU-00257,5,2026-02-13,DUPLICATE_ORDER,LIKE_NEW,1315.35,2026-02-20,REFURBISH,2026-04-30T04:36:50.726872
RET-00003521,ORD-00003922,SKU-00786,5,2026-03-06,CHANGED_MIND,GOOD,3500.95,2026-03-12,DESTROY,2026-04-30T04:36:50.726872
RET-00003522,ORD-00026859,SKU-00991,5,2026-01-13,DEFECTIVE,NEW,4445.8,2026-01-18,DONATE,2026-04-30T04:36:50.726872
RET-00003523,ORD-00033175,SKU-00519,5,2025-09-15,DUPLICATE_ORDER,UNSELLABLE,2187.25,,REFURBISH,2026-04-30T04:36:50.726872
RET-00003524,ORD-00028833,SKU-00031,2,2025-10-28,CHANGED_MIND,GOOD,2759.6,2025-11-04,RESTOCK,2026-04-30T04:36:50.726872
RET-00003525,ORD-00008536,SKU-00629,3,2025-12-18,NOT_AS_DESCRIBED,GOOD,1640.94,2025-12-23,RESTOCK,2026-04-30T04:36:50.726872
RET-00003526,ORD-00008453,SKU-00887,1,2026-01-29,DEFECTIVE,GOOD,456.45,2026-01-31,RESTOCK,2026-04-30T04:36:50.726872
RET-00003527,ORD-00039086,SKU-00577,5,2026-03-03,DAMAGED_TRANSIT,DAMAGED,2107.9,,REFURBISH,2026-04-30T04:36:50.726872
RET-00003528,ORD-00011967,SKU-00004,5,2026-04-18,DUPLICATE_ORDER,DAMAGED,3468.35,,DONATE,2026-04-30T04:36:50.726872
RET-00003529,ORD-00004317,SKU-00058,4,2025-05-10,NOT_AS_DESCRIBED,FAIR,5590.68,,RETURN_TO_VENDOR,2026-04-30T04:36:50.726872
RET-00003530,ORD-00031459,SKU-00204,2,2025-05-07,NOT_AS_DESCRIBED,FAIR,1963.98,,RESTOCK,2026-04-30T04:36:50.726872
RET-00003531,ORD-00043714,SKU-00569,1,2026-03-15,DAMAGED_TRANSIT,GOOD,505.72,2026-03-17,DONATE,2026-04-30T04:36:50.726872
RET-00003532,ORD-00009404,SKU-00542,3,2026-04-25,NOT_AS_DESCRIBED,DAMAGED,1392.21,,DONATE,2026-04-30T04:36:50.726872
RET-00003533,ORD-00049227,SKU-00378,2,2025-05-14,CHANGED_MIND,FAIR,2442.12,,RETURN_TO_VENDOR,2026-04-30T04:36:50.726872
RET-00003534,ORD-00006858,SKU-00148,1,2026-03-09,DEFECTIVE,LIKE_NEW,70.1,2026-03-11,DESTROY,2026-04-30T04:36:50.726872
RET-00003535,ORD-00049466,SKU-00220,2,2025-06-30,DEFECTIVE,UNSELLABLE,1069.58,,RESTOCK,2026-04-30T04:36:50.726872
RET-00003536,ORD-00025374,SKU-00006,4,2026-01-10,NOT_AS_DESCRIBED,GOOD,1594.48,2026-01-16,DESTROY,2026-04-30T04:36:50.726872
RET-00003537,ORD-00046740,SKU-00624,5,2026-02-18,DUPLICATE_ORDER,LIKE_NEW,230.8,2026-02-25,RESTOCK,2026-04-30T04:36:50.726872
RET-00003538,ORD-00001699,SKU-00003,4,2026-04-14,WRONG_ITEM,DAMAGED,1428.0,,RESTOCK,2026-04-30T04:36:50.726872
RET-00003539,ORD-00004141,SKU-00483,2,2026-03-29,NOT_AS_DESCRIBED,UNSELLABLE,2015.2,,DESTROY,2026-04-30T04:36:50.726872
RET-00003540,ORD-00032563,SKU-00983,3,2025-07-18,ARRIVED_LATE,NEW,496.2,2025-07-19,DESTROY,2026-04-30T04:36:50.726872
RET-00003541,ORD-00002479,SKU-00449,3,2025-12-11,ARRIVED_LATE,DAMAGED,531.96,,RETURN_TO_VENDOR,2026-04-30T04:36:50.726872
RET-00003542,ORD-00046409,SKU-00543,5,2025-08-11,CHANGED_MIND,LIKE_NEW,4155.0,2025-08-13,RESTOCK,2026-04-30T04:36:50.726872
RET-00003543,ORD-00004264,SKU-00917,1,2025-07-30,NOT_AS_DESCRIBED,NEW,1366.06,2025-08-04,REFURBISH,2026-04-30T04:36:50.726872
RET-00003544,ORD-00017461,SKU-00095,4,2025-08-10,WRONG_ITEM,NEW,4230.44,2025-08-15,DONATE,2026-04-30T04:36:50.726872
RET-00003545,ORD-00001025,SKU-00132,4,2025-06-15,CHANGED_MIND,GOOD,5090.28,2025-06-22,RESTOCK,2026-04-30T04:36:50.726872
RET-00003546,ORD-00028297,SKU-00075,1,2025-11-07,DEFECTIVE,DAMAGED,179.74,,RESTOCK,2026-04-30T04:36:50.726872
RET-00003547,ORD-00013704,SKU-00937,2,2025-06-17,DUPLICATE_ORDER,LIKE_NEW,1978.72,2025-06-19,RESTOCK,2026-04-30T04:36:50.726872
RET-00003548,ORD-00038306,SKU-00439,4,2026-04-03,DEFECTIVE,FAIR,3888.12,,RETURN_TO_VENDOR,2026-04-30T04:36:50.726872
RET-00003549,ORD-00006707,SKU-00498,5,2026-04-19,WRONG_ITEM,DAMAGED,2127.35,,REFURBISH,2026-04-30T04:36:50.726872
RET-00003550,ORD-00021345,SKU-00092,4,2025-05-10,ARRIVED_LATE,DAMAGED,483.32,,RESTOCK,2026-04-30T04:36:50.726872
RET-00003551,ORD-00036515,SKU-00435,1,2026-01-04,ARRIVED_LATE,GOOD,807.36,2026-01-10,RESTOCK,2026-04-30T04:36:50.726872
RET-00003552,ORD-00024225,SKU-00999,5,2025-09-23,DEFECTIVE,LIKE_NEW,4837.75,2025-09-24,RESTOCK,2026-04-30T04:36:50.726872
RET-00003553,ORD-00003187,SKU-00296,1,2026-03-26,DEFECTIVE,LIKE_NEW,222.04,2026-03-30,DONATE,2026-04-30T04:36:50.726872
RET-00003554,ORD-00010449,SKU-00729,1,2025-05-11,ARRIVED_LATE,FAIR,315.31,,RESTOCK,2026-04-30T04:36:50.726872
RET-00003555,ORD-00011919,SKU-00947,1,2025-08-17,ARRIVED_LATE,DAMAGED,31.5,,RESTOCK,2026-04-30T04:36:50.726872
RET-00003556,ORD-00026976,SKU-00560,1,2025-07-09,WRONG_ITEM,LIKE_NEW,148.21,2025-07-15,DESTROY,2026-04-30T04:36:50.726872
RET-00003557,ORD-00005082,SKU-00512,4,2025-09-13,WRONG_ITEM,GOOD,3013.92,2025-09-15,DONATE,2026-04-30T04:36:50.726872
RET-00003558,ORD-00040341,SKU-00125,3,2026-04-23,WRONG_ITEM,DAMAGED,1099.95,,RESTOCK,2026-04-30T04:36:50.726872
RET-00003559,ORD-00049295,SKU-00410,2,2026-03-15,WRONG_ITEM,GOOD,2569.36,2026-03-17,DESTROY,2026-04-30T04:36:50.726872
RET-00003560,ORD-00014848,SKU-00959,5,2026-03-21,DEFECTIVE,NEW,1715.6,2026-03-23,REFURBISH,2026-04-30T04:36:50.726872
RET-00003561,ORD-00004573,SKU-00095,4,2025-07-22,CHANGED_MIND,DAMAGED,4230.44,,RESTOCK,2026-04-30T04:36:50.726872
RET-00003562,ORD-00009521,SKU-00184,3,2025-06-05,NOT_AS_DESCRIBED,LIKE_NEW,2626.53,2025-06-08,RETURN_TO_VENDOR,2026-04-30T04:36:50.726872
RET-00003563,ORD-00035244,SKU-00069,2,2025-12-08,WRONG_ITEM,UNSELLABLE,952.06,,RETURN_TO_VENDOR,2026-04-30T04:36:50.726872
RET-00003564,ORD-00033334,SKU-00123,1,2025-08-23,CHANGED_MIND,FAIR,362.26,,RESTOCK,2026-04-30T04:36:50.726872
RET-00003565,ORD-00046853,SKU-00281,1,2025-12-07,NOT_AS_DESCRIBED,DAMAGED,1182.73,,RETURN_TO_VENDOR,2026-04-30T04:36:50.726872
RET-00003566,ORD-00032197,SKU-00945,5,2026-03-29,DUPLICATE_ORDER,GOOD,811.1,2026-03-31,DESTROY,2026-04-30T04:36:50.726872
RET-00003567,ORD-00031090,SKU-00054,5,2025-12-25,DAMAGED_TRANSIT,NEW,3023.15,2025-12-28,RESTOCK,2026-04-30T04:36:50.726872
RET-00003568,ORD-00015976,SKU-00439,4,2026-02-28,CHANGED_MIND,DAMAGED,3888.12,,REFURBISH,2026-04-30T04:36:50.726872
RET-00003569,ORD-00010935,SKU-00901,4,2025-12-13,ARRIVED_LATE,LIKE_NEW,163.96,2025-12-20,REFURBISH,2026-04-30T04:36:50.726872
RET-00003570,ORD-00023241,SKU-00105,2,2025-06-03,NOT_AS_DESCRIBED,FAIR,894.94,,RESTOCK,2026-04-30T04:36:50.726872
RET-00003571,ORD-00018443,SKU-00972,2,2025-07-07,DUPLICATE_ORDER,DAMAGED,659.66,,DESTROY,2026-04-30T04:36:50.726872
RET-00003572,ORD-00040667,SKU-00142,4,2025-05-03,DEFECTIVE,GOOD,4114.72,2025-05-08,DESTROY,2026-04-30T04:36:50.726872
RET-00003573,ORD-00034298,SKU-00607,4,2026-01-14,NOT_AS_DESCRIBED,FAIR,3219.56,,DONATE,2026-04-30T04:36:50.726872
RET-00003574,ORD-00045978,SKU-00929,4,2025-10-23,DEFECTIVE,LIKE_NEW,311.92,2025-10-28,REFURBISH,2026-04-30T04:36:50.726872
RET-00003575,ORD-00027499,SKU-00023,2,2025-07-05,WRONG_ITEM,LIKE_NEW,953.92,2025-07-10,DESTROY,2026-04-30T04:36:50.726872
RET-00003576,ORD-00035191,SKU-00936,4,2025-10-06,WRONG_ITEM,DAMAGED,3784.12,,RESTOCK,2026-04-30T04:36:50.726872
RET-00003577,ORD-00039329,SKU-00263,5,2026-01-26,DAMAGED_TRANSIT,FAIR,4013.1,,RESTOCK,2026-04-30T04:36:50.726872
RET-00003578,ORD-00034293,SKU-00768,1,2025-09-28,NOT_AS_DESCRIBED,GOOD,566.65,2025-10-02,RESTOCK,2026-04-30T04:36:50.726872
RET-00003579,ORD-00023122,SKU-00388,1,2025-05-06,WRONG_ITEM,GOOD,566.55,2025-05-07,REFURBISH,2026-04-30T04:36:50.726872
RET-00003580,ORD-00031364,SKU-00294,1,2025-10-05,ARRIVED_LATE,NEW,12.59,2025-10-12,DESTROY,2026-04-30T04:36:50.726872
RET-00003581,ORD-00046890,SKU-00575,2,2026-02-03,WRONG_ITEM,LIKE_NEW,48.98,2026-02-05,RETURN_TO_VENDOR,2026-04-30T04:36:50.726872
RET-00003582,ORD-00022726,SKU-00422,1,2025-12-06,CHANGED_MIND,UNSELLABLE,583.16,,RESTOCK,2026-04-30T04:36:50.726872
RET-00003583,ORD-00004054,SKU-00304,1,2025-11-06,WRONG_ITEM,GOOD,230.77,2025-11-12,REFURBISH,2026-04-30T04:36:50.726872
RET-00003584,ORD-00024744,SKU-00451,4,2025-10-07,NOT_AS_DESCRIBED,GOOD,4162.2,2025-10-11,DESTROY,2026-04-30T04:36:50.726872
RET-00003585,ORD-00048938,SKU-00266,4,2025-11-29,ARRIVED_LATE,LIKE_NEW,2899.84,2025-12-04,RESTOCK,2026-04-30T04:36:50.726872
RET-00003586,ORD-00047429,SKU-00774,1,2026-03-05,CHANGED_MIND,UNSELLABLE,343.44,,RESTOCK,2026-04-30T04:36:50.726872
RET-00003587,ORD-00030396,SKU-00537,3,2025-12-04,ARRIVED_LATE,NEW,2271.27,2025-12-11,RESTOCK,2026-04-30T04:36:50.726872
RET-00003588,ORD-00035529,SKU-00693,2,2025-05-23,WRONG_ITEM,LIKE_NEW,1511.04,2025-05-28,REFURBISH,2026-04-30T04:36:50.726872
RET-00003589,ORD-00005421,SKU-00633,4,2026-04-10,ARRIVED_LATE,GOOD,2177.16,2026-04-16,RESTOCK,2026-04-30T04:36:50.726872
RET-00003590,ORD-00023270,SKU-00198,1,2025-10-09,NOT_AS_DESCRIBED,GOOD,98.99,2025-10-13,RESTOCK,2026-04-30T04:36:50.726872
RET-00003591,ORD-00049607,SKU-00513,4,2025-09-10,DAMAGED_TRANSIT,LIKE_NEW,192.68,2025-09-13,REFURBISH,2026-04-30T04:36:50.726872
RET-00003592,ORD-00031779,SKU-00302,5,2025-09-01,DAMAGED_TRANSIT,FAIR,5223.05,,RESTOCK,2026-04-30T04:36:50.726872
RET-00003593,ORD-00040253,SKU-00216,4,2026-01-02,DUPLICATE_ORDER,UNSELLABLE,1258.08,,RETURN_TO_VENDOR,2026-04-30T04:36:50.726872
RET-00003594,ORD-00014940,SKU-00688,3,2025-08-23,DAMAGED_TRANSIT,DAMAGED,3595.8,,RESTOCK,2026-04-30T04:36:50.726872
RET-00003595,ORD-00040843,SKU-00991,1,2026-01-21,WRONG_ITEM,NEW,889.16,2026-01-25,RESTOCK,2026-04-30T04:36:50.726872
RET-00003596,ORD-00004913,SKU-00511,1,2026-04-24,DAMAGED_TRANSIT,DAMAGED,1299.11,,DONATE,2026-04-30T04:36:50.726872
RET-00003597,ORD-00022471,SKU-00253,4,2026-04-12,DUPLICATE_ORDER,NEW,2487.68,2026-04-16,RETURN_TO_VENDOR,2026-04-30T04:36:50.726872
RET-00003598,ORD-00038853,SKU-00327,1,2025-08-26,DUPLICATE_ORDER,DAMAGED,770.95,,DONATE,2026-04-30T04:36:50.726872
RET-00003599,ORD-00008390,SKU-00367,5,2025-05-22,DAMAGED_TRANSIT,DAMAGED,3371.55,,REFURBISH,2026-04-30T04:36:50.726872
RET-00003600,ORD-00021419,SKU-00546,1,2025-09-23,ARRIVED_LATE,GOOD,385.43,2025-09-28,REFURBISH,2026-04-30T04:36:50.726872
RET-00003601,ORD-00002234,SKU-00660,5,2026-02-22,CHANGED_MIND,DAMAGED,3149.1,,DONATE,2026-04-30T04:36:50.726872
RET-00003602,ORD-00040459,SKU-00051,2,2025-09-10,CHANGED_MIND,UNSELLABLE,1118.4,,RETURN_TO_VENDOR,2026-04-30T04:36:50.726872
RET-00003603,ORD-00032079,SKU-00122,1,2025-05-23,DAMAGED_TRANSIT,UNSELLABLE,569.56,,DESTROY,2026-04-30T04:36:50.726872
RET-00003604,ORD-00038187,SKU-00782,4,2025-12-29,DAMAGED_TRANSIT,FAIR,518.0,,RESTOCK,2026-04-30T04:36:50.726872
RET-00003605,ORD-00008547,SKU-00481,3,2025-07-29,DEFECTIVE,LIKE_NEW,669.84,2025-08-05,RESTOCK,2026-04-30T04:36:50.726872
RET-00003606,ORD-00014535,SKU-00011,1,2026-04-26,ARRIVED_LATE,FAIR,1090.26,,RETURN_TO_VENDOR,2026-04-30T04:36:50.726872
RET-00003607,ORD-00041203,SKU-00410,1,2025-08-09,ARRIVED_LATE,NEW,1284.68,2025-08-16,DESTROY,2026-04-30T04:36:50.726872
RET-00003608,ORD-00025683,SKU-00898,5,2026-03-09,DEFECTIVE,DAMAGED,6487.15,,RESTOCK,2026-04-30T04:36:50.726872
RET-00003609,ORD-00030932,SKU-00659,1,2025-08-17,WRONG_ITEM,LIKE_NEW,593.11,2025-08-18,DESTROY,2026-04-30T04:36:50.726872
RET-00003610,ORD-00013501,SKU-00143,3,2025-07-19,DUPLICATE_ORDER,FAIR,2980.29,,RESTOCK,2026-04-30T04:36:50.726872
RET-00003611,ORD-00037969,SKU-00811,1,2025-08-29,DAMAGED_TRANSIT,GOOD,371.13,2025-09-05,RETURN_TO_VENDOR,2026-04-30T04:36:50.726872
RET-00003612,ORD-00020932,SKU-00547,2,2025-08-24,CHANGED_MIND,GOOD,495.1,2025-08-25,RESTOCK,2026-04-30T04:36:50.726872
RET-00003613,ORD-00026047,SKU-00541,5,2025-09-04,DUPLICATE_ORDER,LIKE_NEW,3479.35,2025-09-11,RESTOCK,2026-04-30T04:36:50.726872
RET-00003614,ORD-00042324,SKU-00511,3,2025-12-03,CHANGED_MIND,LIKE_NEW,3897.33,2025-12-06,RESTOCK,2026-04-30T04:36:50.726872
RET-00003615,ORD-00037888,SKU-00846,4,2026-03-22,DAMAGED_TRANSIT,GOOD,1219.12,2026-03-28,RETURN_TO_VENDOR,2026-04-30T04:36:50.726872
RET-00003616,ORD-00046413,SKU-00672,3,2025-06-26,WRONG_ITEM,FAIR,1064.07,,RESTOCK,2026-04-30T04:36:50.726872
RET-00003617,ORD-00004565,SKU-00480,3,2025-08-02,CHANGED_MIND,NEW,2489.43,2025-08-04,REFURBISH,2026-04-30T04:36:50.726872
RET-00003618,ORD-00002748,SKU-00860,3,2025-05-04,NOT_AS_DESCRIBED,NEW,1265.46,2025-05-11,REFURBISH,2026-04-30T04:36:50.726872
RET-00003619,ORD-00008866,SKU-00305,1,2025-10-29,DUPLICATE_ORDER,NEW,588.18,2025-11-05,RESTOCK,2026-04-30T04:36:50.726872
RET-00003620,ORD-00008236,SKU-00748,4,2026-04-28,DEFECTIVE,NEW,3164.8,2026-04-30,REFURBISH,2026-04-30T04:36:50.726872
RET-00003621,ORD-00002451,SKU-00149,4,2025-06-16,ARRIVED_LATE,DAMAGED,1317.2,,REFURBISH,2026-04-30T04:36:50.726872
RET-00003622,ORD-00034991,SKU-00049,1,2025-11-01,DUPLICATE_ORDER,UNSELLABLE,321.91,,RESTOCK,2026-04-30T04:36:50.726872
RET-00003623,ORD-00015117,SKU-00485,3,2025-11-17,DUPLICATE_ORDER,FAIR,2867.67,,RESTOCK,2026-04-30T04:36:50.726872
RET-00003624,ORD-00048604,SKU-00155,4,2026-02-09,NOT_AS_DESCRIBED,NEW,2385.52,2026-02-14,DESTROY,2026-04-30T04:36:50.726872
RET-00003625,ORD-00034123,SKU-00602,1,2025-05-14,DEFECTIVE,FAIR,571.44,,RESTOCK,2026-04-30T04:36:50.726872
RET-00003626,ORD-00007702,SKU-00581,4,2025-05-21,DEFECTIVE,FAIR,3638.08,,DESTROY,2026-04-30T04:36:50.726872
RET-00003627,ORD-00047987,SKU-00096,3,2025-06-17,CHANGED_MIND,LIKE_NEW,2197.38,2025-06-18,DESTROY,2026-04-30T04:36:50.726872
RET-00003628,ORD-00030198,SKU-00816,4,2025-12-29,CHANGED_MIND,NEW,4570.72,2025-12-30,RESTOCK,2026-04-30T04:36:50.726872
RET-00003629,ORD-00015373,SKU-00629,1,2026-03-01,WRONG_ITEM,GOOD,546.98,2026-03-08,RETURN_TO_VENDOR,2026-04-30T04:36:50.726872
RET-00003630,ORD-00024043,SKU-00079,3,2025-10-29,CHANGED_MIND,GOOD,395.67,2025-11-02,REFURBISH,2026-04-30T04:36:50.726872
RET-00003631,ORD-00008982,SKU-00469,5,2025-05-28,ARRIVED_LATE,UNSELLABLE,2578.45,,REFURBISH,2026-04-30T04:36:50.726872
RET-00003632,ORD-00047759,SKU-00356,5,2025-10-01,ARRIVED_LATE,FAIR,6448.05,,RETURN_TO_VENDOR,2026-04-30T04:36:50.726872
RET-00003633,ORD-00031867,SKU-00069,4,2025-05-30,WRONG_ITEM,GOOD,1904.12,2025-06-05,REFURBISH,2026-04-30T04:36:50.726872
RET-00003634,ORD-00002227,SKU-00772,5,2026-02-20,CHANGED_MIND,FAIR,3297.5,,RESTOCK,2026-04-30T04:36:50.726872
RET-00003635,ORD-00037124,SKU-00546,1,2025-06-02,DAMAGED_TRANSIT,DAMAGED,385.43,,RESTOCK,2026-04-30T04:36:50.726872
RET-00003636,ORD-00038414,SKU-00824,2,2025-11-17,CHANGED_MIND,DAMAGED,767.86,,RESTOCK,2026-04-30T04:36:50.726872
RET-00003637,ORD-00038102,SKU-00333,2,2025-10-08,ARRIVED_LATE,GOOD,1219.62,2025-10-15,REFURBISH,2026-04-30T04:36:50.726872
RET-00003638,ORD-00045772,SKU-00756,2,2026-02-24,WRONG_ITEM,GOOD,1041.16,2026-03-01,RESTOCK,2026-04-30T04:36:50.726872
RET-00003639,ORD-00049367,SKU-00338,2,2025-11-02,DUPLICATE_ORDER,DAMAGED,883.72,,REFURBISH,2026-04-30T04:36:50.726872
RET-00003640,ORD-00012114,SKU-00099,3,2026-03-19,CHANGED_MIND,GOOD,1623.48,2026-03-25,DESTROY,2026-04-30T04:36:50.726872
RET-00003641,ORD-00025885,SKU-00063,1,2025-11-08,ARRIVED_LATE,GOOD,213.45,2025-11-15,REFURBISH,2026-04-30T04:36:50.726872
RET-00003642,ORD-00044612,SKU-00432,4,2025-07-19,DUPLICATE_ORDER,NEW,1420.48,2025-07-22,RESTOCK,2026-04-30T04:36:50.726872
RET-00003643,ORD-00048644,SKU-00788,1,2025-05-14,ARRIVED_LATE,NEW,727.14,2025-05-19,RETURN_TO_VENDOR,2026-04-30T04:36:50.726872
RET-00003644,ORD-00044959,SKU-00197,2,2025-11-03,DAMAGED_TRANSIT,GOOD,971.54,2025-11-05,RESTOCK,2026-04-30T04:36:50.726872
RET-00003645,ORD-00016912,SKU-00923,3,2025-12-04,DUPLICATE_ORDER,UNSELLABLE,669.03,,RESTOCK,2026-04-30T04:36:50.726872
RET-00003646,ORD-00043028,SKU-00913,1,2025-06-16,DAMAGED_TRANSIT,FAIR,927.06,,REFURBISH,2026-04-30T04:36:50.726872
RET-00003647,ORD-00031371,SKU-00306,4,2025-11-23,DUPLICATE_ORDER,LIKE_NEW,1649.52,2025-11-24,RESTOCK,2026-04-30T04:36:50.726872
RET-00003648,ORD-00039785,SKU-00007,3,2025-10-22,WRONG_ITEM,NEW,2069.82,2025-10-26,DONATE,2026-04-30T04:36:50.726872
RET-00003649,ORD-00035339,SKU-00225,1,2025-06-02,DAMAGED_TRANSIT,DAMAGED,46.79,,DESTROY,2026-04-30T04:36:50.726872
RET-00003650,ORD-00015754,SKU-00367,1,2025-05-24,NOT_AS_DESCRIBED,UNSELLABLE,674.31,,RETURN_TO_VENDOR,2026-04-30T04:36:50.726872
RET-00003651,ORD-00045953,SKU-00657,4,2025-12-18,DUPLICATE_ORDER,LIKE_NEW,1534.92,2025-12-20,REFURBISH,2026-04-30T04:36:50.726872
RET-00003652,ORD-00038067,SKU-00517,4,2025-11-28,DEFECTIVE,LIKE_NEW,3559.88,2025-11-30,RETURN_TO_VENDOR,2026-04-30T04:36:50.726872
RET-00003653,ORD-00017781,SKU-00179,1,2026-04-01,DEFECTIVE,NEW,1087.07,2026-04-04,REFURBISH,2026-04-30T04:36:50.726872
RET-00003654,ORD-00044850,SKU-00244,3,2025-12-09,DEFECTIVE,LIKE_NEW,473.73,2025-12-10,RETURN_TO_VENDOR,2026-04-30T04:36:50.726872
RET-00003655,ORD-00046312,SKU-00971,3,2025-08-30,ARRIVED_LATE,LIKE_NEW,2965.38,2025-08-31,RESTOCK,2026-04-30T04:36:50.726872
RET-00003656,ORD-00026266,SKU-00776,5,2025-12-27,WRONG_ITEM,GOOD,488.55,2025-12-28,DESTROY,2026-04-30T04:36:50.726872
RET-00003657,ORD-00018972,SKU-00028,5,2025-06-21,NOT_AS_DESCRIBED,GOOD,1155.3,2025-06-24,RETURN_TO_VENDOR,2026-04-30T04:36:50.726872
RET-00003658,ORD-00003708,SKU-00815,3,2026-03-07,DEFECTIVE,GOOD,3086.79,2026-03-09,RESTOCK,2026-04-30T04:36:50.726872
RET-00003659,ORD-00023527,SKU-00675,5,2025-08-15,WRONG_ITEM,GOOD,803.35,2025-08-18,RESTOCK,2026-04-30T04:36:50.726872
RET-00003660,ORD-00045466,SKU-00243,1,2025-05-05,DEFECTIVE,DAMAGED,598.91,,DONATE,2026-04-30T04:36:50.726872
RET-00003661,ORD-00032617,SKU-00855,3,2025-05-04,DAMAGED_TRANSIT,NEW,2796.33,2025-05-08,RESTOCK,2026-04-30T04:36:50.726872
RET-00003662,ORD-00017343,SKU-00029,5,2025-08-15,DUPLICATE_ORDER,GOOD,206.3,2025-08-17,RESTOCK,2026-04-30T04:36:50.726872
RET-00003663,ORD-00000010,SKU-00643,5,2025-08-23,ARRIVED_LATE,UNSELLABLE,2982.5,,DONATE,2026-04-30T04:36:50.726872
RET-00003664,ORD-00047372,SKU-00259,4,2025-07-03,WRONG_ITEM,GOOD,664.28,2025-07-07,RETURN_TO_VENDOR,2026-04-30T04:36:50.726872
RET-00003665,ORD-00048208,SKU-00807,1,2025-07-19,WRONG_ITEM,DAMAGED,151.15,,REFURBISH,2026-04-30T04:36:50.726872
RET-00003666,ORD-00045065,SKU-00449,4,2025-10-12,WRONG_ITEM,GOOD,709.28,2025-10-19,REFURBISH,2026-04-30T04:36:50.726872
RET-00003667,ORD-00039080,SKU-00604,4,2025-09-23,DEFECTIVE,UNSELLABLE,4229.16,,RETURN_TO_VENDOR,2026-04-30T04:36:50.726872
RET-00003668,ORD-00023038,SKU-00884,4,2025-07-22,DAMAGED_TRANSIT,LIKE_NEW,45.04,2025-07-29,RESTOCK,2026-04-30T04:36:50.726872
RET-00003669,ORD-00030068,SKU-00326,1,2025-10-10,DEFECTIVE,UNSELLABLE,714.39,,RESTOCK,2026-04-30T04:36:50.726872
RET-00003670,ORD-00017967,SKU-00847,4,2025-10-03,DUPLICATE_ORDER,UNSELLABLE,2714.88,,DESTROY,2026-04-30T04:36:50.726872
RET-00003671,ORD-00022407,SKU-00928,3,2026-02-11,DEFECTIVE,FAIR,521.67,,RESTOCK,2026-04-30T04:36:50.726872
RET-00003672,ORD-00037049,SKU-00270,5,2025-10-13,DAMAGED_TRANSIT,GOOD,1228.5,2025-10-16,RESTOCK,2026-04-30T04:36:50.726872
RET-00003673,ORD-00048120,SKU-00267,2,2026-01-28,WRONG_ITEM,NEW,2659.44,2026-01-29,RESTOCK,2026-04-30T04:36:50.726872
RET-00003674,ORD-00016301,SKU-00999,1,2026-03-01,DAMAGED_TRANSIT,LIKE_NEW,967.55,2026-03-03,RETURN_TO_VENDOR,2026-04-30T04:36:50.726872
RET-00003675,ORD-00022217,SKU-00021,5,2026-04-12,CHANGED_MIND,NEW,212.0,2026-04-16,RESTOCK,2026-04-30T04:36:50.726872
RET-00003676,ORD-00039350,SKU-00092,2,2025-05-16,DAMAGED_TRANSIT,FAIR,241.66,,RETURN_TO_VENDOR,2026-04-30T04:36:50.726872
RET-00003677,ORD-00023511,SKU-00812,3,2026-02-26,DUPLICATE_ORDER,DAMAGED,754.5,,DESTROY,2026-04-30T04:36:50.726872
RET-00003678,ORD-00021159,SKU-00734,2,2025-11-12,DEFECTIVE,NEW,1782.0,2025-11-14,DONATE,2026-04-30T04:36:50.726872
RET-00003679,ORD-00019363,SKU-00198,1,2025-09-23,DUPLICATE_ORDER,LIKE_NEW,98.99,2025-09-26,REFURBISH,2026-04-30T04:36:50.726872
RET-00003680,ORD-00012802,SKU-00127,1,2025-07-18,CHANGED_MIND,GOOD,589.58,2025-07-22,RETURN_TO_VENDOR,2026-04-30T04:36:50.726872
RET-00003681,ORD-00017732,SKU-00949,5,2026-03-21,WRONG_ITEM,FAIR,4381.45,,RESTOCK,2026-04-30T04:36:50.726872
RET-00003682,ORD-00033926,SKU-00440,3,2025-09-10,DUPLICATE_ORDER,FAIR,2399.1,,RESTOCK,2026-04-30T04:36:50.726872
RET-00003683,ORD-00029218,SKU-00735,3,2025-08-16,DAMAGED_TRANSIT,GOOD,34.44,2025-08-22,RESTOCK,2026-04-30T04:36:50.726872
RET-00003684,ORD-00023266,SKU-00702,5,2026-03-25,WRONG_ITEM,GOOD,466.75,2026-03-27,RETURN_TO_VENDOR,2026-04-30T04:36:50.726872
RET-00003685,ORD-00026478,SKU-00590,5,2025-08-05,DUPLICATE_ORDER,DAMAGED,6083.3,,REFURBISH,2026-04-30T04:36:50.726872
RET-00003686,ORD-00030197,SKU-00482,2,2025-10-20,DAMAGED_TRANSIT,LIKE_NEW,719.7,2025-10-21,RESTOCK,2026-04-30T04:36:50.726872
RET-00003687,ORD-00019505,SKU-00431,3,2026-04-03,ARRIVED_LATE,UNSELLABLE,2544.36,,DESTROY,2026-04-30T04:36:50.726872
RET-00003688,ORD-00042794,SKU-00425,4,2025-06-04,WRONG_ITEM,NEW,4583.16,2025-06-08,RESTOCK,2026-04-30T04:36:50.726872
RET-00003689,ORD-00041162,SKU-00523,3,2026-04-25,NOT_AS_DESCRIBED,FAIR,1075.44,,RESTOCK,2026-04-30T04:36:50.726872
RET-00003690,ORD-00022220,SKU-00475,4,2025-05-27,NOT_AS_DESCRIBED,DAMAGED,1647.6,,RESTOCK,2026-04-30T04:36:50.726872
RET-00003691,ORD-00027680,SKU-00903,2,2026-02-27,DAMAGED_TRANSIT,DAMAGED,1074.98,,RETURN_TO_VENDOR,2026-04-30T04:36:50.726872
RET-00003692,ORD-00009895,SKU-00406,5,2026-03-27,WRONG_ITEM,DAMAGED,5644.3,,RETURN_TO_VENDOR,2026-04-30T04:36:50.726872
RET-00003693,ORD-00004240,SKU-00286,5,2026-02-18,ARRIVED_LATE,GOOD,779.9,2026-02-23,REFURBISH,2026-04-30T04:36:50.726872
RET-00003694,ORD-00013238,SKU-00691,5,2025-06-02,DEFECTIVE,GOOD,2378.4,2025-06-05,RESTOCK,2026-04-30T04:36:50.726872
RET-00003695,ORD-00006445,SKU-00617,4,2025-11-22,WRONG_ITEM,NEW,858.4,2025-11-27,RETURN_TO_VENDOR,2026-04-30T04:36:50.726872
RET-00003696,ORD-00035130,SKU-00122,4,2025-09-12,DAMAGED_TRANSIT,GOOD,2278.24,2025-09-15,DESTROY,2026-04-30T04:36:50.726872
RET-00003697,ORD-00001810,SKU-00215,4,2025-09-05,ARRIVED_LATE,FAIR,4051.8,,DONATE,2026-04-30T04:36:50.726872
RET-00003698,ORD-00048757,SKU-00088,3,2026-02-17,WRONG_ITEM,NEW,1968.48,2026-02-19,DESTROY,2026-04-30T04:36:50.726872
RET-00003699,ORD-00028189,SKU-00285,3,2025-06-18,DUPLICATE_ORDER,DAMAGED,1404.03,,REFURBISH,2026-04-30T04:36:50.726872
RET-00003700,ORD-00047915,SKU-00562,4,2025-10-22,DEFECTIVE,UNSELLABLE,1730.68,,RESTOCK,2026-04-30T04:36:50.726872
RET-00003701,ORD-00046926,SKU-00670,3,2025-11-12,DUPLICATE_ORDER,FAIR,3474.45,,DESTROY,2026-04-30T04:36:50.726872
RET-00003702,ORD-00022145,SKU-00447,3,2025-05-17,DAMAGED_TRANSIT,FAIR,594.6,,DESTROY,2026-04-30T04:36:50.726872
RET-00003703,ORD-00048008,SKU-00660,2,2025-12-12,NOT_AS_DESCRIBED,GOOD,1259.64,2025-12-15,RETURN_TO_VENDOR,2026-04-30T04:36:50.726872
RET-00003704,ORD-00038737,SKU-00120,4,2026-03-10,CHANGED_MIND,NEW,1506.2,2026-03-16,DESTROY,2026-04-30T04:36:50.726872
RET-00003705,ORD-00010475,SKU-00085,5,2026-02-09,WRONG_ITEM,GOOD,472.25,2026-02-12,DONATE,2026-04-30T04:36:50.726872
RET-00003706,ORD-00043695,SKU-00409,5,2025-11-11,DUPLICATE_ORDER,DAMAGED,2836.9,,REFURBISH,2026-04-30T04:36:50.726872
RET-00003707,ORD-00015722,SKU-00167,5,2026-03-09,CHANGED_MIND,DAMAGED,4615.1,,REFURBISH,2026-04-30T04:36:50.726872
RET-00003708,ORD-00040687,SKU-00002,1,2026-01-14,DEFECTIVE,LIKE_NEW,1100.06,2026-01-18,REFURBISH,2026-04-30T04:36:50.726872
RET-00003709,ORD-00025066,SKU-00608,2,2025-09-21,CHANGED_MIND,FAIR,1335.8,,RESTOCK,2026-04-30T04:36:50.726872
RET-00003710,ORD-00045976,SKU-00052,5,2025-11-08,WRONG_ITEM,DAMAGED,2940.9,,RESTOCK,2026-04-30T04:36:50.726872
RET-00003711,ORD-00001056,SKU-00833,1,2025-08-25,NOT_AS_DESCRIBED,LIKE_NEW,94.23,2025-08-28,RETURN_TO_VENDOR,2026-04-30T04:36:50.726872
RET-00003712,ORD-00006514,SKU-00882,3,2025-11-18,CHANGED_MIND,GOOD,581.07,2025-11-19,DESTROY,2026-04-30T04:36:50.726872
RET-00003713,ORD-00033636,SKU-00068,4,2026-03-06,DEFECTIVE,GOOD,4782.76,2026-03-07,DONATE,2026-04-30T04:36:50.726872
RET-00003714,ORD-00047589,SKU-00295,4,2025-10-03,ARRIVED_LATE,FAIR,115.76,,REFURBISH,2026-04-30T04:36:50.726872
RET-00003715,ORD-00002521,SKU-00584,5,2026-02-02,DAMAGED_TRANSIT,LIKE_NEW,5193.65,2026-02-08,DESTROY,2026-04-30T04:36:50.726872
RET-00003716,ORD-00022664,SKU-00534,2,2026-02-12,DEFECTIVE,GOOD,1262.58,2026-02-14,DESTROY,2026-04-30T04:36:50.726872
RET-00003717,ORD-00049701,SKU-00838,4,2025-07-14,DEFECTIVE,GOOD,1438.4,2025-07-18,RESTOCK,2026-04-30T04:36:50.726872
RET-00003718,ORD-00000357,SKU-00371,4,2025-09-09,WRONG_ITEM,FAIR,2042.44,,RESTOCK,2026-04-30T04:36:50.726872
RET-00003719,ORD-00042572,SKU-00361,1,2025-11-20,NOT_AS_DESCRIBED,GOOD,620.91,2025-11-23,DONATE,2026-04-30T04:36:50.726872
RET-00003720,ORD-00004496,SKU-00221,4,2025-08-01,DAMAGED_TRANSIT,FAIR,2018.6,,RESTOCK,2026-04-30T04:36:50.726872
RET-00003721,ORD-00038548,SKU-00769,3,2026-02-25,NOT_AS_DESCRIBED,GOOD,1293.9,2026-03-02,RESTOCK,2026-04-30T04:36:50.726872
RET-00003722,ORD-00038575,SKU-00941,5,2025-07-23,WRONG_ITEM,LIKE_NEW,2053.25,2025-07-29,DONATE,2026-04-30T04:36:50.726872
RET-00003723,ORD-00007638,SKU-00767,1,2025-10-21,DEFECTIVE,LIKE_NEW,134.97,2025-10-24,RETURN_TO_VENDOR,2026-04-30T04:36:50.726872
RET-00003724,ORD-00032022,SKU-00145,4,2026-01-23,DEFECTIVE,LIKE_NEW,2583.24,2026-01-28,RETURN_TO_VENDOR,2026-04-30T04:36:50.726872
RET-00003725,ORD-00036591,SKU-00477,3,2025-10-24,ARRIVED_LATE,NEW,2837.13,2025-10-28,RESTOCK,2026-04-30T04:36:50.726872
RET-00003726,ORD-00045952,SKU-00832,5,2025-07-14,WRONG_ITEM,FAIR,546.95,,RESTOCK,2026-04-30T04:36:50.726872
RET-00003727,ORD-00018539,SKU-00110,4,2026-02-21,DUPLICATE_ORDER,NEW,3044.52,2026-02-25,DESTROY,2026-04-30T04:36:50.726872
RET-00003728,ORD-00028939,SKU-00267,2,2025-05-16,DUPLICATE_ORDER,LIKE_NEW,2659.44,2025-05-18,DESTROY,2026-04-30T04:36:50.726872
RET-00003729,ORD-00047145,SKU-00608,2,2025-10-23,CHANGED_MIND,GOOD,1335.8,2025-10-30,DONATE,2026-04-30T04:36:50.726872
RET-00003730,ORD-00039901,SKU-00268,4,2025-09-25,CHANGED_MIND,LIKE_NEW,2057.52,2025-09-30,DONATE,2026-04-30T04:36:50.726872
RET-00003731,ORD-00017064,SKU-00803,3,2025-09-17,CHANGED_MIND,DAMAGED,1216.02,,DESTROY,2026-04-30T04:36:50.726872
RET-00003732,ORD-00037050,SKU-00208,1,2026-04-27,DAMAGED_TRANSIT,DAMAGED,239.63,,RESTOCK,2026-04-30T04:36:50.726872
RET-00003733,ORD-00013326,SKU-00294,4,2025-12-13,ARRIVED_LATE,GOOD,50.36,2025-12-16,RESTOCK,2026-04-30T04:36:50.726872
RET-00003734,ORD-00009505,SKU-00362,5,2026-01-18,DEFECTIVE,LIKE_NEW,4214.95,2026-01-24,REFURBISH,2026-04-30T04:36:50.726872
RET-00003735,ORD-00040179,SKU-00811,3,2026-04-12,CHANGED_MIND,GOOD,1113.39,2026-04-17,REFURBISH,2026-04-30T04:36:50.726872
RET-00003736,ORD-00009122,SKU-00394,2,2025-06-11,DAMAGED_TRANSIT,FAIR,1122.82,,RESTOCK,2026-04-30T04:36:50.726872
RET-00003737,ORD-00032266,SKU-00769,3,2026-02-04,WRONG_ITEM,FAIR,1293.9,,REFURBISH,2026-04-30T04:36:50.726872
RET-00003738,ORD-00032958,SKU-00888,3,2025-08-09,DUPLICATE_ORDER,LIKE_NEW,1957.8,2025-08-14,RESTOCK,2026-04-30T04:36:50.726872
RET-00003739,ORD-00030324,SKU-00940,5,2025-05-24,DEFECTIVE,FAIR,1074.75,,RESTOCK,2026-04-30T04:36:50.726872
RET-00003740,ORD-00015920,SKU-00699,4,2025-11-13,DEFECTIVE,UNSELLABLE,3690.52,,DONATE,2026-04-30T04:36:50.726872
RET-00003741,ORD-00030179,SKU-00949,5,2025-11-12,DEFECTIVE,NEW,4381.45,2025-11-19,RETURN_TO_VENDOR,2026-04-30T04:36:50.726872
RET-00003742,ORD-00027450,SKU-00542,1,2026-04-25,DUPLICATE_ORDER,UNSELLABLE,464.07,,DESTROY,2026-04-30T04:36:50.726872
RET-00003743,ORD-00041812,SKU-00951,4,2025-11-15,ARRIVED_LATE,FAIR,4345.64,,REFURBISH,2026-04-30T04:36:50.726872
RET-00003744,ORD-00025821,SKU-00363,4,2025-10-05,CHANGED_MIND,DAMAGED,3259.92,,REFURBISH,2026-04-30T04:36:50.726872
RET-00003745,ORD-00025260,SKU-00654,4,2025-07-10,NOT_AS_DESCRIBED,DAMAGED,2582.88,,DONATE,2026-04-30T04:36:50.726872
RET-00003746,ORD-00031810,SKU-00402,2,2025-09-02,WRONG_ITEM,LIKE_NEW,431.9,2025-09-09,DONATE,2026-04-30T04:36:50.726872
RET-00003747,ORD-00049118,SKU-00164,4,2026-03-24,NOT_AS_DESCRIBED,LIKE_NEW,2126.76,2026-03-29,RESTOCK,2026-04-30T04:36:50.726872
RET-00003748,ORD-00041296,SKU-00394,2,2026-04-14,WRONG_ITEM,LIKE_NEW,1122.82,2026-04-20,RESTOCK,2026-04-30T04:36:50.726872
RET-00003749,ORD-00032819,SKU-00829,1,2025-10-09,ARRIVED_LATE,GOOD,963.35,2025-10-16,RETURN_TO_VENDOR,2026-04-30T04:36:50.726872
RET-00003750,ORD-00004620,SKU-00324,1,2025-05-20,CHANGED_MIND,GOOD,245.46,2025-05-22,DESTROY,2026-04-30T04:36:50.726872
RET-00003751,ORD-00030784,SKU-00384,4,2025-06-30,CHANGED_MIND,LIKE_NEW,3229.32,2025-07-04,RESTOCK,2026-04-30T04:36:50.726872
RET-00003752,ORD-00031354,SKU-00301,2,2025-05-01,NOT_AS_DESCRIBED,LIKE_NEW,2038.16,2025-05-08,RESTOCK,2026-04-30T04:36:50.726872
RET-00003753,ORD-00029445,SKU-00136,3,2026-02-05,DAMAGED_TRANSIT,LIKE_NEW,670.65,2026-02-08,DESTROY,2026-04-30T04:36:50.726872
RET-00003754,ORD-00013585,SKU-00775,2,2025-10-02,NOT_AS_DESCRIBED,DAMAGED,989.6,,RESTOCK,2026-04-30T04:36:50.726872
RET-00003755,ORD-00008782,SKU-00710,1,2025-11-27,NOT_AS_DESCRIBED,NEW,907.67,2025-12-02,DONATE,2026-04-30T04:36:50.726872
RET-00003756,ORD-00018113,SKU-00296,1,2025-11-27,WRONG_ITEM,GOOD,222.04,2025-11-28,RESTOCK,2026-04-30T04:36:50.726872
RET-00003757,ORD-00049410,SKU-00246,4,2025-05-29,DAMAGED_TRANSIT,DAMAGED,1630.32,,REFURBISH,2026-04-30T04:36:50.726872
RET-00003758,ORD-00033842,SKU-00378,5,2025-10-27,NOT_AS_DESCRIBED,LIKE_NEW,6105.3,2025-10-28,RETURN_TO_VENDOR,2026-04-30T04:36:50.726872
RET-00003759,ORD-00036824,SKU-00824,1,2026-02-28,WRONG_ITEM,LIKE_NEW,383.93,2026-03-02,REFURBISH,2026-04-30T04:36:50.726872
RET-00003760,ORD-00026544,SKU-00917,4,2026-03-19,CHANGED_MIND,NEW,5464.24,2026-03-25,REFURBISH,2026-04-30T04:36:50.726872
RET-00003761,ORD-00048270,SKU-00008,1,2025-09-06,DAMAGED_TRANSIT,GOOD,341.85,2025-09-07,RESTOCK,2026-04-30T04:36:50.726872
RET-00003762,ORD-00042021,SKU-00108,4,2025-11-24,NOT_AS_DESCRIBED,NEW,2062.2,2025-11-26,RETURN_TO_VENDOR,2026-04-30T04:36:50.726872
RET-00003763,ORD-00021895,SKU-00689,5,2026-02-14,ARRIVED_LATE,NEW,4461.8,2026-02-21,RESTOCK,2026-04-30T04:36:50.726872
RET-00003764,ORD-00014807,SKU-00460,1,2025-08-23,NOT_AS_DESCRIBED,NEW,281.22,2025-08-24,REFURBISH,2026-04-30T04:36:50.726872
RET-00003765,ORD-00000372,SKU-00388,4,2025-12-07,NOT_AS_DESCRIBED,GOOD,2266.2,2025-12-13,REFURBISH,2026-04-30T04:36:50.726872
RET-00003766,ORD-00030725,SKU-00999,1,2026-03-14,WRONG_ITEM,GOOD,967.55,2026-03-19,RESTOCK,2026-04-30T04:36:50.726872
RET-00003767,ORD-00007987,SKU-00899,1,2025-05-23,WRONG_ITEM,UNSELLABLE,801.9,,REFURBISH,2026-04-30T04:36:50.726872
RET-00003768,ORD-00006793,SKU-00223,1,2026-03-27,NOT_AS_DESCRIBED,DAMAGED,768.81,,DONATE,2026-04-30T04:36:50.726872
RET-00003769,ORD-00044346,SKU-00222,2,2025-07-13,CHANGED_MIND,GOOD,163.94,2025-07-15,DESTROY,2026-04-30T04:36:50.726872
RET-00003770,ORD-00035111,SKU-00326,1,2025-10-17,NOT_AS_DESCRIBED,DAMAGED,714.39,,DESTROY,2026-04-30T04:36:50.726872
RET-00003771,ORD-00027378,SKU-00212,1,2025-05-06,CHANGED_MIND,LIKE_NEW,577.54,2025-05-13,RETURN_TO_VENDOR,2026-04-30T04:36:50.726872
RET-00003772,ORD-00022252,SKU-00279,1,2025-07-20,CHANGED_MIND,FAIR,410.8,,RESTOCK,2026-04-30T04:36:50.726872
RET-00003773,ORD-00043402,SKU-00418,3,2026-04-17,DUPLICATE_ORDER,GOOD,394.47,2026-04-18,RETURN_TO_VENDOR,2026-04-30T04:36:50.726872
RET-00003774,ORD-00016622,SKU-00583,3,2025-06-21,ARRIVED_LATE,LIKE_NEW,3609.48,2025-06-28,RESTOCK,2026-04-30T04:36:50.726872
RET-00003775,ORD-00019051,SKU-00420,3,2025-11-17,DAMAGED_TRANSIT,GOOD,2666.61,2025-11-18,RESTOCK,2026-04-30T04:36:50.726872
RET-00003776,ORD-00030867,SKU-00430,4,2025-12-24,NOT_AS_DESCRIBED,NEW,3296.72,2025-12-30,REFURBISH,2026-04-30T04:36:50.726872
RET-00003777,ORD-00038317,SKU-00349,2,2025-10-13,DUPLICATE_ORDER,DAMAGED,1487.9,,RESTOCK,2026-04-30T04:36:50.726872
RET-00003778,ORD-00048059,SKU-00040,4,2025-06-23,DAMAGED_TRANSIT,GOOD,1682.2,2025-06-29,REFURBISH,2026-04-30T04:36:50.726872
RET-00003779,ORD-00029827,SKU-00128,4,2026-02-27,DAMAGED_TRANSIT,FAIR,3059.72,,RETURN_TO_VENDOR,2026-04-30T04:36:50.726872
RET-00003780,ORD-00024647,SKU-00758,5,2025-05-11,CHANGED_MIND,FAIR,2702.0,,RESTOCK,2026-04-30T04:36:50.726872
RET-00003781,ORD-00030006,SKU-00907,3,2025-05-25,WRONG_ITEM,LIKE_NEW,1363.95,2025-05-27,RESTOCK,2026-04-30T04:36:50.726872
RET-00003782,ORD-00048186,SKU-00247,3,2026-04-05,ARRIVED_LATE,GOOD,527.49,2026-04-08,DESTROY,2026-04-30T04:36:50.726872
RET-00003783,ORD-00028691,SKU-00557,2,2026-01-05,NOT_AS_DESCRIBED,LIKE_NEW,2777.56,2026-01-09,REFURBISH,2026-04-30T04:36:50.726872
RET-00003784,ORD-00010551,SKU-00489,1,2026-01-20,ARRIVED_LATE,GOOD,161.18,2026-01-23,RETURN_TO_VENDOR,2026-04-30T04:36:50.726872
RET-00003785,ORD-00026198,SKU-00009,1,2025-09-14,WRONG_ITEM,DAMAGED,402.79,,RESTOCK,2026-04-30T04:36:50.726872
RET-00003786,ORD-00030806,SKU-00685,3,2025-09-28,DUPLICATE_ORDER,UNSELLABLE,2627.31,,RESTOCK,2026-04-30T04:36:50.726872
RET-00003787,ORD-00002001,SKU-00686,2,2026-02-18,CHANGED_MIND,UNSELLABLE,2336.44,,RESTOCK,2026-04-30T04:36:50.726872
RET-00003788,ORD-00007281,SKU-00121,5,2025-06-12,CHANGED_MIND,GOOD,1231.55,2025-06-19,RESTOCK,2026-04-30T04:36:50.726872
RET-00003789,ORD-00023154,SKU-00387,1,2025-08-12,DUPLICATE_ORDER,GOOD,923.63,2025-08-18,RESTOCK,2026-04-30T04:36:50.726872
RET-00003790,ORD-00007159,SKU-00087,5,2025-05-08,DUPLICATE_ORDER,LIKE_NEW,494.75,2025-05-12,RETURN_TO_VENDOR,2026-04-30T04:36:50.726872
RET-00003791,ORD-00005485,SKU-00979,3,2025-11-04,DUPLICATE_ORDER,DAMAGED,1829.4,,DONATE,2026-04-30T04:36:50.726872
RET-00003792,ORD-00023823,SKU-00278,1,2026-02-15,DAMAGED_TRANSIT,GOOD,193.58,2026-02-19,DONATE,2026-04-30T04:36:50.726872
RET-00003793,ORD-00022645,SKU-00622,2,2026-01-03,CHANGED_MIND,FAIR,70.02,,RESTOCK,2026-04-30T04:36:50.726872
RET-00003794,ORD-00032517,SKU-00751,1,2025-05-11,DAMAGED_TRANSIT,UNSELLABLE,255.76,,RESTOCK,2026-04-30T04:36:50.726872
RET-00003795,ORD-00011042,SKU-00811,1,2025-08-20,DEFECTIVE,NEW,371.13,2025-08-24,REFURBISH,2026-04-30T04:36:50.726872
RET-00003796,ORD-00002878,SKU-00185,2,2026-02-04,CHANGED_MIND,LIKE_NEW,816.64,2026-02-06,RESTOCK,2026-04-30T04:36:50.726872
RET-00003797,ORD-00014919,SKU-00981,5,2025-11-12,DAMAGED_TRANSIT,NEW,3326.35,2025-11-13,DESTROY,2026-04-30T04:36:50.726872
RET-00003798,ORD-00010489,SKU-00794,3,2025-11-18,NOT_AS_DESCRIBED,LIKE_NEW,710.82,2025-11-20,DONATE,2026-04-30T04:36:50.726872
RET-00003799,ORD-00044315,SKU-00066,4,2026-04-23,NOT_AS_DESCRIBED,GOOD,2743.48,2026-04-27,RESTOCK,2026-04-30T04:36:50.726872
RET-00003800,ORD-00038375,SKU-00964,3,2025-06-18,DEFECTIVE,UNSELLABLE,1918.11,,REFURBISH,2026-04-30T04:36:50.726872
RET-00003801,ORD-00008387,SKU-00666,4,2025-09-03,DEFECTIVE,UNSELLABLE,3543.76,,RETURN_TO_VENDOR,2026-04-30T04:36:50.726872
RET-00003802,ORD-00031386,SKU-00283,2,2026-04-03,DUPLICATE_ORDER,GOOD,1017.48,2026-04-06,RESTOCK,2026-04-30T04:36:50.726872
RET-00003803,ORD-00012356,SKU-00342,3,2025-09-10,DUPLICATE_ORDER,LIKE_NEW,1641.39,2025-09-17,RESTOCK,2026-04-30T04:36:50.726872
RET-00003804,ORD-00009417,SKU-00214,5,2025-11-01,NOT_AS_DESCRIBED,NEW,2473.85,2025-11-02,DESTROY,2026-04-30T04:36:50.726872
RET-00003805,ORD-00036704,SKU-00739,1,2026-02-01,NOT_AS_DESCRIBED,NEW,358.66,2026-02-03,RETURN_TO_VENDOR,2026-04-30T04:36:50.726872
RET-00003806,ORD-00023852,SKU-00951,5,2026-02-19,DAMAGED_TRANSIT,NEW,5432.05,2026-02-22,RETURN_TO_VENDOR,2026-04-30T04:36:50.726872
RET-00003807,ORD-00009972,SKU-00377,3,2025-05-29,CHANGED_MIND,NEW,1362.57,2025-06-01,DONATE,2026-04-30T04:36:50.726872
RET-00003808,ORD-00025834,SKU-00831,5,2025-11-11,ARRIVED_LATE,NEW,5864.6,2025-11-15,REFURBISH,2026-04-30T04:36:50.726872
RET-00003809,ORD-00033419,SKU-00382,1,2025-08-15,CHANGED_MIND,FAIR,338.27,,DESTROY,2026-04-30T04:36:50.726872
RET-00003810,ORD-00002086,SKU-00649,5,2026-03-30,DUPLICATE_ORDER,FAIR,950.0,,DESTROY,2026-04-30T04:36:50.726872
RET-00003811,ORD-00019668,SKU-00276,4,2026-04-19,DAMAGED_TRANSIT,FAIR,1364.2,,RESTOCK,2026-04-30T04:36:50.726872
RET-00003812,ORD-00036566,SKU-00690,2,2025-06-25,ARRIVED_LATE,LIKE_NEW,1070.46,2025-06-27,RESTOCK,2026-04-30T04:36:50.726872
RET-00003813,ORD-00034482,SKU-00115,5,2025-06-14,DAMAGED_TRANSIT,FAIR,1920.65,,RETURN_TO_VENDOR,2026-04-30T04:36:50.726872
RET-00003814,ORD-00048452,SKU-00400,3,2026-04-16,DEFECTIVE,FAIR,912.36,,DESTROY,2026-04-30T04:36:50.726872
RET-00003815,ORD-00038645,SKU-00901,2,2025-07-13,NOT_AS_DESCRIBED,DAMAGED,81.98,,RESTOCK,2026-04-30T04:36:50.726872
RET-00003816,ORD-00011609,SKU-00842,1,2025-10-31,DEFECTIVE,LIKE_NEW,1013.3,2025-11-07,REFURBISH,2026-04-30T04:36:50.726872
RET-00003817,ORD-00034693,SKU-00573,4,2025-05-18,ARRIVED_LATE,GOOD,3860.8,2025-05-25,RESTOCK,2026-04-30T04:36:50.726872
RET-00003818,ORD-00046106,SKU-00134,5,2026-02-19,DAMAGED_TRANSIT,GOOD,1134.5,2026-02-21,DONATE,2026-04-30T04:36:50.726872
RET-00003819,ORD-00011019,SKU-00557,5,2025-08-19,DAMAGED_TRANSIT,GOOD,6943.9,2025-08-25,REFURBISH,2026-04-30T04:36:50.726872
RET-00003820,ORD-00040878,SKU-00587,5,2025-08-24,DAMAGED_TRANSIT,GOOD,303.8,2025-08-25,RETURN_TO_VENDOR,2026-04-30T04:36:50.726872
RET-00003821,ORD-00025179,SKU-00765,1,2026-04-09,DAMAGED_TRANSIT,NEW,635.08,2026-04-12,DESTROY,2026-04-30T04:36:50.726872
RET-00003822,ORD-00020735,SKU-00745,5,2026-02-02,DAMAGED_TRANSIT,GOOD,2678.55,2026-02-05,RETURN_TO_VENDOR,2026-04-30T04:36:50.726872
RET-00003823,ORD-00022879,SKU-00194,3,2025-05-22,DEFECTIVE,DAMAGED,219.75,,DONATE,2026-04-30T04:36:50.726872
RET-00003824,ORD-00018337,SKU-00483,1,2025-09-12,DEFECTIVE,FAIR,1007.6,,RETURN_TO_VENDOR,2026-04-30T04:36:50.726872
RET-00003825,ORD-00039686,SKU-00239,4,2026-02-20,WRONG_ITEM,FAIR,2325.08,,RESTOCK,2026-04-30T04:36:50.726872
RET-00003826,ORD-00001498,SKU-00152,2,2025-10-12,DAMAGED_TRANSIT,UNSELLABLE,1812.26,,DONATE,2026-04-30T04:36:50.726872
RET-00003827,ORD-00030434,SKU-00999,2,2025-07-31,WRONG_ITEM,DAMAGED,1935.1,,RESTOCK,2026-04-30T04:36:50.726872
RET-00003828,ORD-00043465,SKU-00336,1,2025-09-27,CHANGED_MIND,FAIR,109.18,,RESTOCK,2026-04-30T04:36:50.726872
RET-00003829,ORD-00012536,SKU-00412,3,2025-06-13,NOT_AS_DESCRIBED,DAMAGED,1510.02,,DONATE,2026-04-30T04:36:50.726872
RET-00003830,ORD-00002768,SKU-00613,3,2025-11-17,DAMAGED_TRANSIT,GOOD,2362.29,2025-11-23,RETURN_TO_VENDOR,2026-04-30T04:36:50.726872
RET-00003831,ORD-00029968,SKU-00076,3,2025-08-29,DUPLICATE_ORDER,FAIR,727.74,,RESTOCK,2026-04-30T04:36:50.726872
RET-00003832,ORD-00045590,SKU-00064,5,2025-11-28,DEFECTIVE,LIKE_NEW,5520.15,2025-11-29,REFURBISH,2026-04-30T04:36:50.726872
RET-00003833,ORD-00007471,SKU-00658,1,2025-08-24,DUPLICATE_ORDER,GOOD,481.33,2025-08-26,RESTOCK,2026-04-30T04:36:50.726872
RET-00003834,ORD-00040679,SKU-00074,1,2025-10-02,DUPLICATE_ORDER,FAIR,76.61,,RESTOCK,2026-04-30T04:36:50.726872
RET-00003835,ORD-00030746,SKU-00337,5,2025-09-12,DUPLICATE_ORDER,FAIR,1583.95,,REFURBISH,2026-04-30T04:36:50.726872
RET-00003836,ORD-00030527,SKU-00762,3,2025-10-15,DUPLICATE_ORDER,LIKE_NEW,203.13,2025-10-20,DESTROY,2026-04-30T04:36:50.726872
RET-00003837,ORD-00046117,SKU-00529,2,2025-07-14,ARRIVED_LATE,LIKE_NEW,491.62,2025-07-16,RESTOCK,2026-04-30T04:36:50.726872
RET-00003838,ORD-00001267,SKU-00971,5,2025-08-02,DEFECTIVE,DAMAGED,4942.3,,RETURN_TO_VENDOR,2026-04-30T04:36:50.726872
RET-00003839,ORD-00024354,SKU-00927,1,2025-05-01,NOT_AS_DESCRIBED,FAIR,1354.5,,RETURN_TO_VENDOR,2026-04-30T04:36:50.726872
RET-00003840,ORD-00010928,SKU-00017,4,2025-12-19,ARRIVED_LATE,LIKE_NEW,3468.64,2025-12-26,RESTOCK,2026-04-30T04:36:50.726872
RET-00003841,ORD-00032074,SKU-00033,5,2026-02-17,NOT_AS_DESCRIBED,DAMAGED,1555.65,,RETURN_TO_VENDOR,2026-04-30T04:36:50.726872
RET-00003842,ORD-00027717,SKU-00825,3,2025-10-24,WRONG_ITEM,NEW,1974.51,2025-10-28,RESTOCK,2026-04-30T04:36:50.726872
RET-00003843,ORD-00018737,SKU-00826,3,2025-12-20,DAMAGED_TRANSIT,LIKE_NEW,337.95,2025-12-21,RESTOCK,2026-04-30T04:36:50.726872
RET-00003844,ORD-00002148,SKU-00249,4,2026-01-26,NOT_AS_DESCRIBED,FAIR,1026.68,,RESTOCK,2026-04-30T04:36:50.726872
RET-00003845,ORD-00025118,SKU-00302,3,2026-01-11,DAMAGED_TRANSIT,LIKE_NEW,3133.83,2026-01-12,RESTOCK,2026-04-30T04:36:50.726872
RET-00003846,ORD-00012287,SKU-00934,3,2025-06-13,ARRIVED_LATE,FAIR,1894.59,,RETURN_TO_VENDOR,2026-04-30T04:36:50.726872
RET-00003847,ORD-00026909,SKU-00166,2,2026-02-06,ARRIVED_LATE,LIKE_NEW,70.76,2026-02-08,REFURBISH,2026-04-30T04:36:50.726872
RET-00003848,ORD-00012387,SKU-00720,2,2025-08-23,CHANGED_MIND,NEW,739.32,2025-08-24,DESTROY,2026-04-30T04:36:50.726872
RET-00003849,ORD-00013044,SKU-00268,1,2025-05-19,WRONG_ITEM,LIKE_NEW,514.38,2025-05-26,RETURN_TO_VENDOR,2026-04-30T04:36:50.726872
RET-00003850,ORD-00020299,SKU-00447,1,2025-06-12,ARRIVED_LATE,GOOD,198.2,2025-06-16,RESTOCK,2026-04-30T04:36:50.726872
RET-00003851,ORD-00024192,SKU-00389,5,2026-03-05,DUPLICATE_ORDER,NEW,376.65,2026-03-11,REFURBISH,2026-04-30T04:36:50.726872
RET-00003852,ORD-00038740,SKU-00048,2,2025-05-26,DEFECTIVE,FAIR,1010.04,,RESTOCK,2026-04-30T04:36:50.726872
RET-00003853,ORD-00007496,SKU-00254,5,2025-11-01,NOT_AS_DESCRIBED,FAIR,5209.2,,RESTOCK,2026-04-30T04:36:50.726872
RET-00003854,ORD-00037369,SKU-00744,5,2025-08-10,NOT_AS_DESCRIBED,DAMAGED,5984.15,,DESTROY,2026-04-30T04:36:50.726872
RET-00003855,ORD-00043066,SKU-00041,1,2025-06-19,DUPLICATE_ORDER,UNSELLABLE,236.79,,RESTOCK,2026-04-30T04:36:50.726872
RET-00003856,ORD-00004194,SKU-00170,3,2026-01-19,WRONG_ITEM,DAMAGED,2128.44,,REFURBISH,2026-04-30T04:36:50.726872
RET-00003857,ORD-00023535,SKU-00994,1,2025-11-20,ARRIVED_LATE,UNSELLABLE,360.55,,RETURN_TO_VENDOR,2026-04-30T04:36:50.726872
RET-00003858,ORD-00021967,SKU-00334,1,2026-02-04,DEFECTIVE,NEW,916.95,2026-02-11,RESTOCK,2026-04-30T04:36:50.726872
RET-00003859,ORD-00014177,SKU-00583,2,2025-08-17,ARRIVED_LATE,GOOD,2406.32,2025-08-20,REFURBISH,2026-04-30T04:36:50.726872
RET-00003860,ORD-00012792,SKU-00789,4,2026-03-31,NOT_AS_DESCRIBED,FAIR,3311.6,,RESTOCK,2026-04-30T04:36:50.726872
RET-00003861,ORD-00028971,SKU-00866,5,2026-03-03,DUPLICATE_ORDER,UNSELLABLE,2830.45,,REFURBISH,2026-04-30T04:36:50.726872
RET-00003862,ORD-00034423,SKU-00609,1,2026-02-05,DEFECTIVE,NEW,788.31,2026-02-08,DONATE,2026-04-30T04:36:50.726872
RET-00003863,ORD-00017811,SKU-00365,4,2025-08-17,DAMAGED_TRANSIT,NEW,596.64,2025-08-18,RETURN_TO_VENDOR,2026-04-30T04:36:50.726872
RET-00003864,ORD-00012494,SKU-00423,4,2025-12-17,ARRIVED_LATE,GOOD,3980.76,2025-12-23,RESTOCK,2026-04-30T04:36:50.726872
RET-00003865,ORD-00001368,SKU-00870,2,2026-04-05,DAMAGED_TRANSIT,FAIR,1057.06,,REFURBISH,2026-04-30T04:36:50.726872
RET-00003866,ORD-00039485,SKU-00139,5,2025-10-01,ARRIVED_LATE,FAIR,608.6,,DONATE,2026-04-30T04:36:50.726872
RET-00003867,ORD-00001323,SKU-00389,3,2025-08-10,DUPLICATE_ORDER,FAIR,225.99,,RETURN_TO_VENDOR,2026-04-30T04:36:50.726872
RET-00003868,ORD-00020172,SKU-00319,2,2026-03-29,DEFECTIVE,DAMAGED,341.3,,RETURN_TO_VENDOR,2026-04-30T04:36:50.726872
RET-00003869,ORD-00018560,SKU-00235,2,2025-08-12,ARRIVED_LATE,UNSELLABLE,1432.42,,DONATE,2026-04-30T04:36:50.726872
RET-00003870,ORD-00007768,SKU-00606,3,2025-07-05,NOT_AS_DESCRIBED,GOOD,844.65,2025-07-06,REFURBISH,2026-04-30T04:36:50.726872
RET-00003871,ORD-00038762,SKU-00301,5,2025-05-04,WRONG_ITEM,FAIR,5095.4,,RESTOCK,2026-04-30T04:36:50.726872
RET-00003872,ORD-00001505,SKU-00231,3,2025-12-30,DUPLICATE_ORDER,GOOD,57.24,2026-01-04,RESTOCK,2026-04-30T04:36:50.726872
RET-00003873,ORD-00005667,SKU-00817,4,2025-05-14,DUPLICATE_ORDER,LIKE_NEW,3970.68,2025-05-19,RESTOCK,2026-04-30T04:36:50.726872
RET-00003874,ORD-00048775,SKU-00016,1,2025-11-11,CHANGED_MIND,FAIR,765.9,,RESTOCK,2026-04-30T04:36:50.726872
RET-00003875,ORD-00039484,SKU-00696,5,2026-04-10,DUPLICATE_ORDER,FAIR,4339.85,,RESTOCK,2026-04-30T04:36:50.726872
RET-00003876,ORD-00009280,SKU-00689,3,2026-03-06,ARRIVED_LATE,GOOD,2677.08,2026-03-08,RESTOCK,2026-04-30T04:36:50.726872
RET-00003877,ORD-00046614,SKU-00965,5,2025-08-24,NOT_AS_DESCRIBED,FAIR,1861.1,,REFURBISH,2026-04-30T04:36:50.726872
RET-00003878,ORD-00034623,SKU-00920,3,2026-01-25,ARRIVED_LATE,UNSELLABLE,2529.0,,RESTOCK,2026-04-30T04:36:50.726872
RET-00003879,ORD-00048123,SKU-00112,2,2025-08-30,DAMAGED_TRANSIT,NEW,1975.24,2025-09-02,REFURBISH,2026-04-30T04:36:50.726872
RET-00003880,ORD-00034789,SKU-00529,5,2025-12-17,ARRIVED_LATE,FAIR,1229.05,,RESTOCK,2026-04-30T04:36:50.726872
RET-00003881,ORD-00016847,SKU-00386,2,2025-06-04,CHANGED_MIND,DAMAGED,634.28,,REFURBISH,2026-04-30T04:36:50.726872
RET-00003882,ORD-00010171,SKU-00419,4,2025-07-21,DUPLICATE_ORDER,DAMAGED,1259.0,,DONATE,2026-04-30T04:36:50.726872
RET-00003883,ORD-00038650,SKU-00121,1,2025-08-05,DEFECTIVE,GOOD,246.31,2025-08-07,RETURN_TO_VENDOR,2026-04-30T04:36:50.726872
RET-00003884,ORD-00029103,SKU-00957,4,2025-12-29,CHANGED_MIND,GOOD,933.72,2026-01-05,RESTOCK,2026-04-30T04:36:50.726872
RET-00003885,ORD-00030038,SKU-00627,4,2025-12-16,ARRIVED_LATE,LIKE_NEW,478.88,2025-12-21,RESTOCK,2026-04-30T04:36:50.726872
RET-00003886,ORD-00034590,SKU-00932,4,2025-10-03,DEFECTIVE,DAMAGED,4787.08,,RESTOCK,2026-04-30T04:36:50.726872
RET-00003887,ORD-00010355,SKU-00702,1,2025-09-28,ARRIVED_LATE,LIKE_NEW,93.35,2025-09-30,RESTOCK,2026-04-30T04:36:50.726872
RET-00003888,ORD-00010590,SKU-00219,2,2025-07-30,DEFECTIVE,GOOD,84.84,2025-08-04,RESTOCK,2026-04-30T04:36:50.726872
RET-00003889,ORD-00048620,SKU-00651,5,2025-11-09,ARRIVED_LATE,GOOD,5681.85,2025-11-14,RESTOCK,2026-04-30T04:36:50.726872
RET-00003890,ORD-00041463,SKU-00950,5,2025-08-06,DUPLICATE_ORDER,FAIR,5464.6,,DESTROY,2026-04-30T04:36:50.726872
RET-00003891,ORD-00049716,SKU-00758,3,2026-03-03,CHANGED_MIND,FAIR,1621.2,,RETURN_TO_VENDOR,2026-04-30T04:36:50.726872
RET-00003892,ORD-00016538,SKU-00605,4,2025-11-01,WRONG_ITEM,DAMAGED,2232.12,,RESTOCK,2026-04-30T04:36:50.726872
RET-00003893,ORD-00024467,SKU-00958,1,2025-12-06,CHANGED_MIND,NEW,452.74,2025-12-09,RESTOCK,2026-04-30T04:36:50.726872
RET-00003894,ORD-00047186,SKU-00294,3,2025-11-28,DEFECTIVE,DAMAGED,37.77,,RETURN_TO_VENDOR,2026-04-30T04:36:50.726872
RET-00003895,ORD-00043137,SKU-00460,4,2026-03-02,DAMAGED_TRANSIT,LIKE_NEW,1124.88,2026-03-03,DESTROY,2026-04-30T04:36:50.726872
RET-00003896,ORD-00028676,SKU-00224,1,2026-02-21,NOT_AS_DESCRIBED,FAIR,582.58,,RESTOCK,2026-04-30T04:36:50.726872
RET-00003897,ORD-00011844,SKU-00183,4,2025-06-10,DEFECTIVE,FAIR,100.52,,RESTOCK,2026-04-30T04:36:50.726872
RET-00003898,ORD-00007844,SKU-00009,2,2025-05-05,DUPLICATE_ORDER,NEW,805.58,2025-05-10,DESTROY,2026-04-30T04:36:50.726872
RET-00003899,ORD-00000483,SKU-00366,1,2025-10-05,DAMAGED_TRANSIT,LIKE_NEW,17.77,2025-10-06,RESTOCK,2026-04-30T04:36:50.726872
RET-00003900,ORD-00040891,SKU-00260,1,2026-01-19,DUPLICATE_ORDER,GOOD,93.27,2026-01-24,REFURBISH,2026-04-30T04:36:50.726872
RET-00003901,ORD-00043896,SKU-00169,1,2025-08-16,NOT_AS_DESCRIBED,NEW,1137.73,2025-08-19,RESTOCK,2026-04-30T04:36:50.726872
RET-00003902,ORD-00019638,SKU-00595,3,2025-05-23,DAMAGED_TRANSIT,DAMAGED,495.48,,DONATE,2026-04-30T04:36:50.726872
RET-00003903,ORD-00028038,SKU-00184,1,2025-12-25,NOT_AS_DESCRIBED,LIKE_NEW,875.51,2025-12-26,REFURBISH,2026-04-30T04:36:50.726872
RET-00003904,ORD-00005767,SKU-00955,1,2025-07-01,ARRIVED_LATE,GOOD,786.47,2025-07-04,DESTROY,2026-04-30T04:36:50.726872
RET-00003905,ORD-00005080,SKU-00766,5,2026-03-13,CHANGED_MIND,FAIR,2685.4,,RETURN_TO_VENDOR,2026-04-30T04:36:50.726872
RET-00003906,ORD-00037587,SKU-00381,5,2025-10-18,DAMAGED_TRANSIT,LIKE_NEW,2628.2,2025-10-23,RESTOCK,2026-04-30T04:36:50.726872
RET-00003907,ORD-00006105,SKU-00346,1,2025-09-06,WRONG_ITEM,LIKE_NEW,617.46,2025-09-09,DESTROY,2026-04-30T04:36:50.726872
RET-00003908,ORD-00014670,SKU-00099,5,2025-11-15,ARRIVED_LATE,GOOD,2705.8,2025-11-19,REFURBISH,2026-04-30T04:36:50.726872
RET-00003909,ORD-00047067,SKU-00587,4,2025-08-22,NOT_AS_DESCRIBED,GOOD,243.04,2025-08-27,RESTOCK,2026-04-30T04:36:50.726872
RET-00003910,ORD-00042160,SKU-00445,4,2025-06-26,WRONG_ITEM,GOOD,2347.08,2025-06-30,REFURBISH,2026-04-30T04:36:50.726872
RET-00003911,ORD-00017200,SKU-00460,1,2025-07-14,WRONG_ITEM,LIKE_NEW,281.22,2025-07-18,RETURN_TO_VENDOR,2026-04-30T04:36:50.726872
RET-00003912,ORD-00013283,SKU-00608,2,2026-03-10,DEFECTIVE,GOOD,1335.8,2026-03-17,RESTOCK,2026-04-30T04:36:50.726872
RET-00003913,ORD-00019338,SKU-00528,4,2026-02-15,NOT_AS_DESCRIBED,FAIR,1496.16,,DESTROY,2026-04-30T04:36:50.726872
RET-00003914,ORD-00005596,SKU-00322,1,2025-07-31,CHANGED_MIND,DAMAGED,57.44,,RESTOCK,2026-04-30T04:36:50.726872
RET-00003915,ORD-00002186,SKU-00469,2,2025-11-12,DEFECTIVE,FAIR,1031.38,,RESTOCK,2026-04-30T04:36:50.726872
RET-00003916,ORD-00046642,SKU-00903,5,2025-11-10,DUPLICATE_ORDER,GOOD,2687.45,2025-11-11,DESTROY,2026-04-30T04:36:50.726872
RET-00003917,ORD-00003302,SKU-00073,5,2025-10-17,CHANGED_MIND,LIKE_NEW,2962.5,2025-10-18,REFURBISH,2026-04-30T04:36:50.726872
RET-00003918,ORD-00031085,SKU-00106,3,2026-01-01,CHANGED_MIND,FAIR,13.26,,RESTOCK,2026-04-30T04:36:50.726872
RET-00003919,ORD-00028071,SKU-00903,3,2025-09-06,CHANGED_MIND,NEW,1612.47,2025-09-12,RESTOCK,2026-04-30T04:36:50.726872
RET-00003920,ORD-00042392,SKU-00836,5,2026-04-04,ARRIVED_LATE,LIKE_NEW,595.9,2026-04-07,REFURBISH,2026-04-30T04:36:50.726872
RET-00003921,ORD-00042407,SKU-00195,5,2025-08-13,WRONG_ITEM,LIKE_NEW,1503.0,2025-08-17,RESTOCK,2026-04-30T04:36:50.726872
RET-00003922,ORD-00001609,SKU-00850,3,2025-09-05,DUPLICATE_ORDER,NEW,1666.14,2025-09-07,REFURBISH,2026-04-30T04:36:50.726872
RET-00003923,ORD-00032878,SKU-00551,5,2025-05-16,CHANGED_MIND,GOOD,3174.15,2025-05-17,RESTOCK,2026-04-30T04:36:50.726872
RET-00003924,ORD-00047095,SKU-00710,4,2025-10-23,NOT_AS_DESCRIBED,GOOD,3630.68,2025-10-25,DESTROY,2026-04-30T04:36:50.726872
RET-00003925,ORD-00018027,SKU-00647,1,2025-10-25,DEFECTIVE,GOOD,328.51,2025-10-28,RESTOCK,2026-04-30T04:36:50.726872
RET-00003926,ORD-00034337,SKU-00882,5,2025-10-08,NOT_AS_DESCRIBED,NEW,968.45,2025-10-15,RESTOCK,2026-04-30T04:36:50.726872
RET-00003927,ORD-00034554,SKU-00586,1,2026-01-31,CHANGED_MIND,GOOD,88.02,2026-02-04,RESTOCK,2026-04-30T04:36:50.726872
RET-00003928,ORD-00016569,SKU-00147,3,2025-07-10,CHANGED_MIND,FAIR,790.41,,RESTOCK,2026-04-30T04:36:50.726872
RET-00003929,ORD-00023616,SKU-00799,2,2025-11-23,DUPLICATE_ORDER,UNSELLABLE,578.46,,RESTOCK,2026-04-30T04:36:50.726872
RET-00003930,ORD-00008570,SKU-00611,4,2025-05-07,ARRIVED_LATE,NEW,1193.28,2025-05-09,RESTOCK,2026-04-30T04:36:50.726872
RET-00003931,ORD-00037057,SKU-00298,4,2025-09-14,WRONG_ITEM,GOOD,1778.52,2025-09-21,RETURN_TO_VENDOR,2026-04-30T04:36:50.726872
RET-00003932,ORD-00016234,SKU-00624,4,2025-07-14,DEFECTIVE,LIKE_NEW,184.64,2025-07-20,RESTOCK,2026-04-30T04:36:50.726872
RET-00003933,ORD-00034880,SKU-00725,1,2026-03-18,NOT_AS_DESCRIBED,DAMAGED,98.11,,DESTROY,2026-04-30T04:36:50.726872
RET-00003934,ORD-00019881,SKU-00645,1,2025-06-08,CHANGED_MIND,DAMAGED,292.2,,RESTOCK,2026-04-30T04:36:50.726872
RET-00003935,ORD-00011865,SKU-00234,4,2026-03-10,CHANGED_MIND,UNSELLABLE,2947.0,,DESTROY,2026-04-30T04:36:50.726872
RET-00003936,ORD-00007776,SKU-00673,4,2025-08-23,ARRIVED_LATE,GOOD,3419.76,2025-08-25,RESTOCK,2026-04-30T04:36:50.726872
RET-00003937,ORD-00007313,SKU-00385,4,2025-08-29,NOT_AS_DESCRIBED,FAIR,4937.6,,DONATE,2026-04-30T04:36:50.726872
RET-00003938,ORD-00045994,SKU-00861,2,2025-08-28,DUPLICATE_ORDER,DAMAGED,1283.84,,REFURBISH,2026-04-30T04:36:50.726872
RET-00003939,ORD-00036815,SKU-00394,3,2026-02-18,WRONG_ITEM,FAIR,1684.23,,RESTOCK,2026-04-30T04:36:50.726872
RET-00003940,ORD-00017748,SKU-00729,3,2025-08-18,CHANGED_MIND,LIKE_NEW,945.93,2025-08-23,RESTOCK,2026-04-30T04:36:50.726872
RET-00003941,ORD-00039985,SKU-00579,3,2026-04-05,DUPLICATE_ORDER,FAIR,2431.77,,REFURBISH,2026-04-30T04:36:50.726872
RET-00003942,ORD-00010838,SKU-00942,1,2025-09-20,DUPLICATE_ORDER,LIKE_NEW,37.67,2025-09-23,REFURBISH,2026-04-30T04:36:50.726872
RET-00003943,ORD-00039315,SKU-00720,2,2025-04-30,NOT_AS_DESCRIBED,GOOD,739.32,2025-05-05,DESTROY,2026-04-30T04:36:50.726872
RET-00003944,ORD-00018647,SKU-00125,2,2025-08-14,DUPLICATE_ORDER,UNSELLABLE,733.3,,RESTOCK,2026-04-30T04:36:50.726872
RET-00003945,ORD-00006386,SKU-00845,4,2025-05-02,NOT_AS_DESCRIBED,DAMAGED,1511.84,,RETURN_TO_VENDOR,2026-04-30T04:36:50.726872
RET-00003946,ORD-00006455,SKU-00717,5,2025-05-21,WRONG_ITEM,GOOD,4187.3,2025-05-22,DONATE,2026-04-30T04:36:50.726872
RET-00003947,ORD-00019593,SKU-00803,1,2026-04-06,CHANGED_MIND,LIKE_NEW,405.34,2026-04-10,REFURBISH,2026-04-30T04:36:50.726872
RET-00003948,ORD-00001304,SKU-00891,3,2025-11-02,ARRIVED_LATE,GOOD,267.21,2025-11-07,REFURBISH,2026-04-30T04:36:50.726872
RET-00003949,ORD-00008063,SKU-00432,2,2025-10-18,DAMAGED_TRANSIT,FAIR,710.24,,RESTOCK,2026-04-30T04:36:50.726872
RET-00003950,ORD-00000718,SKU-00062,5,2025-12-10,WRONG_ITEM,UNSELLABLE,322.1,,DESTROY,2026-04-30T04:36:50.726872
RET-00003951,ORD-00020877,SKU-00353,5,2025-12-26,DEFECTIVE,GOOD,4728.0,2025-12-30,REFURBISH,2026-04-30T04:36:50.726872
RET-00003952,ORD-00029395,SKU-00710,5,2026-03-17,DEFECTIVE,FAIR,4538.35,,RETURN_TO_VENDOR,2026-04-30T04:36:50.726872
RET-00003953,ORD-00014893,SKU-00620,1,2025-11-05,NOT_AS_DESCRIBED,GOOD,646.76,2025-11-09,RESTOCK,2026-04-30T04:36:50.726872
RET-00003954,ORD-00027575,SKU-00985,1,2026-04-04,CHANGED_MIND,GOOD,454.94,2026-04-06,RESTOCK,2026-04-30T04:36:50.726872
RET-00003955,ORD-00019825,SKU-00859,3,2025-09-25,DAMAGED_TRANSIT,LIKE_NEW,1846.62,2025-09-28,DONATE,2026-04-30T04:36:50.726872
RET-00003956,ORD-00046910,SKU-00610,3,2025-10-28,DEFECTIVE,LIKE_NEW,2158.08,2025-11-03,RESTOCK,2026-04-30T04:36:50.726872
RET-00003957,ORD-00021597,SKU-00687,3,2026-04-01,DAMAGED_TRANSIT,UNSELLABLE,417.75,,REFURBISH,2026-04-30T04:36:50.726872
RET-00003958,ORD-00039707,SKU-00067,5,2025-05-23,DUPLICATE_ORDER,GOOD,3497.9,2025-05-28,REFURBISH,2026-04-30T04:36:50.726872
RET-00003959,ORD-00017245,SKU-00177,3,2025-05-19,CHANGED_MIND,GOOD,2601.54,2025-05-21,REFURBISH,2026-04-30T04:36:50.726872
RET-00003960,ORD-00001118,SKU-00513,5,2025-06-18,DAMAGED_TRANSIT,FAIR,240.85,,RESTOCK,2026-04-30T04:36:50.726872
RET-00003961,ORD-00009864,SKU-00427,1,2025-11-03,DEFECTIVE,GOOD,509.04,2025-11-04,DESTROY,2026-04-30T04:36:50.726872
RET-00003962,ORD-00006343,SKU-00826,5,2025-05-17,DAMAGED_TRANSIT,LIKE_NEW,563.25,2025-05-22,DONATE,2026-04-30T04:36:50.726872
RET-00003963,ORD-00000525,SKU-00328,1,2025-12-01,NOT_AS_DESCRIBED,GOOD,229.31,2025-12-04,DONATE,2026-04-30T04:36:50.726872
RET-00003964,ORD-00044643,SKU-00062,5,2025-06-23,NOT_AS_DESCRIBED,FAIR,322.1,,RESTOCK,2026-04-30T04:36:50.726872
RET-00003965,ORD-00016171,SKU-00017,4,2025-08-02,ARRIVED_LATE,GOOD,3468.64,2025-08-09,RESTOCK,2026-04-30T04:36:50.726872
RET-00003966,ORD-00037639,SKU-00537,5,2025-09-08,NOT_AS_DESCRIBED,FAIR,3785.45,,RETURN_TO_VENDOR,2026-04-30T04:36:50.726872
RET-00003967,ORD-00027048,SKU-00634,3,2025-08-06,DEFECTIVE,FAIR,475.41,,REFURBISH,2026-04-30T04:36:50.726872
RET-00003968,ORD-00030471,SKU-00237,4,2026-02-24,NOT_AS_DESCRIBED,GOOD,4764.08,2026-02-25,REFURBISH,2026-04-30T04:36:50.726872
RET-00003969,ORD-00010781,SKU-00368,3,2025-06-04,WRONG_ITEM,FAIR,272.04,,RESTOCK,2026-04-30T04:36:50.726872
RET-00003970,ORD-00019321,SKU-00047,1,2025-10-28,DEFECTIVE,GOOD,508.59,2025-11-04,REFURBISH,2026-04-30T04:36:50.726872
RET-00003971,ORD-00013845,SKU-00970,1,2026-03-24,ARRIVED_LATE,UNSELLABLE,7.88,,REFURBISH,2026-04-30T04:36:50.726872
RET-00003972,ORD-00032273,SKU-00555,1,2026-02-24,DEFECTIVE,NEW,44.51,2026-02-27,REFURBISH,2026-04-30T04:36:50.726872
RET-00003973,ORD-00024455,SKU-00287,2,2025-12-22,DUPLICATE_ORDER,LIKE_NEW,1638.64,2025-12-28,RESTOCK,2026-04-30T04:36:50.726872
RET-00003974,ORD-00014620,SKU-00919,3,2025-11-15,DEFECTIVE,NEW,437.16,2025-11-18,RESTOCK,2026-04-30T04:36:50.726872
RET-00003975,ORD-00012134,SKU-00926,4,2025-06-20,ARRIVED_LATE,NEW,3921.92,2025-06-27,DONATE,2026-04-30T04:36:50.726872
RET-00003976,ORD-00014889,SKU-00858,5,2025-12-02,DAMAGED_TRANSIT,UNSELLABLE,2059.75,,RESTOCK,2026-04-30T04:36:50.726872
RET-00003977,ORD-00042512,SKU-00592,2,2025-10-16,DEFECTIVE,UNSELLABLE,263.86,,REFURBISH,2026-04-30T04:36:50.726872
RET-00003978,ORD-00011295,SKU-00361,3,2026-02-21,DUPLICATE_ORDER,GOOD,1862.73,2026-02-25,DESTROY,2026-04-30T04:36:50.726872
RET-00003979,ORD-00015265,SKU-00671,1,2026-02-18,DUPLICATE_ORDER,GOOD,739.72,2026-02-20,REFURBISH,2026-04-30T04:36:50.726872
RET-00003980,ORD-00028908,SKU-00149,2,2026-02-09,ARRIVED_LATE,FAIR,658.6,,DESTROY,2026-04-30T04:36:50.726872
RET-00003981,ORD-00033650,SKU-00296,3,2026-03-17,DAMAGED_TRANSIT,DAMAGED,666.12,,DESTROY,2026-04-30T04:36:50.726872
RET-00003982,ORD-00031646,SKU-00146,3,2026-03-18,WRONG_ITEM,NEW,1577.22,2026-03-21,RESTOCK,2026-04-30T04:36:50.726872
RET-00003983,ORD-00011215,SKU-00699,3,2025-10-25,DEFECTIVE,DAMAGED,2767.89,,REFURBISH,2026-04-30T04:36:50.726872
RET-00003984,ORD-00013159,SKU-00363,4,2025-11-15,CHANGED_MIND,LIKE_NEW,3259.92,2025-11-21,REFURBISH,2026-04-30T04:36:50.726872
RET-00003985,ORD-00027309,SKU-00505,2,2025-09-28,DAMAGED_TRANSIT,GOOD,2905.24,2025-09-29,REFURBISH,2026-04-30T04:36:50.726872
RET-00003986,ORD-00049566,SKU-00545,1,2025-12-16,NOT_AS_DESCRIBED,UNSELLABLE,839.33,,RESTOCK,2026-04-30T04:36:50.726872
RET-00003987,ORD-00009003,SKU-00469,3,2026-02-27,ARRIVED_LATE,UNSELLABLE,1547.07,,DESTROY,2026-04-30T04:36:50.726872
RET-00003988,ORD-00017546,SKU-00110,5,2026-03-28,DAMAGED_TRANSIT,NEW,3805.65,2026-04-03,RETURN_TO_VENDOR,2026-04-30T04:36:50.726872
RET-00003989,ORD-00011791,SKU-00119,2,2025-12-06,NOT_AS_DESCRIBED,FAIR,754.84,,REFURBISH,2026-04-30T04:36:50.726872
RET-00003990,ORD-00048801,SKU-00556,1,2025-08-14,CHANGED_MIND,NEW,534.08,2025-08-15,REFURBISH,2026-04-30T04:36:50.726872
RET-00003991,ORD-00011929,SKU-00908,4,2025-08-27,ARRIVED_LATE,LIKE_NEW,2701.36,2025-08-30,RESTOCK,2026-04-30T04:36:50.726872
RET-00003992,ORD-00041469,SKU-00473,2,2025-10-30,NOT_AS_DESCRIBED,NEW,1859.2,2025-11-01,DONATE,2026-04-30T04:36:50.726872
RET-00003993,ORD-00029562,SKU-00053,5,2026-04-14,ARRIVED_LATE,NEW,829.4,2026-04-15,RETURN_TO_VENDOR,2026-04-30T04:36:50.726872
RET-00003994,ORD-00036556,SKU-00699,3,2025-08-25,DEFECTIVE,FAIR,2767.89,,RESTOCK,2026-04-30T04:36:50.726872
RET-00003995,ORD-00023304,SKU-00854,2,2025-08-26,DUPLICATE_ORDER,GOOD,1244.4,2025-08-28,DESTROY,2026-04-30T04:36:50.726872
RET-00003996,ORD-00038636,SKU-00658,4,2025-06-11,DUPLICATE_ORDER,UNSELLABLE,1925.32,,DESTROY,2026-04-30T04:36:50.726872
RET-00003997,ORD-00027183,SKU-00470,3,2025-10-04,DAMAGED_TRANSIT,UNSELLABLE,800.16,,RETURN_TO_VENDOR,2026-04-30T04:36:50.726872
RET-00003998,ORD-00012815,SKU-00013,3,2025-06-03,DEFECTIVE,FAIR,2002.35,,DESTROY,2026-04-30T04:36:50.726872
RET-00003999,ORD-00030010,SKU-00904,5,2026-01-22,NOT_AS_DESCRIBED,UNSELLABLE,4699.35,,RESTOCK,2026-04-30T04:36:50.726872
RET-00004000,ORD-00008716,SKU-00088,2,2025-07-03,ARRIVED_LATE,UNSELLABLE,1312.32,,RETURN_TO_VENDOR,2026-04-30T04:36:50.726872
RET-00004001,ORD-00025365,SKU-00290,3,2025-06-30,DAMAGED_TRANSIT,LIKE_NEW,486.09,2025-07-02,DONATE,2026-04-30T04:36:50.726872
RET-00004002,ORD-00037097,SKU-00916,1,2025-12-27,DUPLICATE_ORDER,UNSELLABLE,355.11,,RESTOCK,2026-04-30T04:36:50.726872
RET-00004003,ORD-00010114,SKU-00665,1,2025-10-08,DEFECTIVE,DAMAGED,211.8,,RESTOCK,2026-04-30T04:36:50.726872
RET-00004004,ORD-00040959,SKU-00720,1,2025-07-29,NOT_AS_DESCRIBED,FAIR,369.66,,RETURN_TO_VENDOR,2026-04-30T04:36:50.726872
RET-00004005,ORD-00047567,SKU-00617,5,2025-06-05,DUPLICATE_ORDER,UNSELLABLE,1073.0,,DONATE,2026-04-30T04:36:50.726872
RET-00004006,ORD-00038087,SKU-00889,2,2025-07-01,DUPLICATE_ORDER,UNSELLABLE,922.88,,DONATE,2026-04-30T04:36:50.726872
RET-00004007,ORD-00013373,SKU-00555,2,2025-12-02,DAMAGED_TRANSIT,DAMAGED,89.02,,RETURN_TO_VENDOR,2026-04-30T04:36:50.726872
RET-00004008,ORD-00043455,SKU-00030,4,2025-07-24,ARRIVED_LATE,UNSELLABLE,2687.64,,RESTOCK,2026-04-30T04:36:50.726872
RET-00004009,ORD-00015783,SKU-00788,2,2026-04-01,ARRIVED_LATE,FAIR,1454.28,,DESTROY,2026-04-30T04:36:50.726872
RET-00004010,ORD-00040088,SKU-00322,4,2025-07-08,ARRIVED_LATE,NEW,229.76,2025-07-10,RETURN_TO_VENDOR,2026-04-30T04:36:50.726872
RET-00004011,ORD-00004039,SKU-00585,2,2026-01-17,NOT_AS_DESCRIBED,LIKE_NEW,1448.18,2026-01-24,DESTROY,2026-04-30T04:36:50.726872
RET-00004012,ORD-00035530,SKU-00608,4,2025-12-16,WRONG_ITEM,DAMAGED,2671.6,,RETURN_TO_VENDOR,2026-04-30T04:36:50.726872
RET-00004013,ORD-00024848,SKU-00363,4,2025-06-26,CHANGED_MIND,GOOD,3259.92,2025-06-27,REFURBISH,2026-04-30T04:36:50.726872
RET-00004014,ORD-00024638,SKU-00918,2,2025-06-03,DEFECTIVE,NEW,752.36,2025-06-05,RESTOCK,2026-04-30T04:36:50.726872
RET-00004015,ORD-00037201,SKU-00149,1,2025-06-07,DUPLICATE_ORDER,NEW,329.3,2025-06-13,REFURBISH,2026-04-30T04:36:50.726872
RET-00004016,ORD-00017112,SKU-00707,4,2025-11-22,DUPLICATE_ORDER,GOOD,1061.6,2025-11-23,REFURBISH,2026-04-30T04:36:50.726872
RET-00004017,ORD-00013351,SKU-00672,4,2025-08-05,DAMAGED_TRANSIT,NEW,1418.76,2025-08-10,RESTOCK,2026-04-30T04:36:50.726872
RET-00004018,ORD-00008197,SKU-00692,4,2025-06-27,DEFECTIVE,LIKE_NEW,1630.2,2025-07-02,REFURBISH,2026-04-30T04:36:50.726872
RET-00004019,ORD-00032090,SKU-00685,2,2025-09-06,CHANGED_MIND,FAIR,1751.54,,REFURBISH,2026-04-30T04:36:50.726872
RET-00004020,ORD-00036131,SKU-00602,1,2025-10-28,DUPLICATE_ORDER,NEW,571.44,2025-10-29,REFURBISH,2026-04-30T04:36:50.726872
RET-00004021,ORD-00039570,SKU-00484,4,2026-04-02,NOT_AS_DESCRIBED,FAIR,4058.64,,RESTOCK,2026-04-30T04:36:50.726872
RET-00004022,ORD-00049174,SKU-00022,2,2025-10-15,DUPLICATE_ORDER,LIKE_NEW,671.4,2025-10-19,RETURN_TO_VENDOR,2026-04-30T04:36:50.726872
RET-00004023,ORD-00000745,SKU-00612,3,2025-08-09,DAMAGED_TRANSIT,GOOD,1128.6,2025-08-11,REFURBISH,2026-04-30T04:36:50.726872
RET-00004024,ORD-00041589,SKU-00453,5,2025-05-11,ARRIVED_LATE,GOOD,2584.05,2025-05-13,RESTOCK,2026-04-30T04:36:50.726872
RET-00004025,ORD-00010179,SKU-00734,1,2026-03-01,DEFECTIVE,DAMAGED,891.0,,RESTOCK,2026-04-30T04:36:50.726872
RET-00004026,ORD-00024565,SKU-00785,1,2025-07-09,DAMAGED_TRANSIT,LIKE_NEW,74.69,2025-07-14,RESTOCK,2026-04-30T04:36:50.726872
RET-00004027,ORD-00025659,SKU-00535,1,2025-05-06,DAMAGED_TRANSIT,FAIR,32.85,,REFURBISH,2026-04-30T04:36:50.726872
RET-00004028,ORD-00007387,SKU-00816,2,2026-01-20,DEFECTIVE,GOOD,2285.36,2026-01-24,DESTROY,2026-04-30T04:36:50.726872
RET-00004029,ORD-00025359,SKU-00968,2,2026-03-08,NOT_AS_DESCRIBED,FAIR,1973.14,,REFURBISH,2026-04-30T04:36:50.726872
RET-00004030,ORD-00025532,SKU-00661,2,2026-04-20,NOT_AS_DESCRIBED,LIKE_NEW,283.42,2026-04-22,RETURN_TO_VENDOR,2026-04-30T04:36:50.726872
RET-00004031,ORD-00030306,SKU-00900,5,2025-08-21,DEFECTIVE,GOOD,2350.65,2025-08-22,RESTOCK,2026-04-30T04:36:50.726872
RET-00004032,ORD-00032002,SKU-00056,2,2026-01-23,ARRIVED_LATE,FAIR,433.42,,RESTOCK,2026-04-30T04:36:50.726872
RET-00004033,ORD-00036273,SKU-00349,5,2025-08-30,CHANGED_MIND,GOOD,3719.75,2025-08-31,RETURN_TO_VENDOR,2026-04-30T04:36:50.726872
RET-00004034,ORD-00027125,SKU-00793,4,2026-03-19,DAMAGED_TRANSIT,DAMAGED,651.44,,RESTOCK,2026-04-30T04:36:50.726872
RET-00004035,ORD-00022005,SKU-00849,2,2025-05-14,ARRIVED_LATE,UNSELLABLE,1103.02,,RESTOCK,2026-04-30T04:36:50.726872
RET-00004036,ORD-00021666,SKU-00575,4,2025-09-19,DEFECTIVE,NEW,97.96,2025-09-21,REFURBISH,2026-04-30T04:36:50.726872
RET-00004037,ORD-00041766,SKU-00369,4,2026-04-03,DUPLICATE_ORDER,UNSELLABLE,3747.32,,DONATE,2026-04-30T04:36:50.726872
RET-00004038,ORD-00033154,SKU-00900,3,2025-09-12,WRONG_ITEM,NEW,1410.39,2025-09-14,DONATE,2026-04-30T04:36:50.726872
RET-00004039,ORD-00038393,SKU-00822,4,2026-01-15,ARRIVED_LATE,NEW,180.24,2026-01-19,RESTOCK,2026-04-30T04:36:50.726872
RET-00004040,ORD-00010542,SKU-00180,4,2026-03-18,ARRIVED_LATE,FAIR,788.56,,RETURN_TO_VENDOR,2026-04-30T04:36:50.726872
RET-00004041,ORD-00000923,SKU-00516,2,2025-07-07,WRONG_ITEM,GOOD,465.08,2025-07-08,REFURBISH,2026-04-30T04:36:50.726872
RET-00004042,ORD-00041120,SKU-00506,4,2025-10-03,DUPLICATE_ORDER,UNSELLABLE,4294.04,,DONATE,2026-04-30T04:36:50.726872
RET-00004043,ORD-00003931,SKU-00722,2,2025-10-31,CHANGED_MIND,FAIR,285.74,,REFURBISH,2026-04-30T04:36:50.726872
RET-00004044,ORD-00012696,SKU-00819,2,2025-07-16,DEFECTIVE,NEW,571.34,2025-07-22,RESTOCK,2026-04-30T04:36:50.726872
RET-00004045,ORD-00014674,SKU-00534,1,2026-01-02,DEFECTIVE,GOOD,631.29,2026-01-06,DONATE,2026-04-30T04:36:50.726872
RET-00004046,ORD-00037655,SKU-00457,5,2026-04-25,DUPLICATE_ORDER,LIKE_NEW,1942.4,2026-04-28,RESTOCK,2026-04-30T04:36:50.726872
RET-00004047,ORD-00017298,SKU-00298,2,2025-07-21,CHANGED_MIND,LIKE_NEW,889.26,2025-07-26,DONATE,2026-04-30T04:36:50.726872
RET-00004048,ORD-00019327,SKU-00568,2,2025-06-17,WRONG_ITEM,DAMAGED,786.0,,RETURN_TO_VENDOR,2026-04-30T04:36:50.726872
RET-00004049,ORD-00049287,SKU-00344,2,2025-09-23,ARRIVED_LATE,FAIR,1008.74,,RESTOCK,2026-04-30T04:36:50.726872
RET-00004050,ORD-00049420,SKU-00862,2,2026-04-28,DEFECTIVE,NEW,658.02,2026-04-29,RETURN_TO_VENDOR,2026-04-30T04:36:50.726872
RET-00004051,ORD-00028530,SKU-00222,4,2026-04-25,DEFECTIVE,DAMAGED,327.88,,RESTOCK,2026-04-30T04:36:50.726872
RET-00004052,ORD-00011164,SKU-00827,2,2025-07-06,CHANGED_MIND,LIKE_NEW,864.94,2025-07-07,REFURBISH,2026-04-30T04:36:50.726872
RET-00004053,ORD-00028402,SKU-00500,3,2026-04-02,WRONG_ITEM,LIKE_NEW,2198.46,2026-04-03,DESTROY,2026-04-30T04:36:50.726872
RET-00004054,ORD-00039043,SKU-00547,3,2026-03-13,DAMAGED_TRANSIT,LIKE_NEW,742.65,2026-03-19,RETURN_TO_VENDOR,2026-04-30T04:36:50.726872
RET-00004055,ORD-00005321,SKU-00731,3,2025-11-04,DUPLICATE_ORDER,DAMAGED,1896.57,,RESTOCK,2026-04-30T04:36:50.726872
RET-00004056,ORD-00023309,SKU-00967,2,2025-06-11,DEFECTIVE,LIKE_NEW,664.36,2025-06-14,REFURBISH,2026-04-30T04:36:50.726872
RET-00004057,ORD-00007739,SKU-00030,1,2025-10-28,ARRIVED_LATE,LIKE_NEW,671.91,2025-11-01,RETURN_TO_VENDOR,2026-04-30T04:36:50.726872
RET-00004058,ORD-00035204,SKU-00658,5,2026-02-17,NOT_AS_DESCRIBED,FAIR,2406.65,,RESTOCK,2026-04-30T04:36:50.726872
RET-00004059,ORD-00023903,SKU-00364,2,2025-08-13,DAMAGED_TRANSIT,LIKE_NEW,372.8,2025-08-18,RESTOCK,2026-04-30T04:36:50.726872
RET-00004060,ORD-00024764,SKU-00502,3,2025-06-03,WRONG_ITEM,FAIR,1035.09,,REFURBISH,2026-04-30T04:36:50.726872
RET-00004061,ORD-00017753,SKU-00046,5,2025-11-15,CHANGED_MIND,LIKE_NEW,2004.3,2025-11-18,REFURBISH,2026-04-30T04:36:50.726872
RET-00004062,ORD-00005320,SKU-00345,1,2025-07-19,NOT_AS_DESCRIBED,NEW,1156.36,2025-07-24,DESTROY,2026-04-30T04:36:50.726872
RET-00004063,ORD-00018094,SKU-00959,2,2026-01-10,NOT_AS_DESCRIBED,LIKE_NEW,686.24,2026-01-17,RETURN_TO_VENDOR,2026-04-30T04:36:50.726872
RET-00004064,ORD-00006372,SKU-00917,5,2025-09-25,ARRIVED_LATE,NEW,6830.3,2025-09-30,RESTOCK,2026-04-30T04:36:50.726872
RET-00004065,ORD-00030077,SKU-00390,4,2025-05-09,DAMAGED_TRANSIT,LIKE_NEW,922.44,2025-05-10,DONATE,2026-04-30T04:36:50.726872
RET-00004066,ORD-00021727,SKU-00491,4,2025-12-22,NOT_AS_DESCRIBED,DAMAGED,5024.64,,RESTOCK,2026-04-30T04:36:50.726872
RET-00004067,ORD-00049724,SKU-00764,5,2025-11-25,DEFECTIVE,FAIR,5463.5,,REFURBISH,2026-04-30T04:36:50.726872
RET-00004068,ORD-00049889,SKU-00559,3,2026-01-19,ARRIVED_LATE,UNSELLABLE,4331.52,,DESTROY,2026-04-30T04:36:50.726872
RET-00004069,ORD-00049113,SKU-00643,4,2025-08-16,DEFECTIVE,NEW,2386.0,2025-08-20,DONATE,2026-04-30T04:36:50.726872
RET-00004070,ORD-00001240,SKU-00046,3,2026-04-24,DAMAGED_TRANSIT,DAMAGED,1202.58,,RESTOCK,2026-04-30T04:36:50.726872
RET-00004071,ORD-00046891,SKU-00394,3,2026-03-26,ARRIVED_LATE,UNSELLABLE,1684.23,,RETURN_TO_VENDOR,2026-04-30T04:36:50.726872
RET-00004072,ORD-00005923,SKU-00774,3,2025-12-19,DUPLICATE_ORDER,DAMAGED,1030.32,,RETURN_TO_VENDOR,2026-04-30T04:36:50.726872
RET-00004073,ORD-00035695,SKU-00906,3,2025-06-21,DAMAGED_TRANSIT,GOOD,1775.34,2025-06-22,DESTROY,2026-04-30T04:36:50.726872
RET-00004074,ORD-00016355,SKU-00736,4,2026-02-17,WRONG_ITEM,NEW,1322.48,2026-02-20,RESTOCK,2026-04-30T04:36:50.726872
RET-00004075,ORD-00020160,SKU-00656,3,2026-03-04,DAMAGED_TRANSIT,LIKE_NEW,3669.48,2026-03-08,REFURBISH,2026-04-30T04:36:50.726872
RET-00004076,ORD-00032475,SKU-00879,2,2026-04-13,DEFECTIVE,NEW,1132.96,2026-04-20,RESTOCK,2026-04-30T04:36:50.726872
RET-00004077,ORD-00027614,SKU-00402,3,2026-04-24,CHANGED_MIND,UNSELLABLE,647.85,,RESTOCK,2026-04-30T04:36:50.726872
RET-00004078,ORD-00033800,SKU-00934,5,2025-11-05,WRONG_ITEM,NEW,3157.65,2025-11-07,RESTOCK,2026-04-30T04:36:50.726872
RET-00004079,ORD-00029586,SKU-00003,3,2025-12-19,ARRIVED_LATE,LIKE_NEW,1071.0,2025-12-25,RESTOCK,2026-04-30T04:36:50.726872
RET-00004080,ORD-00012130,SKU-00101,4,2025-12-18,DUPLICATE_ORDER,LIKE_NEW,1101.44,2025-12-19,DESTROY,2026-04-30T04:36:50.726872
RET-00004081,ORD-00030478,SKU-00986,1,2026-01-21,DEFECTIVE,NEW,402.23,2026-01-22,DESTROY,2026-04-30T04:36:50.726872
RET-00004082,ORD-00039642,SKU-00545,3,2025-12-03,NOT_AS_DESCRIBED,LIKE_NEW,2517.99,2025-12-08,DONATE,2026-04-30T04:36:50.726872
RET-00004083,ORD-00005544,SKU-00892,1,2025-06-25,NOT_AS_DESCRIBED,FAIR,328.88,,REFURBISH,2026-04-30T04:36:50.726872
RET-00004084,ORD-00022488,SKU-00186,1,2026-02-27,CHANGED_MIND,GOOD,157.53,2026-03-02,RESTOCK,2026-04-30T04:36:50.726872
RET-00004085,ORD-00039856,SKU-00585,1,2025-09-12,ARRIVED_LATE,GOOD,724.09,2025-09-18,REFURBISH,2026-04-30T04:36:50.726872
RET-00004086,ORD-00016182,SKU-00325,3,2025-12-03,DAMAGED_TRANSIT,GOOD,2287.11,2025-12-06,RESTOCK,2026-04-30T04:36:50.726872
RET-00004087,ORD-00030460,SKU-00537,1,2026-03-17,CHANGED_MIND,GOOD,757.09,2026-03-19,REFURBISH,2026-04-30T04:36:50.726872
RET-00004088,ORD-00040129,SKU-00601,5,2026-01-02,ARRIVED_LATE,LIKE_NEW,144.65,2026-01-09,RESTOCK,2026-04-30T04:36:50.726872
RET-00004089,ORD-00043096,SKU-00066,1,2025-09-16,CHANGED_MIND,LIKE_NEW,685.87,2025-09-22,RESTOCK,2026-04-30T04:36:50.726872
RET-00004090,ORD-00025878,SKU-00720,4,2025-11-13,DAMAGED_TRANSIT,DAMAGED,1478.64,,REFURBISH,2026-04-30T04:36:50.726872
RET-00004091,ORD-00038170,SKU-00295,5,2025-08-25,ARRIVED_LATE,NEW,144.7,2025-08-28,RETURN_TO_VENDOR,2026-04-30T04:36:50.726872
RET-00004092,ORD-00010049,SKU-00256,2,2025-06-25,DUPLICATE_ORDER,FAIR,2299.8,,RESTOCK,2026-04-30T04:36:50.726872
RET-00004093,ORD-00047422,SKU-00724,1,2025-11-29,NOT_AS_DESCRIBED,FAIR,624.53,,RESTOCK,2026-04-30T04:36:50.726872
RET-00004094,ORD-00039975,SKU-00020,1,2025-09-15,DUPLICATE_ORDER,GOOD,533.96,2025-09-20,RETURN_TO_VENDOR,2026-04-30T04:36:50.726872
RET-00004095,ORD-00020282,SKU-00581,5,2026-01-09,WRONG_ITEM,LIKE_NEW,4547.6,2026-01-14,DESTROY,2026-04-30T04:36:50.726872
RET-00004096,ORD-00038701,SKU-00748,1,2026-02-21,DAMAGED_TRANSIT,DAMAGED,791.2,,REFURBISH,2026-04-30T04:36:50.726872
RET-00004097,ORD-00048198,SKU-00824,3,2025-07-28,DAMAGED_TRANSIT,DAMAGED,1151.79,,DONATE,2026-04-30T04:36:50.726872
RET-00004098,ORD-00024865,SKU-00323,2,2025-09-09,ARRIVED_LATE,NEW,1353.26,2025-09-10,REFURBISH,2026-04-30T04:36:50.726872
RET-00004099,ORD-00035711,SKU-00083,2,2025-09-27,DAMAGED_TRANSIT,FAIR,1557.62,,REFURBISH,2026-04-30T04:36:50.726872
RET-00004100,ORD-00042901,SKU-00248,3,2026-03-05,ARRIVED_LATE,LIKE_NEW,39.75,2026-03-11,RESTOCK,2026-04-30T04:36:50.726872
RET-00004101,ORD-00016326,SKU-00177,5,2025-07-29,ARRIVED_LATE,NEW,4335.9,2025-08-03,RESTOCK,2026-04-30T04:36:50.726872
RET-00004102,ORD-00014651,SKU-00555,3,2025-10-13,ARRIVED_LATE,NEW,133.53,2025-10-17,RETURN_TO_VENDOR,2026-04-30T04:36:50.726872
RET-00004103,ORD-00019189,SKU-00771,4,2025-09-30,WRONG_ITEM,DAMAGED,1689.88,,DESTROY,2026-04-30T04:36:50.726872
RET-00004104,ORD-00021791,SKU-00096,2,2025-08-25,NOT_AS_DESCRIBED,NEW,1464.92,2025-08-27,RESTOCK,2026-04-30T04:36:50.726872
RET-00004105,ORD-00041082,SKU-00051,5,2026-03-06,CHANGED_MIND,LIKE_NEW,2796.0,2026-03-13,DESTROY,2026-04-30T04:36:50.726872
RET-00004106,ORD-00045829,SKU-00361,5,2025-07-13,ARRIVED_LATE,GOOD,3104.55,2025-07-19,DONATE,2026-04-30T04:36:50.726872
RET-00004107,ORD-00013912,SKU-00770,4,2025-07-14,WRONG_ITEM,LIKE_NEW,2378.04,2025-07-19,DESTROY,2026-04-30T04:36:50.726872
RET-00004108,ORD-00023966,SKU-00667,4,2026-02-14,DAMAGED_TRANSIT,NEW,479.16,2026-02-21,RETURN_TO_VENDOR,2026-04-30T04:36:50.726872
RET-00004109,ORD-00008993,SKU-00622,3,2025-09-17,WRONG_ITEM,LIKE_NEW,105.03,2025-09-18,RESTOCK,2026-04-30T04:36:50.726872
RET-00004110,ORD-00033670,SKU-00217,5,2025-09-19,CHANGED_MIND,GOOD,5295.4,2025-09-26,RETURN_TO_VENDOR,2026-04-30T04:36:50.726872
RET-00004111,ORD-00044996,SKU-00152,5,2025-09-23,DUPLICATE_ORDER,GOOD,4530.65,2025-09-26,RESTOCK,2026-04-30T04:36:50.726872
RET-00004112,ORD-00036140,SKU-00877,5,2025-12-06,ARRIVED_LATE,NEW,2305.45,2025-12-11,REFURBISH,2026-04-30T04:36:50.726872
RET-00004113,ORD-00006964,SKU-00865,5,2025-07-02,CHANGED_MIND,GOOD,198.85,2025-07-07,REFURBISH,2026-04-30T04:36:50.726872
RET-00004114,ORD-00030387,SKU-00772,4,2025-11-01,ARRIVED_LATE,FAIR,2638.0,,RESTOCK,2026-04-30T04:36:50.726872
RET-00004115,ORD-00044983,SKU-00200,4,2025-11-09,NOT_AS_DESCRIBED,NEW,2574.52,2025-11-15,DESTROY,2026-04-30T04:36:50.726872
RET-00004116,ORD-00034048,SKU-00039,1,2025-11-21,WRONG_ITEM,DAMAGED,917.47,,DONATE,2026-04-30T04:36:50.726872
RET-00004117,ORD-00026536,SKU-00008,1,2026-03-04,DAMAGED_TRANSIT,FAIR,341.85,,RESTOCK,2026-04-30T04:36:50.726872
RET-00004118,ORD-00040309,SKU-00045,5,2025-11-22,DAMAGED_TRANSIT,LIKE_NEW,404.55,2025-11-27,REFURBISH,2026-04-30T04:36:50.726872
RET-00004119,ORD-00014293,SKU-00673,3,2025-10-26,DUPLICATE_ORDER,UNSELLABLE,2564.82,,RESTOCK,2026-04-30T04:36:50.726872
RET-00004120,ORD-00039980,SKU-00262,5,2026-02-14,WRONG_ITEM,GOOD,2532.85,2026-02-16,DESTROY,2026-04-30T04:36:50.726872
RET-00004121,ORD-00021685,SKU-00480,5,2025-07-10,CHANGED_MIND,FAIR,4149.05,,REFURBISH,2026-04-30T04:36:50.726872
RET-00004122,ORD-00029695,SKU-00487,2,2026-03-17,CHANGED_MIND,GOOD,452.2,2026-03-19,REFURBISH,2026-04-30T04:36:50.726872
RET-00004123,ORD-00006966,SKU-00576,1,2026-04-05,NOT_AS_DESCRIBED,NEW,1018.96,2026-04-06,REFURBISH,2026-04-30T04:36:50.726872
RET-00004124,ORD-00021901,SKU-00109,5,2025-12-12,DUPLICATE_ORDER,DAMAGED,983.2,,DESTROY,2026-04-30T04:36:50.726872
RET-00004125,ORD-00024822,SKU-00674,2,2025-07-13,DEFECTIVE,NEW,176.22,2025-07-16,RESTOCK,2026-04-30T04:36:50.726872
RET-00004126,ORD-00004853,SKU-00221,5,2025-08-29,NOT_AS_DESCRIBED,LIKE_NEW,2523.25,2025-09-03,DONATE,2026-04-30T04:36:50.726872
RET-00004127,ORD-00012974,SKU-00865,4,2025-12-17,DEFECTIVE,DAMAGED,159.08,,REFURBISH,2026-04-30T04:36:50.726872
RET-00004128,ORD-00026017,SKU-00252,3,2026-03-11,DUPLICATE_ORDER,UNSELLABLE,1799.94,,RESTOCK,2026-04-30T04:36:50.726872
RET-00004129,ORD-00036879,SKU-00494,5,2025-10-02,DUPLICATE_ORDER,LIKE_NEW,3180.4,2025-10-03,RETURN_TO_VENDOR,2026-04-30T04:36:50.726872
RET-00004130,ORD-00022615,SKU-00125,1,2025-08-05,ARRIVED_LATE,LIKE_NEW,366.65,2025-08-06,RESTOCK,2026-04-30T04:36:50.726872
RET-00004131,ORD-00012806,SKU-00064,1,2025-10-06,DAMAGED_TRANSIT,DAMAGED,1104.03,,REFURBISH,2026-04-30T04:36:50.726872
RET-00004132,ORD-00045443,SKU-00420,1,2026-01-30,DAMAGED_TRANSIT,UNSELLABLE,888.87,,DESTROY,2026-04-30T04:36:50.726872
RET-00004133,ORD-00021349,SKU-00091,5,2025-11-30,CHANGED_MIND,UNSELLABLE,2199.95,,DESTROY,2026-04-30T04:36:50.726872
RET-00004134,ORD-00006155,SKU-00873,4,2026-01-16,WRONG_ITEM,UNSELLABLE,2092.64,,RETURN_TO_VENDOR,2026-04-30T04:36:50.726872
RET-00004135,ORD-00024945,SKU-00377,5,2025-08-27,DEFECTIVE,FAIR,2270.95,,DONATE,2026-04-30T04:36:50.726872
RET-00004136,ORD-00020991,SKU-00135,3,2025-08-11,DUPLICATE_ORDER,DAMAGED,3783.15,,RESTOCK,2026-04-30T04:36:50.726872
RET-00004137,ORD-00041166,SKU-00744,4,2025-06-29,CHANGED_MIND,NEW,4787.32,2025-07-01,RESTOCK,2026-04-30T04:36:50.726872
RET-00004138,ORD-00005697,SKU-00111,3,2026-01-08,DUPLICATE_ORDER,GOOD,1888.35,2026-01-14,RESTOCK,2026-04-30T04:36:50.726872
RET-00004139,ORD-00015137,SKU-00066,4,2025-06-02,DEFECTIVE,NEW,2743.48,2025-06-06,RESTOCK,2026-04-30T04:36:50.726872
RET-00004140,ORD-00039335,SKU-00036,2,2025-12-20,ARRIVED_LATE,LIKE_NEW,126.6,2025-12-21,REFURBISH,2026-04-30T04:36:50.726872
RET-00004141,ORD-00021039,SKU-00370,3,2026-01-28,ARRIVED_LATE,GOOD,1704.27,2026-01-31,RETURN_TO_VENDOR,2026-04-30T04:36:50.726872
RET-00004142,ORD-00001668,SKU-00566,3,2026-01-15,ARRIVED_LATE,GOOD,2132.01,2026-01-21,RESTOCK,2026-04-30T04:36:50.726872
RET-00004143,ORD-00018463,SKU-00835,1,2025-07-15,NOT_AS_DESCRIBED,GOOD,552.25,2025-07-19,RESTOCK,2026-04-30T04:36:50.726872
RET-00004144,ORD-00012199,SKU-00391,2,2026-01-06,CHANGED_MIND,DAMAGED,2083.08,,REFURBISH,2026-04-30T04:36:50.726872
RET-00004145,ORD-00019280,SKU-00502,5,2025-06-14,DAMAGED_TRANSIT,FAIR,1725.15,,RESTOCK,2026-04-30T04:36:50.726872
RET-00004146,ORD-00008520,SKU-00032,3,2026-01-13,CHANGED_MIND,FAIR,2438.46,,RETURN_TO_VENDOR,2026-04-30T04:36:50.726872
RET-00004147,ORD-00038734,SKU-00480,1,2026-01-05,ARRIVED_LATE,GOOD,829.81,2026-01-07,DESTROY,2026-04-30T04:36:50.726872
RET-00004148,ORD-00024276,SKU-00455,5,2025-12-25,ARRIVED_LATE,DAMAGED,1913.75,,DESTROY,2026-04-30T04:36:50.726872
RET-00004149,ORD-00022464,SKU-00488,1,2026-03-25,DUPLICATE_ORDER,DAMAGED,65.8,,DESTROY,2026-04-30T04:36:50.726872
RET-00004150,ORD-00039032,SKU-00203,5,2025-09-20,DUPLICATE_ORDER,DAMAGED,1607.45,,RESTOCK,2026-04-30T04:36:50.726872
RET-00004151,ORD-00021812,SKU-00659,1,2025-05-19,DEFECTIVE,LIKE_NEW,593.11,2025-05-20,DESTROY,2026-04-30T04:36:50.726872
RET-00004152,ORD-00032770,SKU-00563,4,2026-03-05,DEFECTIVE,DAMAGED,3786.0,,RETURN_TO_VENDOR,2026-04-30T04:36:50.726872
RET-00004153,ORD-00007117,SKU-00849,3,2026-04-23,DAMAGED_TRANSIT,UNSELLABLE,1654.53,,DONATE,2026-04-30T04:36:50.726872
RET-00004154,ORD-00047198,SKU-00272,2,2026-04-05,DAMAGED_TRANSIT,GOOD,1089.1,2026-04-06,REFURBISH,2026-04-30T04:36:50.726872
RET-00004155,ORD-00008305,SKU-00910,5,2025-05-04,DAMAGED_TRANSIT,FAIR,3745.95,,DONATE,2026-04-30T04:36:50.726872
RET-00004156,ORD-00040787,SKU-00242,3,2026-03-02,DUPLICATE_ORDER,LIKE_NEW,3208.86,2026-03-06,RESTOCK,2026-04-30T04:36:50.726872
RET-00004157,ORD-00043234,SKU-00420,4,2026-01-26,DUPLICATE_ORDER,UNSELLABLE,3555.48,,RESTOCK,2026-04-30T04:36:50.726872
RET-00004158,ORD-00000868,SKU-00162,4,2025-10-14,ARRIVED_LATE,GOOD,1213.72,2025-10-15,REFURBISH,2026-04-30T04:36:50.726872
RET-00004159,ORD-00038081,SKU-00708,5,2025-10-24,DUPLICATE_ORDER,FAIR,3749.8,,RESTOCK,2026-04-30T04:36:50.726872
RET-00004160,ORD-00012311,SKU-00449,3,2025-11-21,CHANGED_MIND,UNSELLABLE,531.96,,RESTOCK,2026-04-30T04:36:50.726872
RET-00004161,ORD-00048994,SKU-00669,1,2025-10-13,ARRIVED_LATE,GOOD,49.14,2025-10-19,RESTOCK,2026-04-30T04:36:50.726872
RET-00004162,ORD-00036459,SKU-00246,5,2025-07-20,DEFECTIVE,GOOD,2037.9,2025-07-24,DONATE,2026-04-30T04:36:50.726872
RET-00004163,ORD-00020499,SKU-00002,2,2026-02-01,ARRIVED_LATE,LIKE_NEW,2200.12,2026-02-05,REFURBISH,2026-04-30T04:36:50.726872
RET-00004164,ORD-00009800,SKU-00584,1,2025-09-01,NOT_AS_DESCRIBED,GOOD,1038.73,2025-09-08,DONATE,2026-04-30T04:36:50.726872
RET-00004165,ORD-00001070,SKU-00257,5,2025-08-06,WRONG_ITEM,FAIR,1315.35,,DESTROY,2026-04-30T04:36:50.726872
RET-00004166,ORD-00031428,SKU-00240,5,2025-12-18,DAMAGED_TRANSIT,LIKE_NEW,2284.45,2025-12-25,DESTROY,2026-04-30T04:36:50.726872
RET-00004167,ORD-00006667,SKU-00821,5,2026-01-08,DAMAGED_TRANSIT,FAIR,2502.65,,RESTOCK,2026-04-30T04:36:50.726872
RET-00004168,ORD-00034909,SKU-00854,4,2025-12-12,DEFECTIVE,NEW,2488.8,2025-12-13,RESTOCK,2026-04-30T04:36:50.726872
RET-00004169,ORD-00034692,SKU-00142,4,2025-10-01,CHANGED_MIND,DAMAGED,4114.72,,RESTOCK,2026-04-30T04:36:50.726872
RET-00004170,ORD-00018799,SKU-00365,3,2025-11-23,DUPLICATE_ORDER,FAIR,447.48,,DESTROY,2026-04-30T04:36:50.726872
RET-00004171,ORD-00031030,SKU-00536,5,2026-03-09,WRONG_ITEM,DAMAGED,314.65,,DONATE,2026-04-30T04:36:50.726872
RET-00004172,ORD-00043056,SKU-00100,3,2025-08-23,DAMAGED_TRANSIT,UNSELLABLE,92.46,,DESTROY,2026-04-30T04:36:50.726872
RET-00004173,ORD-00009911,SKU-00451,1,2026-02-08,ARRIVED_LATE,LIKE_NEW,1040.55,2026-02-11,REFURBISH,2026-04-30T04:36:50.726872
RET-00004174,ORD-00004936,SKU-00480,4,2025-10-28,CHANGED_MIND,GOOD,3319.24,2025-11-01,RESTOCK,2026-04-30T04:36:50.726872
RET-00004175,ORD-00034473,SKU-00248,3,2026-04-09,DEFECTIVE,NEW,39.75,2026-04-11,DESTROY,2026-04-30T04:36:50.726872
RET-00004176,ORD-00040838,SKU-00744,2,2025-09-04,ARRIVED_LATE,LIKE_NEW,2393.66,2025-09-09,DONATE,2026-04-30T04:36:50.726872
RET-00004177,ORD-00040721,SKU-00142,3,2025-06-30,WRONG_ITEM,GOOD,3086.04,2025-07-04,DESTROY,2026-04-30T04:36:50.726872
RET-00004178,ORD-00045047,SKU-00673,3,2025-12-15,DUPLICATE_ORDER,UNSELLABLE,2564.82,,RESTOCK,2026-04-30T04:36:50.726872
RET-00004179,ORD-00034657,SKU-00685,2,2026-03-13,DEFECTIVE,UNSELLABLE,1751.54,,DESTROY,2026-04-30T04:36:50.726872
RET-00004180,ORD-00038820,SKU-00342,3,2025-06-01,WRONG_ITEM,GOOD,1641.39,2025-06-07,DESTROY,2026-04-30T04:36:50.726872
RET-00004181,ORD-00000479,SKU-00277,2,2025-12-24,NOT_AS_DESCRIBED,NEW,1670.6,2025-12-27,RESTOCK,2026-04-30T04:36:50.726872
RET-00004182,ORD-00040717,SKU-00624,4,2025-06-18,DEFECTIVE,NEW,184.64,2025-06-22,REFURBISH,2026-04-30T04:36:50.726872
RET-00004183,ORD-00021911,SKU-00824,1,2026-02-19,NOT_AS_DESCRIBED,UNSELLABLE,383.93,,RESTOCK,2026-04-30T04:36:50.726872
RET-00004184,ORD-00025100,SKU-00943,4,2025-10-22,DEFECTIVE,LIKE_NEW,2798.04,2025-10-27,RESTOCK,2026-04-30T04:36:50.726872
RET-00004185,ORD-00048254,SKU-00998,4,2025-07-01,DAMAGED_TRANSIT,NEW,596.36,2025-07-07,RESTOCK,2026-04-30T04:36:50.726872
RET-00004186,ORD-00032372,SKU-00895,4,2025-07-10,ARRIVED_LATE,LIKE_NEW,790.04,2025-07-15,DESTROY,2026-04-30T04:36:50.726872
RET-00004187,ORD-00048984,SKU-00323,4,2026-01-07,ARRIVED_LATE,GOOD,2706.52,2026-01-11,RETURN_TO_VENDOR,2026-04-30T04:36:50.726872
RET-00004188,ORD-00018740,SKU-00629,5,2025-12-27,DEFECTIVE,UNSELLABLE,2734.9,,RESTOCK,2026-04-30T04:36:50.726872
RET-00004189,ORD-00036315,SKU-00392,2,2025-05-05,DUPLICATE_ORDER,DAMAGED,1980.2,,RETURN_TO_VENDOR,2026-04-30T04:36:50.726872
RET-00004190,ORD-00025913,SKU-00923,5,2025-08-14,NOT_AS_DESCRIBED,NEW,1115.05,2025-08-17,RESTOCK,2026-04-30T04:36:50.726872
RET-00004191,ORD-00038199,SKU-00645,3,2025-04-29,WRONG_ITEM,FAIR,876.6,,DONATE,2026-04-30T04:36:50.726872
RET-00004192,ORD-00008240,SKU-00781,2,2026-02-07,NOT_AS_DESCRIBED,LIKE_NEW,1810.9,2026-02-10,DESTROY,2026-04-30T04:36:50.726872
RET-00004193,ORD-00045973,SKU-00550,2,2025-05-01,DEFECTIVE,FAIR,1967.16,,DESTROY,2026-04-30T04:36:50.726872
RET-00004194,ORD-00029163,SKU-00446,2,2025-10-06,ARRIVED_LATE,DAMAGED,145.34,,DESTROY,2026-04-30T04:36:50.726872
RET-00004195,ORD-00036982,SKU-00782,5,2026-01-24,NOT_AS_DESCRIBED,LIKE_NEW,647.5,2026-01-29,REFURBISH,2026-04-30T04:36:50.726872
RET-00004196,ORD-00007661,SKU-00810,5,2026-04-16,DEFECTIVE,LIKE_NEW,375.8,2026-04-22,DESTROY,2026-04-30T04:36:50.726872
RET-00004197,ORD-00028173,SKU-00577,3,2026-04-10,DUPLICATE_ORDER,DAMAGED,1264.74,,RESTOCK,2026-04-30T04:36:50.726872
RET-00004198,ORD-00002901,SKU-00936,3,2025-08-17,DEFECTIVE,LIKE_NEW,2838.09,2025-08-22,RESTOCK,2026-04-30T04:36:50.726872
RET-00004199,ORD-00012264,SKU-00760,1,2026-03-30,DEFECTIVE,DAMAGED,364.24,,RETURN_TO_VENDOR,2026-04-30T04:36:50.726872
RET-00004200,ORD-00016627,SKU-00957,1,2025-11-29,DEFECTIVE,LIKE_NEW,233.43,2025-12-02,REFURBISH,2026-04-30T04:36:50.726872
RET-00004201,ORD-00046533,SKU-00119,2,2026-01-24,DAMAGED_TRANSIT,FAIR,754.84,,DESTROY,2026-04-30T04:36:50.726872
RET-00004202,ORD-00011357,SKU-00214,5,2025-06-24,WRONG_ITEM,DAMAGED,2473.85,,RESTOCK,2026-04-30T04:36:50.726872
RET-00004203,ORD-00023636,SKU-00078,2,2025-11-05,NOT_AS_DESCRIBED,UNSELLABLE,923.44,,RESTOCK,2026-04-30T04:36:50.726872
RET-00004204,ORD-00027136,SKU-00381,1,2025-07-27,CHANGED_MIND,UNSELLABLE,525.64,,RESTOCK,2026-04-30T04:36:50.726872
RET-00004205,ORD-00020305,SKU-00187,3,2025-12-21,WRONG_ITEM,UNSELLABLE,998.94,,REFURBISH,2026-04-30T04:36:50.726872
RET-00004206,ORD-00007134,SKU-00749,4,2025-12-14,DEFECTIVE,DAMAGED,2716.44,,REFURBISH,2026-04-30T04:36:50.726872
RET-00004207,ORD-00045453,SKU-00714,1,2025-11-18,ARRIVED_LATE,GOOD,959.4,2025-11-23,RESTOCK,2026-04-30T04:36:50.726872
RET-00004208,ORD-00006321,SKU-00335,5,2025-11-27,CHANGED_MIND,LIKE_NEW,6503.7,2025-12-02,RESTOCK,2026-04-30T04:36:50.726872
RET-00004209,ORD-00005597,SKU-00295,5,2026-03-08,DAMAGED_TRANSIT,NEW,144.7,2026-03-11,RETURN_TO_VENDOR,2026-04-30T04:36:50.726872
RET-00004210,ORD-00025489,SKU-00125,5,2025-08-16,DEFECTIVE,LIKE_NEW,1833.25,2025-08-21,RETURN_TO_VENDOR,2026-04-30T04:36:50.726872
RET-00004211,ORD-00034338,SKU-00048,2,2026-01-25,ARRIVED_LATE,UNSELLABLE,1010.04,,DONATE,2026-04-30T04:36:50.726872
RET-00004212,ORD-00041549,SKU-00472,1,2025-04-30,DAMAGED_TRANSIT,DAMAGED,700.82,,DESTROY,2026-04-30T04:36:50.726872
RET-00004213,ORD-00021214,SKU-00205,1,2025-06-22,DAMAGED_TRANSIT,GOOD,150.34,2025-06-27,DESTROY,2026-04-30T04:36:50.726872
RET-00004214,ORD-00022539,SKU-00313,5,2026-04-19,ARRIVED_LATE,GOOD,2113.95,2026-04-26,REFURBISH,2026-04-30T04:36:50.726872
RET-00004215,ORD-00018687,SKU-00164,3,2025-07-22,DAMAGED_TRANSIT,DAMAGED,1595.07,,REFURBISH,2026-04-30T04:36:50.726872
RET-00004216,ORD-00035392,SKU-00358,2,2026-03-11,CHANGED_MIND,LIKE_NEW,2161.1,2026-03-18,DESTROY,2026-04-30T04:36:50.726872
RET-00004217,ORD-00040971,SKU-00251,2,2026-03-17,DAMAGED_TRANSIT,GOOD,1109.54,2026-03-21,REFURBISH,2026-04-30T04:36:50.726872
RET-00004218,ORD-00042589,SKU-00200,5,2025-06-05,ARRIVED_LATE,FAIR,3218.15,,RESTOCK,2026-04-30T04:36:50.726872
RET-00004219,ORD-00024828,SKU-00742,4,2025-05-21,ARRIVED_LATE,GOOD,3334.16,2025-05-23,RESTOCK,2026-04-30T04:36:50.726872
RET-00004220,ORD-00023414,SKU-00928,4,2025-10-22,DUPLICATE_ORDER,LIKE_NEW,695.56,2025-10-28,REFURBISH,2026-04-30T04:36:50.726872
RET-00004221,ORD-00014100,SKU-00846,1,2025-05-07,NOT_AS_DESCRIBED,DAMAGED,304.78,,DONATE,2026-04-30T04:36:50.726872
RET-00004222,ORD-00017364,SKU-00006,1,2026-03-26,DUPLICATE_ORDER,GOOD,398.62,2026-03-29,RETURN_TO_VENDOR,2026-04-30T04:36:50.726872
RET-00004223,ORD-00047774,SKU-00313,4,2026-03-01,DAMAGED_TRANSIT,FAIR,1691.16,,REFURBISH,2026-04-30T04:36:50.726872
RET-00004224,ORD-00032744,SKU-00101,3,2026-02-18,DAMAGED_TRANSIT,NEW,826.08,2026-02-20,RETURN_TO_VENDOR,2026-04-30T04:36:50.726872
RET-00004225,ORD-00035362,SKU-00367,4,2025-09-30,CHANGED_MIND,GOOD,2697.24,2025-10-04,REFURBISH,2026-04-30T04:36:50.726872
RET-00004226,ORD-00037490,SKU-00814,1,2026-01-03,WRONG_ITEM,GOOD,1407.02,2026-01-08,REFURBISH,2026-04-30T04:36:50.726872
RET-00004227,ORD-00032548,SKU-00233,4,2025-05-08,DAMAGED_TRANSIT,GOOD,2579.08,2025-05-11,REFURBISH,2026-04-30T04:36:50.726872
RET-00004228,ORD-00040205,SKU-00018,3,2025-11-09,DAMAGED_TRANSIT,GOOD,1791.03,2025-11-11,RESTOCK,2026-04-30T04:36:50.726872
RET-00004229,ORD-00015896,SKU-00388,3,2025-12-01,NOT_AS_DESCRIBED,NEW,1699.65,2025-12-07,RESTOCK,2026-04-30T04:36:50.726872
RET-00004230,ORD-00049786,SKU-00074,4,2025-10-21,DAMAGED_TRANSIT,UNSELLABLE,306.44,,RETURN_TO_VENDOR,2026-04-30T04:36:50.726872
RET-00004231,ORD-00011801,SKU-00809,3,2025-07-13,NOT_AS_DESCRIBED,GOOD,956.73,2025-07-19,REFURBISH,2026-04-30T04:36:50.726872
RET-00004232,ORD-00033992,SKU-00504,1,2025-09-17,CHANGED_MIND,GOOD,371.85,2025-09-21,DESTROY,2026-04-30T04:36:50.726872
RET-00004233,ORD-00026006,SKU-00047,3,2025-08-13,NOT_AS_DESCRIBED,GOOD,1525.77,2025-08-20,RESTOCK,2026-04-30T04:36:50.726872
RET-00004234,ORD-00046885,SKU-00270,3,2025-08-04,DUPLICATE_ORDER,GOOD,737.1,2025-08-05,DONATE,2026-04-30T04:36:50.726872
RET-00004235,ORD-00013012,SKU-00097,1,2025-11-01,WRONG_ITEM,LIKE_NEW,814.54,2025-11-05,RESTOCK,2026-04-30T04:36:50.726872
RET-00004236,ORD-00027919,SKU-00418,5,2025-09-12,DAMAGED_TRANSIT,NEW,657.45,2025-09-13,RESTOCK,2026-04-30T04:36:50.726872
RET-00004237,ORD-00006880,SKU-00535,1,2025-07-24,DEFECTIVE,FAIR,32.85,,DONATE,2026-04-30T04:36:50.726872
RET-00004238,ORD-00025890,SKU-00148,1,2026-03-02,DEFECTIVE,DAMAGED,70.1,,DONATE,2026-04-30T04:36:50.726872
RET-00004239,ORD-00005016,SKU-00572,5,2026-03-29,NOT_AS_DESCRIBED,GOOD,571.4,2026-04-03,DESTROY,2026-04-30T04:36:50.726872
RET-00004240,ORD-00019148,SKU-00309,3,2026-03-03,DUPLICATE_ORDER,FAIR,2846.52,,REFURBISH,2026-04-30T04:36:50.726872
RET-00004241,ORD-00021675,SKU-00067,2,2025-12-09,WRONG_ITEM,NEW,1399.16,2025-12-13,RETURN_TO_VENDOR,2026-04-30T04:36:50.726872
RET-00004242,ORD-00017494,SKU-00864,4,2025-05-29,ARRIVED_LATE,GOOD,4195.88,2025-05-31,RETURN_TO_VENDOR,2026-04-30T04:36:50.726872
RET-00004243,ORD-00024106,SKU-00833,1,2025-12-12,CHANGED_MIND,GOOD,94.23,2025-12-14,RESTOCK,2026-04-30T04:36:50.726872
RET-00004244,ORD-00034212,SKU-00850,5,2025-06-27,NOT_AS_DESCRIBED,NEW,2776.9,2025-07-04,DONATE,2026-04-30T04:36:50.726872
RET-00004245,ORD-00024128,SKU-00915,1,2025-06-18,DUPLICATE_ORDER,LIKE_NEW,1001.51,2025-06-22,DONATE,2026-04-30T04:36:50.726872
RET-00004246,ORD-00029583,SKU-00679,5,2025-05-14,ARRIVED_LATE,LIKE_NEW,155.2,2025-05-19,DESTROY,2026-04-30T04:36:50.726872
RET-00004247,ORD-00008381,SKU-00405,3,2025-06-11,WRONG_ITEM,GOOD,751.5,2025-06-17,DONATE,2026-04-30T04:36:50.726872
RET-00004248,ORD-00042859,SKU-00089,2,2025-07-29,NOT_AS_DESCRIBED,LIKE_NEW,465.28,2025-08-05,RESTOCK,2026-04-30T04:36:50.726872
RET-00004249,ORD-00028700,SKU-00992,2,2026-02-05,WRONG_ITEM,NEW,1570.74,2026-02-08,RESTOCK,2026-04-30T04:36:50.726872
RET-00004250,ORD-00012643,SKU-00917,2,2025-11-22,DAMAGED_TRANSIT,UNSELLABLE,2732.12,,RESTOCK,2026-04-30T04:36:50.726872
RET-00004251,ORD-00045476,SKU-00733,2,2025-08-21,DUPLICATE_ORDER,DAMAGED,800.88,,RETURN_TO_VENDOR,2026-04-30T04:36:50.726872
RET-00004252,ORD-00026522,SKU-00917,2,2025-08-08,WRONG_ITEM,DAMAGED,2732.12,,RETURN_TO_VENDOR,2026-04-30T04:36:50.726872
RET-00004253,ORD-00043911,SKU-00897,5,2025-07-17,DUPLICATE_ORDER,LIKE_NEW,208.85,2025-07-21,RESTOCK,2026-04-30T04:36:50.726872
RET-00004254,ORD-00045734,SKU-00627,2,2025-11-08,DEFECTIVE,GOOD,239.44,2025-11-12,DESTROY,2026-04-30T04:36:50.726872
RET-00004255,ORD-00038137,SKU-00454,5,2025-05-09,DEFECTIVE,NEW,3272.05,2025-05-14,DESTROY,2026-04-30T04:36:50.726872
RET-00004256,ORD-00041507,SKU-00362,4,2025-11-09,NOT_AS_DESCRIBED,FAIR,3371.96,,RESTOCK,2026-04-30T04:36:50.726872
RET-00004257,ORD-00034823,SKU-00908,5,2025-06-14,DUPLICATE_ORDER,DAMAGED,3376.7,,DONATE,2026-04-30T04:36:50.726872
RET-00004258,ORD-00001398,SKU-00378,2,2025-05-10,NOT_AS_DESCRIBED,FAIR,2442.12,,RESTOCK,2026-04-30T04:36:50.726872
RET-00004259,ORD-00017705,SKU-00073,5,2025-09-20,NOT_AS_DESCRIBED,LIKE_NEW,2962.5,2025-09-26,RESTOCK,2026-04-30T04:36:50.726872
RET-00004260,ORD-00042071,SKU-00528,5,2025-05-08,DUPLICATE_ORDER,LIKE_NEW,1870.2,2025-05-15,RESTOCK,2026-04-30T04:36:50.726872
RET-00004261,ORD-00036731,SKU-00159,1,2025-07-14,NOT_AS_DESCRIBED,DAMAGED,250.1,,RETURN_TO_VENDOR,2026-04-30T04:36:50.726872
RET-00004262,ORD-00016039,SKU-00753,5,2025-10-01,DAMAGED_TRANSIT,GOOD,2307.95,2025-10-08,REFURBISH,2026-04-30T04:36:50.726872
RET-00004263,ORD-00022254,SKU-00301,3,2025-08-06,NOT_AS_DESCRIBED,GOOD,3057.24,2025-08-12,RETURN_TO_VENDOR,2026-04-30T04:36:50.726872
RET-00004264,ORD-00021226,SKU-00868,4,2025-08-31,NOT_AS_DESCRIBED,GOOD,647.32,2025-09-06,DESTROY,2026-04-30T04:36:50.726872
RET-00004265,ORD-00012994,SKU-00698,4,2025-12-17,DUPLICATE_ORDER,NEW,142.32,2025-12-22,RESTOCK,2026-04-30T04:36:50.726872
RET-00004266,ORD-00004939,SKU-00307,2,2025-05-26,ARRIVED_LATE,LIKE_NEW,2201.64,2025-05-27,RESTOCK,2026-04-30T04:36:50.726872
RET-00004267,ORD-00009703,SKU-00789,5,2026-01-07,ARRIVED_LATE,UNSELLABLE,4139.5,,DESTROY,2026-04-30T04:36:50.726872
RET-00004268,ORD-00007725,SKU-00505,3,2026-03-13,WRONG_ITEM,FAIR,4357.86,,DESTROY,2026-04-30T04:36:50.726872
RET-00004269,ORD-00027490,SKU-00167,2,2026-01-25,DAMAGED_TRANSIT,NEW,1846.04,2026-01-30,DESTROY,2026-04-30T04:36:50.726872
RET-00004270,ORD-00044475,SKU-00567,3,2025-08-06,ARRIVED_LATE,LIKE_NEW,2547.66,2025-08-07,REFURBISH,2026-04-30T04:36:50.726872
RET-00004271,ORD-00010235,SKU-00957,4,2026-04-10,DEFECTIVE,GOOD,933.72,2026-04-12,DONATE,2026-04-30T04:36:50.726872
RET-00004272,ORD-00007314,SKU-00067,2,2026-04-04,DEFECTIVE,GOOD,1399.16,2026-04-10,RESTOCK,2026-04-30T04:36:50.726872
RET-00004273,ORD-00031335,SKU-00861,3,2025-12-21,WRONG_ITEM,DAMAGED,1925.76,,DESTROY,2026-04-30T04:36:50.726872
RET-00004274,ORD-00032805,SKU-00160,1,2025-10-13,DUPLICATE_ORDER,FAIR,473.91,,REFURBISH,2026-04-30T04:36:50.726872
RET-00004275,ORD-00034686,SKU-00359,4,2025-06-30,NOT_AS_DESCRIBED,DAMAGED,5448.68,,DONATE,2026-04-30T04:36:50.726872
RET-00004276,ORD-00039046,SKU-00541,5,2025-10-22,NOT_AS_DESCRIBED,LIKE_NEW,3479.35,2025-10-23,RESTOCK,2026-04-30T04:36:50.726872
RET-00004277,ORD-00047353,SKU-00137,4,2025-12-17,ARRIVED_LATE,GOOD,2808.56,2025-12-23,DESTROY,2026-04-30T04:36:50.726872
RET-00004278,ORD-00026223,SKU-00763,4,2025-06-08,ARRIVED_LATE,UNSELLABLE,3208.76,,RESTOCK,2026-04-30T04:36:50.726872
RET-00004279,ORD-00047336,SKU-00007,5,2026-04-08,DUPLICATE_ORDER,LIKE_NEW,3449.7,2026-04-14,REFURBISH,2026-04-30T04:36:50.726872
RET-00004280,ORD-00005867,SKU-00090,5,2025-06-15,ARRIVED_LATE,LIKE_NEW,1411.4,2025-06-18,RESTOCK,2026-04-30T04:36:50.726872
RET-00004281,ORD-00004920,SKU-00709,2,2025-08-18,DEFECTIVE,LIKE_NEW,1291.34,2025-08-19,DESTROY,2026-04-30T04:36:50.726872
RET-00004282,ORD-00039600,SKU-00270,3,2025-09-19,DAMAGED_TRANSIT,GOOD,737.1,2025-09-21,DESTROY,2026-04-30T04:36:50.726872
RET-00004283,ORD-00014267,SKU-00028,4,2026-03-22,WRONG_ITEM,NEW,924.24,2026-03-28,RESTOCK,2026-04-30T04:36:50.726872
RET-00004284,ORD-00010574,SKU-00609,2,2026-01-19,DAMAGED_TRANSIT,DAMAGED,1576.62,,DESTROY,2026-04-30T04:36:50.726872
RET-00004285,ORD-00040985,SKU-00968,4,2025-10-15,WRONG_ITEM,FAIR,3946.28,,REFURBISH,2026-04-30T04:36:50.726872
RET-00004286,ORD-00000894,SKU-00048,1,2025-12-01,DUPLICATE_ORDER,GOOD,505.02,2025-12-08,REFURBISH,2026-04-30T04:36:50.726872
RET-00004287,ORD-00037588,SKU-00814,2,2026-04-02,ARRIVED_LATE,LIKE_NEW,2814.04,2026-04-08,RESTOCK,2026-04-30T04:36:50.726872
RET-00004288,ORD-00029011,SKU-00421,1,2025-06-09,DUPLICATE_ORDER,GOOD,148.65,2025-06-13,RESTOCK,2026-04-30T04:36:50.726872
RET-00004289,ORD-00047701,SKU-00216,3,2025-06-13,CHANGED_MIND,NEW,943.56,2025-06-19,RESTOCK,2026-04-30T04:36:50.726872
RET-00004290,ORD-00029062,SKU-00164,1,2025-07-19,DUPLICATE_ORDER,GOOD,531.69,2025-07-24,DESTROY,2026-04-30T04:36:50.726872
RET-00004291,ORD-00017122,SKU-00498,2,2025-12-08,NOT_AS_DESCRIBED,FAIR,850.94,,RESTOCK,2026-04-30T04:36:50.726872
RET-00004292,ORD-00011297,SKU-00494,1,2025-11-09,DEFECTIVE,DAMAGED,636.08,,REFURBISH,2026-04-30T04:36:50.726872
RET-00004293,ORD-00012285,SKU-00815,4,2025-05-25,ARRIVED_LATE,GOOD,4115.72,2025-05-30,REFURBISH,2026-04-30T04:36:50.726872
RET-00004294,ORD-00015627,SKU-00556,1,2026-01-16,DAMAGED_TRANSIT,GOOD,534.08,2026-01-23,RESTOCK,2026-04-30T04:36:50.726872
RET-00004295,ORD-00022049,SKU-00994,5,2026-02-19,CHANGED_MIND,LIKE_NEW,1802.75,2026-02-22,REFURBISH,2026-04-30T04:36:50.726872
RET-00004296,ORD-00016755,SKU-00149,2,2026-02-07,ARRIVED_LATE,DAMAGED,658.6,,DONATE,2026-04-30T04:36:50.726872
RET-00004297,ORD-00044350,SKU-00410,5,2025-07-28,CHANGED_MIND,GOOD,6423.4,2025-08-01,REFURBISH,2026-04-30T04:36:50.726872
RET-00004298,ORD-00038613,SKU-00262,2,2025-08-15,WRONG_ITEM,DAMAGED,1013.14,,REFURBISH,2026-04-30T04:36:50.726872
RET-00004299,ORD-00004403,SKU-00395,2,2025-07-27,WRONG_ITEM,LIKE_NEW,1027.38,2025-07-31,REFURBISH,2026-04-30T04:36:50.726872
RET-00004300,ORD-00041461,SKU-00397,2,2026-04-05,DUPLICATE_ORDER,DAMAGED,847.44,,REFURBISH,2026-04-30T04:36:50.726872
RET-00004301,ORD-00033261,SKU-00454,5,2025-06-28,DAMAGED_TRANSIT,LIKE_NEW,3272.05,2025-07-04,RETURN_TO_VENDOR,2026-04-30T04:36:50.726872
RET-00004302,ORD-00021533,SKU-00134,1,2025-11-28,WRONG_ITEM,NEW,226.9,2025-12-05,RESTOCK,2026-04-30T04:36:50.726872
RET-00004303,ORD-00003059,SKU-00677,2,2025-11-12,ARRIVED_LATE,FAIR,1080.56,,DONATE,2026-04-30T04:36:50.726872
RET-00004304,ORD-00032263,SKU-00171,4,2025-09-17,CHANGED_MIND,GOOD,4840.12,2025-09-18,RESTOCK,2026-04-30T04:36:50.726872
RET-00004305,ORD-00027215,SKU-00501,3,2025-07-18,ARRIVED_LATE,DAMAGED,767.49,,RETURN_TO_VENDOR,2026-04-30T04:36:50.726872
RET-00004306,ORD-00043236,SKU-00390,2,2026-02-22,DEFECTIVE,GOOD,461.22,2026-02-28,RETURN_TO_VENDOR,2026-04-30T04:36:50.726872
RET-00004307,ORD-00046951,SKU-00013,2,2025-05-08,CHANGED_MIND,DAMAGED,1334.9,,RESTOCK,2026-04-30T04:36:50.726872
RET-00004308,ORD-00035384,SKU-00004,2,2025-10-26,DUPLICATE_ORDER,NEW,1387.34,2025-10-31,REFURBISH,2026-04-30T04:36:50.726872
RET-00004309,ORD-00006865,SKU-00266,5,2025-05-31,WRONG_ITEM,GOOD,3624.8,2025-06-07,DONATE,2026-04-30T04:36:50.726872
RET-00004310,ORD-00019844,SKU-00423,2,2026-02-16,DUPLICATE_ORDER,GOOD,1990.38,2026-02-21,RESTOCK,2026-04-30T04:36:50.726872
RET-00004311,ORD-00006587,SKU-00609,1,2026-03-01,CHANGED_MIND,FAIR,788.31,,RESTOCK,2026-04-30T04:36:50.726872
RET-00004312,ORD-00019761,SKU-00441,1,2025-07-29,DEFECTIVE,UNSELLABLE,655.22,,REFURBISH,2026-04-30T04:36:50.726872
RET-00004313,ORD-00005998,SKU-00750,4,2025-05-17,WRONG_ITEM,GOOD,2278.84,2025-05-18,REFURBISH,2026-04-30T04:36:50.726872
RET-00004314,ORD-00039392,SKU-00149,5,2025-07-28,WRONG_ITEM,DAMAGED,1646.5,,DONATE,2026-04-30T04:36:50.726872
RET-00004315,ORD-00003838,SKU-00532,4,2025-11-08,CHANGED_MIND,GOOD,192.6,2025-11-15,DESTROY,2026-04-30T04:36:50.726872
RET-00004316,ORD-00022816,SKU-00919,5,2025-11-14,DEFECTIVE,GOOD,728.6,2025-11-19,RESTOCK,2026-04-30T04:36:50.726872
RET-00004317,ORD-00013007,SKU-00405,1,2025-12-30,ARRIVED_LATE,GOOD,250.5,2026-01-02,REFURBISH,2026-04-30T04:36:50.726872
RET-00004318,ORD-00005933,SKU-00113,1,2025-06-03,DAMAGED_TRANSIT,GOOD,98.46,2025-06-05,REFURBISH,2026-04-30T04:36:50.726872
RET-00004319,ORD-00047954,SKU-00720,1,2025-04-29,WRONG_ITEM,FAIR,369.66,,RESTOCK,2026-04-30T04:36:50.726872
RET-00004320,ORD-00024482,SKU-00437,3,2026-02-06,DUPLICATE_ORDER,UNSELLABLE,2343.51,,RESTOCK,2026-04-30T04:36:50.726872
RET-00004321,ORD-00038330,SKU-00496,3,2025-12-14,DUPLICATE_ORDER,FAIR,2307.06,,RESTOCK,2026-04-30T04:36:50.726872
RET-00004322,ORD-00037312,SKU-00145,2,2026-01-04,ARRIVED_LATE,LIKE_NEW,1291.62,2026-01-06,DONATE,2026-04-30T04:36:50.726872
RET-00004323,ORD-00012745,SKU-00624,3,2025-08-22,ARRIVED_LATE,LIKE_NEW,138.48,2025-08-24,REFURBISH,2026-04-30T04:36:50.726872
RET-00004324,ORD-00038013,SKU-00830,2,2025-07-04,NOT_AS_DESCRIBED,FAIR,750.28,,RESTOCK,2026-04-30T04:36:50.726872
RET-00004325,ORD-00026716,SKU-00686,1,2026-01-19,ARRIVED_LATE,GOOD,1168.22,2026-01-23,RESTOCK,2026-04-30T04:36:50.726872
RET-00004326,ORD-00038721,SKU-00019,5,2025-06-19,WRONG_ITEM,NEW,2665.9,2025-06-24,DESTROY,2026-04-30T04:36:50.726872
RET-00004327,ORD-00023924,SKU-00622,5,2025-07-24,DUPLICATE_ORDER,NEW,175.05,2025-07-25,RESTOCK,2026-04-30T04:36:50.726872
RET-00004328,ORD-00013149,SKU-00220,3,2025-06-15,NOT_AS_DESCRIBED,GOOD,1604.37,2025-06-22,DESTROY,2026-04-30T04:36:50.726872
RET-00004329,ORD-00012466,SKU-00842,3,2026-01-29,NOT_AS_DESCRIBED,DAMAGED,3039.9,,DONATE,2026-04-30T04:36:50.726872
RET-00004330,ORD-00005843,SKU-00107,2,2025-10-23,WRONG_ITEM,FAIR,2075.12,,DESTROY,2026-04-30T04:36:50.726872
RET-00004331,ORD-00014329,SKU-00131,4,2025-09-13,WRONG_ITEM,LIKE_NEW,3975.92,2025-09-19,REFURBISH,2026-04-30T04:36:50.726872
RET-00004332,ORD-00032531,SKU-00526,2,2025-09-26,DEFECTIVE,GOOD,91.72,2025-09-27,DESTROY,2026-04-30T04:36:50.726872
RET-00004333,ORD-00011619,SKU-00892,4,2025-05-21,ARRIVED_LATE,LIKE_NEW,1315.52,2025-05-23,REFURBISH,2026-04-30T04:36:50.726872
RET-00004334,ORD-00012548,SKU-00170,4,2025-06-16,DAMAGED_TRANSIT,FAIR,2837.92,,REFURBISH,2026-04-30T04:36:50.726872
RET-00004335,ORD-00048048,SKU-00595,4,2025-09-22,DEFECTIVE,GOOD,660.64,2025-09-23,RESTOCK,2026-04-30T04:36:50.726872
RET-00004336,ORD-00013115,SKU-00820,4,2026-04-26,WRONG_ITEM,UNSELLABLE,197.16,,RESTOCK,2026-04-30T04:36:50.726872
RET-00004337,ORD-00024561,SKU-00130,5,2025-09-12,DUPLICATE_ORDER,DAMAGED,3034.05,,REFURBISH,2026-04-30T04:36:50.726872
RET-00004338,ORD-00042511,SKU-00811,1,2025-08-04,NOT_AS_DESCRIBED,FAIR,371.13,,RESTOCK,2026-04-30T04:36:50.726872
RET-00004339,ORD-00009166,SKU-00058,4,2025-06-23,DUPLICATE_ORDER,UNSELLABLE,5590.68,,RESTOCK,2026-04-30T04:36:50.726872
RET-00004340,ORD-00030114,SKU-00161,3,2025-11-13,DAMAGED_TRANSIT,LIKE_NEW,3665.46,2025-11-17,REFURBISH,2026-04-30T04:36:50.726872
RET-00004341,ORD-00035887,SKU-00460,1,2026-04-23,WRONG_ITEM,NEW,281.22,2026-04-27,DONATE,2026-04-30T04:36:50.726872
RET-00004342,ORD-00025443,SKU-00892,5,2026-01-08,NOT_AS_DESCRIBED,NEW,1644.4,2026-01-13,RESTOCK,2026-04-30T04:36:50.726872
RET-00004343,ORD-00021767,SKU-00266,1,2025-11-11,ARRIVED_LATE,GOOD,724.96,2025-11-14,DESTROY,2026-04-30T04:36:50.726872
RET-00004344,ORD-00026022,SKU-00917,4,2025-09-05,WRONG_ITEM,LIKE_NEW,5464.24,2025-09-08,RESTOCK,2026-04-30T04:36:50.726872
RET-00004345,ORD-00021108,SKU-00833,4,2025-12-29,DUPLICATE_ORDER,UNSELLABLE,376.92,,DONATE,2026-04-30T04:36:50.726872
RET-00004346,ORD-00013524,SKU-00809,1,2025-07-01,ARRIVED_LATE,UNSELLABLE,318.91,,REFURBISH,2026-04-30T04:36:50.726872
RET-00004347,ORD-00021694,SKU-00019,3,2025-05-05,DAMAGED_TRANSIT,UNSELLABLE,1599.54,,REFURBISH,2026-04-30T04:36:50.726872
RET-00004348,ORD-00033628,SKU-00884,2,2025-12-02,DAMAGED_TRANSIT,UNSELLABLE,22.52,,RESTOCK,2026-04-30T04:36:50.726872
RET-00004349,ORD-00036500,SKU-00192,2,2026-01-16,WRONG_ITEM,LIKE_NEW,296.3,2026-01-21,RETURN_TO_VENDOR,2026-04-30T04:36:50.726872
RET-00004350,ORD-00002250,SKU-00693,2,2025-09-02,NOT_AS_DESCRIBED,GOOD,1511.04,2025-09-09,RESTOCK,2026-04-30T04:36:50.726872
RET-00004351,ORD-00004448,SKU-00849,4,2025-07-01,ARRIVED_LATE,LIKE_NEW,2206.04,2025-07-04,RESTOCK,2026-04-30T04:36:50.726872
RET-00004352,ORD-00001151,SKU-00527,1,2025-11-30,WRONG_ITEM,DAMAGED,759.24,,RETURN_TO_VENDOR,2026-04-30T04:36:50.726872
RET-00004353,ORD-00006368,SKU-00974,1,2025-06-11,DAMAGED_TRANSIT,GOOD,1038.82,2025-06-16,RESTOCK,2026-04-30T04:36:50.726872
RET-00004354,ORD-00014979,SKU-00332,1,2026-04-13,DUPLICATE_ORDER,GOOD,260.37,2026-04-18,RETURN_TO_VENDOR,2026-04-30T04:36:50.726872
RET-00004355,ORD-00049947,SKU-00716,3,2025-08-24,DUPLICATE_ORDER,GOOD,2167.56,2025-08-28,RESTOCK,2026-04-30T04:36:50.726872
RET-00004356,ORD-00005639,SKU-00047,3,2025-06-15,WRONG_ITEM,UNSELLABLE,1525.77,,REFURBISH,2026-04-30T04:36:50.726872
RET-00004357,ORD-00019531,SKU-00037,3,2026-03-28,DUPLICATE_ORDER,NEW,1349.31,2026-03-31,RESTOCK,2026-04-30T04:36:50.726872
RET-00004358,ORD-00025817,SKU-00919,4,2025-10-26,ARRIVED_LATE,LIKE_NEW,582.88,2025-10-29,DONATE,2026-04-30T04:36:50.726872
RET-00004359,ORD-00014211,SKU-00827,2,2025-08-09,NOT_AS_DESCRIBED,LIKE_NEW,864.94,2025-08-16,RETURN_TO_VENDOR,2026-04-30T04:36:50.726872
RET-00004360,ORD-00045137,SKU-00284,3,2025-06-21,DEFECTIVE,FAIR,763.11,,DONATE,2026-04-30T04:36:50.726872
RET-00004361,ORD-00019395,SKU-00152,3,2025-05-02,NOT_AS_DESCRIBED,LIKE_NEW,2718.39,2025-05-09,REFURBISH,2026-04-30T04:36:50.726872
RET-00004362,ORD-00019616,SKU-00417,4,2025-12-02,DEFECTIVE,LIKE_NEW,1523.4,2025-12-03,RESTOCK,2026-04-30T04:36:50.726872
RET-00004363,ORD-00001007,SKU-00539,2,2026-03-11,DUPLICATE_ORDER,LIKE_NEW,1291.62,2026-03-18,RESTOCK,2026-04-30T04:36:50.726872
RET-00004364,ORD-00005384,SKU-00196,2,2025-08-26,ARRIVED_LATE,GOOD,418.14,2025-08-29,RESTOCK,2026-04-30T04:36:50.726872
RET-00004365,ORD-00031332,SKU-00773,1,2025-06-08,CHANGED_MIND,NEW,446.29,2025-06-14,RETURN_TO_VENDOR,2026-04-30T04:36:50.726872
RET-00004366,ORD-00013878,SKU-00908,1,2026-02-04,DAMAGED_TRANSIT,FAIR,675.34,,RESTOCK,2026-04-30T04:36:50.726872
RET-00004367,ORD-00046001,SKU-00125,4,2025-05-14,WRONG_ITEM,GOOD,1466.6,2025-05-21,RETURN_TO_VENDOR,2026-04-30T04:36:50.726872
RET-00004368,ORD-00025697,SKU-00228,3,2025-12-16,WRONG_ITEM,FAIR,620.07,,DESTROY,2026-04-30T04:36:50.726872
RET-00004369,ORD-00044468,SKU-00709,5,2025-06-07,DAMAGED_TRANSIT,DAMAGED,3228.35,,DESTROY,2026-04-30T04:36:50.726872
RET-00004370,ORD-00007328,SKU-00543,5,2025-09-18,CHANGED_MIND,LIKE_NEW,4155.0,2025-09-21,RETURN_TO_VENDOR,2026-04-30T04:36:50.726872
RET-00004371,ORD-00021003,SKU-00506,4,2026-01-10,DUPLICATE_ORDER,GOOD,4294.04,2026-01-12,RETURN_TO_VENDOR,2026-04-30T04:36:50.726872
RET-00004372,ORD-00017522,SKU-00957,2,2025-08-25,WRONG_ITEM,NEW,466.86,2025-08-29,REFURBISH,2026-04-30T04:36:50.726872
RET-00004373,ORD-00015628,SKU-00458,5,2025-05-02,CHANGED_MIND,DAMAGED,47.85,,RESTOCK,2026-04-30T04:36:50.726872
RET-00004374,ORD-00022354,SKU-00958,2,2025-12-20,CHANGED_MIND,FAIR,905.48,,DONATE,2026-04-30T04:36:50.726872
RET-00004375,ORD-00026013,SKU-00530,3,2025-08-30,WRONG_ITEM,NEW,2758.92,2025-09-04,DESTROY,2026-04-30T04:36:50.726872
RET-00004376,ORD-00018204,SKU-00515,4,2026-03-24,DAMAGED_TRANSIT,NEW,2600.4,2026-03-30,DESTROY,2026-04-30T04:36:50.726872
RET-00004377,ORD-00034432,SKU-00137,5,2026-04-08,DAMAGED_TRANSIT,LIKE_NEW,3510.7,2026-04-11,DONATE,2026-04-30T04:36:50.726872
RET-00004378,ORD-00026387,SKU-00359,5,2025-05-05,WRONG_ITEM,NEW,6810.85,2025-05-10,RESTOCK,2026-04-30T04:36:50.726872
RET-00004379,ORD-00035406,SKU-00199,3,2025-06-14,ARRIVED_LATE,LIKE_NEW,886.23,2025-06-19,DONATE,2026-04-30T04:36:50.726872
RET-00004380,ORD-00017120,SKU-00387,2,2026-03-16,ARRIVED_LATE,FAIR,1847.26,,RETURN_TO_VENDOR,2026-04-30T04:36:50.726872
RET-00004381,ORD-00013836,SKU-00120,5,2025-06-20,WRONG_ITEM,FAIR,1882.75,,RETURN_TO_VENDOR,2026-04-30T04:36:50.726872
RET-00004382,ORD-00007084,SKU-00691,3,2025-11-27,DUPLICATE_ORDER,FAIR,1427.04,,RESTOCK,2026-04-30T04:36:50.726872
RET-00004383,ORD-00002263,SKU-00813,4,2025-09-09,CHANGED_MIND,UNSELLABLE,3412.12,,DESTROY,2026-04-30T04:36:50.726872
RET-00004384,ORD-00043209,SKU-00505,3,2025-10-16,DUPLICATE_ORDER,NEW,4357.86,2025-10-23,RESTOCK,2026-04-30T04:36:50.726872
RET-00004385,ORD-00027621,SKU-00758,5,2026-03-27,WRONG_ITEM,UNSELLABLE,2702.0,,RETURN_TO_VENDOR,2026-04-30T04:36:50.726872
RET-00004386,ORD-00012758,SKU-00552,3,2025-10-14,CHANGED_MIND,GOOD,2522.01,2025-10-21,RESTOCK,2026-04-30T04:36:50.726872
RET-00004387,ORD-00019715,SKU-00123,5,2026-02-15,DAMAGED_TRANSIT,NEW,1811.3,2026-02-21,REFURBISH,2026-04-30T04:36:50.726872
RET-00004388,ORD-00004112,SKU-00160,2,2025-05-22,DUPLICATE_ORDER,DAMAGED,947.82,,RESTOCK,2026-04-30T04:36:50.726872
RET-00004389,ORD-00018749,SKU-00038,1,2025-11-14,ARRIVED_LATE,NEW,461.86,2025-11-21,REFURBISH,2026-04-30T04:36:50.726872
RET-00004390,ORD-00015458,SKU-00343,3,2026-03-08,CHANGED_MIND,GOOD,801.27,2026-03-15,REFURBISH,2026-04-30T04:36:50.726872
RET-00004391,ORD-00046915,SKU-00908,2,2025-12-31,WRONG_ITEM,GOOD,1350.68,2026-01-03,RESTOCK,2026-04-30T04:36:50.726872
RET-00004392,ORD-00027150,SKU-00786,5,2026-03-09,DUPLICATE_ORDER,NEW,3500.95,2026-03-12,RESTOCK,2026-04-30T04:36:50.726872
RET-00004393,ORD-00037306,SKU-00580,3,2026-02-08,WRONG_ITEM,DAMAGED,1137.48,,DESTROY,2026-04-30T04:36:50.726872
RET-00004394,ORD-00000379,SKU-00931,4,2025-12-05,DUPLICATE_ORDER,LIKE_NEW,743.24,2025-12-10,REFURBISH,2026-04-30T04:36:50.726872
RET-00004395,ORD-00015995,SKU-00870,1,2026-02-08,ARRIVED_LATE,FAIR,528.53,,RESTOCK,2026-04-30T04:36:50.726872
RET-00004396,ORD-00016441,SKU-00401,5,2025-10-08,DAMAGED_TRANSIT,DAMAGED,3623.55,,RESTOCK,2026-04-30T04:36:50.726872
RET-00004397,ORD-00015626,SKU-00011,2,2025-08-08,CHANGED_MIND,NEW,2180.52,2025-08-15,RESTOCK,2026-04-30T04:36:50.726872
RET-00004398,ORD-00032449,SKU-00312,3,2025-09-05,CHANGED_MIND,NEW,3348.75,2025-09-06,REFURBISH,2026-04-30T04:36:50.726872
RET-00004399,ORD-00027101,SKU-00918,1,2026-04-10,CHANGED_MIND,DAMAGED,376.18,,DONATE,2026-04-30T04:36:50.726872
RET-00004400,ORD-00021256,SKU-00783,5,2025-09-02,ARRIVED_LATE,NEW,6230.85,2025-09-04,RESTOCK,2026-04-30T04:36:50.726872
RET-00004401,ORD-00032779,SKU-00940,5,2025-08-04,DUPLICATE_ORDER,UNSELLABLE,1074.75,,RESTOCK,2026-04-30T04:36:50.726872
RET-00004402,ORD-00005336,SKU-00379,4,2025-06-26,WRONG_ITEM,FAIR,445.04,,RESTOCK,2026-04-30T04:36:50.726872
RET-00004403,ORD-00041966,SKU-00533,4,2025-06-15,NOT_AS_DESCRIBED,GOOD,2544.12,2025-06-16,RETURN_TO_VENDOR,2026-04-30T04:36:50.726872
RET-00004404,ORD-00029545,SKU-00319,3,2025-10-09,DUPLICATE_ORDER,DAMAGED,511.95,,RETURN_TO_VENDOR,2026-04-30T04:36:50.726872
RET-00004405,ORD-00031855,SKU-00267,3,2026-04-11,DUPLICATE_ORDER,GOOD,3989.16,2026-04-12,RESTOCK,2026-04-30T04:36:50.726872
RET-00004406,ORD-00035106,SKU-00272,2,2025-09-22,ARRIVED_LATE,FAIR,1089.1,,RESTOCK,2026-04-30T04:36:50.726872
RET-00004407,ORD-00049636,SKU-00835,1,2025-06-04,DEFECTIVE,UNSELLABLE,552.25,,RETURN_TO_VENDOR,2026-04-30T04:36:50.726872
RET-00004408,ORD-00000752,SKU-00976,3,2026-04-28,NOT_AS_DESCRIBED,FAIR,312.9,,RESTOCK,2026-04-30T04:36:50.726872
RET-00004409,ORD-00015083,SKU-00972,3,2026-01-20,NOT_AS_DESCRIBED,DAMAGED,989.49,,RESTOCK,2026-04-30T04:36:50.726872
RET-00004410,ORD-00016009,SKU-00504,3,2025-08-02,NOT_AS_DESCRIBED,GOOD,1115.55,2025-08-06,RESTOCK,2026-04-30T04:36:50.726872
RET-00004411,ORD-00005617,SKU-00852,2,2025-11-12,NOT_AS_DESCRIBED,FAIR,1407.4,,RETURN_TO_VENDOR,2026-04-30T04:36:50.726872
RET-00004412,ORD-00036638,SKU-00978,3,2025-12-05,DUPLICATE_ORDER,NEW,1226.85,2025-12-07,RETURN_TO_VENDOR,2026-04-30T04:36:50.726872
RET-00004413,ORD-00019238,SKU-00688,3,2025-09-05,NOT_AS_DESCRIBED,FAIR,3595.8,,RESTOCK,2026-04-30T04:36:50.726872
RET-00004414,ORD-00005337,SKU-00473,4,2025-07-31,CHANGED_MIND,DAMAGED,3718.4,,REFURBISH,2026-04-30T04:36:50.726872
RET-00004415,ORD-00022852,SKU-00971,2,2026-04-21,WRONG_ITEM,FAIR,1976.92,,REFURBISH,2026-04-30T04:36:50.726872
RET-00004416,ORD-00023977,SKU-00277,1,2026-01-23,DEFECTIVE,FAIR,835.3,,REFURBISH,2026-04-30T04:36:50.726872
RET-00004417,ORD-00026289,SKU-00123,1,2025-12-23,ARRIVED_LATE,FAIR,362.26,,REFURBISH,2026-04-30T04:36:50.726872
RET-00004418,ORD-00041893,SKU-00094,4,2025-06-17,CHANGED_MIND,GOOD,2712.4,2025-06-18,RETURN_TO_VENDOR,2026-04-30T04:36:50.726872
RET-00004419,ORD-00004457,SKU-00162,3,2025-05-10,CHANGED_MIND,UNSELLABLE,910.29,,RESTOCK,2026-04-30T04:36:50.726872
RET-00004420,ORD-00014579,SKU-00256,4,2025-07-18,NOT_AS_DESCRIBED,GOOD,4599.6,2025-07-23,RETURN_TO_VENDOR,2026-04-30T04:36:50.726872
RET-00004421,ORD-00025458,SKU-00728,5,2026-03-25,CHANGED_MIND,FAIR,703.15,,DONATE,2026-04-30T04:36:50.726872
RET-00004422,ORD-00049545,SKU-00404,3,2025-10-07,DUPLICATE_ORDER,GOOD,2064.21,2025-10-12,RESTOCK,2026-04-30T04:36:50.726872
RET-00004423,ORD-00037032,SKU-00653,3,2025-07-12,DUPLICATE_ORDER,DAMAGED,367.59,,RESTOCK,2026-04-30T04:36:50.726872
RET-00004424,ORD-00020179,SKU-00395,3,2026-01-29,DAMAGED_TRANSIT,LIKE_NEW,1541.07,2026-02-01,DESTROY,2026-04-30T04:36:50.726872
RET-00004425,ORD-00032799,SKU-00191,1,2025-11-09,WRONG_ITEM,GOOD,777.81,2025-11-16,RESTOCK,2026-04-30T04:36:50.726872
RET-00004426,ORD-00038585,SKU-00872,3,2025-10-07,DEFECTIVE,FAIR,49.41,,DONATE,2026-04-30T04:36:50.726872
RET-00004427,ORD-00006346,SKU-00073,5,2026-01-05,NOT_AS_DESCRIBED,NEW,2962.5,2026-01-12,RETURN_TO_VENDOR,2026-04-30T04:36:50.726872
RET-00004428,ORD-00024350,SKU-00939,5,2025-11-07,NOT_AS_DESCRIBED,FAIR,3689.5,,RESTOCK,2026-04-30T04:36:50.726872
RET-00004429,ORD-00015513,SKU-00718,3,2025-09-20,NOT_AS_DESCRIBED,UNSELLABLE,1049.31,,DESTROY,2026-04-30T04:36:50.726872
RET-00004430,ORD-00024253,SKU-00019,2,2025-08-19,ARRIVED_LATE,LIKE_NEW,1066.36,2025-08-22,RESTOCK,2026-04-30T04:36:50.726872
RET-00004431,ORD-00001851,SKU-00264,4,2025-10-26,ARRIVED_LATE,LIKE_NEW,138.12,2025-10-31,REFURBISH,2026-04-30T04:36:50.726872
RET-00004432,ORD-00028023,SKU-00019,1,2026-01-04,ARRIVED_LATE,FAIR,533.18,,RESTOCK,2026-04-30T04:36:50.726872
RET-00004433,ORD-00009919,SKU-00142,1,2025-09-14,NOT_AS_DESCRIBED,FAIR,1028.68,,REFURBISH,2026-04-30T04:36:50.726872
RET-00004434,ORD-00011699,SKU-00960,1,2025-05-29,DEFECTIVE,FAIR,528.13,,RESTOCK,2026-04-30T04:36:50.726872
RET-00004435,ORD-00032911,SKU-00337,3,2025-06-30,CHANGED_MIND,LIKE_NEW,950.37,2025-07-04,REFURBISH,2026-04-30T04:36:50.726872
RET-00004436,ORD-00035316,SKU-00014,3,2026-03-08,WRONG_ITEM,GOOD,1097.13,2026-03-14,RETURN_TO_VENDOR,2026-04-30T04:36:50.726872
RET-00004437,ORD-00007251,SKU-00441,5,2025-10-05,DAMAGED_TRANSIT,GOOD,3276.1,2025-10-10,RESTOCK,2026-04-30T04:36:50.726872
RET-00004438,ORD-00006392,SKU-00869,5,2025-12-09,NOT_AS_DESCRIBED,GOOD,656.45,2025-12-13,REFURBISH,2026-04-30T04:36:50.726872
RET-00004439,ORD-00037013,SKU-00687,2,2025-11-20,NOT_AS_DESCRIBED,DAMAGED,278.5,,RESTOCK,2026-04-30T04:36:50.726872
RET-00004440,ORD-00001246,SKU-00116,2,2025-10-22,DAMAGED_TRANSIT,FAIR,883.6,,DONATE,2026-04-30T04:36:50.726872
RET-00004441,ORD-00037035,SKU-00532,2,2025-12-05,ARRIVED_LATE,LIKE_NEW,96.3,2025-12-07,RESTOCK,2026-04-30T04:36:50.726872
RET-00004442,ORD-00041829,SKU-00793,4,2026-01-01,DUPLICATE_ORDER,FAIR,651.44,,RESTOCK,2026-04-30T04:36:50.726872
RET-00004443,ORD-00022253,SKU-00040,3,2025-09-26,DUPLICATE_ORDER,LIKE_NEW,1261.65,2025-09-27,DESTROY,2026-04-30T04:36:50.726872
RET-00004444,ORD-00030034,SKU-00985,3,2026-03-09,CHANGED_MIND,NEW,1364.82,2026-03-15,RESTOCK,2026-04-30T04:36:50.726872
RET-00004445,ORD-00026053,SKU-00652,4,2026-04-15,DAMAGED_TRANSIT,LIKE_NEW,1330.08,2026-04-20,DONATE,2026-04-30T04:36:50.726872
RET-00004446,ORD-00023161,SKU-00393,5,2025-08-09,ARRIVED_LATE,GOOD,2568.85,2025-08-15,RETURN_TO_VENDOR,2026-04-30T04:36:50.726872
RET-00004447,ORD-00034925,SKU-00211,3,2025-08-03,DUPLICATE_ORDER,NEW,1762.5,2025-08-05,RESTOCK,2026-04-30T04:36:50.726872
RET-00004448,ORD-00049341,SKU-00414,5,2025-05-04,DUPLICATE_ORDER,UNSELLABLE,1679.6,,DONATE,2026-04-30T04:36:50.726872
RET-00004449,ORD-00045445,SKU-00189,3,2025-11-05,DUPLICATE_ORDER,LIKE_NEW,2616.03,2025-11-09,RESTOCK,2026-04-30T04:36:50.726872
RET-00004450,ORD-00027647,SKU-00986,4,2026-02-06,DAMAGED_TRANSIT,LIKE_NEW,1608.92,2026-02-07,DESTROY,2026-04-30T04:36:50.726872
RET-00004451,ORD-00046608,SKU-00610,1,2025-09-07,WRONG_ITEM,FAIR,719.36,,RETURN_TO_VENDOR,2026-04-30T04:36:50.726872
RET-00004452,ORD-00049946,SKU-00396,4,2025-05-17,DEFECTIVE,FAIR,864.36,,RESTOCK,2026-04-30T04:36:50.726872
RET-00004453,ORD-00026577,SKU-00986,4,2026-02-15,DEFECTIVE,FAIR,1608.92,,DESTROY,2026-04-30T04:36:50.726872
RET-00004454,ORD-00031488,SKU-00090,4,2025-05-30,DEFECTIVE,NEW,1129.12,2025-06-06,DONATE,2026-04-30T04:36:50.726872
RET-00004455,ORD-00046720,SKU-00132,4,2026-04-01,DEFECTIVE,LIKE_NEW,5090.28,2026-04-04,DESTROY,2026-04-30T04:36:50.726872
RET-00004456,ORD-00036414,SKU-00052,4,2025-11-23,DEFECTIVE,GOOD,2352.72,2025-11-27,RESTOCK,2026-04-30T04:36:50.726872
RET-00004457,ORD-00013802,SKU-00510,3,2026-03-18,DEFECTIVE,DAMAGED,2091.06,,RESTOCK,2026-04-30T04:36:50.726872
RET-00004458,ORD-00023668,SKU-00731,3,2025-10-31,DEFECTIVE,GOOD,1896.57,2025-11-01,REFURBISH,2026-04-30T04:36:50.726872
RET-00004459,ORD-00008011,SKU-00920,5,2025-08-22,CHANGED_MIND,DAMAGED,4215.0,,RESTOCK,2026-04-30T04:36:50.726872
RET-00004460,ORD-00029772,SKU-00277,4,2025-11-29,DEFECTIVE,GOOD,3341.2,2025-12-05,RETURN_TO_VENDOR,2026-04-30T04:36:50.726872
RET-00004461,ORD-00043860,SKU-00939,5,2026-02-20,ARRIVED_LATE,DAMAGED,3689.5,,DONATE,2026-04-30T04:36:50.726872
RET-00004462,ORD-00042984,SKU-00665,1,2025-11-04,CHANGED_MIND,UNSELLABLE,211.8,,REFURBISH,2026-04-30T04:36:50.726872
RET-00004463,ORD-00020770,SKU-00547,5,2026-01-13,NOT_AS_DESCRIBED,FAIR,1237.75,,RESTOCK,2026-04-30T04:36:50.726872
RET-00004464,ORD-00023169,SKU-00384,2,2026-03-20,DEFECTIVE,NEW,1614.66,2026-03-27,REFURBISH,2026-04-30T04:36:50.726872
RET-00004465,ORD-00033177,SKU-00830,5,2025-08-27,DEFECTIVE,FAIR,1875.7,,RESTOCK,2026-04-30T04:36:50.726872
RET-00004466,ORD-00030392,SKU-00857,3,2026-04-04,DAMAGED_TRANSIT,GOOD,249.51,2026-04-09,DESTROY,2026-04-30T04:36:50.726872
RET-00004467,ORD-00018036,SKU-00427,2,2025-11-22,NOT_AS_DESCRIBED,NEW,1018.08,2025-11-23,RESTOCK,2026-04-30T04:36:50.726872
RET-00004468,ORD-00045672,SKU-00178,1,2025-08-17,WRONG_ITEM,GOOD,863.34,2025-08-23,DESTROY,2026-04-30T04:36:50.726872
RET-00004469,ORD-00001392,SKU-00207,2,2025-10-27,DAMAGED_TRANSIT,GOOD,2286.66,2025-10-29,DESTROY,2026-04-30T04:36:50.726872
RET-00004470,ORD-00019374,SKU-00228,3,2025-05-13,NOT_AS_DESCRIBED,GOOD,620.07,2025-05-17,RETURN_TO_VENDOR,2026-04-30T04:36:50.726872
RET-00004471,ORD-00031611,SKU-00758,3,2025-06-24,DAMAGED_TRANSIT,LIKE_NEW,1621.2,2025-06-27,RETURN_TO_VENDOR,2026-04-30T04:36:50.726872
RET-00004472,ORD-00026353,SKU-00710,2,2026-03-25,WRONG_ITEM,FAIR,1815.34,,RESTOCK,2026-04-30T04:36:50.726872
RET-00004473,ORD-00036396,SKU-00451,1,2025-07-14,NOT_AS_DESCRIBED,UNSELLABLE,1040.55,,DONATE,2026-04-30T04:36:50.726872
RET-00004474,ORD-00027697,SKU-00686,3,2025-09-29,NOT_AS_DESCRIBED,LIKE_NEW,3504.66,2025-10-01,RESTOCK,2026-04-30T04:36:50.726872
RET-00004475,ORD-00027288,SKU-00057,5,2026-01-03,WRONG_ITEM,GOOD,854.45,2026-01-07,DESTROY,2026-04-30T04:36:50.726872
RET-00004476,ORD-00022455,SKU-00151,3,2025-06-18,CHANGED_MIND,UNSELLABLE,1265.58,,RESTOCK,2026-04-30T04:36:50.726872
RET-00004477,ORD-00014648,SKU-00949,3,2025-11-10,DUPLICATE_ORDER,UNSELLABLE,2628.87,,RESTOCK,2026-04-30T04:36:50.726872
RET-00004478,ORD-00041863,SKU-00929,2,2025-05-18,NOT_AS_DESCRIBED,LIKE_NEW,155.96,2025-05-21,RESTOCK,2026-04-30T04:36:50.726872
RET-00004479,ORD-00048508,SKU-00650,1,2025-09-23,DUPLICATE_ORDER,UNSELLABLE,181.01,,RESTOCK,2026-04-30T04:36:50.726872
RET-00004480,ORD-00010673,SKU-00113,2,2026-04-02,WRONG_ITEM,GOOD,196.92,2026-04-04,DESTROY,2026-04-30T04:36:50.726872
RET-00004481,ORD-00026629,SKU-00155,5,2025-12-20,DEFECTIVE,NEW,2981.9,2025-12-22,RESTOCK,2026-04-30T04:36:50.726872
RET-00004482,ORD-00044952,SKU-00433,4,2025-08-24,ARRIVED_LATE,LIKE_NEW,2402.84,2025-08-31,REFURBISH,2026-04-30T04:36:50.726872
RET-00004483,ORD-00031838,SKU-00917,4,2025-10-26,WRONG_ITEM,NEW,5464.24,2025-11-01,RETURN_TO_VENDOR,2026-04-30T04:36:50.726872
RET-00004484,ORD-00045861,SKU-00798,2,2026-02-07,WRONG_ITEM,DAMAGED,1665.82,,RESTOCK,2026-04-30T04:36:50.726872
RET-00004485,ORD-00049550,SKU-00295,5,2025-08-09,DEFECTIVE,FAIR,144.7,,RESTOCK,2026-04-30T04:36:50.726872
RET-00004486,ORD-00001406,SKU-00109,3,2026-02-03,DAMAGED_TRANSIT,FAIR,589.92,,RESTOCK,2026-04-30T04:36:50.726872
RET-00004487,ORD-00011075,SKU-00051,3,2025-07-27,DUPLICATE_ORDER,DAMAGED,1677.6,,RESTOCK,2026-04-30T04:36:50.726872
RET-00004488,ORD-00004164,SKU-00128,4,2026-04-25,DUPLICATE_ORDER,GOOD,3059.72,2026-04-28,RETURN_TO_VENDOR,2026-04-30T04:36:50.726872
RET-00004489,ORD-00006443,SKU-00639,2,2025-06-13,WRONG_ITEM,FAIR,253.78,,REFURBISH,2026-04-30T04:36:50.726872
RET-00004490,ORD-00030064,SKU-00337,5,2026-01-27,DAMAGED_TRANSIT,GOOD,1583.95,2026-02-02,RESTOCK,2026-04-30T04:36:50.726872
RET-00004491,ORD-00012429,SKU-00313,3,2026-02-05,ARRIVED_LATE,UNSELLABLE,1268.37,,RESTOCK,2026-04-30T04:36:50.726872
RET-00004492,ORD-00046799,SKU-00689,5,2025-12-24,DUPLICATE_ORDER,NEW,4461.8,2025-12-27,RESTOCK,2026-04-30T04:36:50.726872
RET-00004493,ORD-00018745,SKU-00531,4,2025-12-18,WRONG_ITEM,GOOD,1636.76,2025-12-20,REFURBISH,2026-04-30T04:36:50.726872
RET-00004494,ORD-00047903,SKU-00182,4,2025-08-26,WRONG_ITEM,FAIR,1229.44,,RESTOCK,2026-04-30T04:36:50.726872
RET-00004495,ORD-00020468,SKU-00361,4,2026-02-10,DEFECTIVE,GOOD,2483.64,2026-02-12,RETURN_TO_VENDOR,2026-04-30T04:36:50.726872
RET-00004496,ORD-00003415,SKU-00081,2,2025-08-22,DAMAGED_TRANSIT,GOOD,1014.66,2025-08-23,RESTOCK,2026-04-30T04:36:50.726872
RET-00004497,ORD-00033942,SKU-00609,2,2026-03-07,DEFECTIVE,GOOD,1576.62,2026-03-10,REFURBISH,2026-04-30T04:36:50.726872
RET-00004498,ORD-00021037,SKU-00268,4,2025-05-14,NOT_AS_DESCRIBED,LIKE_NEW,2057.52,2025-05-19,RESTOCK,2026-04-30T04:36:50.726872
RET-00004499,ORD-00005834,SKU-00396,5,2025-12-01,DUPLICATE_ORDER,GOOD,1080.45,2025-12-08,REFURBISH,2026-04-30T04:36:50.726872
RET-00004500,ORD-00049291,SKU-00257,2,2025-07-08,DAMAGED_TRANSIT,LIKE_NEW,526.14,2025-07-09,RESTOCK,2026-04-30T04:36:50.726872
RET-00004501,ORD-00019919,SKU-00921,1,2025-11-10,DUPLICATE_ORDER,NEW,870.92,2025-11-12,DONATE,2026-04-30T04:36:50.726872
RET-00004502,ORD-00032717,SKU-00830,2,2025-05-05,NOT_AS_DESCRIBED,NEW,750.28,2025-05-06,REFURBISH,2026-04-30T04:36:50.726872
RET-00004503,ORD-00021169,SKU-00993,5,2025-09-29,CHANGED_MIND,GOOD,6547.0,2025-10-02,DESTROY,2026-04-30T04:36:50.726872
RET-00004504,ORD-00041178,SKU-00095,3,2025-12-14,DAMAGED_TRANSIT,LIKE_NEW,3172.83,2025-12-16,DONATE,2026-04-30T04:36:50.726872
RET-00004505,ORD-00001243,SKU-00961,5,2025-10-08,NOT_AS_DESCRIBED,GOOD,5909.75,2025-10-10,RESTOCK,2026-04-30T04:36:50.726872
RET-00004506,ORD-00046026,SKU-00277,4,2025-10-28,CHANGED_MIND,GOOD,3341.2,2025-10-31,RESTOCK,2026-04-30T04:36:50.726872
RET-00004507,ORD-00008241,SKU-00067,2,2026-01-22,ARRIVED_LATE,NEW,1399.16,2026-01-25,DESTROY,2026-04-30T04:36:50.726872
RET-00004508,ORD-00001332,SKU-00046,2,2026-02-09,ARRIVED_LATE,DAMAGED,801.72,,DESTROY,2026-04-30T04:36:50.726872
RET-00004509,ORD-00031737,SKU-00601,3,2025-07-01,DEFECTIVE,LIKE_NEW,86.79,2025-07-04,RETURN_TO_VENDOR,2026-04-30T04:36:50.726872
RET-00004510,ORD-00038315,SKU-00562,1,2026-04-24,DAMAGED_TRANSIT,UNSELLABLE,432.67,,RETURN_TO_VENDOR,2026-04-30T04:36:50.726872
RET-00004511,ORD-00001585,SKU-00489,5,2025-07-17,NOT_AS_DESCRIBED,DAMAGED,805.9,,DESTROY,2026-04-30T04:36:50.726872
RET-00004512,ORD-00008726,SKU-00469,3,2025-10-25,DAMAGED_TRANSIT,NEW,1547.07,2025-10-30,DESTROY,2026-04-30T04:36:50.726872
RET-00004513,ORD-00021480,SKU-00514,1,2025-07-05,NOT_AS_DESCRIBED,LIKE_NEW,322.9,2025-07-07,RESTOCK,2026-04-30T04:36:50.726872
RET-00004514,ORD-00000848,SKU-00850,4,2025-10-25,NOT_AS_DESCRIBED,FAIR,2221.52,,RETURN_TO_VENDOR,2026-04-30T04:36:50.726872
RET-00004515,ORD-00008295,SKU-00892,1,2026-03-06,DAMAGED_TRANSIT,LIKE_NEW,328.88,2026-03-12,RESTOCK,2026-04-30T04:36:50.726872
RET-00004516,ORD-00025304,SKU-00948,4,2025-08-05,DAMAGED_TRANSIT,FAIR,484.88,,DESTROY,2026-04-30T04:36:50.726872
RET-00004517,ORD-00003798,SKU-00717,5,2025-07-11,NOT_AS_DESCRIBED,GOOD,4187.3,2025-07-12,RETURN_TO_VENDOR,2026-04-30T04:36:50.726872
RET-00004518,ORD-00013639,SKU-00692,1,2025-05-18,WRONG_ITEM,GOOD,407.55,2025-05-24,RESTOCK,2026-04-30T04:36:50.726872
RET-00004519,ORD-00033196,SKU-00516,1,2026-01-30,CHANGED_MIND,FAIR,232.54,,REFURBISH,2026-04-30T04:36:50.726872
RET-00004520,ORD-00004950,SKU-00211,1,2026-02-04,DAMAGED_TRANSIT,NEW,587.5,2026-02-07,REFURBISH,2026-04-30T04:36:50.726872
RET-00004521,ORD-00045033,SKU-00318,4,2025-06-09,CHANGED_MIND,GOOD,3710.04,2025-06-12,RESTOCK,2026-04-30T04:36:50.726872
RET-00004522,ORD-00046884,SKU-00262,4,2025-07-04,DAMAGED_TRANSIT,GOOD,2026.28,2025-07-09,RESTOCK,2026-04-30T04:36:50.726872
RET-00004523,ORD-00015992,SKU-00510,5,2025-08-21,NOT_AS_DESCRIBED,GOOD,3485.1,2025-08-26,REFURBISH,2026-04-30T04:36:50.726872
RET-00004524,ORD-00005668,SKU-00427,3,2025-08-03,CHANGED_MIND,NEW,1527.12,2025-08-05,DESTROY,2026-04-30T04:36:50.726872
RET-00004525,ORD-00037348,SKU-00571,1,2025-05-08,NOT_AS_DESCRIBED,UNSELLABLE,379.19,,RETURN_TO_VENDOR,2026-04-30T04:36:50.726872
RET-00004526,ORD-00018941,SKU-00641,4,2026-02-04,DEFECTIVE,NEW,3178.48,2026-02-11,DESTROY,2026-04-30T04:36:50.726872
RET-00004527,ORD-00019220,SKU-00934,4,2025-11-21,WRONG_ITEM,FAIR,2526.12,,DONATE,2026-04-30T04:36:50.726872
RET-00004528,ORD-00005591,SKU-00676,1,2025-12-14,NOT_AS_DESCRIBED,GOOD,67.17,2025-12-21,DONATE,2026-04-30T04:36:50.726872
RET-00004529,ORD-00016189,SKU-00062,5,2025-08-08,CHANGED_MIND,NEW,322.1,2025-08-12,RETURN_TO_VENDOR,2026-04-30T04:36:50.726872
RET-00004530,ORD-00020434,SKU-00749,1,2025-07-18,DEFECTIVE,GOOD,679.11,2025-07-20,RESTOCK,2026-04-30T04:36:50.726872
RET-00004531,ORD-00019557,SKU-00336,2,2026-03-13,DAMAGED_TRANSIT,NEW,218.36,2026-03-20,DESTROY,2026-04-30T04:36:50.726872
RET-00004532,ORD-00000493,SKU-00102,2,2025-10-12,DEFECTIVE,GOOD,422.04,2025-10-19,REFURBISH,2026-04-30T04:36:50.726872
RET-00004533,ORD-00027030,SKU-00446,4,2025-05-04,ARRIVED_LATE,FAIR,290.68,,RESTOCK,2026-04-30T04:36:50.726872
RET-00004534,ORD-00030697,SKU-00018,1,2025-09-09,DEFECTIVE,GOOD,597.01,2025-09-16,DONATE,2026-04-30T04:36:50.726872
RET-00004535,ORD-00013368,SKU-00595,4,2025-11-04,CHANGED_MIND,GOOD,660.64,2025-11-10,RESTOCK,2026-04-30T04:36:50.726872
RET-00004536,ORD-00000273,SKU-00181,3,2025-11-05,DAMAGED_TRANSIT,NEW,611.55,2025-11-12,RETURN_TO_VENDOR,2026-04-30T04:36:50.726872
RET-00004537,ORD-00039294,SKU-00770,5,2026-03-01,ARRIVED_LATE,GOOD,2972.55,2026-03-07,RESTOCK,2026-04-30T04:36:50.726872
RET-00004538,ORD-00006819,SKU-00505,2,2026-02-08,DAMAGED_TRANSIT,UNSELLABLE,2905.24,,REFURBISH,2026-04-30T04:36:50.726872
RET-00004539,ORD-00042246,SKU-00939,4,2026-01-16,ARRIVED_LATE,LIKE_NEW,2951.6,2026-01-19,REFURBISH,2026-04-30T04:36:50.726872
RET-00004540,ORD-00044988,SKU-00456,5,2026-03-20,ARRIVED_LATE,GOOD,266.7,2026-03-25,REFURBISH,2026-04-30T04:36:50.726872
RET-00004541,ORD-00039627,SKU-00113,2,2025-11-20,WRONG_ITEM,FAIR,196.92,,RESTOCK,2026-04-30T04:36:50.726872
RET-00004542,ORD-00031405,SKU-00470,5,2025-10-10,CHANGED_MIND,NEW,1333.6,2025-10-11,RETURN_TO_VENDOR,2026-04-30T04:36:50.726872
RET-00004543,ORD-00043109,SKU-00288,2,2025-04-29,ARRIVED_LATE,UNSELLABLE,546.02,,REFURBISH,2026-04-30T04:36:50.726872
RET-00004544,ORD-00009160,SKU-00354,1,2025-10-11,DEFECTIVE,NEW,497.58,2025-10-15,REFURBISH,2026-04-30T04:36:50.726872
RET-00004545,ORD-00022727,SKU-00691,5,2026-04-17,CHANGED_MIND,GOOD,2378.4,2026-04-19,RETURN_TO_VENDOR,2026-04-30T04:36:50.726872
RET-00004546,ORD-00046219,SKU-00191,2,2025-10-30,NOT_AS_DESCRIBED,NEW,1555.62,2025-10-31,RESTOCK,2026-04-30T04:36:50.726872
RET-00004547,ORD-00013767,SKU-00437,1,2026-01-12,DUPLICATE_ORDER,GOOD,781.17,2026-01-19,RETURN_TO_VENDOR,2026-04-30T04:36:50.726872
RET-00004548,ORD-00022647,SKU-00675,5,2025-06-11,DAMAGED_TRANSIT,NEW,803.35,2025-06-13,RETURN_TO_VENDOR,2026-04-30T04:36:50.726872
RET-00004549,ORD-00008959,SKU-00990,2,2025-05-05,DEFECTIVE,LIKE_NEW,270.92,2025-05-08,DONATE,2026-04-30T04:36:50.726872
RET-00004550,ORD-00048038,SKU-00323,5,2025-11-24,WRONG_ITEM,GOOD,3383.15,2025-11-26,DESTROY,2026-04-30T04:36:50.726872
RET-00004551,ORD-00013327,SKU-00974,2,2025-07-14,DUPLICATE_ORDER,NEW,2077.64,2025-07-19,RESTOCK,2026-04-30T04:36:50.726872
RET-00004552,ORD-00010129,SKU-00605,3,2025-08-20,WRONG_ITEM,FAIR,1674.09,,DONATE,2026-04-30T04:36:50.726872
RET-00004553,ORD-00047959,SKU-00034,4,2026-02-04,CHANGED_MIND,FAIR,1525.4,,DESTROY,2026-04-30T04:36:50.726872
RET-00004554,ORD-00012420,SKU-00007,1,2025-05-04,DEFECTIVE,FAIR,689.94,,RESTOCK,2026-04-30T04:36:50.726872
RET-00004555,ORD-00001554,SKU-00219,2,2025-11-03,DUPLICATE_ORDER,GOOD,84.84,2025-11-08,DONATE,2026-04-30T04:36:50.726872
RET-00004556,ORD-00043354,SKU-00692,3,2025-12-02,NOT_AS_DESCRIBED,UNSELLABLE,1222.65,,RESTOCK,2026-04-30T04:36:50.726872
RET-00004557,ORD-00019087,SKU-00982,5,2026-03-11,ARRIVED_LATE,GOOD,819.85,2026-03-15,RESTOCK,2026-04-30T04:36:50.726872
RET-00004558,ORD-00030596,SKU-00195,2,2025-06-23,NOT_AS_DESCRIBED,DAMAGED,601.2,,DONATE,2026-04-30T04:36:50.726872
RET-00004559,ORD-00045189,SKU-00918,2,2025-07-26,ARRIVED_LATE,GOOD,752.36,2025-07-31,DESTROY,2026-04-30T04:36:50.726872
RET-00004560,ORD-00035314,SKU-00987,4,2025-06-10,ARRIVED_LATE,DAMAGED,1888.64,,DESTROY,2026-04-30T04:36:50.726872
RET-00004561,ORD-00008056,SKU-00922,1,2025-08-27,DAMAGED_TRANSIT,FAIR,1506.21,,REFURBISH,2026-04-30T04:36:50.726872
RET-00004562,ORD-00047811,SKU-00501,5,2026-03-02,ARRIVED_LATE,NEW,1279.15,2026-03-08,DESTROY,2026-04-30T04:36:50.726872
RET-00004563,ORD-00015349,SKU-00027,5,2026-01-26,DEFECTIVE,UNSELLABLE,3325.6,,DONATE,2026-04-30T04:36:50.726872
RET-00004564,ORD-00034918,SKU-00974,1,2025-08-18,DEFECTIVE,GOOD,1038.82,2025-08-24,REFURBISH,2026-04-30T04:36:50.726872
RET-00004565,ORD-00032594,SKU-00333,5,2025-11-21,ARRIVED_LATE,FAIR,3049.05,,RESTOCK,2026-04-30T04:36:50.726872
RET-00004566,ORD-00013721,SKU-00738,5,2025-11-14,CHANGED_MIND,LIKE_NEW,6362.75,2025-11-16,RESTOCK,2026-04-30T04:36:50.726872
RET-00004567,ORD-00034520,SKU-00564,3,2025-06-15,DAMAGED_TRANSIT,LIKE_NEW,1822.47,2025-06-22,DONATE,2026-04-30T04:36:50.726872
RET-00004568,ORD-00033680,SKU-00783,5,2025-10-15,DUPLICATE_ORDER,GOOD,6230.85,2025-10-20,RESTOCK,2026-04-30T04:36:50.726872
RET-00004569,ORD-00022747,SKU-00286,1,2026-03-29,DEFECTIVE,DAMAGED,155.98,,RETURN_TO_VENDOR,2026-04-30T04:36:50.726872
RET-00004570,ORD-00033119,SKU-00566,2,2025-05-26,NOT_AS_DESCRIBED,LIKE_NEW,1421.34,2025-06-01,RESTOCK,2026-04-30T04:36:50.726872
RET-00004571,ORD-00009215,SKU-00716,4,2026-02-24,ARRIVED_LATE,GOOD,2890.08,2026-02-26,RESTOCK,2026-04-30T04:36:50.726872
RET-00004572,ORD-00018768,SKU-00372,3,2025-11-29,WRONG_ITEM,FAIR,2827.47,,RESTOCK,2026-04-30T04:36:50.726872
RET-00004573,ORD-00021589,SKU-00199,4,2025-08-17,DAMAGED_TRANSIT,NEW,1181.64,2025-08-21,RETURN_TO_VENDOR,2026-04-30T04:36:50.726872
RET-00004574,ORD-00005318,SKU-00541,2,2025-07-25,DEFECTIVE,FAIR,1391.74,,RESTOCK,2026-04-30T04:36:50.726872
RET-00004575,ORD-00041701,SKU-00371,3,2025-09-10,DEFECTIVE,DAMAGED,1531.83,,REFURBISH,2026-04-30T04:36:50.726872
RET-00004576,ORD-00009168,SKU-00171,3,2026-04-17,WRONG_ITEM,LIKE_NEW,3630.09,2026-04-19,DESTROY,2026-04-30T04:36:50.726872
RET-00004577,ORD-00015175,SKU-00995,1,2026-01-10,DUPLICATE_ORDER,LIKE_NEW,1275.4,2026-01-13,RETURN_TO_VENDOR,2026-04-30T04:36:50.726872
RET-00004578,ORD-00043437,SKU-00131,5,2026-02-25,DAMAGED_TRANSIT,UNSELLABLE,4969.9,,DESTROY,2026-04-30T04:36:50.726872
RET-00004579,ORD-00038554,SKU-00212,3,2025-12-15,NOT_AS_DESCRIBED,NEW,1732.62,2025-12-21,DESTROY,2026-04-30T04:36:50.726872
RET-00004580,ORD-00042726,SKU-00986,5,2025-09-07,NOT_AS_DESCRIBED,GOOD,2011.15,2025-09-09,DESTROY,2026-04-30T04:36:50.726872
RET-00004581,ORD-00033665,SKU-00259,4,2025-11-14,WRONG_ITEM,LIKE_NEW,664.28,2025-11-17,RETURN_TO_VENDOR,2026-04-30T04:36:50.726872
RET-00004582,ORD-00004442,SKU-00112,4,2025-06-28,DEFECTIVE,GOOD,3950.48,2025-06-30,REFURBISH,2026-04-30T04:36:50.726872
RET-00004583,ORD-00037435,SKU-00458,5,2025-05-25,WRONG_ITEM,NEW,47.85,2025-05-30,DONATE,2026-04-30T04:36:50.726872
RET-00004584,ORD-00046843,SKU-00389,4,2025-06-18,CHANGED_MIND,FAIR,301.32,,RETURN_TO_VENDOR,2026-04-30T04:36:50.726872
RET-00004585,ORD-00036645,SKU-00621,4,2025-11-29,NOT_AS_DESCRIBED,DAMAGED,2519.76,,DONATE,2026-04-30T04:36:50.726872
RET-00004586,ORD-00033359,SKU-00607,1,2025-06-15,ARRIVED_LATE,GOOD,804.89,2025-06-20,DESTROY,2026-04-30T04:36:50.726872
RET-00004587,ORD-00041106,SKU-00162,4,2025-10-31,ARRIVED_LATE,DAMAGED,1213.72,,REFURBISH,2026-04-30T04:36:50.726872
RET-00004588,ORD-00008914,SKU-00017,3,2026-04-13,CHANGED_MIND,GOOD,2601.48,2026-04-17,RETURN_TO_VENDOR,2026-04-30T04:36:50.726872
RET-00004589,ORD-00003830,SKU-00596,4,2025-11-08,NOT_AS_DESCRIBED,DAMAGED,5598.92,,RETURN_TO_VENDOR,2026-04-30T04:36:50.726872
RET-00004590,ORD-00009926,SKU-00366,1,2025-05-13,DAMAGED_TRANSIT,DAMAGED,17.77,,RETURN_TO_VENDOR,2026-04-30T04:36:50.726872
RET-00004591,ORD-00012503,SKU-00315,1,2026-01-27,ARRIVED_LATE,DAMAGED,755.21,,RETURN_TO_VENDOR,2026-04-30T04:36:50.726872
RET-00004592,ORD-00049679,SKU-00399,1,2025-11-25,ARRIVED_LATE,UNSELLABLE,693.56,,DESTROY,2026-04-30T04:36:50.726872
RET-00004593,ORD-00019997,SKU-00956,2,2025-12-21,CHANGED_MIND,GOOD,477.18,2025-12-28,REFURBISH,2026-04-30T04:36:50.726872
RET-00004594,ORD-00011796,SKU-00282,3,2026-02-21,CHANGED_MIND,UNSELLABLE,1853.52,,DONATE,2026-04-30T04:36:50.726872
RET-00004595,ORD-00014951,SKU-00120,2,2025-10-30,DUPLICATE_ORDER,FAIR,753.1,,DESTROY,2026-04-30T04:36:50.726872
RET-00004596,ORD-00005340,SKU-00488,4,2026-03-12,DEFECTIVE,UNSELLABLE,263.2,,DESTROY,2026-04-30T04:36:50.726872
RET-00004597,ORD-00046269,SKU-00462,2,2026-04-22,NOT_AS_DESCRIBED,NEW,2014.92,2026-04-29,RESTOCK,2026-04-30T04:36:50.726872
RET-00004598,ORD-00047112,SKU-00064,2,2025-08-24,ARRIVED_LATE,DAMAGED,2208.06,,REFURBISH,2026-04-30T04:36:50.726872
RET-00004599,ORD-00037491,SKU-00807,4,2025-11-16,ARRIVED_LATE,LIKE_NEW,604.6,2025-11-23,RESTOCK,2026-04-30T04:36:50.726872
RET-00004600,ORD-00000112,SKU-00783,3,2025-07-19,NOT_AS_DESCRIBED,DAMAGED,3738.51,,REFURBISH,2026-04-30T04:36:50.726872
RET-00004601,ORD-00012084,SKU-00603,3,2026-04-18,CHANGED_MIND,DAMAGED,3606.18,,REFURBISH,2026-04-30T04:36:50.726872
RET-00004602,ORD-00026670,SKU-00237,2,2025-10-31,DAMAGED_TRANSIT,DAMAGED,2382.04,,RETURN_TO_VENDOR,2026-04-30T04:36:50.726872
RET-00004603,ORD-00028135,SKU-00530,5,2025-12-09,CHANGED_MIND,NEW,4598.2,2025-12-16,REFURBISH,2026-04-30T04:36:50.726872
RET-00004604,ORD-00027685,SKU-00478,5,2025-05-04,DUPLICATE_ORDER,GOOD,4739.3,2025-05-10,REFURBISH,2026-04-30T04:36:50.726872
RET-00004605,ORD-00015537,SKU-00700,4,2025-10-23,WRONG_ITEM,NEW,1107.28,2025-10-29,RESTOCK,2026-04-30T04:36:50.726872
RET-00004606,ORD-00021807,SKU-00809,2,2025-06-03,WRONG_ITEM,LIKE_NEW,637.82,2025-06-06,RESTOCK,2026-04-30T04:36:50.726872
RET-00004607,ORD-00004981,SKU-00457,3,2025-09-25,DAMAGED_TRANSIT,DAMAGED,1165.44,,RESTOCK,2026-04-30T04:36:50.726872
RET-00004608,ORD-00040650,SKU-00474,5,2025-05-23,ARRIVED_LATE,DAMAGED,4145.2,,RESTOCK,2026-04-30T04:36:50.726872
RET-00004609,ORD-00030093,SKU-00137,1,2026-03-16,DEFECTIVE,UNSELLABLE,702.14,,RETURN_TO_VENDOR,2026-04-30T04:36:50.726872
RET-00004610,ORD-00030361,SKU-00755,2,2026-04-27,DUPLICATE_ORDER,LIKE_NEW,202.76,2026-04-28,RESTOCK,2026-04-30T04:36:50.726872
RET-00004611,ORD-00049101,SKU-00459,2,2025-09-04,NOT_AS_DESCRIBED,NEW,65.94,2025-09-07,RETURN_TO_VENDOR,2026-04-30T04:36:50.726872
RET-00004612,ORD-00037006,SKU-00666,4,2025-12-29,DAMAGED_TRANSIT,DAMAGED,3543.76,,DONATE,2026-04-30T04:36:50.726872
RET-00004613,ORD-00027562,SKU-00685,1,2025-12-08,CHANGED_MIND,NEW,875.77,2025-12-15,DONATE,2026-04-30T04:36:50.726872
RET-00004614,ORD-00034442,SKU-00281,2,2026-04-07,ARRIVED_LATE,FAIR,2365.46,,RESTOCK,2026-04-30T04:36:50.726872
RET-00004615,ORD-00044442,SKU-00479,2,2025-05-28,DUPLICATE_ORDER,FAIR,2068.22,,REFURBISH,2026-04-30T04:36:50.726872
RET-00004616,ORD-00023908,SKU-00536,2,2026-04-14,WRONG_ITEM,GOOD,125.86,2026-04-18,REFURBISH,2026-04-30T04:36:50.726872
RET-00004617,ORD-00018303,SKU-00069,5,2025-08-26,DAMAGED_TRANSIT,FAIR,2380.15,,RETURN_TO_VENDOR,2026-04-30T04:36:50.726872
RET-00004618,ORD-00020547,SKU-00866,3,2025-12-18,NOT_AS_DESCRIBED,LIKE_NEW,1698.27,2025-12-25,RETURN_TO_VENDOR,2026-04-30T04:36:50.726872
RET-00004619,ORD-00017927,SKU-00834,4,2026-04-14,ARRIVED_LATE,LIKE_NEW,2458.32,2026-04-17,RETURN_TO_VENDOR,2026-04-30T04:36:50.726872
RET-00004620,ORD-00014953,SKU-00843,1,2025-07-22,WRONG_ITEM,GOOD,586.18,2025-07-28,RETURN_TO_VENDOR,2026-04-30T04:36:50.726872
RET-00004621,ORD-00018316,SKU-00930,2,2026-01-04,ARRIVED_LATE,UNSELLABLE,868.92,,RESTOCK,2026-04-30T04:36:50.726872
RET-00004622,ORD-00009887,SKU-00558,2,2025-10-21,ARRIVED_LATE,LIKE_NEW,1728.76,2025-10-26,RESTOCK,2026-04-30T04:36:50.726872
RET-00004623,ORD-00013875,SKU-00420,4,2025-12-21,DAMAGED_TRANSIT,LIKE_NEW,3555.48,2025-12-22,DESTROY,2026-04-30T04:36:50.726872
RET-00004624,ORD-00014724,SKU-00547,1,2026-04-24,DUPLICATE_ORDER,DAMAGED,247.55,,RESTOCK,2026-04-30T04:36:50.726872
RET-00004625,ORD-00006615,SKU-00484,3,2025-12-12,DUPLICATE_ORDER,GOOD,3043.98,2025-12-18,DESTROY,2026-04-30T04:36:50.726872
RET-00004626,ORD-00027882,SKU-00277,2,2025-08-01,CHANGED_MIND,NEW,1670.6,2025-08-06,REFURBISH,2026-04-30T04:36:50.726872
RET-00004627,ORD-00018929,SKU-00656,2,2025-08-18,DUPLICATE_ORDER,LIKE_NEW,2446.32,2025-08-25,RESTOCK,2026-04-30T04:36:50.726872
RET-00004628,ORD-00018022,SKU-00331,1,2025-07-30,ARRIVED_LATE,FAIR,506.96,,DESTROY,2026-04-30T04:36:50.726872
RET-00004629,ORD-00032705,SKU-00383,3,2025-05-29,DUPLICATE_ORDER,GOOD,339.09,2025-05-30,DESTROY,2026-04-30T04:36:50.726872
RET-00004630,ORD-00001287,SKU-00848,4,2025-09-13,DAMAGED_TRANSIT,DAMAGED,1298.2,,RETURN_TO_VENDOR,2026-04-30T04:36:50.726872
RET-00004631,ORD-00031989,SKU-00084,5,2025-10-18,NOT_AS_DESCRIBED,GOOD,913.25,2025-10-25,RESTOCK,2026-04-30T04:36:50.726872
RET-00004632,ORD-00031565,SKU-00032,3,2026-01-19,CHANGED_MIND,FAIR,2438.46,,RESTOCK,2026-04-30T04:36:50.726872
RET-00004633,ORD-00040301,SKU-00165,1,2026-01-11,DAMAGED_TRANSIT,GOOD,508.08,2026-01-18,DESTROY,2026-04-30T04:36:50.726872
RET-00004634,ORD-00025678,SKU-00620,3,2025-08-05,DAMAGED_TRANSIT,DAMAGED,1940.28,,RETURN_TO_VENDOR,2026-04-30T04:36:50.726872
RET-00004635,ORD-00042819,SKU-00698,2,2026-04-06,DAMAGED_TRANSIT,GOOD,71.16,2026-04-11,RESTOCK,2026-04-30T04:36:50.726872
RET-00004636,ORD-00031293,SKU-00162,5,2025-08-10,NOT_AS_DESCRIBED,UNSELLABLE,1517.15,,RESTOCK,2026-04-30T04:36:50.726872
RET-00004637,ORD-00031413,SKU-00844,5,2025-08-31,DUPLICATE_ORDER,NEW,2394.2,2025-09-02,RESTOCK,2026-04-30T04:36:50.726872
RET-00004638,ORD-00037563,SKU-00269,5,2025-08-19,DAMAGED_TRANSIT,LIKE_NEW,4396.35,2025-08-26,REFURBISH,2026-04-30T04:36:50.726872
RET-00004639,ORD-00009298,SKU-00883,4,2025-12-31,DEFECTIVE,LIKE_NEW,862.68,2026-01-02,REFURBISH,2026-04-30T04:36:50.726872
RET-00004640,ORD-00005195,SKU-00410,1,2026-03-25,DEFECTIVE,NEW,1284.68,2026-03-31,REFURBISH,2026-04-30T04:36:50.726872
RET-00004641,ORD-00010796,SKU-00059,3,2026-01-04,DEFECTIVE,DAMAGED,128.94,,REFURBISH,2026-04-30T04:36:50.726872
RET-00004642,ORD-00000270,SKU-00868,3,2026-03-28,NOT_AS_DESCRIBED,DAMAGED,485.49,,RESTOCK,2026-04-30T04:36:50.726872
RET-00004643,ORD-00039238,SKU-00282,5,2025-10-14,DEFECTIVE,FAIR,3089.2,,RETURN_TO_VENDOR,2026-04-30T04:36:50.726872
RET-00004644,ORD-00031119,SKU-00522,5,2025-08-23,DUPLICATE_ORDER,DAMAGED,2850.05,,REFURBISH,2026-04-30T04:36:50.726872
RET-00004645,ORD-00035984,SKU-00298,2,2026-03-15,NOT_AS_DESCRIBED,DAMAGED,889.26,,DONATE,2026-04-30T04:36:50.726872
RET-00004646,ORD-00013065,SKU-00034,1,2026-03-24,DUPLICATE_ORDER,UNSELLABLE,381.35,,REFURBISH,2026-04-30T04:36:50.726872
RET-00004647,ORD-00013899,SKU-00038,5,2025-08-20,ARRIVED_LATE,FAIR,2309.3,,DONATE,2026-04-30T04:36:50.726872
RET-00004648,ORD-00012304,SKU-00561,4,2026-04-23,DAMAGED_TRANSIT,NEW,650.64,2026-04-28,DESTROY,2026-04-30T04:36:50.726872
RET-00004649,ORD-00045212,SKU-00118,4,2026-01-23,ARRIVED_LATE,UNSELLABLE,2799.48,,RETURN_TO_VENDOR,2026-04-30T04:36:50.726872
RET-00004650,ORD-00032700,SKU-00310,4,2025-11-08,NOT_AS_DESCRIBED,GOOD,709.64,2025-11-11,RESTOCK,2026-04-30T04:36:50.726872
RET-00004651,ORD-00003704,SKU-00801,1,2025-10-04,WRONG_ITEM,LIKE_NEW,532.3,2025-10-06,RESTOCK,2026-04-30T04:36:50.726872
RET-00004652,ORD-00006121,SKU-00872,3,2025-07-29,NOT_AS_DESCRIBED,DAMAGED,49.41,,RESTOCK,2026-04-30T04:36:50.726872
RET-00004653,ORD-00012966,SKU-00349,1,2025-12-03,DAMAGED_TRANSIT,LIKE_NEW,743.95,2025-12-05,RESTOCK,2026-04-30T04:36:50.726872
RET-00004654,ORD-00043811,SKU-00305,5,2025-07-03,NOT_AS_DESCRIBED,FAIR,2940.9,,RESTOCK,2026-04-30T04:36:50.726872
RET-00004655,ORD-00027199,SKU-00212,1,2025-06-17,ARRIVED_LATE,LIKE_NEW,577.54,2025-06-23,REFURBISH,2026-04-30T04:36:50.726872
RET-00004656,ORD-00006057,SKU-00923,3,2025-09-13,DUPLICATE_ORDER,NEW,669.03,2025-09-20,RESTOCK,2026-04-30T04:36:50.726872
RET-00004657,ORD-00007547,SKU-00968,1,2025-07-07,ARRIVED_LATE,DAMAGED,986.57,,RESTOCK,2026-04-30T04:36:50.726872
RET-00004658,ORD-00039302,SKU-00053,1,2025-07-30,DUPLICATE_ORDER,NEW,165.88,2025-08-05,REFURBISH,2026-04-30T04:36:50.726872
RET-00004659,ORD-00041150,SKU-00661,5,2026-04-25,DEFECTIVE,DAMAGED,708.55,,RESTOCK,2026-04-30T04:36:50.726872
RET-00004660,ORD-00032343,SKU-00197,1,2025-06-11,DAMAGED_TRANSIT,LIKE_NEW,485.77,2025-06-17,DONATE,2026-04-30T04:36:50.726872
RET-00004661,ORD-00001148,SKU-00499,3,2025-09-02,ARRIVED_LATE,FAIR,126.51,,RESTOCK,2026-04-30T04:36:50.726872
RET-00004662,ORD-00029283,SKU-00558,5,2025-09-24,DAMAGED_TRANSIT,GOOD,4321.9,2025-10-01,REFURBISH,2026-04-30T04:36:50.726872
RET-00004663,ORD-00039969,SKU-00613,3,2025-09-13,DUPLICATE_ORDER,DAMAGED,2362.29,,RETURN_TO_VENDOR,2026-04-30T04:36:50.726872
RET-00004664,ORD-00011057,SKU-00930,3,2026-02-18,NOT_AS_DESCRIBED,DAMAGED,1303.38,,RESTOCK,2026-04-30T04:36:50.726872
RET-00004665,ORD-00039172,SKU-00172,1,2025-05-20,WRONG_ITEM,GOOD,1049.15,2025-05-23,RETURN_TO_VENDOR,2026-04-30T04:36:50.726872
RET-00004666,ORD-00022201,SKU-00192,5,2025-07-02,DAMAGED_TRANSIT,FAIR,740.75,,REFURBISH,2026-04-30T04:36:50.726872
RET-00004667,ORD-00035893,SKU-00394,2,2025-12-08,DEFECTIVE,UNSELLABLE,1122.82,,RESTOCK,2026-04-30T04:36:50.726872
RET-00004668,ORD-00049244,SKU-00367,5,2025-09-24,ARRIVED_LATE,UNSELLABLE,3371.55,,REFURBISH,2026-04-30T04:36:50.726872
RET-00004669,ORD-00037767,SKU-00183,2,2026-01-15,WRONG_ITEM,GOOD,50.26,2026-01-19,RETURN_TO_VENDOR,2026-04-30T04:36:50.726872
RET-00004670,ORD-00048742,SKU-00545,4,2025-09-01,NOT_AS_DESCRIBED,FAIR,3357.32,,RESTOCK,2026-04-30T04:36:50.726872
RET-00004671,ORD-00025099,SKU-00305,5,2025-06-03,WRONG_ITEM,LIKE_NEW,2940.9,2025-06-05,DESTROY,2026-04-30T04:36:50.726872
RET-00004672,ORD-00034324,SKU-00806,2,2026-04-24,CHANGED_MIND,NEW,951.94,2026-04-26,RETURN_TO_VENDOR,2026-04-30T04:36:50.726872
RET-00004673,ORD-00042857,SKU-00555,3,2026-03-08,NOT_AS_DESCRIBED,GOOD,133.53,2026-03-12,RETURN_TO_VENDOR,2026-04-30T04:36:50.726872
RET-00004674,ORD-00019802,SKU-00589,4,2025-12-31,DUPLICATE_ORDER,NEW,2599.96,2026-01-03,RESTOCK,2026-04-30T04:36:50.726872
RET-00004675,ORD-00023660,SKU-00279,4,2026-01-21,DUPLICATE_ORDER,NEW,1643.2,2026-01-28,DESTROY,2026-04-30T04:36:50.726872
RET-00004676,ORD-00028775,SKU-00152,2,2025-05-06,WRONG_ITEM,DAMAGED,1812.26,,RESTOCK,2026-04-30T04:36:50.726872
RET-00004677,ORD-00034462,SKU-00538,1,2025-12-23,DAMAGED_TRANSIT,FAIR,94.24,,RETURN_TO_VENDOR,2026-04-30T04:36:50.726872
RET-00004678,ORD-00030884,SKU-00208,4,2026-03-20,WRONG_ITEM,FAIR,958.52,,DONATE,2026-04-30T04:36:50.726872
RET-00004679,ORD-00010646,SKU-00777,5,2025-09-29,NOT_AS_DESCRIBED,FAIR,1218.9,,REFURBISH,2026-04-30T04:36:50.726872
RET-00004680,ORD-00039246,SKU-00568,1,2025-07-17,CHANGED_MIND,GOOD,393.0,2025-07-22,REFURBISH,2026-04-30T04:36:50.726872
RET-00004681,ORD-00025333,SKU-00488,5,2026-01-31,NOT_AS_DESCRIBED,GOOD,329.0,2026-02-01,RESTOCK,2026-04-30T04:36:50.726872
RET-00004682,ORD-00028974,SKU-00057,2,2025-09-20,WRONG_ITEM,DAMAGED,341.78,,RESTOCK,2026-04-30T04:36:50.726872
RET-00004683,ORD-00012003,SKU-00433,3,2025-10-18,CHANGED_MIND,UNSELLABLE,1802.13,,DESTROY,2026-04-30T04:36:50.726872
RET-00004684,ORD-00046139,SKU-00035,4,2026-03-18,DEFECTIVE,FAIR,1542.24,,DESTROY,2026-04-30T04:36:50.726872
RET-00004685,ORD-00028560,SKU-00567,5,2025-12-09,CHANGED_MIND,FAIR,4246.1,,DONATE,2026-04-30T04:36:50.726872
RET-00004686,ORD-00006475,SKU-00582,5,2025-12-31,DEFECTIVE,UNSELLABLE,1493.1,,REFURBISH,2026-04-30T04:36:50.726872
RET-00004687,ORD-00011149,SKU-00646,2,2025-08-18,DEFECTIVE,GOOD,470.68,2025-08-19,RETURN_TO_VENDOR,2026-04-30T04:36:50.726872
RET-00004688,ORD-00045634,SKU-00351,4,2026-04-26,WRONG_ITEM,FAIR,1119.76,,RESTOCK,2026-04-30T04:36:50.726872
RET-00004689,ORD-00027841,SKU-00473,5,2025-07-27,CHANGED_MIND,DAMAGED,4648.0,,REFURBISH,2026-04-30T04:36:50.726872
RET-00004690,ORD-00026706,SKU-00273,3,2025-11-30,DEFECTIVE,LIKE_NEW,700.5,2025-12-05,RETURN_TO_VENDOR,2026-04-30T04:36:50.726872
RET-00004691,ORD-00019186,SKU-00800,1,2025-08-13,WRONG_ITEM,GOOD,268.41,2025-08-14,DESTROY,2026-04-30T04:36:50.726872
RET-00004692,ORD-00042022,SKU-00056,2,2025-06-17,DEFECTIVE,GOOD,433.42,2025-06-23,RESTOCK,2026-04-30T04:36:50.726872
RET-00004693,ORD-00010384,SKU-00714,4,2025-07-03,DUPLICATE_ORDER,LIKE_NEW,3837.6,2025-07-08,REFURBISH,2026-04-30T04:36:50.726872
RET-00004694,ORD-00035072,SKU-00432,4,2026-04-21,ARRIVED_LATE,LIKE_NEW,1420.48,2026-04-27,RESTOCK,2026-04-30T04:36:50.726872
RET-00004695,ORD-00002120,SKU-00970,3,2025-09-14,WRONG_ITEM,UNSELLABLE,23.64,,DONATE,2026-04-30T04:36:50.726872
RET-00004696,ORD-00004879,SKU-00072,4,2026-03-28,CHANGED_MIND,GOOD,2313.88,2026-04-01,RESTOCK,2026-04-30T04:36:50.726872
RET-00004697,ORD-00024487,SKU-00453,3,2025-10-24,DUPLICATE_ORDER,NEW,1550.43,2025-10-25,DESTROY,2026-04-30T04:36:50.726872
RET-00004698,ORD-00022378,SKU-00335,1,2025-12-08,NOT_AS_DESCRIBED,GOOD,1300.74,2025-12-15,RESTOCK,2026-04-30T04:36:50.726872
RET-00004699,ORD-00045415,SKU-00375,5,2026-04-12,DUPLICATE_ORDER,GOOD,2386.4,2026-04-15,RESTOCK,2026-04-30T04:36:50.726872
RET-00004700,ORD-00003197,SKU-00591,5,2025-07-09,DEFECTIVE,FAIR,5346.95,,DESTROY,2026-04-30T04:36:50.726872
RET-00004701,ORD-00009489,SKU-00689,2,2025-05-14,ARRIVED_LATE,GOOD,1784.72,2025-05-18,RESTOCK,2026-04-30T04:36:50.726872
RET-00004702,ORD-00002021,SKU-00963,4,2025-08-25,WRONG_ITEM,GOOD,5625.84,2025-08-27,DESTROY,2026-04-30T04:36:50.726872
RET-00004703,ORD-00013246,SKU-00165,3,2025-08-28,DUPLICATE_ORDER,GOOD,1524.24,2025-08-29,DESTROY,2026-04-30T04:36:50.726872
RET-00004704,ORD-00021721,SKU-00329,3,2025-11-02,DUPLICATE_ORDER,GOOD,3768.45,2025-11-06,REFURBISH,2026-04-30T04:36:50.726872
RET-00004705,ORD-00039806,SKU-00280,5,2026-04-27,WRONG_ITEM,DAMAGED,2515.05,,RESTOCK,2026-04-30T04:36:50.726872
RET-00004706,ORD-00008348,SKU-00392,4,2026-02-17,NOT_AS_DESCRIBED,NEW,3960.4,2026-02-19,RESTOCK,2026-04-30T04:36:50.726872
RET-00004707,ORD-00026743,SKU-00985,3,2026-03-24,DUPLICATE_ORDER,FAIR,1364.82,,DESTROY,2026-04-30T04:36:50.726872
RET-00004708,ORD-00044233,SKU-00156,3,2025-06-27,WRONG_ITEM,UNSELLABLE,1768.23,,RETURN_TO_VENDOR,2026-04-30T04:36:50.726872
RET-00004709,ORD-00025747,SKU-00929,1,2025-08-05,CHANGED_MIND,UNSELLABLE,77.98,,DESTROY,2026-04-30T04:36:50.726872
RET-00004710,ORD-00027254,SKU-00878,3,2025-12-07,DAMAGED_TRANSIT,UNSELLABLE,2334.78,,RESTOCK,2026-04-30T04:36:50.726872
RET-00004711,ORD-00019613,SKU-00434,3,2025-06-04,NOT_AS_DESCRIBED,NEW,2895.3,2025-06-10,RESTOCK,2026-04-30T04:36:50.726872
RET-00004712,ORD-00012768,SKU-00753,4,2026-03-01,CHANGED_MIND,DAMAGED,1846.36,,DESTROY,2026-04-30T04:36:50.726872
RET-00004713,ORD-00042746,SKU-00530,3,2025-08-07,DEFECTIVE,GOOD,2758.92,2025-08-14,DESTROY,2026-04-30T04:36:50.726872
RET-00004714,ORD-00043326,SKU-00892,3,2025-05-05,DUPLICATE_ORDER,LIKE_NEW,986.64,2025-05-11,RETURN_TO_VENDOR,2026-04-30T04:36:50.726872
RET-00004715,ORD-00009820,SKU-00251,4,2025-06-09,DUPLICATE_ORDER,DAMAGED,2219.08,,RETURN_TO_VENDOR,2026-04-30T04:36:50.726872
RET-00004716,ORD-00047451,SKU-00005,5,2026-01-24,DUPLICATE_ORDER,DAMAGED,1105.25,,RETURN_TO_VENDOR,2026-04-30T04:36:50.726872
RET-00004717,ORD-00033266,SKU-00895,1,2026-04-29,WRONG_ITEM,GOOD,197.51,2026-05-02,RETURN_TO_VENDOR,2026-04-30T04:36:50.726872
RET-00004718,ORD-00046869,SKU-00360,5,2025-12-20,ARRIVED_LATE,FAIR,3924.65,,DONATE,2026-04-30T04:36:50.726872
RET-00004719,ORD-00042343,SKU-00021,4,2026-01-04,NOT_AS_DESCRIBED,DAMAGED,169.6,,RESTOCK,2026-04-30T04:36:50.726872
RET-00004720,ORD-00016874,SKU-00685,1,2026-01-23,DUPLICATE_ORDER,LIKE_NEW,875.77,2026-01-30,DESTROY,2026-04-30T04:36:50.726872
RET-00004721,ORD-00004659,SKU-00608,3,2025-05-14,DEFECTIVE,NEW,2003.7,2025-05-18,REFURBISH,2026-04-30T04:36:50.726872
RET-00004722,ORD-00045454,SKU-00162,4,2026-04-27,WRONG_ITEM,GOOD,1213.72,2026-04-29,RESTOCK,2026-04-30T04:36:50.726872
RET-00004723,ORD-00036301,SKU-00519,1,2026-04-12,DUPLICATE_ORDER,GOOD,437.45,2026-04-17,RESTOCK,2026-04-30T04:36:50.726872
RET-00004724,ORD-00041142,SKU-00119,5,2025-11-12,CHANGED_MIND,NEW,1887.1,2025-11-16,REFURBISH,2026-04-30T04:36:50.726872
RET-00004725,ORD-00019896,SKU-00960,4,2025-06-28,NOT_AS_DESCRIBED,DAMAGED,2112.52,,RETURN_TO_VENDOR,2026-04-30T04:36:50.726872
RET-00004726,ORD-00047366,SKU-00024,2,2025-09-08,ARRIVED_LATE,DAMAGED,2034.7,,RESTOCK,2026-04-30T04:36:50.726872
RET-00004727,ORD-00027530,SKU-00597,2,2025-06-05,DAMAGED_TRANSIT,NEW,765.0,2025-06-09,RESTOCK,2026-04-30T04:36:50.726872
RET-00004728,ORD-00008599,SKU-00347,1,2025-12-02,WRONG_ITEM,UNSELLABLE,256.88,,DESTROY,2026-04-30T04:36:50.726872
RET-00004729,ORD-00044050,SKU-00099,3,2025-08-03,WRONG_ITEM,DAMAGED,1623.48,,RESTOCK,2026-04-30T04:36:50.726872
RET-00004730,ORD-00005145,SKU-00168,4,2026-01-21,WRONG_ITEM,LIKE_NEW,1855.36,2026-01-26,RESTOCK,2026-04-30T04:36:50.726872
RET-00004731,ORD-00010617,SKU-00918,2,2025-06-08,DUPLICATE_ORDER,DAMAGED,752.36,,RESTOCK,2026-04-30T04:36:50.726872
RET-00004732,ORD-00030990,SKU-00930,2,2025-12-09,WRONG_ITEM,FAIR,868.92,,REFURBISH,2026-04-30T04:36:50.726872
RET-00004733,ORD-00028110,SKU-00831,2,2025-05-29,DUPLICATE_ORDER,NEW,2345.84,2025-05-31,REFURBISH,2026-04-30T04:36:50.726872
RET-00004734,ORD-00044406,SKU-00093,4,2025-08-24,DAMAGED_TRANSIT,NEW,1903.4,2025-08-31,REFURBISH,2026-04-30T04:36:50.726872
RET-00004735,ORD-00005217,SKU-00433,4,2025-11-22,WRONG_ITEM,GOOD,2402.84,2025-11-27,REFURBISH,2026-04-30T04:36:50.726872
RET-00004736,ORD-00017953,SKU-00481,3,2025-06-18,WRONG_ITEM,LIKE_NEW,669.84,2025-06-19,DESTROY,2026-04-30T04:36:50.726872
RET-00004737,ORD-00039998,SKU-00045,2,2025-12-05,ARRIVED_LATE,DAMAGED,161.82,,RESTOCK,2026-04-30T04:36:50.726872
RET-00004738,ORD-00005438,SKU-00485,5,2025-07-09,NOT_AS_DESCRIBED,FAIR,4779.45,,DESTROY,2026-04-30T04:36:50.726872
RET-00004739,ORD-00032038,SKU-00699,4,2026-04-16,NOT_AS_DESCRIBED,DAMAGED,3690.52,,DESTROY,2026-04-30T04:36:50.726872
RET-00004740,ORD-00036020,SKU-00413,5,2025-09-26,CHANGED_MIND,UNSELLABLE,21.75,,RESTOCK,2026-04-30T04:36:50.726872
RET-00004741,ORD-00032312,SKU-00448,3,2025-12-13,WRONG_ITEM,LIKE_NEW,1385.16,2025-12-18,RESTOCK,2026-04-30T04:36:50.726872
RET-00004742,ORD-00018107,SKU-00723,1,2025-09-08,DUPLICATE_ORDER,DAMAGED,1424.9,,REFURBISH,2026-04-30T04:36:50.726872
RET-00004743,ORD-00044948,SKU-00486,1,2025-05-17,DEFECTIVE,FAIR,829.59,,REFURBISH,2026-04-30T04:36:50.726872
RET-00004744,ORD-00009170,SKU-00229,2,2026-03-12,DUPLICATE_ORDER,GOOD,687.68,2026-03-18,DONATE,2026-04-30T04:36:50.726872
RET-00004745,ORD-00039747,SKU-00208,4,2025-06-26,NOT_AS_DESCRIBED,LIKE_NEW,958.52,2025-06-28,RETURN_TO_VENDOR,2026-04-30T04:36:50.726872
RET-00004746,ORD-00046904,SKU-00881,5,2025-12-31,WRONG_ITEM,DAMAGED,854.75,,RESTOCK,2026-04-30T04:36:50.726872
RET-00004747,ORD-00036181,SKU-00037,4,2026-02-26,WRONG_ITEM,LIKE_NEW,1799.08,2026-03-03,RESTOCK,2026-04-30T04:36:50.726872
RET-00004748,ORD-00021456,SKU-00189,1,2025-09-19,WRONG_ITEM,LIKE_NEW,872.01,2025-09-23,RESTOCK,2026-04-30T04:36:50.726872
RET-00004749,ORD-00000563,SKU-00847,1,2026-01-06,CHANGED_MIND,GOOD,678.72,2026-01-13,RESTOCK,2026-04-30T04:36:50.726872
RET-00004750,ORD-00045191,SKU-00083,5,2025-11-29,DEFECTIVE,GOOD,3894.05,2025-12-02,RETURN_TO_VENDOR,2026-04-30T04:36:50.726872
RET-00004751,ORD-00013080,SKU-00515,2,2025-06-26,DAMAGED_TRANSIT,FAIR,1300.2,,RESTOCK,2026-04-30T04:36:50.726872
RET-00004752,ORD-00003581,SKU-00172,2,2026-04-22,DEFECTIVE,FAIR,2098.3,,RESTOCK,2026-04-30T04:36:50.726872
RET-00004753,ORD-00036997,SKU-00624,3,2025-05-16,DAMAGED_TRANSIT,FAIR,138.48,,RESTOCK,2026-04-30T04:36:50.726872
RET-00004754,ORD-00028106,SKU-00259,4,2025-12-03,DAMAGED_TRANSIT,UNSELLABLE,664.28,,RETURN_TO_VENDOR,2026-04-30T04:36:50.726872
RET-00004755,ORD-00021729,SKU-00980,3,2026-01-02,DEFECTIVE,GOOD,1459.17,2026-01-09,RESTOCK,2026-04-30T04:36:50.726872
RET-00004756,ORD-00049281,SKU-00278,3,2025-05-25,WRONG_ITEM,LIKE_NEW,580.74,2025-05-28,RESTOCK,2026-04-30T04:36:50.726872
RET-00004757,ORD-00022261,SKU-00873,4,2025-07-22,DAMAGED_TRANSIT,DAMAGED,2092.64,,RETURN_TO_VENDOR,2026-04-30T04:36:50.726872
RET-00004758,ORD-00032650,SKU-00962,1,2025-11-28,WRONG_ITEM,LIKE_NEW,403.1,2025-11-29,DESTROY,2026-04-30T04:36:50.726872
RET-00004759,ORD-00032071,SKU-00845,5,2025-07-05,WRONG_ITEM,DAMAGED,1889.8,,DONATE,2026-04-30T04:36:50.726872
RET-00004760,ORD-00025451,SKU-00488,3,2026-04-25,DUPLICATE_ORDER,GOOD,197.4,2026-04-27,RESTOCK,2026-04-30T04:36:50.726872
RET-00004761,ORD-00024635,SKU-00192,5,2025-11-19,DUPLICATE_ORDER,GOOD,740.75,2025-11-22,RETURN_TO_VENDOR,2026-04-30T04:36:50.726872
RET-00004762,ORD-00008371,SKU-00766,4,2026-02-04,NOT_AS_DESCRIBED,DAMAGED,2148.32,,RESTOCK,2026-04-30T04:36:50.726872
RET-00004763,ORD-00010430,SKU-00550,2,2026-03-14,WRONG_ITEM,LIKE_NEW,1967.16,2026-03-15,DESTROY,2026-04-30T04:36:50.726872
RET-00004764,ORD-00026383,SKU-00572,4,2025-08-07,ARRIVED_LATE,GOOD,457.12,2025-08-08,RESTOCK,2026-04-30T04:36:50.726872
RET-00004765,ORD-00023131,SKU-00036,1,2026-04-17,DAMAGED_TRANSIT,FAIR,63.3,,RESTOCK,2026-04-30T04:36:50.726872
RET-00004766,ORD-00039827,SKU-00883,2,2025-11-05,CHANGED_MIND,NEW,431.34,2025-11-12,RESTOCK,2026-04-30T04:36:50.726872
RET-00004767,ORD-00021487,SKU-00327,1,2026-02-08,NOT_AS_DESCRIBED,GOOD,770.95,2026-02-13,RETURN_TO_VENDOR,2026-04-30T04:36:50.726872
RET-00004768,ORD-00019953,SKU-00953,4,2025-12-26,DUPLICATE_ORDER,GOOD,339.32,2026-01-01,DESTROY,2026-04-30T04:36:50.726872
RET-00004769,ORD-00010117,SKU-00441,3,2026-03-16,DEFECTIVE,NEW,1965.66,2026-03-18,REFURBISH,2026-04-30T04:36:50.726872
RET-00004770,ORD-00018023,SKU-00127,2,2025-10-12,DAMAGED_TRANSIT,NEW,1179.16,2025-10-13,DONATE,2026-04-30T04:36:50.726872
RET-00004771,ORD-00022179,SKU-00635,4,2026-02-09,WRONG_ITEM,LIKE_NEW,197.2,2026-02-10,RESTOCK,2026-04-30T04:36:50.726872
RET-00004772,ORD-00019351,SKU-00522,5,2025-12-22,CHANGED_MIND,GOOD,2850.05,2025-12-26,RESTOCK,2026-04-30T04:36:50.726872
RET-00004773,ORD-00038864,SKU-00370,1,2025-12-11,CHANGED_MIND,UNSELLABLE,568.09,,REFURBISH,2026-04-30T04:36:50.726872
RET-00004774,ORD-00032013,SKU-00072,3,2026-04-14,DEFECTIVE,DAMAGED,1735.41,,RESTOCK,2026-04-30T04:36:50.726872
RET-00004775,ORD-00023603,SKU-00640,2,2026-03-16,WRONG_ITEM,GOOD,1168.18,2026-03-23,DONATE,2026-04-30T04:36:50.726872
RET-00004776,ORD-00026317,SKU-00164,5,2025-08-23,NOT_AS_DESCRIBED,GOOD,2658.45,2025-08-24,DESTROY,2026-04-30T04:36:50.726872
RET-00004777,ORD-00018851,SKU-00157,1,2026-02-20,DEFECTIVE,NEW,23.89,2026-02-24,RETURN_TO_VENDOR,2026-04-30T04:36:50.726872
RET-00004778,ORD-00041827,SKU-00718,1,2025-06-07,WRONG_ITEM,GOOD,349.77,2025-06-08,RETURN_TO_VENDOR,2026-04-30T04:36:50.726872
RET-00004779,ORD-00018485,SKU-00337,3,2025-11-27,CHANGED_MIND,FAIR,950.37,,DESTROY,2026-04-30T04:36:50.726872
RET-00004780,ORD-00041646,SKU-00331,1,2025-05-11,NOT_AS_DESCRIBED,DAMAGED,506.96,,DESTROY,2026-04-30T04:36:50.726872
RET-00004781,ORD-00043185,SKU-00259,4,2026-04-03,DAMAGED_TRANSIT,LIKE_NEW,664.28,2026-04-07,RESTOCK,2026-04-30T04:36:50.726872
RET-00004782,ORD-00008179,SKU-00734,5,2026-01-21,WRONG_ITEM,DAMAGED,4455.0,,RESTOCK,2026-04-30T04:36:50.726872
RET-00004783,ORD-00001866,SKU-00338,5,2025-06-24,NOT_AS_DESCRIBED,DAMAGED,2209.3,,RETURN_TO_VENDOR,2026-04-30T04:36:50.726872
RET-00004784,ORD-00015528,SKU-00382,2,2025-05-07,DAMAGED_TRANSIT,GOOD,676.54,2025-05-08,REFURBISH,2026-04-30T04:36:50.726872
RET-00004785,ORD-00045331,SKU-00008,1,2026-01-11,CHANGED_MIND,GOOD,341.85,2026-01-12,RESTOCK,2026-04-30T04:36:50.726872
RET-00004786,ORD-00002806,SKU-00882,1,2025-06-24,DUPLICATE_ORDER,LIKE_NEW,193.69,2025-06-26,DESTROY,2026-04-30T04:36:50.726872
RET-00004787,ORD-00017243,SKU-00383,3,2026-01-28,DUPLICATE_ORDER,LIKE_NEW,339.09,2026-01-31,RETURN_TO_VENDOR,2026-04-30T04:36:50.726872
RET-00004788,ORD-00041886,SKU-00813,4,2026-02-05,DUPLICATE_ORDER,LIKE_NEW,3412.12,2026-02-06,DONATE,2026-04-30T04:36:50.726872
RET-00004789,ORD-00008418,SKU-00645,1,2026-04-26,NOT_AS_DESCRIBED,FAIR,292.2,,RESTOCK,2026-04-30T04:36:50.726872
RET-00004790,ORD-00007759,SKU-00065,5,2025-06-03,CHANGED_MIND,GOOD,5386.95,2025-06-05,REFURBISH,2026-04-30T04:36:50.726872
RET-00004791,ORD-00022193,SKU-00024,2,2025-05-22,DUPLICATE_ORDER,GOOD,2034.7,2025-05-25,REFURBISH,2026-04-30T04:36:50.726872
RET-00004792,ORD-00003886,SKU-01000,3,2025-09-22,DUPLICATE_ORDER,LIKE_NEW,3429.45,2025-09-24,REFURBISH,2026-04-30T04:36:50.726872
RET-00004793,ORD-00019231,SKU-00106,2,2025-12-28,DAMAGED_TRANSIT,GOOD,8.84,2025-12-29,DONATE,2026-04-30T04:36:50.726872
RET-00004794,ORD-00006114,SKU-00301,4,2025-07-09,DUPLICATE_ORDER,GOOD,4076.32,2025-07-11,REFURBISH,2026-04-30T04:36:50.726872
RET-00004795,ORD-00028047,SKU-00038,1,2025-05-13,CHANGED_MIND,LIKE_NEW,461.86,2025-05-16,RESTOCK,2026-04-30T04:36:50.726872
RET-00004796,ORD-00033304,SKU-00180,5,2025-06-19,DEFECTIVE,LIKE_NEW,985.7,2025-06-24,DESTROY,2026-04-30T04:36:50.726872
RET-00004797,ORD-00041494,SKU-00785,4,2026-01-26,CHANGED_MIND,NEW,298.76,2026-01-27,RESTOCK,2026-04-30T04:36:50.726872
RET-00004798,ORD-00026927,SKU-00921,1,2025-12-19,DEFECTIVE,FAIR,870.92,,RESTOCK,2026-04-30T04:36:50.726872
RET-00004799,ORD-00005454,SKU-00663,5,2025-07-24,ARRIVED_LATE,GOOD,2201.55,2025-07-27,RESTOCK,2026-04-30T04:36:50.726872
RET-00004800,ORD-00022752,SKU-00793,4,2025-06-21,ARRIVED_LATE,DAMAGED,651.44,,RESTOCK,2026-04-30T04:36:50.726872
RET-00004801,ORD-00037679,SKU-00797,4,2025-10-19,ARRIVED_LATE,LIKE_NEW,3979.32,2025-10-20,DESTROY,2026-04-30T04:36:50.726872
RET-00004802,ORD-00037105,SKU-00309,4,2025-09-26,DEFECTIVE,UNSELLABLE,3795.36,,RESTOCK,2026-04-30T04:36:50.726872
RET-00004803,ORD-00036493,SKU-00426,5,2025-07-20,WRONG_ITEM,FAIR,2816.9,,DONATE,2026-04-30T04:36:50.726872
RET-00004804,ORD-00031207,SKU-00190,4,2026-01-17,WRONG_ITEM,FAIR,2610.04,,DONATE,2026-04-30T04:36:50.726872
RET-00004805,ORD-00036931,SKU-00141,3,2025-08-03,WRONG_ITEM,UNSELLABLE,2063.88,,RETURN_TO_VENDOR,2026-04-30T04:36:50.726872
RET-00004806,ORD-00027792,SKU-00329,5,2026-02-05,DAMAGED_TRANSIT,LIKE_NEW,6280.75,2026-02-11,RESTOCK,2026-04-30T04:36:50.726872
RET-00004807,ORD-00014832,SKU-00173,5,2025-07-29,CHANGED_MIND,NEW,4539.85,2025-08-03,DESTROY,2026-04-30T04:36:50.726872
RET-00004808,ORD-00030935,SKU-00572,5,2025-11-03,DAMAGED_TRANSIT,LIKE_NEW,571.4,2025-11-08,DONATE,2026-04-30T04:36:50.726872
RET-00004809,ORD-00025920,SKU-00551,2,2025-09-22,CHANGED_MIND,GOOD,1269.66,2025-09-28,DESTROY,2026-04-30T04:36:50.726872
RET-00004810,ORD-00002428,SKU-00477,3,2025-06-12,DUPLICATE_ORDER,DAMAGED,2837.13,,RETURN_TO_VENDOR,2026-04-30T04:36:50.726872
RET-00004811,ORD-00026646,SKU-00141,5,2025-06-27,NOT_AS_DESCRIBED,LIKE_NEW,3439.8,2025-07-03,REFURBISH,2026-04-30T04:36:50.726872
RET-00004812,ORD-00013629,SKU-00177,2,2026-03-11,DEFECTIVE,FAIR,1734.36,,RESTOCK,2026-04-30T04:36:50.726872
RET-00004813,ORD-00031884,SKU-00803,2,2025-09-14,DUPLICATE_ORDER,FAIR,810.68,,DESTROY,2026-04-30T04:36:50.726872
RET-00004814,ORD-00015154,SKU-00810,5,2026-04-01,DAMAGED_TRANSIT,DAMAGED,375.8,,RETURN_TO_VENDOR,2026-04-30T04:36:50.726872
RET-00004815,ORD-00039262,SKU-00323,2,2025-06-02,CHANGED_MIND,DAMAGED,1353.26,,RETURN_TO_VENDOR,2026-04-30T04:36:50.726872
RET-00004816,ORD-00044332,SKU-00730,5,2026-03-05,DUPLICATE_ORDER,FAIR,805.5,,RESTOCK,2026-04-30T04:36:50.726872
RET-00004817,ORD-00036339,SKU-00754,1,2025-08-07,ARRIVED_LATE,FAIR,459.6,,REFURBISH,2026-04-30T04:36:50.726872
RET-00004818,ORD-00029288,SKU-00967,2,2025-08-04,NOT_AS_DESCRIBED,FAIR,664.36,,REFURBISH,2026-04-30T04:36:50.726872
RET-00004819,ORD-00021546,SKU-00752,1,2025-11-18,CHANGED_MIND,UNSELLABLE,180.74,,DESTROY,2026-04-30T04:36:50.726872
RET-00004820,ORD-00033098,SKU-00186,2,2025-10-12,CHANGED_MIND,DAMAGED,315.06,,REFURBISH,2026-04-30T04:36:50.726872
RET-00004821,ORD-00015224,SKU-00409,2,2025-10-18,DAMAGED_TRANSIT,DAMAGED,1134.76,,RESTOCK,2026-04-30T04:36:50.726872
RET-00004822,ORD-00014500,SKU-00617,2,2026-02-07,DUPLICATE_ORDER,LIKE_NEW,429.2,2026-02-10,RESTOCK,2026-04-30T04:36:50.726872
RET-00004823,ORD-00036707,SKU-00208,2,2026-01-21,DUPLICATE_ORDER,DAMAGED,479.26,,REFURBISH,2026-04-30T04:36:50.726872
RET-00004824,ORD-00026774,SKU-00626,2,2025-10-12,DAMAGED_TRANSIT,NEW,2089.84,2025-10-19,REFURBISH,2026-04-30T04:36:50.726872
RET-00004825,ORD-00029740,SKU-00262,4,2025-06-03,NOT_AS_DESCRIBED,LIKE_NEW,2026.28,2025-06-07,RETURN_TO_VENDOR,2026-04-30T04:36:50.726872
RET-00004826,ORD-00013024,SKU-00127,4,2026-02-05,DUPLICATE_ORDER,GOOD,2358.32,2026-02-07,REFURBISH,2026-04-30T04:36:50.726872
RET-00004827,ORD-00041514,SKU-00251,2,2025-07-04,CHANGED_MIND,NEW,1109.54,2025-07-06,RESTOCK,2026-04-30T04:36:50.726872
RET-00004828,ORD-00016492,SKU-00194,1,2025-09-08,CHANGED_MIND,GOOD,73.25,2025-09-15,RESTOCK,2026-04-30T04:36:50.726872
RET-00004829,ORD-00018998,SKU-00633,1,2025-10-02,NOT_AS_DESCRIBED,DAMAGED,544.29,,REFURBISH,2026-04-30T04:36:50.726872
RET-00004830,ORD-00015080,SKU-00429,1,2025-12-02,DUPLICATE_ORDER,NEW,185.97,2025-12-03,RESTOCK,2026-04-30T04:36:50.726872
RET-00004831,ORD-00015937,SKU-00707,2,2026-01-10,NOT_AS_DESCRIBED,DAMAGED,530.8,,REFURBISH,2026-04-30T04:36:50.726872
RET-00004832,ORD-00022603,SKU-00456,3,2026-04-19,ARRIVED_LATE,NEW,160.02,2026-04-20,RESTOCK,2026-04-30T04:36:50.726872
RET-00004833,ORD-00038659,SKU-00704,3,2025-05-31,NOT_AS_DESCRIBED,FAIR,1236.12,,RESTOCK,2026-04-30T04:36:50.726872
RET-00004834,ORD-00011542,SKU-00958,4,2025-10-07,WRONG_ITEM,NEW,1810.96,2025-10-11,RESTOCK,2026-04-30T04:36:50.726872
RET-00004835,ORD-00021939,SKU-00430,3,2026-02-17,WRONG_ITEM,LIKE_NEW,2472.54,2026-02-18,RESTOCK,2026-04-30T04:36:50.726872
RET-00004836,ORD-00047491,SKU-00829,4,2025-11-15,NOT_AS_DESCRIBED,NEW,3853.4,2025-11-20,RESTOCK,2026-04-30T04:36:50.726872
RET-00004837,ORD-00045117,SKU-00246,3,2025-07-31,WRONG_ITEM,NEW,1222.74,2025-08-01,RESTOCK,2026-04-30T04:36:50.726872
RET-00004838,ORD-00029466,SKU-00080,1,2025-08-05,NOT_AS_DESCRIBED,DAMAGED,464.35,,REFURBISH,2026-04-30T04:36:50.726872
RET-00004839,ORD-00016304,SKU-00827,5,2025-11-02,ARRIVED_LATE,NEW,2162.35,2025-11-05,DESTROY,2026-04-30T04:36:50.726872
RET-00004840,ORD-00005511,SKU-00575,5,2026-04-14,ARRIVED_LATE,DAMAGED,122.45,,RESTOCK,2026-04-30T04:36:50.726872
RET-00004841,ORD-00012529,SKU-00572,3,2025-07-05,ARRIVED_LATE,LIKE_NEW,342.84,2025-07-12,RETURN_TO_VENDOR,2026-04-30T04:36:50.726872
RET-00004842,ORD-00011744,SKU-00014,4,2025-05-23,ARRIVED_LATE,GOOD,1462.84,2025-05-27,DESTROY,2026-04-30T04:36:50.726872
RET-00004843,ORD-00042019,SKU-00044,4,2025-08-15,DAMAGED_TRANSIT,LIKE_NEW,2724.84,2025-08-20,DESTROY,2026-04-30T04:36:50.726872
RET-00004844,ORD-00010717,SKU-00832,3,2025-09-05,WRONG_ITEM,FAIR,328.17,,DESTROY,2026-04-30T04:36:50.726872
RET-00004845,ORD-00044641,SKU-00926,1,2025-07-23,DUPLICATE_ORDER,DAMAGED,980.48,,DONATE,2026-04-30T04:36:50.726872
RET-00004846,ORD-00005444,SKU-00819,1,2025-07-07,WRONG_ITEM,NEW,285.67,2025-07-09,DESTROY,2026-04-30T04:36:50.726872
RET-00004847,ORD-00036447,SKU-00039,2,2025-06-12,CHANGED_MIND,UNSELLABLE,1834.94,,REFURBISH,2026-04-30T04:36:50.726872
RET-00004848,ORD-00024522,SKU-00107,3,2025-09-04,NOT_AS_DESCRIBED,LIKE_NEW,3112.68,2025-09-11,RESTOCK,2026-04-30T04:36:50.726872
RET-00004849,ORD-00014846,SKU-00128,4,2025-10-04,NOT_AS_DESCRIBED,GOOD,3059.72,2025-10-10,RETURN_TO_VENDOR,2026-04-30T04:36:50.726872
RET-00004850,ORD-00035582,SKU-00122,1,2025-10-23,DAMAGED_TRANSIT,NEW,569.56,2025-10-29,RESTOCK,2026-04-30T04:36:50.726872
RET-00004851,ORD-00007141,SKU-00730,4,2026-02-10,DEFECTIVE,LIKE_NEW,644.4,2026-02-17,DESTROY,2026-04-30T04:36:50.726872
RET-00004852,ORD-00003498,SKU-00337,5,2025-09-19,NOT_AS_DESCRIBED,LIKE_NEW,1583.95,2025-09-20,RESTOCK,2026-04-30T04:36:50.726872
RET-00004853,ORD-00028962,SKU-00995,1,2026-01-22,DUPLICATE_ORDER,NEW,1275.4,2026-01-25,RETURN_TO_VENDOR,2026-04-30T04:36:50.726872
RET-00004854,ORD-00033001,SKU-00169,3,2026-01-07,CHANGED_MIND,GOOD,3413.19,2026-01-08,DONATE,2026-04-30T04:36:50.726872
RET-00004855,ORD-00018446,SKU-00910,2,2026-01-20,DAMAGED_TRANSIT,UNSELLABLE,1498.38,,REFURBISH,2026-04-30T04:36:50.726872
RET-00004856,ORD-00001178,SKU-00836,4,2025-08-09,NOT_AS_DESCRIBED,GOOD,476.72,2025-08-15,DONATE,2026-04-30T04:36:50.726872
RET-00004857,ORD-00045892,SKU-00414,3,2025-12-25,DEFECTIVE,UNSELLABLE,1007.76,,RESTOCK,2026-04-30T04:36:50.726872
RET-00004858,ORD-00028531,SKU-00165,2,2026-01-25,CHANGED_MIND,DAMAGED,1016.16,,RESTOCK,2026-04-30T04:36:50.726872
RET-00004859,ORD-00047997,SKU-00422,5,2025-04-29,DEFECTIVE,GOOD,2915.8,2025-05-03,RETURN_TO_VENDOR,2026-04-30T04:36:50.726872
RET-00004860,ORD-00023379,SKU-00742,1,2025-08-03,ARRIVED_LATE,GOOD,833.54,2025-08-09,DESTROY,2026-04-30T04:36:50.726872
RET-00004861,ORD-00022527,SKU-00329,1,2026-01-12,CHANGED_MIND,UNSELLABLE,1256.15,,REFURBISH,2026-04-30T04:36:50.726872
RET-00004862,ORD-00038391,SKU-00387,5,2026-01-20,WRONG_ITEM,GOOD,4618.15,2026-01-25,RESTOCK,2026-04-30T04:36:50.726872
RET-00004863,ORD-00004619,SKU-00703,3,2025-06-28,ARRIVED_LATE,DAMAGED,1190.79,,RESTOCK,2026-04-30T04:36:50.726872
RET-00004864,ORD-00020924,SKU-00368,5,2025-11-17,WRONG_ITEM,UNSELLABLE,453.4,,RETURN_TO_VENDOR,2026-04-30T04:36:50.726872
RET-00004865,ORD-00022813,SKU-00667,4,2025-11-05,DEFECTIVE,DAMAGED,479.16,,REFURBISH,2026-04-30T04:36:50.726872
RET-00004866,ORD-00011630,SKU-00294,2,2025-06-01,CHANGED_MIND,LIKE_NEW,25.18,2025-06-05,RETURN_TO_VENDOR,2026-04-30T04:36:50.726872
RET-00004867,ORD-00020287,SKU-00054,4,2026-03-24,DEFECTIVE,FAIR,2418.52,,RESTOCK,2026-04-30T04:36:50.726872
RET-00004868,ORD-00032540,SKU-00584,1,2025-06-06,DUPLICATE_ORDER,NEW,1038.73,2025-06-07,RETURN_TO_VENDOR,2026-04-30T04:36:50.726872
RET-00004869,ORD-00041977,SKU-00529,3,2025-08-25,ARRIVED_LATE,LIKE_NEW,737.43,2025-08-30,REFURBISH,2026-04-30T04:36:50.726872
RET-00004870,ORD-00019735,SKU-00841,3,2025-11-28,WRONG_ITEM,DAMAGED,140.22,,RESTOCK,2026-04-30T04:36:50.726872
RET-00004871,ORD-00010379,SKU-00851,2,2025-12-05,NOT_AS_DESCRIBED,LIKE_NEW,790.82,2025-12-11,RESTOCK,2026-04-30T04:36:50.726872
RET-00004872,ORD-00041126,SKU-00689,2,2025-06-24,CHANGED_MIND,GOOD,1784.72,2025-06-29,RETURN_TO_VENDOR,2026-04-30T04:36:50.726872
RET-00004873,ORD-00039115,SKU-00238,3,2025-11-09,DUPLICATE_ORDER,DAMAGED,1317.63,,REFURBISH,2026-04-30T04:36:50.726872
RET-00004874,ORD-00032508,SKU-00039,3,2025-06-04,DEFECTIVE,FAIR,2752.41,,DONATE,2026-04-30T04:36:50.726872
RET-00004875,ORD-00010880,SKU-00892,4,2026-02-25,WRONG_ITEM,GOOD,1315.52,2026-02-26,RESTOCK,2026-04-30T04:36:50.726872
RET-00004876,ORD-00035724,SKU-00883,2,2025-09-08,CHANGED_MIND,GOOD,431.34,2025-09-13,REFURBISH,2026-04-30T04:36:50.726872
RET-00004877,ORD-00035850,SKU-00495,5,2026-01-23,CHANGED_MIND,GOOD,3656.95,2026-01-28,RESTOCK,2026-04-30T04:36:50.726872
RET-00004878,ORD-00005066,SKU-00498,2,2025-09-24,WRONG_ITEM,FAIR,850.94,,RESTOCK,2026-04-30T04:36:50.726872
RET-00004879,ORD-00004771,SKU-00453,2,2026-03-15,WRONG_ITEM,FAIR,1033.62,,RETURN_TO_VENDOR,2026-04-30T04:36:50.726872
RET-00004880,ORD-00038009,SKU-00596,5,2025-11-18,NOT_AS_DESCRIBED,FAIR,6998.65,,RETURN_TO_VENDOR,2026-04-30T04:36:50.726872
RET-00004881,ORD-00030827,SKU-00773,2,2026-03-28,ARRIVED_LATE,LIKE_NEW,892.58,2026-03-31,RESTOCK,2026-04-30T04:36:50.726872
RET-00004882,ORD-00039089,SKU-00112,2,2025-09-20,DEFECTIVE,UNSELLABLE,1975.24,,DONATE,2026-04-30T04:36:50.726872
RET-00004883,ORD-00018907,SKU-00938,1,2025-05-27,DUPLICATE_ORDER,UNSELLABLE,409.68,,RETURN_TO_VENDOR,2026-04-30T04:36:50.726872
RET-00004884,ORD-00008979,SKU-00835,2,2025-10-28,DAMAGED_TRANSIT,LIKE_NEW,1104.5,2025-11-01,RETURN_TO_VENDOR,2026-04-30T04:36:50.726872
RET-00004885,ORD-00021984,SKU-00220,1,2025-09-13,DAMAGED_TRANSIT,FAIR,534.79,,DESTROY,2026-04-30T04:36:50.726872
RET-00004886,ORD-00045162,SKU-00572,2,2025-11-26,DAMAGED_TRANSIT,GOOD,228.56,2025-11-28,RESTOCK,2026-04-30T04:36:50.726872
RET-00004887,ORD-00024394,SKU-00535,2,2026-02-09,DUPLICATE_ORDER,UNSELLABLE,65.7,,DONATE,2026-04-30T04:36:50.726872
RET-00004888,ORD-00041544,SKU-00359,3,2025-05-25,DUPLICATE_ORDER,LIKE_NEW,4086.51,2025-05-30,RESTOCK,2026-04-30T04:36:50.726872
RET-00004889,ORD-00033979,SKU-00514,1,2026-03-10,NOT_AS_DESCRIBED,LIKE_NEW,322.9,2026-03-12,REFURBISH,2026-04-30T04:36:50.726872
RET-00004890,ORD-00036957,SKU-00018,3,2026-04-26,DAMAGED_TRANSIT,NEW,1791.03,2026-04-29,RESTOCK,2026-04-30T04:36:50.726872
RET-00004891,ORD-00029216,SKU-00686,4,2025-09-14,ARRIVED_LATE,UNSELLABLE,4672.88,,RETURN_TO_VENDOR,2026-04-30T04:36:50.726872
RET-00004892,ORD-00031660,SKU-00988,5,2026-04-15,DUPLICATE_ORDER,LIKE_NEW,2885.8,2026-04-21,REFURBISH,2026-04-30T04:36:50.726872
RET-00004893,ORD-00026611,SKU-00552,4,2025-06-21,DAMAGED_TRANSIT,DAMAGED,3362.68,,RESTOCK,2026-04-30T04:36:50.726872
RET-00004894,ORD-00029886,SKU-00188,4,2026-02-13,ARRIVED_LATE,UNSELLABLE,1949.32,,RESTOCK,2026-04-30T04:36:50.726872
RET-00004895,ORD-00027775,SKU-00462,2,2026-01-09,CHANGED_MIND,DAMAGED,2014.92,,REFURBISH,2026-04-30T04:36:50.726872
RET-00004896,ORD-00028057,SKU-00752,3,2026-01-28,ARRIVED_LATE,NEW,542.22,2026-02-03,RESTOCK,2026-04-30T04:36:50.726872
RET-00004897,ORD-00027107,SKU-00864,4,2025-08-13,WRONG_ITEM,NEW,4195.88,2025-08-19,DESTROY,2026-04-30T04:36:50.726872
RET-00004898,ORD-00047342,SKU-00965,4,2025-07-25,NOT_AS_DESCRIBED,LIKE_NEW,1488.88,2025-07-29,DESTROY,2026-04-30T04:36:50.726872
RET-00004899,ORD-00004441,SKU-00771,1,2026-01-04,DUPLICATE_ORDER,GOOD,422.47,2026-01-10,RESTOCK,2026-04-30T04:36:50.726872
RET-00004900,ORD-00045598,SKU-00870,2,2025-10-10,CHANGED_MIND,UNSELLABLE,1057.06,,RESTOCK,2026-04-30T04:36:50.726872
RET-00004901,ORD-00007298,SKU-00944,5,2025-07-12,DAMAGED_TRANSIT,GOOD,1938.05,2025-07-18,RESTOCK,2026-04-30T04:36:50.726872
RET-00004902,ORD-00019108,SKU-00707,5,2026-01-04,DEFECTIVE,GOOD,1327.0,2026-01-09,DESTROY,2026-04-30T04:36:50.726872
RET-00004903,ORD-00025937,SKU-00670,4,2025-11-20,DAMAGED_TRANSIT,DAMAGED,4632.6,,RESTOCK,2026-04-30T04:36:50.726872
RET-00004904,ORD-00039273,SKU-00398,5,2025-08-19,DEFECTIVE,GOOD,2949.3,2025-08-24,RESTOCK,2026-04-30T04:36:50.726872
RET-00004905,ORD-00022842,SKU-00457,2,2026-04-27,CHANGED_MIND,FAIR,776.96,,REFURBISH,2026-04-30T04:36:50.726872
RET-00004906,ORD-00003672,SKU-00844,3,2025-12-19,CHANGED_MIND,DAMAGED,1436.52,,RESTOCK,2026-04-30T04:36:50.726872
RET-00004907,ORD-00026647,SKU-00764,2,2025-09-04,DUPLICATE_ORDER,DAMAGED,2185.4,,RETURN_TO_VENDOR,2026-04-30T04:36:50.726872
RET-00004908,ORD-00000621,SKU-00204,1,2025-10-08,WRONG_ITEM,GOOD,981.99,2025-10-14,REFURBISH,2026-04-30T04:36:50.726872
RET-00004909,ORD-00004547,SKU-00716,3,2026-01-08,DEFECTIVE,UNSELLABLE,2167.56,,DESTROY,2026-04-30T04:36:50.726872
RET-00004910,ORD-00028134,SKU-00729,4,2025-12-06,WRONG_ITEM,NEW,1261.24,2025-12-09,RESTOCK,2026-04-30T04:36:50.726872
RET-00004911,ORD-00039782,SKU-00838,1,2025-05-12,ARRIVED_LATE,LIKE_NEW,359.6,2025-05-14,RESTOCK,2026-04-30T04:36:50.726872
RET-00004912,ORD-00002978,SKU-00565,3,2025-07-12,DUPLICATE_ORDER,NEW,301.92,2025-07-16,DONATE,2026-04-30T04:36:50.726872
RET-00004913,ORD-00043680,SKU-00344,4,2025-06-15,DEFECTIVE,LIKE_NEW,2017.48,2025-06-19,RESTOCK,2026-04-30T04:36:50.726872
RET-00004914,ORD-00038174,SKU-00357,4,2025-05-09,DAMAGED_TRANSIT,LIKE_NEW,1861.16,2025-05-10,RETURN_TO_VENDOR,2026-04-30T04:36:50.726872
RET-00004915,ORD-00007848,SKU-00791,5,2026-04-05,ARRIVED_LATE,DAMAGED,3898.15,,DESTROY,2026-04-30T04:36:50.726872
RET-00004916,ORD-00048468,SKU-00968,5,2025-08-10,DEFECTIVE,NEW,4932.85,2025-08-17,DESTROY,2026-04-30T04:36:50.726872
RET-00004917,ORD-00009074,SKU-00297,1,2025-06-24,CHANGED_MIND,GOOD,762.28,2025-06-30,RESTOCK,2026-04-30T04:36:50.726872
RET-00004918,ORD-00022701,SKU-00386,1,2026-02-23,ARRIVED_LATE,UNSELLABLE,317.14,,RESTOCK,2026-04-30T04:36:50.726872
RET-00004919,ORD-00036460,SKU-00440,5,2025-07-08,NOT_AS_DESCRIBED,DAMAGED,3998.5,,RESTOCK,2026-04-30T04:36:50.726872
RET-00004920,ORD-00034953,SKU-00794,4,2025-08-09,DAMAGED_TRANSIT,NEW,947.76,2025-08-16,RESTOCK,2026-04-30T04:36:50.726872
RET-00004921,ORD-00015756,SKU-00347,4,2025-06-03,NOT_AS_DESCRIBED,LIKE_NEW,1027.52,2025-06-04,DESTROY,2026-04-30T04:36:50.726872
RET-00004922,ORD-00007642,SKU-00352,2,2026-01-15,DAMAGED_TRANSIT,LIKE_NEW,1534.72,2026-01-16,RESTOCK,2026-04-30T04:36:50.726872
RET-00004923,ORD-00029746,SKU-00622,4,2025-09-01,DUPLICATE_ORDER,LIKE_NEW,140.04,2025-09-02,RESTOCK,2026-04-30T04:36:50.726872
RET-00004924,ORD-00017465,SKU-00395,1,2026-04-28,DUPLICATE_ORDER,FAIR,513.69,,DESTROY,2026-04-30T04:36:50.726872
RET-00004925,ORD-00036210,SKU-00235,2,2026-03-26,CHANGED_MIND,GOOD,1432.42,2026-03-29,DONATE,2026-04-30T04:36:50.726872
RET-00004926,ORD-00034069,SKU-00953,3,2025-08-28,DAMAGED_TRANSIT,FAIR,254.49,,DESTROY,2026-04-30T04:36:50.726872
RET-00004927,ORD-00017155,SKU-00039,2,2026-01-19,CHANGED_MIND,GOOD,1834.94,2026-01-21,DONATE,2026-04-30T04:36:50.726872
RET-00004928,ORD-00030750,SKU-00327,3,2025-06-06,ARRIVED_LATE,DAMAGED,2312.85,,RESTOCK,2026-04-30T04:36:50.726872
RET-00004929,ORD-00007245,SKU-00710,3,2025-10-23,NOT_AS_DESCRIBED,UNSELLABLE,2723.01,,RESTOCK,2026-04-30T04:36:50.726872
RET-00004930,ORD-00020203,SKU-00504,5,2025-07-23,WRONG_ITEM,NEW,1859.25,2025-07-25,REFURBISH,2026-04-30T04:36:50.726872
RET-00004931,ORD-00011990,SKU-00675,3,2025-11-15,CHANGED_MIND,LIKE_NEW,482.01,2025-11-16,RESTOCK,2026-04-30T04:36:50.726872
RET-00004932,ORD-00022881,SKU-00264,2,2025-08-10,NOT_AS_DESCRIBED,GOOD,69.06,2025-08-14,RESTOCK,2026-04-30T04:36:50.726872
RET-00004933,ORD-00013545,SKU-00750,4,2026-02-08,DAMAGED_TRANSIT,GOOD,2278.84,2026-02-13,DESTROY,2026-04-30T04:36:50.726872
RET-00004934,ORD-00049492,SKU-00690,4,2026-01-05,DEFECTIVE,GOOD,2140.92,2026-01-09,RESTOCK,2026-04-30T04:36:50.726872
RET-00004935,ORD-00036581,SKU-00262,5,2025-05-21,ARRIVED_LATE,UNSELLABLE,2532.85,,RESTOCK,2026-04-30T04:36:50.726872
RET-00004936,ORD-00021775,SKU-00850,3,2026-03-12,DUPLICATE_ORDER,LIKE_NEW,1666.14,2026-03-17,RESTOCK,2026-04-30T04:36:50.726872
RET-00004937,ORD-00023713,SKU-00569,1,2026-02-13,DAMAGED_TRANSIT,UNSELLABLE,505.72,,RETURN_TO_VENDOR,2026-04-30T04:36:50.726872
RET-00004938,ORD-00031401,SKU-00396,2,2026-01-04,DUPLICATE_ORDER,GOOD,432.18,2026-01-09,RESTOCK,2026-04-30T04:36:50.726872
RET-00004939,ORD-00017675,SKU-00314,1,2025-05-07,DUPLICATE_ORDER,DAMAGED,169.67,,RESTOCK,2026-04-30T04:36:50.726872
RET-00004940,ORD-00019526,SKU-00103,3,2026-04-28,CHANGED_MIND,UNSELLABLE,692.94,,RETURN_TO_VENDOR,2026-04-30T04:36:50.726872
RET-00004941,ORD-00013985,SKU-00972,1,2025-08-28,DEFECTIVE,LIKE_NEW,329.83,2025-09-02,RETURN_TO_VENDOR,2026-04-30T04:36:50.726872
RET-00004942,ORD-00009382,SKU-00323,1,2025-07-04,CHANGED_MIND,UNSELLABLE,676.63,,RESTOCK,2026-04-30T04:36:50.726872
RET-00004943,ORD-00029829,SKU-00990,3,2026-02-20,DAMAGED_TRANSIT,LIKE_NEW,406.38,2026-02-21,RESTOCK,2026-04-30T04:36:50.726872
RET-00004944,ORD-00015688,SKU-00994,3,2025-09-01,DAMAGED_TRANSIT,NEW,1081.65,2025-09-02,REFURBISH,2026-04-30T04:36:50.726872
RET-00004945,ORD-00012278,SKU-00596,5,2025-07-01,CHANGED_MIND,LIKE_NEW,6998.65,2025-07-02,REFURBISH,2026-04-30T04:36:50.726872
RET-00004946,ORD-00024777,SKU-00737,2,2026-03-11,WRONG_ITEM,LIKE_NEW,577.8,2026-03-14,DONATE,2026-04-30T04:36:50.726872
RET-00004947,ORD-00032402,SKU-00464,1,2025-05-20,DUPLICATE_ORDER,NEW,1041.42,2025-05-21,RESTOCK,2026-04-30T04:36:50.726872
RET-00004948,ORD-00034741,SKU-00616,2,2026-01-15,CHANGED_MIND,FAIR,257.8,,RETURN_TO_VENDOR,2026-04-30T04:36:50.726872
RET-00004949,ORD-00023069,SKU-00290,1,2025-06-23,DAMAGED_TRANSIT,GOOD,162.03,2025-06-30,RESTOCK,2026-04-30T04:36:50.726872
RET-00004950,ORD-00011231,SKU-00523,1,2025-10-30,NOT_AS_DESCRIBED,LIKE_NEW,358.48,2025-11-04,RESTOCK,2026-04-30T04:36:50.726872
RET-00004951,ORD-00003780,SKU-00666,5,2025-11-20,DAMAGED_TRANSIT,UNSELLABLE,4429.7,,REFURBISH,2026-04-30T04:36:50.726872
RET-00004952,ORD-00016081,SKU-00434,5,2025-05-23,NOT_AS_DESCRIBED,LIKE_NEW,4825.5,2025-05-29,RESTOCK,2026-04-30T04:36:50.726872
RET-00004953,ORD-00010773,SKU-00644,1,2025-07-19,DAMAGED_TRANSIT,FAIR,742.34,,RESTOCK,2026-04-30T04:36:50.726872
RET-00004954,ORD-00044843,SKU-00589,4,2025-05-31,CHANGED_MIND,UNSELLABLE,2599.96,,REFURBISH,2026-04-30T04:36:50.726872
RET-00004955,ORD-00017172,SKU-00348,5,2026-04-26,CHANGED_MIND,LIKE_NEW,1354.0,2026-04-28,RESTOCK,2026-04-30T04:36:50.726872
RET-00004956,ORD-00006164,SKU-00228,2,2026-02-18,CHANGED_MIND,NEW,413.38,2026-02-23,REFURBISH,2026-04-30T04:36:50.726872
RET-00004957,ORD-00025896,SKU-00540,2,2025-12-11,DAMAGED_TRANSIT,UNSELLABLE,2027.24,,DESTROY,2026-04-30T04:36:50.726872
RET-00004958,ORD-00031999,SKU-00258,4,2025-07-21,NOT_AS_DESCRIBED,UNSELLABLE,1141.88,,RESTOCK,2026-04-30T04:36:50.726872
RET-00004959,ORD-00023890,SKU-00861,1,2026-01-15,DEFECTIVE,DAMAGED,641.92,,RETURN_TO_VENDOR,2026-04-30T04:36:50.726872
RET-00004960,ORD-00023813,SKU-00975,1,2025-08-27,WRONG_ITEM,LIKE_NEW,752.0,2025-08-31,RETURN_TO_VENDOR,2026-04-30T04:36:50.726872
RET-00004961,ORD-00030055,SKU-00229,5,2025-05-21,DUPLICATE_ORDER,GOOD,1719.2,2025-05-26,RESTOCK,2026-04-30T04:36:50.726872
RET-00004962,ORD-00045020,SKU-00171,1,2026-02-18,NOT_AS_DESCRIBED,GOOD,1210.03,2026-02-24,RETURN_TO_VENDOR,2026-04-30T04:36:50.726872
RET-00004963,ORD-00022588,SKU-00087,3,2025-11-04,WRONG_ITEM,GOOD,296.85,2025-11-05,REFURBISH,2026-04-30T04:36:50.726872
RET-00004964,ORD-00048837,SKU-00852,4,2025-09-09,WRONG_ITEM,FAIR,2814.8,,RESTOCK,2026-04-30T04:36:50.726872
RET-00004965,ORD-00017475,SKU-00755,2,2025-08-17,ARRIVED_LATE,FAIR,202.76,,RESTOCK,2026-04-30T04:36:50.726872
RET-00004966,ORD-00038860,SKU-00786,2,2025-11-07,NOT_AS_DESCRIBED,GOOD,1400.38,2025-11-13,RESTOCK,2026-04-30T04:36:50.726872
RET-00004967,ORD-00030723,SKU-00071,1,2025-07-27,DUPLICATE_ORDER,FAIR,772.17,,DESTROY,2026-04-30T04:36:50.726872
RET-00004968,ORD-00032201,SKU-00163,3,2025-12-09,WRONG_ITEM,FAIR,431.1,,RETURN_TO_VENDOR,2026-04-30T04:36:50.726872
RET-00004969,ORD-00002663,SKU-00359,3,2025-12-11,DAMAGED_TRANSIT,UNSELLABLE,4086.51,,REFURBISH,2026-04-30T04:36:50.726872
RET-00004970,ORD-00025738,SKU-00530,2,2025-11-03,CHANGED_MIND,FAIR,1839.28,,REFURBISH,2026-04-30T04:36:50.726872
RET-00004971,ORD-00004589,SKU-00101,5,2026-01-08,WRONG_ITEM,FAIR,1376.8,,REFURBISH,2026-04-30T04:36:50.726872
RET-00004972,ORD-00015158,SKU-00232,4,2026-04-21,NOT_AS_DESCRIBED,NEW,1509.92,2026-04-24,REFURBISH,2026-04-30T04:36:50.726872
RET-00004973,ORD-00031811,SKU-00227,3,2025-05-23,DEFECTIVE,LIKE_NEW,1342.65,2025-05-27,DESTROY,2026-04-30T04:36:50.726872
RET-00004974,ORD-00029427,SKU-00354,1,2026-03-28,CHANGED_MIND,LIKE_NEW,497.58,2026-04-02,RETURN_TO_VENDOR,2026-04-30T04:36:50.726872
RET-00004975,ORD-00036883,SKU-00250,5,2025-10-29,NOT_AS_DESCRIBED,DAMAGED,475.75,,DESTROY,2026-04-30T04:36:50.726872
RET-00004976,ORD-00034165,SKU-00965,5,2026-01-12,WRONG_ITEM,NEW,1861.1,2026-01-17,RESTOCK,2026-04-30T04:36:50.726872
RET-00004977,ORD-00006573,SKU-00450,5,2025-12-13,NOT_AS_DESCRIBED,DAMAGED,5123.5,,RETURN_TO_VENDOR,2026-04-30T04:36:50.726872
RET-00004978,ORD-00028544,SKU-00473,3,2026-02-15,NOT_AS_DESCRIBED,GOOD,2788.8,2026-02-17,RESTOCK,2026-04-30T04:36:50.726872
RET-00004979,ORD-00002675,SKU-00595,3,2025-08-12,CHANGED_MIND,LIKE_NEW,495.48,2025-08-19,REFURBISH,2026-04-30T04:36:50.726872
RET-00004980,ORD-00002070,SKU-00470,2,2026-01-22,NOT_AS_DESCRIBED,NEW,533.44,2026-01-29,RESTOCK,2026-04-30T04:36:50.726872
RET-00004981,ORD-00037636,SKU-00180,5,2026-04-04,DAMAGED_TRANSIT,GOOD,985.7,2026-04-07,RESTOCK,2026-04-30T04:36:50.726872
RET-00004982,ORD-00005252,SKU-00523,5,2026-03-02,NOT_AS_DESCRIBED,GOOD,1792.4,2026-03-08,RESTOCK,2026-04-30T04:36:50.726872
RET-00004983,ORD-00021225,SKU-00511,1,2025-05-19,ARRIVED_LATE,DAMAGED,1299.11,,REFURBISH,2026-04-30T04:36:50.726872
RET-00004984,ORD-00032932,SKU-00161,1,2025-05-13,CHANGED_MIND,GOOD,1221.82,2025-05-20,DONATE,2026-04-30T04:36:50.726872
RET-00004985,ORD-00016339,SKU-00248,5,2025-09-21,CHANGED_MIND,GOOD,66.25,2025-09-27,REFURBISH,2026-04-30T04:36:50.726872
RET-00004986,ORD-00013699,SKU-00520,2,2025-08-07,NOT_AS_DESCRIBED,LIKE_NEW,1550.38,2025-08-14,RESTOCK,2026-04-30T04:36:50.726872
RET-00004987,ORD-00041291,SKU-00919,5,2025-05-22,DEFECTIVE,DAMAGED,728.6,,RESTOCK,2026-04-30T04:36:50.726872
RET-00004988,ORD-00034325,SKU-00834,1,2026-01-28,CHANGED_MIND,LIKE_NEW,614.58,2026-01-29,RESTOCK,2026-04-30T04:36:50.726872
RET-00004989,ORD-00043566,SKU-00223,4,2025-08-24,DAMAGED_TRANSIT,FAIR,3075.24,,RESTOCK,2026-04-30T04:36:50.726872
RET-00004990,ORD-00041000,SKU-00905,4,2025-12-02,WRONG_ITEM,LIKE_NEW,1159.88,2025-12-05,RESTOCK,2026-04-30T04:36:50.726872
RET-00004991,ORD-00001664,SKU-00272,5,2025-10-21,NOT_AS_DESCRIBED,FAIR,2722.75,,RESTOCK,2026-04-30T04:36:50.726872
RET-00004992,ORD-00023789,SKU-00304,3,2026-01-22,NOT_AS_DESCRIBED,FAIR,692.31,,REFURBISH,2026-04-30T04:36:50.726872
RET-00004993,ORD-00035337,SKU-00913,4,2025-07-30,DAMAGED_TRANSIT,GOOD,3708.24,2025-08-04,REFURBISH,2026-04-30T04:36:50.726872
RET-00004994,ORD-00035534,SKU-00439,1,2025-06-13,WRONG_ITEM,LIKE_NEW,972.03,2025-06-18,DONATE,2026-04-30T04:36:50.726872
RET-00004995,ORD-00046850,SKU-00705,1,2025-07-11,WRONG_ITEM,GOOD,597.16,2025-07-15,RESTOCK,2026-04-30T04:36:50.726872
RET-00004996,ORD-00013419,SKU-00546,5,2026-04-23,NOT_AS_DESCRIBED,GOOD,1927.15,2026-04-28,RETURN_TO_VENDOR,2026-04-30T04:36:50.726872
RET-00004997,ORD-00047556,SKU-00146,5,2025-05-16,ARRIVED_LATE,FAIR,2628.7,,REFURBISH,2026-04-30T04:36:50.726872
RET-00004998,ORD-00018093,SKU-00991,2,2025-07-18,NOT_AS_DESCRIBED,LIKE_NEW,1778.32,2025-07-24,RESTOCK,2026-04-30T04:36:50.726872
RET-00004999,ORD-00032326,SKU-00320,5,2025-08-12,WRONG_ITEM,NEW,4773.7,2025-08-13,REFURBISH,2026-04-30T04:36:50.726872
RET-00005000,ORD-00005120,SKU-00661,3,2025-07-13,DUPLICATE_ORDER,NEW,425.13,2025-07-16,RETURN_TO_VENDOR,2026-04-30T04:36:50.726872
