sku,product_name,description,category,subcategory,brand,unit_cost,unit_price,weight_kg,length_cm,width_cm,height_cm,is_hazmat,is_perishable,reorder_point,reorder_qty,lead_time_days,_ingested_at
SKU-00001,Quality-focused optimal algorithm,Fund little fine art manager carry western.,Industrial,Order,Johnson,204.76,318.93,18.46,87.5,79.0,17.4,False,False,83,103,43,2026-04-30T04:36:50.726872
SKU-00002,Extended reciprocal Local Area Network,Couple single pressure commercial behavior daughter spend not.,Sporting Goods,Six,"Kennedy,",429.22,1100.06,12.47,108.2,75.6,49.4,False,False,89,268,4,2026-04-30T04:36:50.726872
SKU-00003,Digitized contextually-based capability,Sound effect thank report evidence imagine born.,Automotive,Mission,Hudson,204.58,357.0,38.54,31.0,77.1,41.5,True,False,185,798,8,2026-04-30T04:36:50.726872
SKU-00004,Cloned methodical ability,Either each approach within stay service fall skill total contain certain possible address garden.,Sporting Goods,Difficult,"Nelson,",223.81,693.67,46.0,21.3,14.0,23.4,False,False,152,337,21,2026-04-30T04:36:50.726872
SKU-00005,Synchronized upward-trending adapter,Even score land successful third heart against purpose inside personal firm different candidate important prepare owner.,Office Supplies,First,"Grant,",71.65,221.05,32.93,90.0,18.2,53.6,False,False,78,914,44,2026-04-30T04:36:50.726872
SKU-00006,Future-proofed grid-enabled solution,Once go him capital blood property floor us ok success color involve.,Medical,Up,Holder-Warner,293.24,398.62,24.91,78.9,17.3,39.6,False,True,145,470,22,2026-04-30T04:36:50.726872
SKU-00007,Upgradable real-time website,Those effort new social traditional message instead degree here arrive act moment find else memory.,Apparel,During,Nicholson-Grant,394.08,689.94,22.29,57.1,48.3,25.2,False,False,129,53,8,2026-04-30T04:36:50.726872
SKU-00008,Cross-group non-volatile budgetary management,Allow factor suffer candidate join analysis idea say shake value shoulder wall cut part room.,Electronics,Care,Floyd,126.48,341.85,2.43,92.8,57.5,49.3,False,False,26,75,24,2026-04-30T04:36:50.726872
SKU-00009,Grass-roots needs-based flexibility,Join last week mean bring off month five it challenge talk collection young current risk.,Sporting Goods,Rich,"Hernandez,",147.48,402.79,2.38,7.9,16.4,51.7,False,False,89,240,21,2026-04-30T04:36:50.726872
SKU-00010,Adaptive demand-driven task-force,Ability again nature heavy soldier season yes law order partner.,Food & Beverage,About,"Meyer,",209.21,317.96,1.42,39.6,77.6,42.2,False,False,111,591,41,2026-04-30T04:36:50.726872
SKU-00011,Cross-group bottom-line extranet,Image able often task begin nothing scientist charge dog.,Medical,Reveal,Harris-Bryant,312.82,1090.26,45.43,27.8,19.9,38.1,False,False,110,230,2,2026-04-30T04:36:50.726872
SKU-00012,Reduced systematic monitoring,Risk science pay hold my run feel writer week wall term natural lose election each.,Apparel,Apply,Morse,271.02,689.78,31.6,60.7,23.5,9.4,False,False,178,749,14,2026-04-30T04:36:50.726872
SKU-00013,Profound even-keeled software,Eat budget benefit strong well bar benefit think five product.,Apparel,One,"Wood,",409.43,667.45,32.03,93.6,38.2,42.6,False,False,165,228,1,2026-04-30T04:36:50.726872
SKU-00014,Virtual object-oriented workforce,Change adult player source professor attention data several everyone in land.,Medical,How,"Lawson,",130.37,365.71,41.43,94.9,21.7,22.5,False,False,32,569,23,2026-04-30T04:36:50.726872
SKU-00015,Triple-buffered encompassing initiative,Kid respond believe nearly environment popular administration cause show travel read charge case.,Medical,Doctor,"Griffin,",437.44,937.64,45.38,68.4,39.4,31.7,False,False,40,832,33,2026-04-30T04:36:50.726872
SKU-00016,Adaptive coherent infrastructure,Almost get thought market read toward life smile grow.,Food & Beverage,Data,Collins-Tapia,363.41,765.9,5.02,61.5,16.7,7.8,False,False,151,277,36,2026-04-30T04:36:50.726872
SKU-00017,Face-to-face grid-enabled knowledgebase,Across beautiful people yeah nice cause red.,Apparel,Both,"Wilson,",305.48,867.16,48.19,61.7,64.5,38.6,False,False,146,930,17,2026-04-30T04:36:50.726872
SKU-00018,Enhanced zero tolerance product,Generation adult program throughout boy all let common area interview age be.,Medical,Or,Boyd,351.04,597.01,22.19,35.2,15.9,58.8,False,False,49,195,11,2026-04-30T04:36:50.726872
SKU-00019,Cross-group 4thgeneration array,Customer tough nothing wrong phone attention become ahead toward.,Sporting Goods,Your,"Espinoza,",413.96,533.18,5.4,74.9,24.0,10.9,False,False,199,629,10,2026-04-30T04:36:50.726872
SKU-00020,Optional web-enabled Graphic Interface,What sign room wind else high animal themselves pretty throw.,Apparel,Less,Huerta-Christian,323.23,533.96,47.92,51.6,33.3,49.6,False,False,64,430,42,2026-04-30T04:36:50.726872
SKU-00021,Innovative human-resource algorithm,Performance four according material sea personal day rule.,Automotive,Million,Green,23.62,42.4,44.86,95.9,40.9,48.3,False,False,146,106,18,2026-04-30T04:36:50.726872
SKU-00022,Realigned intangible artificial intelligence,Yourself movement clear fish big quickly step property consumer laugh about hot industry speak.,Medical,Worry,Frederick-Logan,179.47,335.7,41.4,5.7,55.2,15.3,False,False,41,718,36,2026-04-30T04:36:50.726872
SKU-00023,Distributed clear-thinking focus group,What perform kind young system kind task especially.,Electronics,Price,Kennedy-Gallegos,146.8,476.96,3.68,94.1,18.1,40.3,False,False,112,284,37,2026-04-30T04:36:50.726872
SKU-00024,Switchable cohesive paradigm,Police gun already window board member may low.,Medical,Fish,Martinez,372.94,1017.35,19.37,41.1,25.8,29.6,False,False,28,868,12,2026-04-30T04:36:50.726872
SKU-00025,Future-proofed demand-driven function,Film information school her charge book beautiful.,Hardware,Street,"Reynolds,",421.65,876.46,21.46,87.8,10.4,34.8,False,False,119,328,2,2026-04-30T04:36:50.726872
SKU-00026,Multi-channeled cohesive help-desk,Offer common wide process everybody executive stand short big report manage.,Hardware,Deal,"Pierce,",256.95,654.33,18.86,118.2,49.3,28.1,False,False,25,538,1,2026-04-30T04:36:50.726872
SKU-00027,Adaptive static interface,Fill front only explain themselves me condition ask might only.,Electronics,Kind,"Johnson,",365.32,665.12,21.79,23.2,6.1,38.1,False,False,196,727,6,2026-04-30T04:36:50.726872
SKU-00028,Vision-oriented 3rdgeneration hardware,Staff year consider claim there financial prevent everything.,Hardware,Suffer,"Lopez,",68.63,231.06,28.62,91.5,37.2,56.9,False,False,175,514,26,2026-04-30T04:36:50.726872
SKU-00029,Open-architected actuating function,Season month above watch market beyond role the his would dark artist recognize bit land stock.,Sporting Goods,Prevent,"Gaines,",17.8,41.26,3.8,54.0,72.0,15.4,False,False,57,185,29,2026-04-30T04:36:50.726872
SKU-00030,Grass-roots 5thgeneration access,Fear view spend drive seek many between state seven never.,Electronics,Answer,"Garcia,",293.94,671.91,17.02,71.3,44.8,38.1,False,False,70,910,41,2026-04-30T04:36:50.726872
SKU-00031,Distributed well-modulated help-desk,Within wrong return election ok expect within level model test TV pick baby when future front.,Furniture,Company,"Wilson,",421.28,1379.8,34.94,40.5,13.6,7.3,False,False,58,81,33,2026-04-30T04:36:50.726872
SKU-00032,Progressive systematic intranet,Seat likely single out argue dinner born indeed interview need mention single like strong candidate.,Furniture,Degree,"Larson,",302.94,812.82,9.17,19.3,8.4,9.0,False,False,99,547,25,2026-04-30T04:36:50.726872
SKU-00033,Networked eco-centric matrices,Simple movement magazine study American there nice black total consider expert address reveal near.,Industrial,Still,Owens-Cordova,123.62,311.13,22.86,111.0,41.0,43.2,True,False,153,525,26,2026-04-30T04:36:50.726872
SKU-00034,Automated 24/7 concept,Protect fall sometimes career then who class station hospital also year.,Sporting Goods,Play,"Hines,",138.82,381.35,21.82,51.1,47.9,36.4,False,False,32,479,13,2026-04-30T04:36:50.726872
SKU-00035,Fundamental hybrid secured line,After song radio ground join real early sure trial half security there center focus.,Office Supplies,Simply,Roberson,174.47,385.56,49.53,34.5,29.8,3.3,False,False,66,531,13,2026-04-30T04:36:50.726872
SKU-00036,Digitized human-resource archive,Lose act culture another wait spend mission.,Automotive,Evening,Campbell,18.38,63.3,28.3,75.9,77.2,27.6,False,False,176,416,9,2026-04-30T04:36:50.726872
SKU-00037,Total value-added solution,Per tend official eye talk me detail act.,Automotive,While,Rodgers,256.84,449.77,10.37,84.9,49.5,43.7,False,False,51,591,11,2026-04-30T04:36:50.726872
SKU-00038,Compatible 24/7 functionalities,Another big treatment help rest shake research writer recognize identify.,Food & Beverage,Study,Hall,209.01,461.86,11.82,14.0,28.6,18.8,False,False,155,831,22,2026-04-30T04:36:50.726872
SKU-00039,Managed discrete function,Before about admit budget set treatment inside shoulder choice measure space skin talk business line.,Office Supplies,Old,Flores-Hubbard,275.86,917.47,20.76,55.0,27.4,21.2,False,False,84,813,15,2026-04-30T04:36:50.726872
SKU-00040,Customizable client-driven moratorium,Town traditional forget better doctor head none media.,Industrial,Growth,Green-Bennett,139.37,420.55,39.61,40.1,14.1,35.0,False,False,165,298,17,2026-04-30T04:36:50.726872
SKU-00041,Sharable 6thgeneration task-force,Left dinner himself child skill itself scene yard sign institution leg center group kid agree data.,Medical,The,"Marshall,",125.19,236.79,28.79,36.0,35.7,3.0,False,False,189,624,11,2026-04-30T04:36:50.726872
SKU-00042,Versatile solution-oriented matrices,Yet sell loss reveal describe main fill direction administration control kind start subject me food.,Electronics,Machine,"White,",67.03,173.27,25.08,19.8,59.2,44.0,False,False,146,707,34,2026-04-30T04:36:50.726872
SKU-00043,Managed empowering throughput,Rate idea challenge late never street young large investment carry knowledge throughout raise.,Industrial,Charge,Dougherty-Heath,262.81,387.5,7.97,116.2,79.8,46.1,False,True,54,167,31,2026-04-30T04:36:50.726872
SKU-00044,Triple-buffered demand-driven Graphical User Interface,Risk whom husband individual catch page design more reveal structure.,Medical,Policy,Russell,343.12,681.21,44.97,64.6,19.5,38.6,False,False,130,869,38,2026-04-30T04:36:50.726872
SKU-00045,Team-oriented 4thgeneration website,Military very year option do arm free have dog accept small.,Apparel,Right,"Acevedo,",60.66,80.91,0.61,39.7,47.5,51.2,False,True,195,675,15,2026-04-30T04:36:50.726872
SKU-00046,Exclusive object-oriented instruction set,Whatever force table investment either across court prevent.,Electronics,Fund,Cole-Doyle,255.61,400.86,36.89,45.9,15.2,8.7,False,False,110,935,23,2026-04-30T04:36:50.726872
SKU-00047,Profit-focused radical Local Area Network,Represent general city sure only television drop sit employee suddenly local team see candidate.,Furniture,Shoulder,White,238.65,508.59,16.61,43.8,55.8,29.3,True,False,30,994,37,2026-04-30T04:36:50.726872
SKU-00048,Enhanced context-sensitive project,Lot blood avoid let he thought international building man.,Hardware,Land,Brown,274.85,505.02,18.09,39.3,24.5,21.0,False,False,67,605,36,2026-04-30T04:36:50.726872
SKU-00049,Diverse reciprocal moratorium,Box environmental need officer discussion hear vote structure western account once southern.,Food & Beverage,Culture,Roach,167.89,321.91,9.26,100.3,16.8,40.9,False,False,59,367,30,2026-04-30T04:36:50.726872
SKU-00050,Open-source non-volatile utilization,Add you three continue however many back institution agent author let thought affect democratic young.,Industrial,Instead,Griffin,132.8,287.49,32.84,7.2,22.4,28.1,False,False,187,740,43,2026-04-30T04:36:50.726872
SKU-00051,Mandatory systemic access,Fact cup continue strong contain true heavy.,Sporting Goods,Door,Roy,179.22,559.2,1.73,96.0,79.1,39.8,False,False,155,931,18,2026-04-30T04:36:50.726872
SKU-00052,Diverse non-volatile focus group,Item drop new music when allow huge upon employee choose glass rock stage.,Furniture,Oil,Rodriguez-Munoz,172.57,588.18,7.73,97.5,11.7,40.4,False,False,26,526,17,2026-04-30T04:36:50.726872
SKU-00053,User-centric real-time definition,Left citizen serve conference technology civil occur state develop.,Electronics,Reach,Evans,85.96,165.88,42.09,11.7,22.1,48.0,False,False,51,215,36,2026-04-30T04:36:50.726872
SKU-00054,Optimized analyzing capacity,Responsibility laugh position station law coach popular green day majority perhaps phone health.,Industrial,Local,"Smith,",274.86,604.63,16.98,56.6,30.3,52.6,False,False,61,186,34,2026-04-30T04:36:50.726872
SKU-00055,Adaptive intangible synergy,Year send suffer against and act resource billion where such organization coach sign tough.,Furniture,Standard,Macias-Allen,447.32,1357.49,0.57,6.9,29.8,35.3,False,False,12,285,2,2026-04-30T04:36:50.726872
SKU-00056,Automated even-keeled firmware,Occur alone different together give court deal according cold group American special town south general.,Industrial,Artist,Montgomery,99.93,216.71,22.1,89.4,14.2,54.3,False,False,12,498,28,2026-04-30T04:36:50.726872
SKU-00057,Face-to-face global forecast,Someone raise almost talk ok spend speak expect situation perhaps sense early.,Medical,Type,Phillips,65.18,170.89,17.43,98.6,23.7,45.4,False,False,63,107,6,2026-04-30T04:36:50.726872
SKU-00058,Object-based cohesive parallelism,Car speech ago nor science yourself discover call whole especially establish class often.,Apparel,Life,Potter-Long,423.79,1397.67,36.76,69.0,24.4,30.3,False,False,193,989,9,2026-04-30T04:36:50.726872
SKU-00059,Seamless radical pricing structure,Week brother drug market cup loss finally he civil.,Sporting Goods,What,Cruz,22.43,42.98,3.5,116.8,48.6,45.0,False,False,33,515,11,2026-04-30T04:36:50.726872
SKU-00060,Vision-oriented encompassing project,Not top game worry best car how away.,Apparel,Drop,Olson,430.99,822.55,44.07,11.7,66.1,43.9,False,False,149,523,7,2026-04-30T04:36:50.726872
SKU-00061,Up-sized impactful capacity,Talk ever five property meet truth edge bill town red three international large.,Medical,Space,Johnson,374.52,1009.31,34.58,41.9,24.5,8.1,False,False,56,997,17,2026-04-30T04:36:50.726872
SKU-00062,Reverse-engineered cohesive protocol,Total firm case article coach black government discover forward act behind decide sign beyond policy.,Office Supplies,Firm,Wade,23.95,64.42,11.45,105.3,38.1,47.7,False,False,139,943,5,2026-04-30T04:36:50.726872
SKU-00063,Programmable leadingedge matrix,Leave cause letter wind hear scientist team check behavior nation remain effect something focus use social.,Office Supplies,Performance,Fitzgerald,82.18,213.45,40.15,72.3,56.6,24.3,False,False,75,986,33,2026-04-30T04:36:50.726872
SKU-00064,Innovative zero administration moratorium,Manage issue plant stop cup decade doctor color operation next great group pay arm.,Apparel,Grow,Moran-Wade,326.53,1104.03,24.32,77.1,38.9,46.6,False,False,43,136,6,2026-04-30T04:36:50.726872
SKU-00065,Optional even-keeled approach,Four me six same most stop must win fly join soldier career small adult meet.,Hardware,Information,Martinez-Silva,440.73,1077.39,48.3,9.8,57.3,59.0,False,False,200,678,4,2026-04-30T04:36:50.726872
SKU-00066,Down-sized high-level function,Television point five health size hot new common thank across.,Hardware,Born,"White,",301.82,685.87,2.57,99.8,26.9,4.1,False,False,48,410,7,2026-04-30T04:36:50.726872
SKU-00067,Sharable impactful concept,Language need country set thing position before watch society early event.,Furniture,Field,"Berry,",265.11,699.58,34.75,25.5,28.9,53.4,False,False,54,229,10,2026-04-30T04:36:50.726872
SKU-00068,Robust tangible projection,Hour story kitchen care huge energy store garden stuff while guess create at.,Automotive,Think,Holland-Smith,407.53,1195.69,12.56,69.1,18.6,3.2,False,False,38,434,12,2026-04-30T04:36:50.726872
SKU-00069,Focused reciprocal archive,Say base detail have customer people care.,Office Supplies,Fire,Davis-Herring,170.53,476.03,13.11,106.1,33.7,57.6,False,False,10,758,35,2026-04-30T04:36:50.726872
SKU-00070,Face-to-face homogeneous ability,Information again more left probably fly exactly.,Food & Beverage,Bring,"Goodman,",367.68,1267.16,14.79,55.9,72.9,3.1,False,False,140,663,38,2026-04-30T04:36:50.726872
SKU-00071,Optional clear-thinking infrastructure,Despite moment vote action occur direction community even bed step probably.,Electronics,Tough,Nunez,415.22,772.17,1.14,24.1,69.5,37.6,False,False,99,123,40,2026-04-30T04:36:50.726872
SKU-00072,Exclusive zero tolerance installation,Actually view pay executive behavior itself case customer.,Office Supplies,Bit,Bailey-Yoder,345.09,578.47,34.13,62.1,51.8,54.4,False,False,63,213,39,2026-04-30T04:36:50.726872
SKU-00073,Horizontal bifurcated synergy,Least less probably home gun week thus sell instead realize.,Automotive,Street,Munoz-White,333.87,592.5,9.33,110.9,40.6,48.1,False,False,49,67,27,2026-04-30T04:36:50.726872
SKU-00074,Balanced even-keeled interface,List teach beyond nearly after beautiful suffer people.,Automotive,Other,Thompson,37.63,76.61,4.28,98.1,15.0,39.9,False,False,48,656,19,2026-04-30T04:36:50.726872
SKU-00075,Enterprise-wide 6thgeneration concept,Night knowledge entire environment shoulder collection environmental into friend cultural station.,Office Supplies,Page,West-Hodges,53.99,179.74,47.76,93.4,21.4,10.8,False,False,189,645,26,2026-04-30T04:36:50.726872
SKU-00076,Advanced composite help-desk,Significant have different success carry nice among read common middle safe.,Food & Beverage,Exactly,Delgado,105.82,242.58,36.04,22.7,35.6,49.9,False,False,56,93,28,2026-04-30T04:36:50.726872
SKU-00077,Right-sized global emulation,Themselves personal fine score environmental before risk doctor sister owner structure allow sit local.,Office Supplies,Bank,Powers-Williams,170.58,467.78,31.21,8.1,55.2,21.7,False,False,67,720,35,2026-04-30T04:36:50.726872
SKU-00078,Pre-emptive secondary productivity,Say family lay what mission every lead how heart my later prepare task.,Electronics,Unit,Scott-Gutierrez,342.49,461.72,28.74,102.9,21.8,51.6,False,False,55,920,10,2026-04-30T04:36:50.726872
SKU-00079,Persistent clear-thinking service-desk,Sense identify under top site happy father really mind staff second number voice.,Apparel,Church,Alvarez-Dominguez,43.82,131.89,18.67,39.0,54.7,53.2,False,False,121,606,27,2026-04-30T04:36:50.726872
SKU-00080,Re-engineered bifurcated access,Final American lawyer subject no after wish guy send into front already relationship know trip.,Automotive,Person,"Sanchez,",241.8,464.35,0.52,92.8,13.2,20.9,False,True,89,362,9,2026-04-30T04:36:50.726872
SKU-00081,Organic static data-warehouse,Stage likely social toward nature career same.,Electronics,Kitchen,Barron-Alvarez,376.97,507.33,19.47,70.6,42.7,56.1,False,False,72,901,21,2026-04-30T04:36:50.726872
SKU-00082,Re-engineered secondary focus group,Pass side laugh positive issue design service put.,Automotive,System,Hughes,235.07,631.18,14.16,105.1,61.2,47.0,False,False,43,272,19,2026-04-30T04:36:50.726872
SKU-00083,Re-engineered intangible database,Quite college middle pay summer series would agency such sometimes point.,Hardware,Thus,Anthony,296.84,778.81,35.77,55.2,15.9,6.4,False,False,26,96,19,2026-04-30T04:36:50.726872
SKU-00084,Innovative object-oriented challenge,Stock reason around possible night share share nation husband.,Industrial,Several,Johnson-Myers,74.65,182.65,39.81,18.0,60.0,56.4,False,False,189,936,8,2026-04-30T04:36:50.726872
SKU-00085,Enterprise-wide analyzing task-force,I clear us put they listen want oil.,Furniture,Cost,"Combs,",41.89,94.45,41.29,51.7,50.7,58.7,False,False,34,717,11,2026-04-30T04:36:50.726872
SKU-00086,Public-key cohesive matrix,No industry follow third daughter sound less leader trial.,Food & Beverage,According,"Henderson,",231.89,347.72,27.52,11.6,70.6,26.5,True,False,53,773,1,2026-04-30T04:36:50.726872
SKU-00087,Down-sized impactful parallelism,Citizen deal receive movie west doctor this push down force reach.,Office Supplies,Push,"Schwartz,",29.48,98.95,37.42,67.0,19.5,25.0,False,True,171,97,21,2026-04-30T04:36:50.726872
SKU-00088,Re-contextualized reciprocal instruction set,Agree herself conference pay standard keep ability election parent class yourself discussion tree score.,Industrial,Fall,"Hartman,",364.61,656.16,26.52,32.0,58.2,56.2,False,False,116,912,40,2026-04-30T04:36:50.726872
SKU-00089,Team-oriented systematic support,Letter much increase maybe until hit heavy political.,Furniture,Record,Byrd,78.16,232.64,3.22,56.9,45.0,27.1,False,False,72,928,15,2026-04-30T04:36:50.726872
SKU-00090,Stand-alone multi-tasking paradigm,Bill practice education sign TV probably top.,Sporting Goods,Ready,"Davis,",81.02,282.28,10.42,105.3,50.7,24.4,False,False,64,884,31,2026-04-30T04:36:50.726872
SKU-00091,Vision-oriented 6thgeneration budgetary management,Approach out choose piece amount they data message much military together which assume city.,Hardware,Citizen,"Martin,",184.27,439.99,31.79,106.6,77.3,55.0,False,False,55,457,30,2026-04-30T04:36:50.726872
SKU-00092,Streamlined zero administration frame,Successful for water produce affect challenge medical often fund north political.,Automotive,Manage,"Hill,",48.48,120.83,48.26,17.5,78.0,13.0,False,False,61,971,15,2026-04-30T04:36:50.726872
SKU-00093,Optimized optimizing software,Rest this his body son image car newspaper.,Apparel,Nice,Pittman,323.03,475.85,27.07,63.4,77.8,22.3,False,False,196,926,5,2026-04-30T04:36:50.726872
SKU-00094,Secured bottom-line knowledgebase,Player source yes instead pull think exactly despite.,Office Supplies,Suggest,"James,",238.47,678.1,38.24,113.2,6.5,57.3,False,False,176,94,28,2026-04-30T04:36:50.726872
SKU-00095,Managed multi-state software,Tonight ball action second specific us central class theory Democrat others one voice choose.,Office Supplies,Dog,Diaz-Smith,340.35,1057.61,8.44,78.0,75.1,32.3,False,False,73,838,5,2026-04-30T04:36:50.726872
SKU-00096,Reactive encompassing open system,If staff region economic heavy set a truth family heart card share ready among.,Medical,Hear,Hale,280.09,732.46,47.83,18.4,73.9,42.3,False,False,158,923,35,2026-04-30T04:36:50.726872
SKU-00097,Function-based motivating system engine,Record spring smile single everything administration during hundred.,Sporting Goods,Science,Pittman-Nolan,290.0,814.54,17.56,62.2,60.1,3.0,False,False,189,450,25,2026-04-30T04:36:50.726872
SKU-00098,Quality-focused client-server capability,Them now your eat hard voice hundred charge culture camera into high.,Automotive,Surface,Munoz-Weber,166.83,408.93,38.21,75.3,31.5,50.1,False,False,88,681,33,2026-04-30T04:36:50.726872
SKU-00099,Progressive incremental forecast,Available health financial staff whose talk project company security week control modern continue which nor can.,Apparel,If,Sanders-Levy,267.54,541.16,11.25,36.4,37.6,38.9,False,False,44,643,39,2026-04-30T04:36:50.726872
SKU-00100,Re-contextualized optimal installation,Country general particular operation threat over start onto say.,Industrial,Strong,"Kelley,",11.58,30.82,7.22,76.0,36.7,59.3,False,False,156,683,26,2026-04-30T04:36:50.726872
SKU-00101,User-centric mission-critical initiative,Method report late cost trouble its feeling east modern any way space time spend believe.,Sporting Goods,Decision,"Rice,",218.77,275.36,39.11,57.6,56.5,30.9,False,False,156,341,26,2026-04-30T04:36:50.726872
SKU-00102,Configurable coherent capacity,Act above at father present probably letter human style right want what figure.,Sporting Goods,Reach,"Perez,",125.2,211.02,30.45,63.0,27.7,25.8,False,False,142,695,22,2026-04-30T04:36:50.726872
SKU-00103,Re-contextualized asynchronous data-warehouse,Brother daughter specific many charge player myself car option music popular.,Furniture,There,"Reyes,",94.01,230.98,26.71,119.7,27.0,35.9,True,False,12,861,39,2026-04-30T04:36:50.726872
SKU-00104,Total client-driven frame,Forget wide power area consumer front discussion.,Sporting Goods,Over,Holder-Patterson,76.25,233.63,43.8,42.6,17.8,50.5,False,False,45,519,3,2026-04-30T04:36:50.726872
SKU-00105,Customer-focused regional firmware,Town husband trip nothing with since TV without almost write have move these be probably.,Industrial,Else,"Mcconnell,",179.42,447.47,45.1,7.1,45.8,17.7,False,False,36,838,15,2026-04-30T04:36:50.726872
SKU-00106,Cross-platform multi-tasking Internet solution,Four lose serious prepare run white face suggest finally somebody film election represent fish who.,Sporting Goods,Realize,Olson,1.74,4.42,9.58,81.6,8.1,30.0,False,False,70,683,39,2026-04-30T04:36:50.726872
SKU-00107,Intuitive impactful attitude,Appear majority cultural college many wife artist.,Industrial,Kind,Todd,332.0,1037.56,37.2,17.2,31.1,59.1,False,False,124,857,24,2026-04-30T04:36:50.726872
SKU-00108,Enhanced 6thgeneration circuit,Street season on reveal opportunity middle cover least couple rule special system.,Electronics,Force,Bradford-Mitchell,411.97,515.55,2.39,44.7,34.3,41.4,False,False,162,414,42,2026-04-30T04:36:50.726872
SKU-00109,Robust 24hour time-frame,Management agent seek movement tend simple firm assume why above student.,Office Supplies,Job,Jones-Sherman,92.68,196.64,4.94,35.0,47.4,49.9,False,False,85,492,29,2026-04-30T04:36:50.726872
SKU-00110,Compatible zero tolerance leverage,Alone try newspaper sit ground low draw price tell or bad goal cover eight painting available.,Sporting Goods,Study,Hicks-Cooper,256.91,761.13,45.71,109.9,54.0,32.8,False,False,18,81,8,2026-04-30T04:36:50.726872
SKU-00111,Quality-focused user-facing artificial intelligence,Fly strong end responsibility people protect eat project.,Food & Beverage,Will,Williams-Vasquez,284.51,629.45,44.44,19.1,22.3,55.3,False,False,43,665,39,2026-04-30T04:36:50.726872
SKU-00112,Phased 24hour application,Action early stock actually find throughout bring everybody adult seven page.,Automotive,Story,"Gardner,",422.26,987.62,33.3,114.8,46.9,55.9,False,False,87,89,25,2026-04-30T04:36:50.726872
SKU-00113,Assimilated systemic database,Him shoulder short school always message trip name human we pick really again know music charge.,Apparel,Fund,Franklin,65.08,98.46,45.52,75.3,37.7,29.7,False,False,55,238,12,2026-04-30T04:36:50.726872
SKU-00114,Cross-group homogeneous forecast,Remember deal data door result car area couple world feel sure me medical.,Electronics,Argue,Freeman-Wagner,57.51,114.82,10.85,78.0,54.5,27.5,True,False,132,972,25,2026-04-30T04:36:50.726872
SKU-00115,Robust next generation matrices,Others American quickly brother record begin stuff.,Industrial,Test,"Soto,",137.65,384.13,16.35,73.7,50.1,20.9,False,False,69,597,15,2026-04-30T04:36:50.726872
SKU-00116,Configurable background customer loyalty,Specific her benefit Mr network night garden song drive.,Medical,Really,Rodriguez,141.67,441.8,48.48,38.1,59.6,14.7,False,False,162,107,1,2026-04-30T04:36:50.726872
SKU-00117,Open-architected 5thgeneration frame,Sometimes public city adult difficult toward question live weight guy everything lose recently so.,Automotive,Treat,"Shelton,",333.85,513.26,9.32,15.5,70.2,55.9,False,False,173,196,41,2026-04-30T04:36:50.726872
SKU-00118,Sharable dedicated artificial intelligence,Seek eye second statement occur role office instead society sound young car imagine.,Medical,Energy,Warner-Johnston,436.5,699.87,38.64,66.6,45.9,16.3,False,False,182,378,36,2026-04-30T04:36:50.726872
SKU-00119,Adaptive high-level emulation,Case his science feeling can main new.,Apparel,List,Robinson,147.14,377.42,15.33,83.3,31.0,43.3,False,False,138,385,32,2026-04-30T04:36:50.726872
SKU-00120,Programmable impactful application,Up appear door how draw stop he can most political positive investment.,Hardware,Third,Hanson,166.66,376.55,2.83,110.4,44.7,38.9,False,False,76,508,30,2026-04-30T04:36:50.726872
SKU-00121,Decentralized 24/7 data-warehouse,Analysis brother close south down agreement half age energy citizen customer wall serious nothing receive happen.,Medical,Toward,Andrews,139.3,246.31,18.37,29.7,62.9,19.3,False,False,197,352,8,2026-04-30T04:36:50.726872
SKU-00122,Object-based 6thgeneration application,Respond involve card whom give spring manage far focus specific word opportunity case five section while.,Medical,Father,"Mitchell,",375.22,569.56,29.07,85.8,78.5,28.6,False,False,164,258,3,2026-04-30T04:36:50.726872
SKU-00123,Decentralized next generation adapter,Night responsibility organization girl go deep though suddenly seven huge image term others rate change management.,Medical,Miss,Edwards,151.02,362.26,1.61,27.5,44.7,26.4,False,True,61,295,42,2026-04-30T04:36:50.726872
SKU-00124,Multi-tiered 24/7 encoding,Bill information cause my air action large policy serious top image capital government.,Furniture,At,Gordon-Johnson,235.24,812.97,21.41,9.3,40.6,33.0,False,False,27,411,12,2026-04-30T04:36:50.726872
SKU-00125,Multi-layered dedicated software,Attack discover rise week institution speak firm.,Medical,Arm,Rose-Armstrong,216.74,366.65,14.33,68.8,18.8,41.7,False,False,187,363,27,2026-04-30T04:36:50.726872
SKU-00126,Multi-layered clear-thinking conglomeration,Few decide opportunity film note argue heart enough seat degree quite.,Food & Beverage,Front,"Mcmillan,",148.03,493.65,36.47,60.5,65.4,31.7,False,False,37,414,28,2026-04-30T04:36:50.726872
SKU-00127,Intuitive uniform knowledgebase,Of save serve usually PM mother itself season feel.,Food & Beverage,Serious,Carpenter-Jordan,308.97,589.58,43.48,62.1,60.1,27.7,False,False,111,652,5,2026-04-30T04:36:50.726872
SKU-00128,Networked bottom-line neural-net,Crime focus parent enough provide least natural according rather any.,Food & Beverage,Cultural,Chaney,444.14,764.93,19.86,72.6,48.2,53.5,False,False,97,103,40,2026-04-30T04:36:50.726872
SKU-00129,Polarized methodical website,My each accept politics nor clearly owner it.,Furniture,Effort,Lopez,265.01,802.49,34.51,17.9,44.9,34.1,False,False,146,977,15,2026-04-30T04:36:50.726872
SKU-00130,Team-oriented tertiary portal,Defense radio decision your if else control night card drive clearly house sound who.,Office Supplies,However,"Villarreal,",374.95,606.81,35.24,67.1,35.7,32.3,False,False,85,449,18,2026-04-30T04:36:50.726872
SKU-00131,Organic methodical encoding,Usually city return test prepare another draw consumer offer edge yard assume pattern direction sometimes might.,Sporting Goods,Finally,Lewis,331.65,993.98,14.95,91.4,72.6,40.9,False,False,122,224,36,2026-04-30T04:36:50.726872
SKU-00132,Proactive stable archive,Opportunity change part son low star television foreign environmental garden to arm unit food nothing participant.,Office Supplies,Available,Arnold,410.01,1272.57,44.5,42.8,58.2,22.2,False,False,199,163,38,2026-04-30T04:36:50.726872
SKU-00133,Decentralized 4thgeneration ability,Small world degree choice similar it personal single trial manage level despite voice.,Apparel,Join,"Hunter,",24.53,34.61,37.29,58.2,45.4,40.3,False,False,28,889,9,2026-04-30T04:36:50.726872
SKU-00134,Open-architected exuding superstructure,Agreement sort about next appear her alone pass college me fight picture be station.,Sporting Goods,Push,Moody-Evans,135.71,226.9,30.46,103.9,72.4,28.8,False,False,145,356,17,2026-04-30T04:36:50.726872
SKU-00135,Business-focused clear-thinking methodology,Adult possible its sit happen cold law case notice able unit.,Hardware,Then,Smith,416.56,1261.05,39.76,28.7,42.2,52.7,False,False,143,157,6,2026-04-30T04:36:50.726872
SKU-00136,Fully-configurable tertiary initiative,Source production ground suggest special idea western energy in audience.,Food & Beverage,Painting,Adams-Larson,83.23,223.55,10.58,62.8,61.4,51.2,False,False,72,674,32,2026-04-30T04:36:50.726872
SKU-00137,Stand-alone optimizing database,Mission design onto show quickly security stuff remain.,Hardware,Thousand,"Clarke,",375.68,702.14,45.83,71.3,71.6,3.3,False,False,194,636,41,2026-04-30T04:36:50.726872
SKU-00138,Profit-focused interactive alliance,Science thousand sport add example reduce product central indicate their fast camera seat wish either herself.,Hardware,Case,Moore,380.9,857.75,28.9,47.6,16.1,52.0,False,False,66,892,24,2026-04-30T04:36:50.726872
SKU-00139,Reduced tertiary monitoring,Produce travel forget explain usually direction administration record.,Office Supplies,Court,"Cole,",41.61,121.72,26.97,7.4,59.1,57.7,True,False,91,249,9,2026-04-30T04:36:50.726872
SKU-00140,Diverse client-driven core,Will reflect fight marriage common threat PM game resource second receive ask message may center whole.,Electronics,Democratic,Fox-Payne,303.49,888.86,6.16,71.2,64.0,6.6,False,False,42,923,37,2026-04-30T04:36:50.726872
SKU-00141,Polarized analyzing groupware,Win face hold anyone recently would customer rich offer have fill section offer movie thank.,Industrial,Experience,Johnson-Shelton,443.16,687.96,43.32,45.2,23.3,26.7,False,False,93,896,35,2026-04-30T04:36:50.726872
SKU-00142,Profound interactive software,Perhaps note someone cover question drop about per truth child house budget style.,Sporting Goods,Artist,"Beard,",359.22,1028.68,2.23,42.7,70.9,19.4,False,False,27,977,22,2026-04-30T04:36:50.726872
SKU-00143,De-engineered 24hour attitude,Follow too run range image everyone material unit water follow seem grow management.,Sporting Goods,Black,Scott,419.8,993.43,19.02,51.2,73.6,6.6,False,False,163,460,37,2026-04-30T04:36:50.726872
SKU-00144,Grass-roots 24hour ability,Hit land minute speak space task fact.,Office Supplies,Art,Jones-Reyes,111.54,200.16,30.97,86.0,52.0,33.6,False,False,120,142,24,2026-04-30T04:36:50.726872
SKU-00145,Function-based fresh-thinking benchmark,Compare either few attention mention particularly usually above soon.,Industrial,These,Harris,285.34,645.81,12.39,79.8,69.6,49.6,False,False,57,415,23,2026-04-30T04:36:50.726872
SKU-00146,Public-key interactive adapter,Simply student star test room laugh when impact animal performance special environmental trouble mention in.,Hardware,Consumer,Salinas,355.75,525.74,14.58,50.2,55.9,4.5,False,False,71,532,32,2026-04-30T04:36:50.726872
SKU-00147,Upgradable actuating moratorium,Save development work since everyone attorney especially official on item at parent others test try time.,Electronics,Understand,Taylor-Nelson,83.0,263.47,27.28,53.5,62.4,23.9,True,False,85,231,34,2026-04-30T04:36:50.726872
SKU-00148,Distributed next generation flexibility,Decide home establish actually fish amount daughter send.,Industrial,Huge,"Vasquez,",38.37,70.1,40.87,83.5,10.7,53.8,False,False,92,699,14,2026-04-30T04:36:50.726872
SKU-00149,Advanced object-oriented Graphic Interface,Policy well of quality thousand once physical nature cell work ability response economy chair.,Industrial,Try,Solis,151.64,329.3,13.35,117.2,77.3,4.2,False,False,44,552,14,2026-04-30T04:36:50.726872
SKU-00150,Multi-channeled multi-tasking policy,Forward exactly success adult course fine American benefit season.,Apparel,Red,Ruiz-Patel,5.21,12.22,10.51,20.4,69.3,52.6,False,False,79,514,8,2026-04-30T04:36:50.726872
SKU-00151,Persevering high-level pricing structure,Western box final message international environment training mission city about miss rich.,Furniture,Those,"Flores,",238.7,421.86,15.92,29.3,6.6,25.9,False,False,112,316,45,2026-04-30T04:36:50.726872
SKU-00152,Total multimedia workforce,Black inside each short collection through all poor reveal heavy performance.,Furniture,Far,Stevens,340.64,906.13,34.63,5.4,18.0,31.3,False,False,167,571,30,2026-04-30T04:36:50.726872
SKU-00153,Implemented multi-state database,Support kitchen record himself consider opportunity price politics.,Office Supplies,Responsibility,Watson,344.72,1016.03,17.6,103.4,22.8,50.2,False,False,126,189,32,2026-04-30T04:36:50.726872
SKU-00154,Virtual background Local Area Network,May far chair high gun future fine performance order age inside check card right detail.,Industrial,Matter,Cole,56.79,184.49,1.16,116.3,65.5,57.7,False,False,108,909,18,2026-04-30T04:36:50.726872
SKU-00155,Reduced 4thgeneration collaboration,Direction quickly of along speech several into station their.,Electronics,Send,"Burton,",349.38,596.38,47.36,72.9,62.0,54.3,False,False,130,503,42,2026-04-30T04:36:50.726872
SKU-00156,Reactive even-keeled workforce,Worker ok reflect audience social inside finish dark modern writer these name person always.,Sporting Goods,Local,"Clark,",336.71,589.41,11.78,51.5,62.1,28.1,False,False,193,58,39,2026-04-30T04:36:50.726872
SKU-00157,Cloned fresh-thinking methodology,Around ok hard would several phone cold step decision enjoy memory in modern technology where rate.,Hardware,Inside,Hernandez,7.09,23.89,17.52,64.0,52.8,26.3,True,False,111,186,23,2026-04-30T04:36:50.726872
SKU-00158,Open-architected systemic benchmark,Boy place property agreement sure scene natural southern between.,Apparel,Without,"Holland,",120.13,412.32,46.2,12.8,68.6,52.0,False,False,18,791,42,2026-04-30T04:36:50.726872
SKU-00159,Streamlined zero tolerance task-force,Member card space power major trip hold set.,Medical,Pick,Marks,161.21,250.1,13.5,37.1,6.5,43.0,False,False,190,328,7,2026-04-30T04:36:50.726872
SKU-00160,Persevering optimizing capacity,Loss chair never hold parent discuss ever relationship production support.,Apparel,Recently,Lawson-Gibson,254.91,473.91,49.89,32.6,46.3,6.4,False,False,89,151,41,2026-04-30T04:36:50.726872
SKU-00161,Balanced dynamic structure,Analysis make least pass television situation ten you course great land song.,Apparel,Letter,Singh,415.73,1221.82,27.24,58.5,49.1,44.7,False,False,75,936,37,2026-04-30T04:36:50.726872
SKU-00162,Switchable didactic attitude,Forget place race should key toward group popular modern pay push school.,Apparel,Name,Page-Ramirez,183.98,303.43,4.0,62.0,27.4,10.4,False,False,187,711,44,2026-04-30T04:36:50.726872
SKU-00163,Balanced fault-tolerant hub,Mr bit baby ask thousand week prepare reduce sell view within soldier surface cup movie.,Automotive,Life,Nguyen,97.47,143.7,26.73,76.5,7.7,19.7,False,False,107,270,4,2026-04-30T04:36:50.726872
SKU-00164,Vision-oriented national portal,Season old just their pay Mrs them central.,Apparel,Purpose,Brock-Burton,214.49,531.69,22.49,80.1,9.2,55.9,False,True,95,848,16,2026-04-30T04:36:50.726872
SKU-00165,Multi-channeled interactive migration,Enjoy with off fall trip writer standard institution task west sport.,Automotive,Attorney,Robinson-Taylor,176.83,508.08,3.6,46.4,35.7,33.5,False,False,131,669,21,2026-04-30T04:36:50.726872
SKU-00166,Intuitive mission-critical data-warehouse,Media decade budget old marriage laugh true over reflect challenge keep bit hour nice.,Hardware,Situation,Page,14.97,35.38,6.91,114.9,47.2,2.7,False,False,128,141,13,2026-04-30T04:36:50.726872
SKU-00167,Re-contextualized background groupware,Happy relate fight clear start dinner feel heavy yeah health nearly phone effect easy item.,Electronics,Improve,Arroyo,339.06,923.02,8.67,15.8,20.3,49.2,False,False,130,955,5,2026-04-30T04:36:50.726872
SKU-00168,Innovative explicit utilization,Suggest remember home road generation place ground exist bank phone environment use upon.,Medical,Building,Brown-Smith,295.31,463.84,6.09,97.5,24.0,52.5,False,False,114,861,8,2026-04-30T04:36:50.726872
SKU-00169,Advanced cohesive concept,Message behind north author street expert your direction.,Hardware,Source,Monroe-Contreras,449.46,1137.73,27.4,119.2,10.1,50.4,False,False,114,105,10,2026-04-30T04:36:50.726872
SKU-00170,Networked tangible approach,Effort none really specific explain save campaign special teacher movie eye PM drop cut various speech.,Industrial,Language,"Bailey,",371.54,709.48,39.35,108.8,18.8,10.4,False,True,97,235,14,2026-04-30T04:36:50.726872
SKU-00171,Up-sized secondary paradigm,Religious cost newspaper country help least outside help indeed itself back cause finish.,Industrial,Indeed,Ramirez,410.25,1210.03,7.18,89.2,75.2,44.4,False,False,124,866,31,2026-04-30T04:36:50.726872
SKU-00172,Devolved clear-thinking challenge,Environmental open always tonight decade just interest determine inside group.,Automotive,Sit,Davis,397.66,1049.15,10.49,26.0,53.1,22.5,False,False,130,468,6,2026-04-30T04:36:50.726872
SKU-00173,Seamless asynchronous Graphic Interface,Player everybody idea ever agree clearly early teach artist.,Furniture,Fly,Velez-Hamilton,293.72,907.97,36.04,7.8,77.8,9.8,False,False,101,648,35,2026-04-30T04:36:50.726872
SKU-00174,Integrated client-driven workforce,Spend body himself majority campaign design nothing site ground toward high partner.,Automotive,Good,Aguilar-Moore,158.81,211.75,5.38,71.1,13.3,57.4,False,False,33,224,28,2026-04-30T04:36:50.726872
SKU-00175,Enterprise-wide mobile software,Heart thing speech fear and describe teach society sport follow win sea free.,Automotive,Attack,"Bowen,",243.91,850.05,35.19,89.2,65.2,53.3,False,False,141,740,27,2026-04-30T04:36:50.726872
SKU-00176,Future-proofed zero-defect forecast,Themselves human cell mouth movie of feel sense what at understand.,Medical,Fact,Simon-Dominguez,58.42,122.89,3.03,6.1,44.4,20.1,False,False,69,498,43,2026-04-30T04:36:50.726872
SKU-00177,Multi-layered systemic matrices,Oil cup group boy recent open moment level station degree care.,Hardware,Rise,Roberts,251.53,867.18,5.57,8.7,26.9,51.1,False,False,21,101,26,2026-04-30T04:36:50.726872
SKU-00178,Inverse executive encryption,Many itself believe create recognize source maybe art rich movie whole beat deal.,Sporting Goods,Become,Davis-Brown,257.72,863.34,38.45,113.4,20.1,37.3,False,False,60,854,21,2026-04-30T04:36:50.726872
SKU-00179,Focused intermediate matrices,Include piece war address sometimes back lay animal provide piece floor feeling former law apply.,Industrial,Quality,"Pearson,",440.87,1087.07,25.54,36.1,75.8,4.3,False,False,145,470,21,2026-04-30T04:36:50.726872
SKU-00180,Reduced stable customer loyalty,Under return head enjoy religious cultural identify apply crime continue.,Apparel,Morning,Sawyer-Davila,124.53,197.14,42.8,24.3,79.8,13.6,False,False,200,201,1,2026-04-30T04:36:50.726872
SKU-00181,Team-oriented full-range standardization,Push trip catch explain believe eye check.,Office Supplies,International,Castillo-Garcia,162.64,203.85,10.49,30.0,9.6,3.1,False,False,84,811,26,2026-04-30T04:36:50.726872
SKU-00182,Compatible eco-centric functionalities,Not affect work I throughout day science cell career carry also yard discussion with candidate professor.,Furniture,Anyone,Gray-Pena,204.87,307.36,0.34,64.4,47.9,47.1,False,False,40,465,1,2026-04-30T04:36:50.726872
SKU-00183,Cross-platform stable support,Serious sure box debate move decide office court politics hair military western bring Democrat during our.,Hardware,Government,Shelton-Cook,11.88,25.13,37.67,77.2,66.5,10.1,False,False,199,901,38,2026-04-30T04:36:50.726872
SKU-00184,Extended exuding contingency,Hundred significant fear kind soldier community on involve cover community approach special week easy.,Furniture,Social,Fields-Wells,303.45,875.51,37.03,76.0,34.1,33.4,False,False,31,925,36,2026-04-30T04:36:50.726872
SKU-00185,Fully-configurable even-keeled protocol,Nearly person concern line discussion if similar free concern himself where he forward suggest environment.,Industrial,South,Horne-Wood,192.23,408.32,2.13,7.7,49.8,50.8,False,False,66,305,28,2026-04-30T04:36:50.726872
SKU-00186,Fully-configurable scalable migration,People indicate feel entire situation hard eat support.,Hardware,Save,Moore-Humphrey,54.76,157.53,12.29,56.3,74.7,32.4,False,False,164,618,42,2026-04-30T04:36:50.726872
SKU-00187,Vision-oriented encompassing task-force,Its fish do decade oil ready unit camera plant she necessary fund economic.,Industrial,Figure,Rich,167.17,332.98,7.16,70.9,65.4,10.7,True,False,180,62,5,2026-04-30T04:36:50.726872
SKU-00188,Versatile human-resource methodology,Character billion little church leader population value week seat natural different even vote expert nature matter.,Office Supplies,Laugh,Barnett,164.31,487.33,13.96,52.3,38.5,23.8,False,False,82,645,18,2026-04-30T04:36:50.726872
SKU-00189,Open-source zero tolerance attitude,Room chair not opportunity door part threat national price indeed great different watch.,Automotive,Because,Long,388.66,872.01,35.83,16.0,46.3,17.5,False,True,45,773,35,2026-04-30T04:36:50.726872
SKU-00190,Streamlined dedicated solution,Because each market decade capital arrive reality simple significant wall event party sport where.,Sporting Goods,Well,"Smith,",409.75,652.51,6.97,30.6,38.5,55.5,False,True,110,194,3,2026-04-30T04:36:50.726872
SKU-00191,Grass-roots object-oriented database,Capital business experience six option fear significant however follow.,Sporting Goods,Fall,Goodman,239.6,777.81,24.89,84.2,72.9,29.1,False,False,59,471,20,2026-04-30T04:36:50.726872
SKU-00192,Down-sized human-resource standardization,General if true course board catch us team open tonight activity.,Food & Beverage,Indicate,"Baker,",73.16,148.15,22.78,6.0,11.5,37.9,False,False,45,614,45,2026-04-30T04:36:50.726872
SKU-00193,Synchronized bifurcated contingency,Reflect himself factor least per later public in threat difference forget outside allow.,Sporting Goods,Improve,Jackson,150.41,227.34,20.99,13.0,18.3,38.6,False,False,83,731,26,2026-04-30T04:36:50.726872
SKU-00194,Assimilated bifurcated initiative,Nothing evening one seven ball difficult evening evening live program.,Electronics,These,Douglas-Harris,52.82,73.25,30.12,30.2,24.8,25.7,False,False,72,584,10,2026-04-30T04:36:50.726872
SKU-00195,Synergized even-keeled monitoring,Example stay nation reality become artist author its.,Electronics,Plan,Johnson,207.04,300.6,43.96,109.3,20.0,54.4,False,False,170,487,5,2026-04-30T04:36:50.726872
SKU-00196,Quality-focused background benchmark,Action executive pressure opportunity price sign answer find together claim treatment character no.,Apparel,Upon,Castaneda-Frost,158.86,209.07,45.23,113.8,58.6,2.7,False,False,93,279,17,2026-04-30T04:36:50.726872
SKU-00197,Open-architected needs-based alliance,Then own east certain western show election time.,Electronics,World,Turner-Green,141.46,485.77,15.34,25.4,15.8,27.5,False,False,86,442,2,2026-04-30T04:36:50.726872
SKU-00198,Distributed analyzing database,Culture international receive not provide magazine voice option day myself arrive food.,Hardware,Medical,Wyatt,49.52,98.99,0.44,62.4,60.8,38.3,False,False,135,915,10,2026-04-30T04:36:50.726872
SKU-00199,Proactive bifurcated database,Site best radio unit stage you field less test.,Office Supplies,Color,"Peters,",117.87,295.41,21.15,61.5,35.7,11.8,False,False,183,179,30,2026-04-30T04:36:50.726872
SKU-00200,Decentralized clear-thinking monitoring,Surface federal carry machine recent significant parent wide live member make far investment painting.,Apparel,Edge,"Kramer,",301.18,643.63,49.34,63.6,68.5,42.8,False,False,188,851,26,2026-04-30T04:36:50.726872
SKU-00201,Proactive exuding pricing structure,Price her site your college political budget exist.,Apparel,Anything,Mckinney,428.79,802.33,3.92,111.6,70.9,53.3,False,False,140,926,18,2026-04-30T04:36:50.726872
SKU-00202,Managed didactic groupware,In professional whole control at natural sport.,Industrial,Green,Murillo,355.86,823.79,41.51,81.2,48.4,39.1,False,True,37,875,33,2026-04-30T04:36:50.726872
SKU-00203,Versatile solution-oriented methodology,Throw ability plan executive result assume remain on others party minute.,Furniture,Who,Simmons-Munoz,137.53,321.49,15.14,21.7,22.6,52.1,False,False,88,793,27,2026-04-30T04:36:50.726872
SKU-00204,Profit-focused non-volatile policy,Wonder air black wrong red future later voice true decade.,Automotive,Himself,"Phillips,",395.6,981.99,47.38,22.3,30.2,39.0,False,False,101,217,23,2026-04-30T04:36:50.726872
SKU-00205,Organized scalable success,Lay hope card president if ago him account.,Apparel,Agency,"Williams,",116.66,150.34,20.04,84.5,65.1,39.3,False,False,181,777,40,2026-04-30T04:36:50.726872
SKU-00206,Grass-roots bifurcated definition,Would her possible which technology end skin.,Food & Beverage,Music,Strickland-Garcia,222.64,552.16,4.11,21.9,23.7,51.7,False,False,96,743,38,2026-04-30T04:36:50.726872
SKU-00207,Adaptive 24hour productivity,Important outside public write sound beyond career cell line collection may born go.,Sporting Goods,Structure,"Martin,",355.35,1143.33,25.18,25.6,9.9,32.0,False,False,15,464,26,2026-04-30T04:36:50.726872
SKU-00208,Enterprise-wide context-sensitive open architecture,Exist movie likely term moment group paper other allow.,Electronics,Explain,Williams,117.96,239.63,5.01,16.6,8.3,7.3,False,False,60,722,18,2026-04-30T04:36:50.726872
SKU-00209,Future-proofed local portal,Direction three big break east project step watch.,Apparel,Former,Flores,38.39,69.33,1.56,86.4,8.8,37.5,False,False,71,558,10,2026-04-30T04:36:50.726872
SKU-00210,Digitized composite throughput,Option type account upon eye policy very grow majority wonder out less drive camera music.,Sporting Goods,Today,Johnson,46.57,98.56,49.37,28.3,9.7,42.5,False,False,161,687,39,2026-04-30T04:36:50.726872
SKU-00211,Customer-focused regional forecast,Drug baby four service skill member trade upon enjoy light improve law.,Electronics,Significant,"Anderson,",410.72,587.5,40.4,8.7,6.0,19.3,False,False,71,159,45,2026-04-30T04:36:50.726872
SKU-00212,Profound systematic open architecture,Development history series marriage tree politics whose purpose dinner next significant property best station per toward.,Hardware,Light,Velazquez-Mckee,224.13,577.54,23.39,80.0,36.1,47.3,False,False,109,955,10,2026-04-30T04:36:50.726872
SKU-00213,Up-sized impactful policy,Add sport need when trip six or fill should name everything office say street owner.,Office Supplies,Law,"Walsh,",342.61,955.34,30.88,91.4,8.8,31.4,False,False,172,527,34,2026-04-30T04:36:50.726872
SKU-00214,Distributed multi-state portal,Investment help road home inside drive laugh event know amount human century increase unit industry.,Office Supplies,Opportunity,Evans,148.9,494.77,31.47,13.9,76.9,21.8,False,False,40,73,31,2026-04-30T04:36:50.726872
SKU-00215,Centralized client-driven help-desk,Play mention create reveal pattern claim party huge especially least.,Sporting Goods,Third,Heath-White,415.3,1012.95,43.37,56.0,60.9,29.4,False,False,24,782,15,2026-04-30T04:36:50.726872
SKU-00216,Advanced national forecast,Drive cell economy defense mention short event lawyer call.,Automotive,Bring,"Rivera,",211.37,314.52,1.47,84.4,13.3,37.7,False,False,61,743,39,2026-04-30T04:36:50.726872
SKU-00217,Right-sized bi-directional Graphic Interface,Full learn suffer once agreement company material speak address everyone hard article you defense price.,Furniture,Pressure,Lowe-Carter,395.78,1059.08,19.27,60.3,63.1,33.1,False,False,20,508,27,2026-04-30T04:36:50.726872
SKU-00218,Enterprise-wide directional artificial intelligence,Policy TV cause hit animal after stock painting hot toward real outside.,Hardware,Level,Garcia,252.51,826.78,0.45,96.8,46.0,41.1,False,False,100,526,33,2026-04-30T04:36:50.726872
SKU-00219,Diverse radical challenge,Ago beautiful less until computer budget range opportunity tonight.,Apparel,Idea,"Clark,",15.62,42.42,33.49,38.7,64.9,9.8,False,False,51,894,8,2026-04-30T04:36:50.726872
SKU-00220,Object-based directional capacity,Seem will building discover church and mother visit group continue and believe.,Electronics,Pay,Rodriguez,176.73,534.79,19.28,81.9,33.7,22.4,False,False,130,70,25,2026-04-30T04:36:50.726872
SKU-00221,Stand-alone dynamic data-warehouse,People majority maintain page able position contain ok game between certainly success.,Office Supplies,However,"Robbins,",360.68,504.65,31.03,18.6,48.4,59.0,False,False,46,141,21,2026-04-30T04:36:50.726872
SKU-00222,Profound user-facing hub,Wide finally road often perform together dinner experience sister risk within carry.,Hardware,East,Rivers,26.13,81.97,44.74,99.7,34.1,2.3,False,False,103,97,42,2026-04-30T04:36:50.726872
SKU-00223,Self-enabling maximized Local Area Network,Shoulder expect heavy kid explain each actually science past war good question record bit bag.,Industrial,Live,Patterson-Fisher,235.92,768.81,7.91,102.6,57.7,42.3,False,False,157,190,19,2026-04-30T04:36:50.726872
SKU-00224,Optimized global approach,Computer likely to individual by six civil beautiful record fly natural image.,Industrial,Back,"Weber,",244.51,582.58,11.1,6.2,73.5,44.8,False,False,13,373,15,2026-04-30T04:36:50.726872
SKU-00225,Synergistic bifurcated infrastructure,Personal quite kid hit stay plan daughter early character range but green choice than.,Hardware,Human,"Black,",22.51,46.79,3.66,59.8,32.4,48.8,False,False,84,463,16,2026-04-30T04:36:50.726872
SKU-00226,Operative directional methodology,Bar suffer paper court always voice each store.,Furniture,Spring,Hudson,105.14,335.46,11.71,68.2,12.0,20.9,False,False,80,983,32,2026-04-30T04:36:50.726872
SKU-00227,Re-contextualized tangible collaboration,Reflect available century join outside phone surface here decade wife.,Apparel,Someone,"Reeves,",190.14,447.55,41.03,72.3,36.8,57.6,False,False,96,378,8,2026-04-30T04:36:50.726872
SKU-00228,Exclusive systemic methodology,Garden author world time try cause behind single project air hold good red.,Hardware,Increase,White-Wallace,62.86,206.69,45.39,42.9,12.4,15.6,False,False,139,150,22,2026-04-30T04:36:50.726872
SKU-00229,Face-to-face holistic architecture,Maintain year firm generation while travel major strong pull.,Apparel,Former,Austin-Madden,163.98,343.84,46.95,10.2,55.4,36.7,False,False,14,207,19,2026-04-30T04:36:50.726872
SKU-00230,Fundamental multi-tasking intranet,Fall international clearly sport official remain store against image catch accept including can nothing force.,Automotive,None,Trevino-Thomas,354.37,1047.64,42.14,47.5,26.0,46.8,False,True,26,502,7,2026-04-30T04:36:50.726872
SKU-00231,Synergistic actuating instruction set,Seek then represent conference war science reduce pass once.,Food & Beverage,Dinner,Cohen-Adams,13.75,19.08,25.05,19.1,33.8,17.3,False,False,174,820,15,2026-04-30T04:36:50.726872
SKU-00232,Devolved asynchronous capacity,Book join site he above challenge cultural throw left worker ready take property recognize expert.,Electronics,Hair,Sharp-Ford,217.3,377.48,24.39,40.3,22.1,2.9,False,False,28,910,20,2026-04-30T04:36:50.726872
SKU-00233,Devolved holistic budgetary management,Fact pretty learn data power morning behavior laugh quite water world century drug know room.,Office Supplies,Clearly,"Brown,",227.21,644.77,33.62,49.1,17.1,12.0,False,False,185,590,26,2026-04-30T04:36:50.726872
SKU-00234,Intuitive asymmetric structure,Major she knowledge house imagine detail cell television woman minute customer both write.,Medical,Use,Johnson,441.6,736.75,25.86,39.5,8.4,26.2,False,True,177,963,25,2026-04-30T04:36:50.726872
SKU-00235,Up-sized systematic model,Me environmental hold education who myself daughter sell institution later office.,Apparel,Agency,"Jackson,",307.91,716.21,3.47,101.0,20.5,21.6,False,False,112,537,27,2026-04-30T04:36:50.726872
SKU-00236,Open-architected modular success,Recently high system policy education true three theory.,Office Supplies,Place,Johnson,311.7,813.04,10.97,65.8,59.2,50.5,False,False,181,760,2,2026-04-30T04:36:50.726872
SKU-00237,Operative even-keeled open system,Box could end hard test traditional us.,Sporting Goods,House,Summers,359.1,1191.02,26.21,50.2,56.0,12.2,False,False,70,315,1,2026-04-30T04:36:50.726872
SKU-00238,Compatible bi-directional groupware,Hot little skin most real remain art there describe model meeting.,Electronics,Purpose,"Moss,",157.06,439.21,47.19,74.5,15.9,13.6,False,False,93,660,29,2026-04-30T04:36:50.726872
SKU-00239,Centralized executive approach,Drop give his meeting away degree form mission pressure ever position.,Industrial,Me,Ellis-Bell,193.94,581.27,15.78,83.4,60.3,25.9,False,False,162,952,30,2026-04-30T04:36:50.726872
SKU-00240,Business-focused dedicated analyzer,Police billion idea use high language main spring nature already while part choice leg treatment bill.,Office Supplies,Watch,"Rose,",225.67,456.89,8.02,102.8,49.0,52.0,False,False,76,200,12,2026-04-30T04:36:50.726872
SKU-00241,Polarized tangible benchmark,Behavior hand until interest sometimes within both notice like story just often require.,Automotive,Defense,"Gonzalez,",215.37,632.45,6.6,88.8,18.5,43.0,False,False,133,155,7,2026-04-30T04:36:50.726872
SKU-00242,Balanced uniform Graphic Interface,Four without debate couple ground much open.,Medical,Knowledge,Gonzales-Hernandez,343.07,1069.62,32.6,61.4,50.5,58.2,False,False,85,211,40,2026-04-30T04:36:50.726872
SKU-00243,Multi-layered dynamic hierarchy,Would official order seven clear city hundred center life since.,Office Supplies,Meet,Hansen-Jones,397.54,598.91,13.48,68.5,48.3,15.5,False,False,118,642,1,2026-04-30T04:36:50.726872
SKU-00244,Managed needs-based flexibility,Into machine than above themselves dark charge middle daughter too left look his.,Apparel,Person,"Shepherd,",94.49,157.91,44.93,90.9,79.6,59.1,False,True,78,238,44,2026-04-30T04:36:50.726872
SKU-00245,Sharable holistic workforce,Clearly call military want interview why above name.,Medical,Television,Pugh,179.79,560.02,3.12,67.8,70.1,28.1,False,False,65,875,6,2026-04-30T04:36:50.726872
SKU-00246,Public-key non-volatile leverage,Though success police she difference ten suddenly wear soldier.,Food & Beverage,Manager,Gillespie-Clements,180.93,407.58,38.95,107.1,56.4,56.6,False,False,57,473,30,2026-04-30T04:36:50.726872
SKU-00247,Customizable bottom-line task-force,Fall five really lose mean hope ability owner across traditional chair answer center tax.,Industrial,Chance,Phillips,83.82,175.83,11.27,18.0,65.6,11.3,False,False,71,987,36,2026-04-30T04:36:50.726872
SKU-00248,Pre-emptive didactic service-desk,Give probably support reality language like serious.,Food & Beverage,They,"Berger,",3.89,13.25,1.72,50.7,74.7,17.1,False,False,196,677,36,2026-04-30T04:36:50.726872
SKU-00249,Reduced responsive leverage,Heavy report its sign I lay fast parent.,Furniture,Several,"Gray,",147.28,256.67,30.28,19.6,57.6,59.5,False,False,32,213,37,2026-04-30T04:36:50.726872
SKU-00250,Vision-oriented encompassing adapter,Past happen claim station example catch purpose.,Automotive,Rest,"Diaz,",54.37,95.15,32.65,39.3,62.9,49.4,False,False,193,479,29,2026-04-30T04:36:50.726872
SKU-00251,Team-oriented contextually-based capacity,Often set during perhaps actually again really long.,Office Supplies,Either,Williams-Wilson,178.72,554.77,22.74,24.1,53.3,22.6,False,False,169,816,41,2026-04-30T04:36:50.726872
SKU-00252,Proactive zero tolerance productivity,Box traditional forget seat benefit attorney remember travel industry air allow husband night response prove suddenly.,Electronics,Where,Harper-Boyer,264.49,599.98,0.13,103.8,37.6,49.3,False,False,103,821,27,2026-04-30T04:36:50.726872
SKU-00253,Expanded directional functionalities,Medical research group thus outside blue now line before edge drug.,Electronics,War,"Wagner,",381.15,621.92,27.33,81.5,74.2,34.8,False,False,21,219,12,2026-04-30T04:36:50.726872
SKU-00254,Horizontal systematic encoding,Age debate wall wear realize stage imagine half single.,Office Supplies,Change,Long-Cook,347.58,1041.84,47.23,106.4,22.9,3.9,False,False,18,648,15,2026-04-30T04:36:50.726872
SKU-00255,Reverse-engineered composite success,Prove face always alone thing push center national professional beat project help admit beat.,Apparel,Agent,"Cannon,",79.25,161.2,9.7,28.7,5.5,11.7,False,True,105,977,42,2026-04-30T04:36:50.726872
SKU-00256,Proactive bifurcated initiative,Role these receive cup doctor together suddenly travel high require.,Office Supplies,There,Cain,362.7,1149.9,3.06,76.1,59.7,59.4,False,False,184,969,3,2026-04-30T04:36:50.726872
SKU-00257,Centralized analyzing success,Operation money organization doctor network minute road.,Automotive,Table,Nash-Schmidt,102.88,263.07,40.68,98.0,26.4,47.4,False,False,72,247,11,2026-04-30T04:36:50.726872
SKU-00258,Balanced context-sensitive moderator,From weight ask myself wall series person anything science any.,Food & Beverage,Everybody,"Walker,",133.6,285.47,8.24,54.1,5.5,33.2,False,False,147,710,15,2026-04-30T04:36:50.726872
SKU-00259,Fully-configurable zero administration instruction set,Color trouble agent small bank world purpose investment at table tend occur sister.,Industrial,Wall,"Jarvis,",56.42,166.07,4.61,106.2,9.3,47.2,False,False,166,665,40,2026-04-30T04:36:50.726872
SKU-00260,Monitored transitional definition,Year tell because woman race water purpose score.,Electronics,Across,"Reynolds,",61.55,93.27,12.21,62.1,19.9,29.9,False,False,50,117,1,2026-04-30T04:36:50.726872
SKU-00261,Secured motivating frame,Behind once by final project paper listen impact tell.,Furniture,Raise,Todd,173.69,519.94,13.48,15.7,20.2,28.0,False,False,160,185,12,2026-04-30T04:36:50.726872
SKU-00262,Open-architected mobile interface,Real better manager huge today probably my when important door name town project agency.,Hardware,Shoulder,"Sanders,",178.89,506.57,5.08,47.8,59.2,9.4,False,False,131,376,10,2026-04-30T04:36:50.726872
SKU-00263,Persevering impactful conglomeration,City interesting itself method reality action recognize crime poor beat house stage college nearly political put.,Sporting Goods,Send,"Ponce,",301.0,802.62,19.99,49.1,72.3,10.2,True,False,40,509,15,2026-04-30T04:36:50.726872
SKU-00264,Reduced disintermediate workforce,Not blood food performance lose charge follow owner many fast near could.,Furniture,Onto,Moyer-Patel,13.36,34.53,33.03,106.1,72.7,20.3,False,True,52,772,7,2026-04-30T04:36:50.726872
SKU-00265,Intuitive 4thgeneration archive,By kid throughout sit form necessary country attorney statement opportunity we.,Food & Beverage,He,Bell-Davis,29.66,94.47,17.8,41.5,25.3,43.7,False,False,36,356,16,2026-04-30T04:36:50.726872
SKU-00266,Public-key leadingedge artificial intelligence,Success final investment argue prepare similar above owner.,Electronics,Everybody,Wheeler-Little,300.29,724.96,22.14,110.5,39.6,10.1,False,False,105,759,17,2026-04-30T04:36:50.726872
SKU-00267,Programmable local open architecture,Glass leg anyone do admit center cultural but room change plant as medical structure.,Apparel,Also,Hill-Duncan,387.2,1329.72,25.14,32.2,66.4,38.4,False,False,148,860,8,2026-04-30T04:36:50.726872
SKU-00268,Ameliorated impactful protocol,General yet class surface impact decision budget night his though add weight police after carry energy.,Electronics,Consider,Curtis-Henderson,266.43,514.38,27.18,61.7,37.4,38.8,False,False,63,951,16,2026-04-30T04:36:50.726872
SKU-00269,Fundamental tangible workforce,Later dream war same explain agent speak manager site begin politics everyone hospital professional our.,Furniture,Wear,Gregory-Odonnell,341.26,879.27,27.95,45.7,31.8,37.8,False,False,193,605,43,2026-04-30T04:36:50.726872
SKU-00270,Function-based actuating success,Myself manage decade position education head effort right exactly pretty to window.,Automotive,Recognize,Gomez-Sawyer,131.49,245.7,44.18,43.4,42.8,47.5,False,False,199,604,11,2026-04-30T04:36:50.726872
SKU-00271,Exclusive static synergy,Media skill no task product unit pressure war picture take story.,Office Supplies,Direction,Irwin-Gallegos,437.74,1236.09,35.56,59.9,35.3,12.0,False,False,133,178,43,2026-04-30T04:36:50.726872
SKU-00272,Programmable foreground encoding,Ahead production leave half likely under too fact city.,Apparel,Usually,"Ortiz,",263.65,544.55,46.21,104.2,52.8,20.5,False,False,110,222,36,2026-04-30T04:36:50.726872
SKU-00273,Switchable solution-oriented extranet,During wish issue others front movie green shake so five arrive.,Apparel,Set,Carlson,72.82,233.5,0.53,17.2,18.8,44.3,False,False,53,825,20,2026-04-30T04:36:50.726872
SKU-00274,Future-proofed impactful Local Area Network,Run account leader exactly truth serve serve note recent.,Sporting Goods,Likely,Melendez,202.08,439.56,29.49,34.0,18.5,2.7,False,False,51,301,18,2026-04-30T04:36:50.726872
SKU-00275,Digitized optimizing functionalities,Play two project wide above no agreement instead friend year body.,Furniture,American,"Anderson,",40.6,103.13,29.74,95.6,50.4,40.0,False,False,123,90,9,2026-04-30T04:36:50.726872
SKU-00276,Mandatory 3rdgeneration protocol,Where behind decide dinner ask training others sign rather.,Electronics,Return,Holloway,185.34,341.05,41.57,44.4,67.9,57.8,False,False,27,538,19,2026-04-30T04:36:50.726872
SKU-00277,Secured well-modulated groupware,Bad return town born dream good ahead year cold group.,Electronics,Value,Montoya-Hernandez,291.69,835.3,30.76,10.7,62.0,35.3,False,False,147,684,12,2026-04-30T04:36:50.726872
SKU-00278,Optional systematic implementation,South gas reality model many more network quality give.,Industrial,Guess,Green,61.81,193.58,4.77,114.2,21.7,51.4,False,False,15,591,10,2026-04-30T04:36:50.726872
SKU-00279,Balanced real-time product,Once food bad program type general group sense.,Electronics,Discussion,"Chavez,",208.44,410.8,14.12,17.8,56.4,26.2,False,False,121,941,9,2026-04-30T04:36:50.726872
SKU-00280,Devolved methodical contingency,Suddenly indeed customer kind history young cell beautiful fish little white rest several section set.,Food & Beverage,Even,Thompson,176.83,503.01,35.69,45.7,6.1,20.9,False,False,118,142,29,2026-04-30T04:36:50.726872
SKU-00281,Assimilated multimedia extranet,Budget wish pretty hot add perform arrive number base strategy drive so dog peace from.,Apparel,Back,Garner-Everett,372.03,1182.73,33.7,28.6,70.1,13.5,False,True,168,315,19,2026-04-30T04:36:50.726872
SKU-00282,Integrated full-range alliance,Return start music truth by quality rich key quality beyond community set.,Automotive,Fast,Carey,321.08,617.84,46.94,87.3,34.2,18.0,False,False,60,520,12,2026-04-30T04:36:50.726872
SKU-00283,Realigned multi-tasking alliance,Maybe sure bed factor charge certainly part drug fear animal quickly.,Automotive,On,Floyd,209.57,508.74,23.88,53.3,73.9,3.8,False,False,74,668,19,2026-04-30T04:36:50.726872
SKU-00284,Customer-focused dynamic extranet,Likely short kid level paper ask responsibility fall agency.,Electronics,Feeling,"Green,",82.26,254.37,44.01,98.0,40.5,51.8,False,False,15,138,32,2026-04-30T04:36:50.726872
SKU-00285,Triple-buffered dedicated project,Eat third head trip be although president church wonder low budget.,Furniture,Quality,Flores,279.45,468.01,15.06,26.0,71.2,18.6,False,False,78,129,32,2026-04-30T04:36:50.726872
SKU-00286,Digitized systemic paradigm,We very painting hope site fund ask later.,Industrial,Tough,Hicks,76.95,155.98,39.07,96.6,42.6,24.5,False,False,12,219,23,2026-04-30T04:36:50.726872
SKU-00287,Digitized systemic pricing structure,Season room major star choose better near however.,Sporting Goods,We,Buchanan,393.55,819.32,11.35,101.8,15.3,34.4,False,False,54,252,34,2026-04-30T04:36:50.726872
SKU-00288,Extended systematic knowledgebase,Sing box agree carry message later a poor get organization peace rock health.,Industrial,Debate,King,196.09,273.01,0.7,115.1,49.7,15.2,False,False,90,543,18,2026-04-30T04:36:50.726872
SKU-00289,Business-focused 24/7 workforce,Accept simply help southern during manager party thought seat.,Automotive,Force,"Reed,",79.71,229.86,11.8,94.7,50.3,50.4,False,False,132,596,5,2026-04-30T04:36:50.726872
SKU-00290,Profit-focused impactful knowledge user,Another possible answer across sit small event range learn girl personal movie rich.,Automotive,Education,Weaver-Davis,118.94,162.03,24.49,79.5,35.8,7.4,False,False,143,318,18,2026-04-30T04:36:50.726872
SKU-00291,Compatible dynamic neural-net,Land author the finish during exactly art nation civil.,Electronics,Able,Young,96.71,207.1,18.82,67.4,38.9,39.8,False,False,75,967,27,2026-04-30T04:36:50.726872
SKU-00292,Reactive composite hierarchy,Community side science rate baby sell hit business sister in.,Apparel,Just,Young,382.31,1062.34,19.45,31.9,46.5,48.9,False,True,178,354,45,2026-04-30T04:36:50.726872
SKU-00293,Synergistic static software,Possible reduce wrong scene outside letter member relationship.,Office Supplies,Raise,Patterson-Lopez,40.58,125.27,37.35,70.7,75.4,10.7,False,False,157,913,8,2026-04-30T04:36:50.726872
SKU-00294,Balanced 3rdgeneration help-desk,Ball recognize between anyone listen across box drop night.,Sporting Goods,Try,Bauer,6.48,12.59,2.15,57.3,68.1,34.6,True,False,103,471,28,2026-04-30T04:36:50.726872
SKU-00295,Public-key real-time Graphic Interface,Congress learn more ball body sit send performance.,Electronics,Success,"Torres,",16.42,28.94,12.47,35.7,36.9,31.5,False,False,175,500,43,2026-04-30T04:36:50.726872
SKU-00296,Robust methodical circuit,House full state outside law material door land range break sense may indeed center international once.,Automotive,Institution,Taylor,96.13,222.04,39.59,109.0,46.1,9.9,False,False,131,983,37,2026-04-30T04:36:50.726872
SKU-00297,Virtual homogeneous time-frame,Name vote head manager learn crime suffer modern section statement another role design.,Hardware,Reality,"Juarez,",289.6,762.28,38.58,57.0,53.5,27.0,False,False,183,662,3,2026-04-30T04:36:50.726872
SKU-00298,Cloned exuding framework,Though compare interest road a week book south indicate benefit fear phone bill.,Food & Beverage,Cultural,Dixon-Rodriguez,175.16,444.63,10.3,83.2,17.7,31.9,False,False,133,459,2,2026-04-30T04:36:50.726872
SKU-00299,Object-based national support,Debate type energy agree economic finish much north or total until describe necessary.,Office Supplies,State,Smith,334.24,1018.54,31.92,102.5,68.3,38.9,False,False,40,761,30,2026-04-30T04:36:50.726872
SKU-00300,Quality-focused directional matrix,Turn direction rock real bad general wish section certain western write order product cold various himself.,Sporting Goods,Piece,Ramirez,27.82,61.23,35.04,13.9,69.8,41.6,False,False,62,241,4,2026-04-30T04:36:50.726872
SKU-00301,Fundamental actuating implementation,Often bank later campaign church look million after movie.,Automotive,Likely,"Silva,",343.5,1019.08,28.94,115.6,72.2,2.9,False,False,158,231,33,2026-04-30T04:36:50.726872
SKU-00302,Business-focused mission-critical groupware,Moment rock student minute edge office thus ok large outside firm upon care make.,Hardware,Bring,Payne-Ortiz,377.93,1044.61,28.38,66.7,17.0,9.0,False,False,62,841,15,2026-04-30T04:36:50.726872
SKU-00303,Managed intangible help-desk,Scene need movement bill wait whose item manage place range whatever religious image during year.,Medical,Decision,Jackson,209.45,609.39,46.11,66.4,66.7,19.9,False,False,84,211,2,2026-04-30T04:36:50.726872
SKU-00304,Multi-lateral heuristic knowledge user,Seat send billion others participant design trial medical become.,Furniture,Those,Fox,94.0,230.77,47.69,32.0,71.3,41.1,False,False,185,705,39,2026-04-30T04:36:50.726872
SKU-00305,Triple-buffered optimizing project,Thought apply most way recently box debate statement matter international management country raise commercial home sort.,Hardware,Rock,Fisher,312.01,588.18,38.78,75.2,36.4,3.6,False,False,167,398,35,2026-04-30T04:36:50.726872
SKU-00306,Front-line asynchronous leverage,Technology forget official senior animal ready strong drug pull over see he since me game inside.,Electronics,Tend,Frazier,198.48,412.38,49.81,66.0,76.9,17.8,False,False,81,724,16,2026-04-30T04:36:50.726872
SKU-00307,Reactive well-modulated capability,Loss everything run page child treat since throughout black.,Apparel,Table,Jones-Greene,365.56,1100.82,34.72,99.5,10.7,44.0,False,False,11,445,41,2026-04-30T04:36:50.726872
SKU-00308,User-centric contextually-based Graphic Interface,Thing at school wonder we effect management inside conference various standard yard religious image also.,Industrial,Safe,"Foster,",170.54,467.7,33.92,44.5,53.4,35.6,False,False,23,155,25,2026-04-30T04:36:50.726872
SKU-00309,Fundamental bandwidth-monitored database,Edge do finish design apply drug thus song our miss say simple perform practice investment.,Industrial,Recently,Cox-Kramer,293.25,948.84,29.09,88.1,15.6,51.3,False,False,61,509,3,2026-04-30T04:36:50.726872
SKU-00310,Public-key maximized challenge,Everyone role none see painting compare blue low simply could practice set behavior hundred ask theory.,Electronics,Dinner,"Ruiz,",52.83,177.41,48.87,52.4,27.4,27.9,False,True,171,602,3,2026-04-30T04:36:50.726872
SKU-00311,Polarized system-worthy challenge,Long difficult family action turn figure practice position same.,Hardware,You,Davis-Jensen,233.64,530.85,20.17,65.8,50.0,26.0,False,False,85,902,20,2026-04-30T04:36:50.726872
SKU-00312,Up-sized discrete workforce,In treatment continue doctor fine top behind name.,Office Supplies,Range,Roberts-Jackson,379.34,1116.25,1.61,102.8,39.3,31.9,False,False,154,238,42,2026-04-30T04:36:50.726872
SKU-00313,Virtual neutral flexibility,Protect property church evidence speak senior account over keep.,Industrial,Have,"Kline,",291.61,422.79,21.01,5.3,75.3,41.8,False,False,108,929,8,2026-04-30T04:36:50.726872
SKU-00314,Profound interactive protocol,Woman indicate ever partner office billion manager court.,Medical,Notice,"Mann,",78.41,169.67,6.71,69.1,44.8,50.8,False,False,24,700,12,2026-04-30T04:36:50.726872
SKU-00315,Intuitive fault-tolerant productivity,Feel foot behavior plant argue training condition team property.,Automotive,Term,Johnson,447.43,755.21,45.08,35.4,25.2,20.9,False,False,57,707,17,2026-04-30T04:36:50.726872
SKU-00316,Intuitive human-resource functionalities,Environment see order compare plant company lose represent item professional yourself outside simple now do Mr.,Sporting Goods,Better,"Wright,",151.3,420.77,43.76,108.5,11.1,2.6,False,False,178,196,20,2026-04-30T04:36:50.726872
SKU-00317,Quality-focused zero tolerance system engine,Participant administration perform discover soldier camera president teach family her.,Office Supplies,Report,Hunt,74.29,128.79,29.87,72.3,75.4,11.1,False,False,12,237,36,2026-04-30T04:36:50.726872
SKU-00318,Future-proofed incremental core,South purpose much discover draw decade he voice scene high.,Furniture,Weight,"King,",409.4,927.51,41.16,111.6,9.4,37.4,False,False,43,990,19,2026-04-30T04:36:50.726872
SKU-00319,Multi-lateral executive conglomeration,Eat no himself per card form again especially future strategy officer.,Office Supplies,Hand,Dickson,110.16,170.65,38.27,84.3,8.2,22.6,False,False,138,821,6,2026-04-30T04:36:50.726872
SKU-00320,Sharable multi-state workforce,Writer participant these TV such tend eat interview toward them instead force follow benefit technology if.,Medical,Another,Ellis-Lang,315.41,954.74,38.97,37.0,6.2,16.1,False,False,140,609,10,2026-04-30T04:36:50.726872
SKU-00321,Programmable dedicated ability,Seven sometimes future carry meet lay various.,Furniture,Feel,"Blair,",54.81,124.23,24.97,64.5,25.7,43.3,False,False,42,286,28,2026-04-30T04:36:50.726872
SKU-00322,Programmable intermediate Internet solution,Open particularly election administration red leader table politics the term item anything suffer perform.,Automotive,Whatever,Miller,18.74,57.44,30.26,76.9,44.7,18.5,False,False,89,630,32,2026-04-30T04:36:50.726872
SKU-00323,Progressive empowering utilization,Bill hot stop industry road a full myself measure want rather his product end.,Apparel,Very,"Vega,",435.55,676.63,2.62,34.5,50.4,24.4,False,False,168,181,1,2026-04-30T04:36:50.726872
SKU-00324,Multi-layered reciprocal productivity,Offer foreign third yeah everything service admit friend important tax office way machine.,Automotive,Foreign,Taylor,173.65,245.46,22.74,112.1,48.8,12.3,False,False,161,980,39,2026-04-30T04:36:50.726872
SKU-00325,User-friendly empowering conglomeration,Itself likely reflect onto tonight soon buy where such form woman radio drive food relationship.,Apparel,Military,Garner-Campos,296.3,762.37,36.89,96.0,60.1,16.4,False,False,132,935,26,2026-04-30T04:36:50.726872
SKU-00326,Innovative multimedia utilization,Pick set economic positive of serve imagine nice.,Medical,Area,"Cruz,",250.86,714.39,22.6,26.5,73.7,27.2,False,False,144,226,4,2026-04-30T04:36:50.726872
SKU-00327,Ameliorated uniform artificial intelligence,Show sure center near help four whom.,Industrial,Popular,"Clark,",236.18,770.95,40.67,16.0,20.0,32.6,False,False,31,208,9,2026-04-30T04:36:50.726872
SKU-00328,Profit-focused holistic circuit,Least model serve any democratic foreign chair war section democratic fight example pick election.,Electronics,Movie,"Gray,",182.0,229.31,3.42,39.2,53.9,40.2,False,False,167,791,5,2026-04-30T04:36:50.726872
SKU-00329,Customer-focused national archive,Cultural he quickly become research sea answer third study.,Industrial,Various,Turner-Delacruz,430.53,1256.15,33.1,103.1,70.3,44.4,False,False,40,67,14,2026-04-30T04:36:50.726872
SKU-00330,Persistent maximized interface,Push three hold wall know finish American pass travel.,Furniture,Who,"Freeman,",233.19,551.57,7.7,78.1,45.8,9.7,False,False,174,385,43,2026-04-30T04:36:50.726872
SKU-00331,Visionary holistic pricing structure,Range practice wait stuff require catch government couple seek skin there.,Apparel,True,Rivers,173.61,506.96,33.39,85.2,27.3,2.7,False,False,48,106,34,2026-04-30T04:36:50.726872
SKU-00332,Phased human-resource Local Area Network,Newspaper example enter change when lose level ball others go fear away senior.,Office Supplies,Space,Pearson,83.42,260.37,1.65,112.2,79.5,26.8,False,False,76,622,40,2026-04-30T04:36:50.726872
SKU-00333,Centralized regional parallelism,Small poor another surface school someone head ground.,Furniture,Move,Allen,181.2,609.81,41.38,67.7,78.0,49.4,False,False,112,596,9,2026-04-30T04:36:50.726872
SKU-00334,Up-sized empowering Graphical User Interface,Moment when four price half garden Congress customer quality walk.,Hardware,Law,Welch,395.89,916.95,18.29,77.2,5.2,37.7,False,False,120,635,22,2026-04-30T04:36:50.726872
SKU-00335,Virtual 24/7 alliance,Letter talk number bad art early film writer program station back.,Apparel,Plan,"Cannon,",440.21,1300.74,32.62,89.2,77.3,18.8,False,False,88,552,17,2026-04-30T04:36:50.726872
SKU-00336,Open-architected foreground artificial intelligence,Natural raise five Democrat which skin everybody interview.,Apparel,Forget,"Torres,",55.55,109.18,48.22,80.5,41.2,37.9,False,False,23,558,32,2026-04-30T04:36:50.726872
SKU-00337,Profound secondary task-force,Memory protect exactly left on hundred prepare site himself those remain administration health.,Apparel,Cell,Powell-Spence,223.9,316.79,49.53,45.2,21.9,7.0,False,False,21,200,45,2026-04-30T04:36:50.726872
SKU-00338,Reverse-engineered holistic adapter,Politics attack responsibility reduce reality about Congress region many traditional talk firm study quite perhaps.,Furniture,Knowledge,Melendez,151.09,441.86,29.23,88.1,49.3,31.9,False,False,58,355,12,2026-04-30T04:36:50.726872
SKU-00339,Function-based analyzing help-desk,Describe because home allow machine late during necessary.,Industrial,This,King,364.95,682.05,22.48,68.2,5.0,17.7,False,False,146,475,9,2026-04-30T04:36:50.726872
SKU-00340,User-centric motivating Graphical User Interface,End federal few campaign could paper example admit today.,Office Supplies,Tv,"Jackson,",348.85,1210.34,46.16,106.8,56.9,29.3,False,False,165,123,31,2026-04-30T04:36:50.726872
SKU-00341,Polarized secondary definition,Yeah Mr security record teacher including understand ten look believe bed data.,Sporting Goods,Hit,Wagner,284.0,900.28,48.75,15.3,57.1,57.7,False,False,98,130,18,2026-04-30T04:36:50.726872
SKU-00342,Advanced client-server help-desk,Hear environment war industry five spring glass week very simply half cold budget nearly foreign.,Food & Beverage,Under,"Roman,",159.23,547.13,1.95,98.6,46.9,22.5,True,False,199,130,7,2026-04-30T04:36:50.726872
SKU-00343,Innovative tertiary service-desk,True wife network heart guess million thought tend.,Medical,However,Reed-Oliver,145.45,267.09,35.94,76.2,55.2,16.4,False,False,22,712,32,2026-04-30T04:36:50.726872
SKU-00344,Extended national database,Onto find several occur natural respond American area.,Electronics,Deal,"Brown,",369.83,504.37,0.66,33.3,67.2,2.7,False,False,40,602,18,2026-04-30T04:36:50.726872
SKU-00345,Fundamental clear-thinking strategy,Word community trip bill part have leg subject within suggest subject save big as fire line.,Food & Beverage,Data,Davis-Miller,443.14,1156.36,39.44,67.8,18.4,48.6,True,False,107,453,11,2026-04-30T04:36:50.726872
SKU-00346,Up-sized impactful array,Economic forward political gun support weight fly although arrive film.,Electronics,Action,Alexander-Miller,345.58,617.46,18.65,99.4,46.6,41.7,False,False,200,71,43,2026-04-30T04:36:50.726872
SKU-00347,Universal bandwidth-monitored application,Yourself science guess near professional fine lead scientist remain down song for though build next wind.,Sporting Goods,Picture,"Garcia,",201.0,256.88,19.65,23.1,57.3,7.3,False,False,121,776,39,2026-04-30T04:36:50.726872
SKU-00348,Right-sized encompassing Graphical User Interface,Area fill bank peace safe bill information bit reason.,Food & Beverage,Idea,"James,",94.18,270.8,17.19,53.0,20.0,56.1,False,False,77,920,2,2026-04-30T04:36:50.726872
SKU-00349,Versatile tangible superstructure,Player civil economic son but movie individual me call reach plan material until I practice.,Sporting Goods,I,"Carroll,",227.16,743.95,38.13,101.6,41.6,31.3,False,False,20,660,11,2026-04-30T04:36:50.726872
SKU-00350,Progressive content-based product,Market son remain second action notice cause son plan view plant.,Hardware,Mind,Wolf,19.9,51.72,30.8,67.2,59.2,42.2,False,False,66,130,6,2026-04-30T04:36:50.726872
SKU-00351,Self-enabling logistical application,Citizen air whether produce tree environment fund management can source.,Apparel,Only,Crosby-Thomas,91.06,279.94,18.99,16.1,45.3,34.1,False,False,112,296,12,2026-04-30T04:36:50.726872
SKU-00352,Monitored background frame,Control response and quality memory understand politics religious challenge place might administration.,Hardware,Husband,Roberts,296.68,767.36,20.22,39.0,39.1,41.7,False,False,90,281,39,2026-04-30T04:36:50.726872
SKU-00353,Enhanced contextually-based firmware,Industry grow feel local later source realize.,Electronics,Policy,Williams-Riley,407.39,945.6,47.6,46.8,25.9,29.9,False,False,146,745,44,2026-04-30T04:36:50.726872
SKU-00354,Function-based attitude-oriented productivity,Will once form hot reach daughter behind home phone great source determine next most.,Food & Beverage,With,"Ramos,",348.0,497.58,37.56,38.3,60.9,49.7,False,False,157,328,27,2026-04-30T04:36:50.726872
SKU-00355,Total reciprocal process improvement,Available hope where indicate campaign until successful age because best.,Medical,Short,Hawkins,394.57,1206.91,49.89,20.2,35.6,16.4,False,False,10,422,15,2026-04-30T04:36:50.726872
SKU-00356,Grass-roots mission-critical parallelism,Program language think send past Democrat admit forget service room task.,Apparel,Near,"Salinas,",439.34,1289.61,3.78,66.5,6.2,23.7,False,False,11,271,25,2026-04-30T04:36:50.726872
SKU-00357,Realigned composite structure,Face available represent business least nor answer gun film campaign dream grow behavior save listen.,Electronics,Purpose,Wilkins,233.35,465.29,40.65,50.2,8.1,25.0,False,True,21,182,34,2026-04-30T04:36:50.726872
SKU-00358,Upgradable directional capacity,Management space eight member military spring more show strong forward read chance through.,Hardware,Hold,"Crosby,",399.36,1080.55,21.5,101.3,51.8,36.1,True,False,21,656,8,2026-04-30T04:36:50.726872
SKU-00359,Diverse multi-tasking concept,Too set book despite early decide join member garden movement fear walk institution trade police.,Electronics,Morning,Bishop,444.81,1362.17,11.94,8.3,32.4,3.4,False,False,61,835,30,2026-04-30T04:36:50.726872
SKU-00360,Grass-roots fresh-thinking website,Despite wind safe off store little chair discuss player ball local today raise remember outside.,Furniture,Cold,"Graves,",341.0,784.93,29.91,31.6,13.4,39.7,False,False,22,688,35,2026-04-30T04:36:50.726872
SKU-00361,Persevering even-keeled array,Relationship fact money range work choose kitchen set.,Apparel,Those,"Pearson,",194.53,620.91,23.23,110.5,76.1,56.2,False,False,79,695,38,2026-04-30T04:36:50.726872
SKU-00362,Optimized eco-centric groupware,Environmental image skin author group political financial born idea morning.,Electronics,Late,Mcconnell,428.39,842.99,37.38,115.7,26.1,18.5,False,False,41,620,2,2026-04-30T04:36:50.726872
SKU-00363,Business-focused non-volatile database,Say stand article book six student beat say offer present choice two.,Hardware,Check,Warren,284.33,814.98,29.8,45.0,31.3,14.3,False,False,94,457,26,2026-04-30T04:36:50.726872
SKU-00364,User-friendly didactic function,Cold high network nothing mind effect pressure any bar plant media almost account daughter travel network.,Apparel,Away,Harrell-Gonzales,71.87,186.4,34.32,22.2,42.0,30.7,False,False,13,290,27,2026-04-30T04:36:50.726872
SKU-00365,Front-line holistic utilization,Human would magazine up for evening thing generation one throughout American three machine environment security.,Automotive,Interesting,"Graves,",47.49,149.16,15.55,53.7,38.6,19.2,False,False,117,973,26,2026-04-30T04:36:50.726872
SKU-00366,Managed value-added database,Understand system federal of blood real report start give know phone radio sort.,Food & Beverage,His,"Williams,",8.69,17.77,49.72,47.1,32.4,6.1,False,False,27,501,15,2026-04-30T04:36:50.726872
SKU-00367,Multi-channeled fresh-thinking success,News team purpose law themselves near become city consumer employee.,Hardware,Yes,"Wood,",306.21,674.31,40.47,41.3,9.0,32.5,False,False,55,311,20,2026-04-30T04:36:50.726872
SKU-00368,Horizontal value-added infrastructure,Knowledge participant strategy story store bank sit.,Food & Beverage,Order,"Hudson,",35.16,90.68,15.45,70.2,9.2,23.8,False,False,64,149,44,2026-04-30T04:36:50.726872
SKU-00369,Persevering mission-critical hub,Attention occur read federal soldier page close deal beyond truth people concern.,Medical,Song,"Wolf,",365.53,936.83,16.03,57.9,48.0,44.6,False,False,173,639,35,2026-04-30T04:36:50.726872
SKU-00370,Switchable object-oriented leverage,Key its here five today loss gun field partner possible remain.,Industrial,Pull,Walker-Cannon,179.94,568.09,20.29,29.7,29.8,53.3,False,False,92,780,39,2026-04-30T04:36:50.726872
SKU-00371,Public-key methodical protocol,Big teacher song company cell able old should teach approach if we drop tend.,Sporting Goods,Half,Ward,223.46,510.61,27.39,5.8,56.5,4.9,False,False,200,760,31,2026-04-30T04:36:50.726872
SKU-00372,Persistent bottom-line application,Body wear poor left teach short pass.,Hardware,Everyone,Alvarado,381.63,942.49,12.29,5.7,53.2,34.7,False,False,120,550,16,2026-04-30T04:36:50.726872
SKU-00373,Fundamental system-worthy monitoring,Card good half while front effort development establish whom plant finally hour forget possible.,Apparel,Manage,Harvey,98.83,277.02,30.22,60.1,64.0,9.7,False,False,84,315,3,2026-04-30T04:36:50.726872
SKU-00374,Distributed disintermediate circuit,Happen health need street purpose old whose general section feeling maintain up best impact and.,Sporting Goods,Store,"Ayala,",84.94,282.3,16.18,92.8,66.2,56.2,False,False,168,930,38,2026-04-30T04:36:50.726872
SKU-00375,Vision-oriented content-based installation,Draw score pretty while few ability adult big hundred.,Industrial,Personal,Schultz-Davis,294.25,477.28,23.72,32.2,75.0,11.2,False,False,176,194,3,2026-04-30T04:36:50.726872
SKU-00376,Upgradable modular secured line,Major speak star early fact new require occur yes million describe voice health short also left.,Apparel,Cut,"Summers,",62.79,81.55,4.79,84.2,5.0,26.6,False,False,54,578,18,2026-04-30T04:36:50.726872
SKU-00377,Monitored reciprocal service-desk,Probably always bit see vote least so.,Food & Beverage,Expect,"Johnson,",133.06,454.19,24.78,13.1,49.3,10.7,False,False,133,389,21,2026-04-30T04:36:50.726872
SKU-00378,Enhanced multi-tasking functionalities,Quite huge region body something official sister professor side type interest I.,Office Supplies,Enjoy,Bolton-Gibbs,388.11,1221.06,34.53,19.6,34.2,55.1,False,False,186,673,40,2026-04-30T04:36:50.726872
SKU-00379,Pre-emptive disintermediate hub,Reflect organization animal around campaign move Democrat single whom discover generation blood.,Sporting Goods,Daughter,"Smith,",32.64,111.26,6.3,5.4,67.4,47.7,False,False,49,238,28,2026-04-30T04:36:50.726872
SKU-00380,Persistent fault-tolerant concept,Play wish dinner if public different look sign nothing kid star artist reason minute.,Apparel,Age,Padilla,446.81,1476.99,24.69,58.8,21.4,56.5,False,False,189,84,26,2026-04-30T04:36:50.726872
SKU-00381,Advanced static application,Purpose direction hair pick such night check station message window garden we protect down.,Industrial,Shoulder,Pacheco-Bautista,181.71,525.64,1.51,97.3,5.3,34.4,False,False,18,393,40,2026-04-30T04:36:50.726872
SKU-00382,Triple-buffered zero-defect website,Center media shake hospital voice billion special public.,Furniture,Deal,Jones,141.97,338.27,15.28,77.5,11.4,49.8,False,False,86,795,4,2026-04-30T04:36:50.726872
SKU-00383,Switchable composite Graphic Interface,Source bar board majority politics nothing without successful special.,Medical,Treatment,Long-Chang,60.83,113.03,33.8,104.9,40.5,46.0,False,False,117,191,24,2026-04-30T04:36:50.726872
SKU-00384,Intuitive local firmware,Pick help head Democrat hear standard exactly under body best significant mother sure toward garden degree.,Electronics,Will,Lopez-Burch,256.77,807.33,21.54,23.4,68.2,16.2,False,False,179,415,41,2026-04-30T04:36:50.726872
SKU-00385,Synergized global circuit,Deal stay poor beyond or know week investment.,Automotive,Fish,Herrera,381.36,1234.4,39.79,113.8,59.7,18.4,False,False,134,711,38,2026-04-30T04:36:50.726872
SKU-00386,Proactive attitude-oriented firmware,Provide coach watch end mission cup food window tonight born kitchen must.,Sporting Goods,Which,Smith-Smith,95.18,317.14,49.05,85.4,47.8,30.1,False,False,81,912,39,2026-04-30T04:36:50.726872
SKU-00387,Polarized zero-defect infrastructure,Light lot run action instead professor itself will down let certain.,Industrial,Pm,Smith-Fisher,355.63,923.63,35.33,54.1,49.2,38.0,False,False,82,661,45,2026-04-30T04:36:50.726872
SKU-00388,Polarized system-worthy architecture,Control behind challenge example model might night prevent bill hope off and though.,Food & Beverage,Remain,Hughes,360.5,566.55,20.91,105.3,27.2,9.4,False,False,75,964,25,2026-04-30T04:36:50.726872
SKU-00389,Streamlined full-range utilization,Either investment fear open bar already responsibility range discuss race hit treatment somebody.,Hardware,Outside,Sanford,46.99,75.33,27.45,85.9,71.0,48.7,False,False,36,387,40,2026-04-30T04:36:50.726872
SKU-00390,Triple-buffered web-enabled matrix,Director candidate sport your relate other radio.,Office Supplies,Candidate,"Jones,",130.81,230.61,0.91,85.5,18.7,28.1,False,False,51,190,13,2026-04-30T04:36:50.726872
SKU-00391,Cross-platform content-based infrastructure,Central hospital west left compare whether two attack eat top rock sit game commercial somebody.,Sporting Goods,Challenge,Wilson,367.75,1041.54,15.28,62.2,17.9,53.6,False,False,193,522,33,2026-04-30T04:36:50.726872
SKU-00392,User-centric web-enabled algorithm,Remain lay society method center successful owner current year nation series still court stuff police.,Hardware,Above,Cox-Allen,313.69,990.1,38.74,65.5,73.2,9.5,False,False,176,544,4,2026-04-30T04:36:50.726872
SKU-00393,Inverse attitude-oriented matrices,Full effect off sign relationship business then same fight traditional share.,Sporting Goods,City,"Sanchez,",149.43,513.77,14.58,49.6,8.7,42.5,False,False,195,311,37,2026-04-30T04:36:50.726872
SKU-00394,Profound scalable paradigm,Not activity determine space television law manage manage tax recognize court generation matter traditional.,Automotive,Walk,"Turner,",289.63,561.41,37.4,71.1,45.2,52.5,False,True,183,382,33,2026-04-30T04:36:50.726872
SKU-00395,Total homogeneous ability,Behavior hot must discussion play new fly dream history else series law.,Medical,There,Ellis-Glenn,193.63,513.69,28.41,96.6,19.5,41.3,False,True,168,928,29,2026-04-30T04:36:50.726872
SKU-00396,Optional analyzing access,Evidence financial walk prevent research onto respond put property do bag several set.,Automotive,Another,Perez,70.64,216.09,2.63,67.4,48.0,10.2,False,False,11,151,27,2026-04-30T04:36:50.726872
SKU-00397,Reduced intangible synergy,Four sense matter woman yes future single few exactly mouth amount field their keep.,Office Supplies,Suffer,Anthony,146.21,423.72,34.25,51.7,25.8,31.0,False,False,92,385,23,2026-04-30T04:36:50.726872
SKU-00398,Cross-group grid-enabled info-mediaries,Task suddenly class anything organization support through.,Office Supplies,Here,"Robbins,",399.98,589.86,48.31,34.3,37.3,2.3,False,False,96,583,27,2026-04-30T04:36:50.726872
SKU-00399,Decentralized bi-directional benchmark,Machine year line fill last face sea.,Apparel,Kid,Murray-Hunt,364.05,693.56,2.97,13.2,33.7,16.8,False,False,75,932,20,2026-04-30T04:36:50.726872
SKU-00400,Persevering coherent concept,Raise decide medical environmental writer agent data action medical what herself teach score.,Sporting Goods,Activity,Gray-Lawrence,118.12,304.12,23.67,39.1,15.8,51.2,False,False,146,486,2,2026-04-30T04:36:50.726872
SKU-00401,Right-sized contextually-based projection,Attack mind use site live person television third three keep hear American pressure.,Food & Beverage,Over,"Orozco,",231.38,724.71,41.05,104.7,59.8,28.3,False,False,21,953,40,2026-04-30T04:36:50.726872
SKU-00402,Proactive maximized parallelism,These space type attorney size area just draw group.,Industrial,Case,"Harper,",135.29,215.95,10.69,78.9,9.6,4.6,False,False,148,676,35,2026-04-30T04:36:50.726872
SKU-00403,Automated incremental moratorium,Explain clearly cover walk drop skin democratic operation discover.,Furniture,Far,Johnson-Morales,101.67,304.8,13.97,13.0,25.2,35.5,False,False,26,893,39,2026-04-30T04:36:50.726872
SKU-00404,Triple-buffered 4thgeneration implementation,World else difficult true human gas candidate game Mrs hot sing out bed media drug.,Medical,Senior,Johnson,214.82,688.07,45.97,108.0,70.8,9.8,False,False,152,325,8,2026-04-30T04:36:50.726872
SKU-00405,Fundamental eco-centric moderator,From mother sister future blood which place share minute act coach glass financial century soon.,Automotive,Game,Mccann,95.57,250.5,26.38,39.4,73.6,28.9,False,False,186,553,20,2026-04-30T04:36:50.726872
SKU-00406,Virtual exuding capacity,Four ahead news wife interest morning whether name agree Congress director operation.,Electronics,Case,Martinez,444.55,1128.86,24.96,78.5,21.7,16.6,True,False,170,829,36,2026-04-30T04:36:50.726872
SKU-00407,Polarized 5thgeneration array,Why tough nice who two week simply product music line modern low turn mind data something.,Automotive,Ball,Solis-Shaffer,21.75,27.24,35.89,33.9,16.0,52.6,False,False,33,412,34,2026-04-30T04:36:50.726872
SKU-00408,Re-contextualized high-level website,Community stage listen project hot feel interview doctor set my media likely affect.,Apparel,Bar,"Williams,",270.81,540.88,14.09,101.8,6.3,13.1,False,True,34,627,29,2026-04-30T04:36:50.726872
SKU-00409,Synergized attitude-oriented collaboration,Chair city reflect sell bank thought guess.,Medical,Hit,Jones-Hill,299.75,567.38,21.9,46.7,32.4,57.0,False,True,118,805,18,2026-04-30T04:36:50.726872
SKU-00410,Proactive regional challenge,Area thousand image capital letter practice adult best.,Sporting Goods,Congress,Becker-Duncan,447.05,1284.68,10.15,62.6,61.6,9.5,False,False,143,944,26,2026-04-30T04:36:50.726872
SKU-00411,Function-based even-keeled concept,Discover return area movement short factor myself.,Industrial,Wrong,Harris,313.8,467.11,21.07,33.1,62.5,11.8,False,True,174,419,36,2026-04-30T04:36:50.726872
SKU-00412,Multi-layered motivating methodology,Top read democratic movement popular international somebody ten friend.,Furniture,Phone,Perez,170.47,503.34,8.37,53.3,41.0,55.8,False,False,123,247,45,2026-04-30T04:36:50.726872
SKU-00413,Pre-emptive asynchronous flexibility,Garden region per least believe and blood it participant suggest low car pay go number.,Automotive,Any,Allison,2.62,4.35,29.56,80.6,53.2,41.5,False,False,145,995,6,2026-04-30T04:36:50.726872
SKU-00414,Reactive uniform success,Call dinner change north success story offer surface senior one measure order.,Sporting Goods,Board,Nichols-Hurley,211.73,335.92,38.97,106.9,66.7,49.7,False,False,150,657,2,2026-04-30T04:36:50.726872
SKU-00415,Multi-layered fresh-thinking workforce,Back success soon position bar own wind tough level.,Apparel,Then,Turner-Villarreal,420.2,747.97,23.06,21.6,54.0,8.9,False,False,16,205,11,2026-04-30T04:36:50.726872
SKU-00416,Integrated contextually-based framework,Specific step old citizen candidate over military nation really concern president weight whose trip road.,Furniture,Eat,"Hamilton,",103.76,142.92,35.45,96.6,78.4,20.3,False,False,148,692,41,2026-04-30T04:36:50.726872
SKU-00417,Versatile empowering framework,Play culture third teacher performance leg many page term gun.,Sporting Goods,Break,Mckee-Goodwin,202.44,380.85,23.35,56.4,29.2,17.1,False,False,137,371,21,2026-04-30T04:36:50.726872
SKU-00418,Integrated directional model,Strong party number several difficult up positive.,Sporting Goods,Put,Martinez-Ruiz,92.33,131.49,40.95,104.5,45.6,41.8,False,False,128,576,5,2026-04-30T04:36:50.726872
SKU-00419,Operative actuating product,Return nothing act assume recognize lot long.,Hardware,Care,Koch-Sullivan,159.7,314.75,30.17,69.2,27.7,31.6,False,False,109,221,26,2026-04-30T04:36:50.726872
SKU-00420,Team-oriented zero-defect solution,Call energy child almost include outside apply set responsibility.,Food & Beverage,Executive,"Villegas,",372.31,888.87,27.57,56.0,20.4,3.3,False,True,132,458,6,2026-04-30T04:36:50.726872
SKU-00421,Digitized maximized encoding,Want box least standard how treatment else whether.,Furniture,Get,Duncan-French,69.2,148.65,5.53,18.2,52.4,40.7,True,False,198,140,36,2026-04-30T04:36:50.726872
SKU-00422,Advanced scalable architecture,Entire truth something design form month say large fill citizen much drug soldier seven seven.,Sporting Goods,Practice,Cohen-Buck,395.5,583.16,46.43,79.4,45.5,39.3,False,False,35,573,9,2026-04-30T04:36:50.726872
SKU-00423,Polarized zero tolerance matrices,Work eat organization smile coach shoulder clear feeling.,Electronics,Shoulder,Powell,367.24,995.19,24.47,110.3,34.1,46.1,False,True,40,98,30,2026-04-30T04:36:50.726872
SKU-00424,Balanced uniform customer loyalty,Painting administration also will area feel law attack subject.,Food & Beverage,Forget,Thomas-Gordon,264.38,616.63,7.42,68.8,34.1,37.2,False,False,190,573,43,2026-04-30T04:36:50.726872
SKU-00425,Fully-configurable user-facing strategy,Fish probably appear TV compare eat hundred manage century relate article item.,Automotive,Himself,Shah-Walker,418.47,1145.79,30.41,57.2,8.5,43.4,False,False,127,573,40,2026-04-30T04:36:50.726872
SKU-00426,Exclusive fault-tolerant emulation,Hundred affect floor deep sing operation consumer yard get message newspaper develop lead easy something.,Sporting Goods,Much,Mcclain,187.07,563.38,43.27,119.6,19.3,22.6,False,False,123,291,7,2026-04-30T04:36:50.726872
SKU-00427,Ameliorated mission-critical emulation,Future pick study decade Congress discover financial suddenly check serve value.,Food & Beverage,Age,"Hudson,",345.03,509.04,16.53,77.7,56.1,46.5,False,False,101,180,42,2026-04-30T04:36:50.726872
SKU-00428,Persevering cohesive approach,Discover and trouble hundred by start force standard maintain bed.,Medical,Your,Nguyen-Villarreal,43.49,114.82,33.81,90.0,43.7,43.2,False,True,104,571,35,2026-04-30T04:36:50.726872
SKU-00429,Business-focused optimizing flexibility,Event charge positive reach federal game figure.,Hardware,Bar,"Oliver,",95.34,185.97,15.5,60.6,8.9,55.3,False,False,68,713,21,2026-04-30T04:36:50.726872
SKU-00430,Cross-group clear-thinking Graphic Interface,Member spend walk side away before economic with wind generation.,Food & Beverage,Against,Baldwin-Walker,383.1,824.18,49.52,18.1,52.1,24.8,False,False,29,811,3,2026-04-30T04:36:50.726872
SKU-00431,Team-oriented fault-tolerant pricing structure,Use wind pattern themselves body reality teach finish many building use.,Medical,Lay,Thompson,262.88,848.12,22.57,56.3,9.0,53.2,False,False,170,323,23,2026-04-30T04:36:50.726872
SKU-00432,Self-enabling solution-oriented capacity,Important admit six build improve suddenly avoid prove movie half way.,Industrial,Lay,Stewart,192.72,355.12,48.82,71.1,27.0,55.1,False,False,118,793,28,2026-04-30T04:36:50.726872
SKU-00433,Vision-oriented 24hour knowledgebase,Vote fine eye area parent process may grow present other leave back couple.,Electronics,Dinner,"Brandt,",429.27,600.71,10.97,20.5,28.9,14.7,False,False,40,413,38,2026-04-30T04:36:50.726872
SKU-00434,Balanced value-added task-force,Also analysis trouble she individual benefit anyone describe chance store modern newspaper Mrs debate exactly wind.,Office Supplies,Include,"Wilson,",425.29,965.1,45.86,74.2,57.7,10.5,False,False,110,622,14,2026-04-30T04:36:50.726872
SKU-00435,Customizable incremental migration,Remain safe become stage good inside other year physical produce high year serve movie.,Apparel,College,Mendoza-Warren,320.24,807.36,4.53,69.3,74.1,40.4,False,False,68,282,12,2026-04-30T04:36:50.726872
SKU-00436,Advanced mission-critical collaboration,Church ability point network pull want face child cover decision information adult middle road.,Automotive,Seem,Chung,136.09,431.77,36.85,12.9,31.0,44.9,False,False,109,74,30,2026-04-30T04:36:50.726872
SKU-00437,Business-focused zero administration initiative,Kitchen this set once write he political get exist nature in through employee lose nor want.,Industrial,Hundred,"Robertson,",409.81,781.17,19.28,59.2,24.1,12.2,False,False,156,415,35,2026-04-30T04:36:50.726872
SKU-00438,Realigned global task-force,Throw base fight issue go parent half I young eat seek mean trouble pretty.,Hardware,Determine,"Frederick,",128.62,427.48,24.4,90.2,74.3,37.4,False,False,96,63,11,2026-04-30T04:36:50.726872
SKU-00439,Monitored multi-tasking hardware,Former social drive like live some adult customer her reach loss option claim.,Hardware,Just,Watson,404.06,972.03,4.79,69.9,10.4,50.4,False,False,68,856,20,2026-04-30T04:36:50.726872
SKU-00440,Polarized systematic collaboration,System century professor catch heart stand front.,Medical,Agent,"Brown,",377.24,799.7,44.48,86.1,24.1,34.6,False,False,83,76,9,2026-04-30T04:36:50.726872
SKU-00441,Automated motivating synergy,Program only nearly decade suggest husband leader.,Apparel,Nature,"Mendoza,",266.78,655.22,14.5,78.2,23.1,13.7,False,False,118,923,41,2026-04-30T04:36:50.726872
SKU-00442,Extended 24/7 customer loyalty,Eat detail provide agree oil fact fine past peace difficult adult.,Electronics,Role,"Ramirez,",157.52,400.74,32.33,49.2,66.4,8.8,False,False,125,520,8,2026-04-30T04:36:50.726872
SKU-00443,Stand-alone incremental functionalities,Including hold mention market crime between paper help certainly choice sing.,Automotive,Project,Brown-Martin,270.5,940.63,20.75,114.5,5.1,59.8,False,False,81,228,3,2026-04-30T04:36:50.726872
SKU-00444,Fully-configurable 5thgeneration capacity,To expert head sea later summer well continue bad hard.,Apparel,Organization,"Williams,",61.79,95.82,34.98,30.3,51.0,33.6,False,False,195,498,28,2026-04-30T04:36:50.726872
SKU-00445,Self-enabling composite throughput,Think activity attorney I analysis my boy conference often maintain network side magazine pass.,Automotive,Past,"James,",249.85,586.77,30.9,6.9,40.6,28.2,False,False,87,332,26,2026-04-30T04:36:50.726872
SKU-00446,Devolved methodical infrastructure,Follow necessary speech tax few choice certain son else new economy name hotel right each left.,Industrial,Maintain,Evans,55.45,72.67,8.29,33.2,69.4,5.6,False,False,102,494,20,2026-04-30T04:36:50.726872
SKU-00447,Face-to-face asynchronous budgetary management,All check quickly piece speech turn small page eat off according be enough us small.,Automotive,Tv,"Bradley,",64.34,198.2,5.59,49.1,41.7,9.4,False,False,101,802,42,2026-04-30T04:36:50.726872
SKU-00448,Reduced reciprocal capacity,Suggest her price out thousand risk important need since face why determine.,Furniture,Bar,Davis-Campos,172.55,461.72,17.87,92.2,53.0,30.2,False,False,77,881,6,2026-04-30T04:36:50.726872
SKU-00449,Programmable bi-directional budgetary management,Plant fine we game beat region church player knowledge onto able find although guess ability.,Electronics,Size,Sparks-Roman,135.44,177.32,46.37,116.4,73.9,33.8,True,False,95,401,5,2026-04-30T04:36:50.726872
SKU-00450,Networked logistical attitude,Produce me money attorney cup enjoy southern several hope fire by.,Food & Beverage,South,Ellis,328.28,1024.7,39.11,36.2,26.6,41.6,False,False,46,234,35,2026-04-30T04:36:50.726872
SKU-00451,Phased radical flexibility,Lawyer environment development tax visit enter peace.,Food & Beverage,Partner,"Morse,",409.91,1040.55,15.1,91.8,76.8,5.8,False,False,197,806,45,2026-04-30T04:36:50.726872
SKU-00452,Focused dynamic portal,Remain hotel wide past become staff identify feel.,Medical,Above,Smith-Jackson,39.04,74.49,41.49,22.1,12.0,17.1,False,False,142,527,38,2026-04-30T04:36:50.726872
SKU-00453,Virtual local hardware,Wait reflect news girl understand however because student ball you.,Food & Beverage,Player,Schneider-Phillips,371.02,516.81,43.75,5.9,6.0,20.7,False,False,121,485,7,2026-04-30T04:36:50.726872
SKU-00454,Cross-platform composite Graphic Interface,How home eye article kid week hundred outside theory her.,Electronics,Prove,"Silva,",231.95,654.41,40.24,62.7,9.5,43.9,False,False,31,369,14,2026-04-30T04:36:50.726872
SKU-00455,Function-based multi-state architecture,Activity power if blood write TV lay life send know wear she develop lose.,Office Supplies,Painting,Larson-Lamb,262.66,382.75,3.34,31.3,41.1,25.9,False,False,13,547,36,2026-04-30T04:36:50.726872
SKU-00456,Automated leadingedge moderator,Book those kind off serve strategy yeah everyone.,Medical,Agent,Weeks,36.31,53.34,30.8,51.6,44.3,26.5,False,False,23,466,42,2026-04-30T04:36:50.726872
SKU-00457,Horizontal explicit array,Free option language dinner do product field north imagine red garden vote.,Electronics,Drop,"Duke,",247.24,388.48,21.45,71.5,19.8,55.6,False,False,77,233,13,2026-04-30T04:36:50.726872
SKU-00458,Extended upward-trending emulation,During ability view area pay someone on his identify girl rest response.,Electronics,Sister,"Woods,",6.99,9.57,9.84,26.3,42.7,52.7,False,False,95,981,45,2026-04-30T04:36:50.726872
SKU-00459,Persevering didactic open system,Shake reason choice media response charge truth society speech state suffer.,Office Supplies,However,Booker-Sanchez,9.96,32.97,6.99,38.2,12.2,18.8,False,False,132,87,7,2026-04-30T04:36:50.726872
SKU-00460,Secured coherent matrices,Network professional end back understand drop office social thus loss participant key almost.,Industrial,According,Cox-Davidson,142.79,281.22,29.48,21.3,12.2,51.9,False,False,199,581,10,2026-04-30T04:36:50.726872
SKU-00461,Polarized discrete functionalities,Parent budget response home fund hotel specific newspaper could theory seek hotel husband standard.,Apparel,Nor,"Carlson,",59.23,111.07,1.67,41.7,70.2,36.1,False,False,105,436,9,2026-04-30T04:36:50.726872
SKU-00462,Switchable responsive project,Guess above them out down product little style between must house west.,Hardware,Past,Cox,295.27,1007.46,36.98,92.1,68.8,8.6,False,False,63,278,37,2026-04-30T04:36:50.726872
SKU-00463,Robust solution-oriented approach,Agency under hope approach answer bag when standard project seek bar force.,Food & Beverage,Back,Jones-Richards,46.81,126.1,18.24,64.5,76.7,8.8,False,False,163,310,22,2026-04-30T04:36:50.726872
SKU-00464,Ergonomic next generation firmware,Whose section phone bank way talk ability pull new cause shake.,Automotive,Nice,Wade-Bennett,374.83,1041.42,16.73,29.9,18.9,25.2,False,False,123,488,1,2026-04-30T04:36:50.726872
SKU-00465,Re-engineered regional application,System long cultural usually available enough energy by put want letter physical physical include too.,Furniture,Him,Hardy-Jones,79.21,190.26,21.53,35.8,60.9,44.3,False,False,121,818,30,2026-04-30T04:36:50.726872
SKU-00466,Devolved clear-thinking archive,Natural these again degree bank road huge explain lose as picture window development ahead couple.,Medical,Everybody,Vaughn,287.04,762.52,43.36,32.9,54.6,33.9,False,False,130,900,15,2026-04-30T04:36:50.726872
SKU-00467,Robust disintermediate interface,Country tree participant at summer its address during different officer attack number direction conference.,Hardware,Gun,Kramer,161.26,322.98,8.96,49.1,77.0,23.5,False,False,78,549,25,2026-04-30T04:36:50.726872
SKU-00468,Distributed scalable workforce,Source treatment company thousand drive on painting person fly team view fine trade.,Office Supplies,Join,Scott-Sutton,432.26,1306.27,43.63,63.8,51.5,26.2,False,False,104,274,16,2026-04-30T04:36:50.726872
SKU-00469,Grass-roots well-modulated encryption,Investment region my medical the this avoid situation development animal election painting mind fly matter be.,Furniture,Goal,Park-Wheeler,182.84,515.69,8.05,106.0,63.3,57.0,False,False,194,375,43,2026-04-30T04:36:50.726872
SKU-00470,Switchable zero tolerance solution,Side travel recognize cold loss look particular commercial.,Food & Beverage,Heart,"Garcia,",106.15,266.72,34.97,85.5,35.6,46.2,False,False,96,815,16,2026-04-30T04:36:50.726872
SKU-00471,Future-proofed human-resource encoding,Collection include though whom house against certainly food father movement according performance general people.,Food & Beverage,Out,Mcdonald-Perez,70.61,227.66,35.38,118.8,42.0,36.4,False,False,30,210,42,2026-04-30T04:36:50.726872
SKU-00472,Persevering object-oriented customer loyalty,Store with system firm get nor poor certainly rest especially be ask push would white lay.,Automotive,Discover,"Rose,",206.76,700.82,37.27,67.9,21.8,17.7,False,False,150,386,33,2026-04-30T04:36:50.726872
SKU-00473,Streamlined maximized Internet solution,Billion half new room civil debate someone myself.,Food & Beverage,High,Huber-Johnson,337.46,929.6,1.4,95.3,34.5,33.2,False,False,173,292,40,2026-04-30T04:36:50.726872
SKU-00474,Profound tangible circuit,Who pick yes next memory development training ten son always line respond modern bar PM.,Sporting Goods,Drug,"Simmons,",274.38,829.04,3.95,16.1,69.5,41.1,False,False,141,721,13,2026-04-30T04:36:50.726872
SKU-00475,Quality-focused grid-enabled collaboration,Able card ask last against far name effect pull.,Hardware,Leave,"Moran,",313.05,411.9,1.25,97.7,40.5,24.0,False,False,11,147,18,2026-04-30T04:36:50.726872
SKU-00476,Virtual demand-driven product,For church rule force forward range affect whatever those allow boy field Mrs.,Automotive,Establish,"Anderson,",242.03,746.1,47.95,108.9,6.4,54.0,False,False,63,170,9,2026-04-30T04:36:50.726872
SKU-00477,Team-oriented actuating access,Industry you care drive although second more able toward prove.,Industrial,Result,Wiley,440.68,945.71,9.9,93.3,63.7,27.6,False,False,46,816,38,2026-04-30T04:36:50.726872
SKU-00478,Grass-roots dedicated knowledgebase,Southern off wonder should center what air paper that remember determine instead.,Apparel,We,Salazar-Huff,446.19,947.86,35.16,44.6,35.4,55.2,False,False,45,816,38,2026-04-30T04:36:50.726872
SKU-00479,Phased upward-trending service-desk,Across deal ability health travel ask affect between hospital oil above.,Furniture,Rich,"Mitchell,",387.47,1034.11,15.1,29.8,66.5,17.2,False,True,180,162,12,2026-04-30T04:36:50.726872
SKU-00480,Assimilated bandwidth-monitored groupware,Majority federal oil include really middle only fast.,Automotive,By,Smith-Meyers,289.45,829.81,28.4,15.2,35.7,59.4,True,False,150,279,14,2026-04-30T04:36:50.726872
SKU-00481,Streamlined reciprocal workforce,Past within indeed room significant business student remain head recently recent card soldier.,Furniture,Old,Nguyen,148.89,223.28,5.33,49.8,17.7,47.5,False,False,193,302,37,2026-04-30T04:36:50.726872
SKU-00482,Ergonomic logistical project,Player dog TV science west surface fill yet company future that cup hair.,Furniture,Sport,Miller,271.33,359.85,37.74,27.4,22.4,58.4,False,False,117,903,31,2026-04-30T04:36:50.726872
SKU-00483,Vision-oriented cohesive Graphic Interface,Media itself consider knowledge myself Mrs I determine work everybody onto wide.,Food & Beverage,Again,Kerr-Howard,296.07,1007.6,13.75,96.4,26.1,49.9,False,False,32,795,4,2026-04-30T04:36:50.726872
SKU-00484,Public-key motivating ability,Likely student it son support finally too concern yard detail whatever foreign realize far room other.,Automotive,Course,Nguyen,429.82,1014.66,10.9,13.5,23.8,33.6,False,True,82,642,42,2026-04-30T04:36:50.726872
SKU-00485,Re-contextualized incremental intranet,Knowledge outside work because quite size writer something difference remember serve life.,Hardware,Character,Sawyer-Nguyen,320.1,955.89,2.47,40.8,72.4,11.4,False,False,153,900,27,2026-04-30T04:36:50.726872
SKU-00486,Synergized bi-directional array,A now throughout ground most let we something board give up collection break.,Hardware,Describe,Gray,384.17,829.59,27.26,8.8,77.4,52.8,False,False,46,174,13,2026-04-30T04:36:50.726872
SKU-00487,Right-sized zero-defect implementation,Account method evening item security candidate medical official.,Office Supplies,Name,"Williamson,",117.13,226.1,13.13,22.9,9.5,20.5,False,True,132,629,43,2026-04-30T04:36:50.726872
SKU-00488,Proactive even-keeled info-mediaries,Science security room occur sense look this suffer.,Furniture,Card,Garcia-Escobar,44.63,65.8,46.05,48.9,11.0,47.7,False,False,32,859,32,2026-04-30T04:36:50.726872
SKU-00489,Managed tangible infrastructure,Treatment task detail minute magazine must million.,Apparel,Head,Palmer,53.53,161.18,4.98,83.4,74.5,49.4,False,False,128,735,1,2026-04-30T04:36:50.726872
SKU-00490,Stand-alone next generation pricing structure,However present national short simply wide level recent anything training nothing population like market expect.,Sporting Goods,Pass,"Atkinson,",73.97,184.94,32.79,38.3,13.9,50.7,False,False,91,189,32,2026-04-30T04:36:50.726872
SKU-00491,Innovative zero tolerance focus group,Leg too process thank finally book white later ok stock season career.,Hardware,Push,Mitchell-Hall,420.35,1256.16,30.42,116.5,40.7,31.6,False,False,119,242,39,2026-04-30T04:36:50.726872
SKU-00492,Visionary local help-desk,Board hospital view safe economic often try decide particularly forget phone represent nothing approach speech.,Sporting Goods,Score,"Burch,",33.68,101.86,4.08,110.6,42.4,37.7,False,False,41,851,37,2026-04-30T04:36:50.726872
SKU-00493,Organized motivating system engine,Two market indicate worry need her moment you design fill.,Apparel,American,Randall-Steele,449.44,814.11,7.67,45.1,70.8,6.4,False,False,65,389,4,2026-04-30T04:36:50.726872
SKU-00494,Centralized leadingedge projection,South style letter hold they rather teacher first.,Automotive,Agree,"Sims,",185.82,636.08,9.36,12.6,46.1,49.2,False,False,54,825,42,2026-04-30T04:36:50.726872
SKU-00495,Networked optimal complexity,Course resource may executive door country ok page candidate.,Industrial,Once,Fleming-Williams,224.34,731.39,0.2,77.8,26.2,43.8,False,False,159,605,39,2026-04-30T04:36:50.726872
SKU-00496,Enterprise-wide directional array,Upon raise hotel crime learn finish provide former budget.,Industrial,Price,Moore-Wheeler,317.6,769.02,45.75,46.3,34.3,18.4,False,False,66,109,2,2026-04-30T04:36:50.726872
SKU-00497,Business-focused content-based challenge,Early lot avoid interest partner though one report finish.,Furniture,Guy,"Hayes,",167.11,581.28,35.07,44.2,38.9,56.5,False,False,103,846,33,2026-04-30T04:36:50.726872
SKU-00498,Distributed 5thgeneration analyzer,Box edge create window enter value growth ever like hot she blue nor.,Apparel,Within,"Harper,",134.37,425.47,9.29,78.4,11.5,11.1,False,False,102,464,24,2026-04-30T04:36:50.726872
SKU-00499,Synergistic upward-trending system engine,Successful foot join if town collection change.,Automotive,Number,"Young,",13.11,42.17,23.87,81.3,11.2,51.8,False,False,66,55,25,2026-04-30T04:36:50.726872
SKU-00500,Networked explicit forecast,Newspaper good provide view he food vote oil anything wide defense four according.,Automotive,Moment,Tate-Obrien,229.9,732.82,13.11,95.6,43.4,47.1,False,True,173,882,27,2026-04-30T04:36:50.726872
SKU-00501,Synergistic fault-tolerant utilization,Discussion carry improve worry office over enjoy statement along mind.,Furniture,Rule,"Summers,",185.02,255.83,13.67,116.8,62.0,30.2,False,True,114,222,13,2026-04-30T04:36:50.726872
SKU-00502,Switchable client-server interface,Admit water contain artist know we put hundred leader painting it voice left truth attack.,Hardware,Grow,"Rodriguez,",226.42,345.03,43.52,80.9,15.5,10.3,False,False,49,340,1,2026-04-30T04:36:50.726872
SKU-00503,Expanded eco-centric function,Almost job little clear boy consumer available power rate sense stand open play stuff scientist church.,Medical,Wide,Logan-Lynch,241.92,480.25,7.86,27.1,80.0,36.3,False,True,33,89,36,2026-04-30T04:36:50.726872
SKU-00504,Customizable 24hour Graphical User Interface,Agent be community individual tend today call certainly do leg.,Furniture,Smile,White-Chan,121.69,371.85,11.49,107.3,12.6,8.7,False,False,90,248,21,2026-04-30T04:36:50.726872
SKU-00505,Intuitive executive process improvement,Food save movement knowledge coach natural certainly hundred character realize million really score whether wonder.,Medical,Computer,Cherry-Tran,435.28,1452.62,8.32,79.0,49.4,55.6,True,False,84,170,41,2026-04-30T04:36:50.726872
SKU-00506,Implemented empowering instruction set,Hand often case thing make actually nothing stand state position though week key.,Office Supplies,Run,"Scott,",315.54,1073.51,27.87,9.7,61.9,32.4,True,False,14,921,5,2026-04-30T04:36:50.726872
SKU-00507,Multi-lateral maximized data-warehouse,Nearly reason light natural movie add about recent paper indicate long leader test yes.,Industrial,Before,Stein,12.14,17.97,14.46,104.7,75.7,16.1,False,False,42,855,33,2026-04-30T04:36:50.726872
SKU-00508,Profit-focused real-time knowledgebase,Nation choice mission somebody carry someone chair husband rest.,Hardware,Second,"Campos,",342.79,1145.65,13.21,59.0,35.7,28.3,False,False,150,87,12,2026-04-30T04:36:50.726872
SKU-00509,Adaptive global customer loyalty,Avoid middle interest free rock huge middle some avoid stuff political her yourself wide.,Sporting Goods,Participant,Fields-Thomas,39.62,109.62,46.32,30.7,33.9,45.8,False,False,174,777,2,2026-04-30T04:36:50.726872
SKU-00510,Reduced multi-tasking core,They set you card range draw health rate bar.,Food & Beverage,Inside,Miller,303.65,697.02,29.3,18.3,15.9,14.9,False,False,193,505,17,2026-04-30T04:36:50.726872
SKU-00511,Configurable reciprocal open architecture,News mission able reflect likely realize single rate magazine together happen.,Food & Beverage,Among,Mcdonald-Garcia,419.13,1299.11,20.18,71.2,28.9,21.3,False,False,136,853,24,2026-04-30T04:36:50.726872
SKU-00512,Centralized methodical forecast,Expect different window often rule others laugh charge.,Industrial,Which,Gutierrez-Santiago,267.17,753.48,1.14,92.3,19.0,53.9,True,False,120,630,41,2026-04-30T04:36:50.726872
SKU-00513,Inverse asymmetric array,Unit number a put anything blood new.,Industrial,High,Barber,23.4,48.17,7.75,74.9,45.7,2.9,False,True,94,480,30,2026-04-30T04:36:50.726872
SKU-00514,Multi-layered actuating collaboration,Professor north clear several phone reflect pay allow activity push per though.,Medical,His,"Gibbs,",109.41,322.9,18.63,107.8,11.2,20.5,False,False,67,478,43,2026-04-30T04:36:50.726872
SKU-00515,Synergistic system-worthy projection,Policy test institution organization security later finally story cold character production quite.,Industrial,Source,"Scott,",252.72,650.1,27.64,21.1,21.5,3.2,False,False,112,680,40,2026-04-30T04:36:50.726872
SKU-00516,Configurable impactful forecast,Glass responsibility kid always soldier quite hand too.,Furniture,Cup,Ellis,73.59,232.54,14.86,39.6,63.0,30.9,False,False,12,594,19,2026-04-30T04:36:50.726872
SKU-00517,Visionary discrete intranet,Someone how of situation part here boy put heavy true study floor market.,Food & Beverage,Behavior,Turner-Sandoval,304.38,889.97,45.06,25.0,27.6,2.3,False,False,191,179,20,2026-04-30T04:36:50.726872
SKU-00518,Multi-lateral multi-state framework,Rich might bad evening partner middle deep standard front husband exist and green eight former north.,Office Supplies,Participant,"Kim,",51.11,103.22,47.12,50.8,13.1,33.0,False,False,159,1000,2,2026-04-30T04:36:50.726872
SKU-00519,Fully-configurable foreground circuit,Say body top bed while treat million song technology while economy quality today.,Medical,Poor,"Barnett,",173.8,437.45,19.0,23.6,17.3,28.2,False,False,66,722,10,2026-04-30T04:36:50.726872
SKU-00520,Down-sized asynchronous encryption,Step include matter decide stand law reason practice really surface across service.,Office Supplies,Usually,Hernandez,279.83,775.19,14.63,25.8,21.7,6.8,False,False,45,587,25,2026-04-30T04:36:50.726872
SKU-00521,Fundamental coherent hardware,Whose manager usually across surface fast step state military this machine social ten responsibility cell ask.,Industrial,Son,Ruiz-Vega,103.02,133.47,41.42,74.6,34.4,54.5,False,False,123,211,7,2026-04-30T04:36:50.726872
SKU-00522,Robust upward-trending moratorium,Land hit far on very when loss natural edge listen some.,Apparel,Couple,Baker,219.19,570.01,41.48,8.0,11.5,28.9,False,False,40,417,44,2026-04-30T04:36:50.726872
SKU-00523,Persevering contextually-based methodology,Movement speak general century strategy Congress land wall into try million peace.,Apparel,Perform,"Warren,",109.47,358.48,19.18,29.1,69.4,50.4,False,False,100,819,3,2026-04-30T04:36:50.726872
SKU-00524,Grass-roots full-range migration,Third serve whom dog above truth unit carry very yard worker.,Hardware,Just,Vazquez,437.07,1371.42,29.36,62.5,27.7,47.3,False,True,48,96,27,2026-04-30T04:36:50.726872
SKU-00525,Optional contextually-based standardization,Four yard write ok economy time middle agree check everything within expert far page.,Furniture,Knowledge,"Kramer,",44.21,60.11,28.87,78.9,20.9,37.9,False,False,164,113,1,2026-04-30T04:36:50.726872
SKU-00526,Cloned high-level installation,Sound carry car TV test artist walk let price friend education air firm discussion her.,Electronics,Catch,"Anderson,",27.57,45.86,29.13,44.3,12.5,10.5,False,False,193,743,18,2026-04-30T04:36:50.726872
SKU-00527,Fully-configurable actuating data-warehouse,Whether computer those practice seek man Mr player class fear the goal could.,Hardware,At,Anderson,315.46,759.24,18.49,116.5,28.2,44.2,False,False,46,282,1,2026-04-30T04:36:50.726872
SKU-00528,Expanded needs-based standardization,Man suggest newspaper major serve answer house.,Office Supplies,Bank,Terry-Evans,129.62,374.04,48.87,20.7,22.6,57.8,False,False,146,836,5,2026-04-30T04:36:50.726872
SKU-00529,Secured multimedia groupware,Husband discuss item remember fast mission agreement pick nearly mission full away commercial production relate.,Automotive,I,Silva-Pruitt,129.26,245.81,36.72,101.4,38.3,47.4,False,False,100,250,44,2026-04-30T04:36:50.726872
SKU-00530,Intuitive reciprocal flexibility,Operation resource moment financial Mr three year subject wrong large along child drug.,Hardware,Relationship,Franco,277.0,919.64,33.54,117.0,37.1,26.4,False,True,55,724,31,2026-04-30T04:36:50.726872
SKU-00531,Seamless needs-based open architecture,Before safe ten decide city admit test war mission woman camera kind their lose.,Automotive,Improve,Simmons,292.17,409.19,1.42,71.2,46.5,49.6,False,False,24,466,43,2026-04-30T04:36:50.726872
SKU-00532,Total stable time-frame,Control century leg her ahead during according yes low night story join.,Furniture,Base,"Smith,",34.77,48.15,6.69,13.0,13.5,29.8,False,False,16,445,41,2026-04-30T04:36:50.726872
SKU-00533,Face-to-face encompassing productivity,Spend senior without PM happy drug three community west can sound stuff.,Automotive,Money,"Reeves,",371.92,636.03,12.38,22.4,56.3,9.1,False,False,45,437,41,2026-04-30T04:36:50.726872
SKU-00534,Extended global moderator,Relationship like article call left seat protect call nearly staff special type.,Industrial,Agency,Fletcher-Kramer,233.29,631.29,18.44,30.4,42.3,6.8,False,False,59,72,3,2026-04-30T04:36:50.726872
SKU-00535,Balanced well-modulated superstructure,Former front traditional miss risk red development often last.,Food & Beverage,Whole,Banks-Carter,14.47,32.85,16.9,109.5,47.7,33.2,False,False,72,769,45,2026-04-30T04:36:50.726872
SKU-00536,Customer-focused intangible matrices,Mr west growth on point ten hundred population do hospital skill them herself act white.,Apparel,Family,"Lambert,",34.31,62.93,17.29,80.8,42.7,24.0,False,False,132,823,35,2026-04-30T04:36:50.726872
SKU-00537,Optional modular synergy,Debate Republican perhaps audience ready exist own good let ready.,Hardware,Air,Hopkins,321.55,757.09,27.73,97.2,42.3,21.9,False,False,63,991,34,2026-04-30T04:36:50.726872
SKU-00538,Diverse disintermediate service-desk,Energy fine style quality everything civil ever major agency new follow arrive can responsibility different western.,Hardware,Parent,"Johnson,",64.05,94.24,13.81,105.1,66.1,48.6,False,False,84,238,28,2026-04-30T04:36:50.726872
SKU-00539,Profit-focused modular array,Century difference green near apply through nature your although purpose water hand.,Food & Beverage,Discover,Bryant,201.13,645.81,18.5,97.6,41.6,59.6,False,False,73,550,24,2026-04-30T04:36:50.726872
SKU-00540,Inverse impactful knowledgebase,Can pretty make memory leave your unit.,Office Supplies,History,"Reynolds,",303.18,1013.62,19.36,59.0,35.8,32.7,False,False,50,218,18,2026-04-30T04:36:50.726872
SKU-00541,Reduced static frame,Whether future gas now wish agent garden to drive pick care report.,Furniture,Beautiful,Wilson-Palmer,366.64,695.87,18.44,18.8,28.0,38.3,False,False,158,182,37,2026-04-30T04:36:50.726872
SKU-00542,Horizontal asynchronous open architecture,Person walk ready capital table to century usually wall thus.,Automotive,Staff,"Brewer,",189.33,464.07,16.76,17.6,66.4,5.1,False,False,124,946,27,2026-04-30T04:36:50.726872
SKU-00543,Compatible hybrid projection,Benefit attack pick continue federal traditional man report floor art daughter smile.,Apparel,Red,Wells,320.37,831.0,11.65,41.8,6.6,27.6,False,False,78,937,9,2026-04-30T04:36:50.726872
SKU-00544,Virtual regional firmware,Dark message simple center week country rock raise drop rich before collection yeah there.,Furniture,Feeling,Doyle,34.22,51.26,21.91,95.0,32.8,2.3,False,False,136,522,36,2026-04-30T04:36:50.726872
SKU-00545,Reduced dedicated throughput,Do popular some against economy compare respond state top gun store clearly long.,Electronics,Free,"Carroll,",442.81,839.33,17.31,61.7,47.5,51.8,False,False,143,348,45,2026-04-30T04:36:50.726872
SKU-00546,Polarized real-time extranet,Carry treat door child few account network organization.,Medical,Station,Harris,295.46,385.43,11.59,75.3,15.0,19.0,False,False,46,842,16,2026-04-30T04:36:50.726872
SKU-00547,User-centric upward-trending emulation,Song report list dark over rate it compare left natural beautiful.,Apparel,Minute,Roberts,88.09,247.55,46.33,85.4,25.2,5.7,False,False,196,505,1,2026-04-30T04:36:50.726872
SKU-00548,Customizable zero administration budgetary management,Ago close beat receive data base difference begin option.,Automotive,Focus,"Johnson,",178.85,477.14,33.58,102.6,63.8,48.9,False,True,27,191,10,2026-04-30T04:36:50.726872
SKU-00549,Business-focused next generation moratorium,Represent official quality few guess could station blue office operation message audience describe fly who.,Electronics,Short,"Clark,",13.64,44.41,36.03,64.6,42.8,17.6,False,False,149,258,14,2026-04-30T04:36:50.726872
SKU-00550,Virtual intermediate product,Major yard wind represent receive attorney machine activity pretty real top begin boy.,Food & Beverage,Move,Roberts-Morris,446.79,983.58,22.62,71.3,6.7,47.8,False,False,148,669,26,2026-04-30T04:36:50.726872
SKU-00551,Assimilated bifurcated encoding,Site age thought eat well enjoy happy agreement manage eight.,Hardware,Natural,Carrillo-Cooper,225.2,634.83,19.12,103.0,53.0,16.7,False,False,163,186,2,2026-04-30T04:36:50.726872
SKU-00552,Universal modular knowledgebase,Seem child religious president charge away help second brother ago cultural marriage.,Office Supplies,Quality,"Chandler,",253.69,840.67,14.07,87.2,8.9,52.3,False,False,33,979,37,2026-04-30T04:36:50.726872
SKU-00553,Synchronized value-added throughput,Firm threat sense with wife west service of.,Office Supplies,Hundred,Brown,418.84,570.59,32.69,107.3,5.1,8.3,False,False,131,403,34,2026-04-30T04:36:50.726872
SKU-00554,Persistent 3rdgeneration access,Order exactly trial television whose however painting technology carry she design leave.,Electronics,Air,Rodriguez-Maldonado,322.35,795.24,2.53,114.4,60.0,35.5,False,False,83,311,41,2026-04-30T04:36:50.726872
SKU-00555,Programmable 24/7 toolset,Oil term assume pretty nice cup consumer.,Industrial,Fire,Richard,32.06,44.51,12.18,45.1,33.9,31.5,False,False,94,245,34,2026-04-30T04:36:50.726872
SKU-00556,Mandatory national time-frame,Fall think my moment cover themselves commercial life outside accept official cost modern threat.,Hardware,White,"Roberson,",285.99,534.08,32.32,59.9,39.4,22.4,False,True,173,62,7,2026-04-30T04:36:50.726872
SKU-00557,Mandatory value-added focus group,First that deep shoulder thus western site white try mind close seem.,Sporting Goods,Later,Daniels-Stout,415.1,1388.78,19.13,56.4,41.5,49.3,False,True,165,88,10,2026-04-30T04:36:50.726872
SKU-00558,Reactive tertiary matrix,How none play certainly drive admit election dog effort hair.,Hardware,Foreign,Fisher-Marsh,400.03,864.38,30.35,84.8,53.4,13.8,False,False,37,424,34,2026-04-30T04:36:50.726872
SKU-00559,Programmable intermediate support,Want entire hotel make because although direction leader generation collection kind hundred business group.,Automotive,Five,Hunt,417.64,1443.84,25.92,53.6,11.4,35.1,False,False,101,643,34,2026-04-30T04:36:50.726872
SKU-00560,User-friendly zero-defect flexibility,Son have condition both find degree here attention increase high bill.,Food & Beverage,Imagine,Heath,92.08,148.21,3.38,105.0,59.0,52.2,False,False,63,433,13,2026-04-30T04:36:50.726872
SKU-00561,Compatible background model,Coach security against four fund piece here go election score may east media eight support single.,Sporting Goods,Through,Porter,116.13,162.66,17.45,42.6,57.9,33.6,False,False,73,642,42,2026-04-30T04:36:50.726872
SKU-00562,Future-proofed 4thgeneration customer loyalty,Theory quality place fire yeah summer government improve interest across yeah.,Sporting Goods,Today,Davis,267.58,432.67,8.05,51.0,15.7,29.2,False,False,153,94,5,2026-04-30T04:36:50.726872
SKU-00563,Stand-alone client-driven collaboration,Simple what why heavy onto trade reach real prepare risk she season sort hospital.,Sporting Goods,Nice,Nichols,307.07,946.5,46.46,54.2,41.4,52.4,True,False,61,56,10,2026-04-30T04:36:50.726872
SKU-00564,Centralized optimal Graphic Interface,Late woman one else sit painting be raise trade almost box country sound so task send.,Office Supplies,Your,Allen,355.23,607.49,45.06,58.1,40.9,24.3,False,False,66,311,21,2026-04-30T04:36:50.726872
SKU-00565,Self-enabling eco-centric open architecture,Country seat listen leg administration information special up former produce friend.,Office Supplies,Security,Torres,32.73,100.64,35.54,23.9,14.4,32.0,False,False,71,54,35,2026-04-30T04:36:50.726872
SKU-00566,Right-sized heuristic extranet,Party hit office family structure wonder seem live receive wide suddenly.,Food & Beverage,Case,Cooper-Mason,211.0,710.67,0.48,110.4,74.3,9.3,False,True,126,833,15,2026-04-30T04:36:50.726872
SKU-00567,Advanced bifurcated instruction set,Possible land even leave production expect seem one.,Apparel,East,Craig-Cabrera,250.67,849.22,39.69,59.0,74.0,57.1,False,False,138,349,9,2026-04-30T04:36:50.726872
SKU-00568,Universal didactic neural-net,Statement institution travel method main before western system apply knowledge.,Medical,Make,"Church,",144.59,393.0,46.08,27.8,63.5,5.6,False,False,28,99,10,2026-04-30T04:36:50.726872
SKU-00569,Secured executive productivity,Large weight scene dream task them sing vote feeling example recognize table.,Industrial,Consumer,"Thornton,",322.77,505.72,14.83,38.4,21.2,41.3,False,False,133,919,45,2026-04-30T04:36:50.726872
SKU-00570,Fully-configurable foreground structure,Similar skin thought throughout dark degree college movement line grow if man.,Medical,One,Keller,298.5,436.21,30.99,111.7,58.4,26.8,False,False,171,536,7,2026-04-30T04:36:50.726872
SKU-00571,Devolved intangible Graphic Interface,Event lead represent benefit bar military candidate rock world structure tend whether.,Furniture,Always,"Wu,",170.22,379.19,38.62,51.3,39.1,19.2,False,False,106,586,16,2026-04-30T04:36:50.726872
SKU-00572,Up-sized 24hour matrix,Building writer budget feel husband effort Republican bank billion old measure art office guy field.,Industrial,Sign,Marks-Burns,88.85,114.28,30.79,47.2,17.1,49.8,False,False,182,438,44,2026-04-30T04:36:50.726872
SKU-00573,Upgradable zero administration secured line,True teach she wide continue market return lot factor push will many above light night.,Food & Beverage,Camera,"Thomas,",321.12,965.2,31.24,115.1,18.7,50.6,False,False,72,688,1,2026-04-30T04:36:50.726872
SKU-00574,Cross-platform cohesive array,Stock nearly clear coach low will art important image road chance involve treat such near.,Office Supplies,Dinner,"Lucas,",207.21,582.23,23.96,33.0,8.8,8.6,False,False,39,134,22,2026-04-30T04:36:50.726872
SKU-00575,Integrated impactful task-force,Card board response stop country year line story see successful again another early minute article.,Hardware,Program,"Walton,",18.16,24.49,19.91,100.3,16.4,2.5,False,False,99,623,37,2026-04-30T04:36:50.726872
SKU-00576,Virtual intermediate system engine,Different already song some relationship number threat method event even choice receive itself reveal must tend.,Industrial,World,"Thompson,",323.42,1018.96,45.5,73.8,69.8,55.3,False,False,139,562,14,2026-04-30T04:36:50.726872
SKU-00577,Phased executive service-desk,Speech house kid interview house quality bed our civil bill young.,Hardware,Experience,Woods-Bell,162.13,421.58,5.48,70.6,40.4,7.3,False,False,191,567,27,2026-04-30T04:36:50.726872
SKU-00578,Balanced content-based function,Share senior article join conference particularly with around by sea professional tough.,Automotive,Hair,Benton,443.25,1404.83,33.97,32.6,16.7,52.8,False,False,136,759,9,2026-04-30T04:36:50.726872
SKU-00579,Organic directional encoding,Partner resource almost year send star simply.,Automotive,Among,"James,",368.05,810.59,7.4,64.6,28.3,33.2,False,False,52,787,32,2026-04-30T04:36:50.726872
SKU-00580,Mandatory client-server project,Even hundred long business garden newspaper lot plan order.,Industrial,Ago,Cortez,301.91,379.16,40.56,84.3,60.1,40.2,True,False,22,138,20,2026-04-30T04:36:50.726872
SKU-00581,Expanded impactful success,Over decade carry its describe election change want recent city water mind let.,Automotive,Want,Crawford,300.44,909.52,16.05,72.8,47.0,21.6,False,False,39,460,42,2026-04-30T04:36:50.726872
SKU-00582,Enterprise-wide global system engine,Debate along special response station safe research apply myself once central debate very alone sea action.,Electronics,Decade,Hall,92.51,298.62,34.83,27.8,22.6,54.1,False,False,107,662,13,2026-04-30T04:36:50.726872
SKU-00583,Synergized bottom-line product,Mr specific decision exactly human she bar growth main natural two especially despite big model represent.,Hardware,Produce,Mullins-Mcdaniel,365.6,1203.16,2.94,9.3,8.9,49.6,False,True,123,583,8,2026-04-30T04:36:50.726872
SKU-00584,Customizable mission-critical instruction set,Probably music throw present history hard relationship film road reality benefit majority recent social less.,Industrial,Relate,Graham,327.61,1038.73,26.63,10.2,44.5,59.0,False,False,81,116,22,2026-04-30T04:36:50.726872
SKU-00585,Inverse demand-driven structure,Pick late positive yard owner mission guy daughter rise.,Furniture,Cause,"Braun,",245.37,724.09,31.29,10.8,60.5,4.9,False,False,123,477,28,2026-04-30T04:36:50.726872
SKU-00586,Automated directional portal,Party parent trial quality military design deep really age close order hear ok purpose.,Automotive,Hair,Chan-Becker,41.2,88.02,26.74,78.9,43.4,49.0,False,False,172,489,34,2026-04-30T04:36:50.726872
SKU-00587,Upgradable 4thgeneration capacity,Activity job theory say model point should idea leader wrong management likely.,Furniture,Truth,Poole-Ray,31.45,60.76,23.0,85.2,24.2,28.6,True,False,193,275,5,2026-04-30T04:36:50.726872
SKU-00588,Public-key interactive encryption,Nice group past three a month continue chair like.,Hardware,Concern,Garcia,447.09,595.41,17.51,68.1,20.9,47.2,False,False,120,559,13,2026-04-30T04:36:50.726872
SKU-00589,Re-contextualized well-modulated initiative,Traditional kid day quality increase others either front others account.,Furniture,Only,"Bailey,",272.69,649.99,48.94,15.9,48.8,9.2,False,False,165,288,31,2026-04-30T04:36:50.726872
SKU-00590,Multi-lateral intermediate time-frame,Cup like message describe approach scene before product save war vote herself.,Office Supplies,However,Vega,449.42,1216.66,37.9,16.9,65.9,26.8,False,False,136,540,26,2026-04-30T04:36:50.726872
SKU-00591,Monitored user-facing info-mediaries,Daughter relate control water daughter truth later nor out assume property above benefit buy.,Apparel,Player,Turner,391.58,1069.39,27.18,115.2,35.7,15.7,False,False,180,416,2,2026-04-30T04:36:50.726872
SKU-00592,Optional hybrid success,Security debate teach child finally under language.,Automotive,Specific,"Tanner,",40.87,131.93,39.14,23.6,74.3,12.0,False,False,121,504,33,2026-04-30T04:36:50.726872
SKU-00593,Phased multimedia help-desk,Guy vote before yard some skin pattern age cup benefit increase trip side prevent hand wear.,Sporting Goods,Box,Mitchell,374.11,477.06,34.99,27.4,53.3,7.0,False,False,53,241,36,2026-04-30T04:36:50.726872
SKU-00594,Fully-configurable transitional flexibility,Itself off feel trial society read why much should think season skill war.,Furniture,Gas,Mason,412.67,1143.49,35.73,116.3,5.1,18.9,False,False,154,598,7,2026-04-30T04:36:50.726872
SKU-00595,Assimilated stable groupware,Join truth because course my thus science kind order two music door knowledge.,Office Supplies,Else,Kelly-Obrien,62.31,165.16,24.07,22.5,29.2,37.0,False,False,150,908,13,2026-04-30T04:36:50.726872
SKU-00596,Open-architected multimedia functionalities,Democrat American citizen follow change and team population stock hope hotel part policy enter develop simple.,Office Supplies,Each,King-Sullivan,410.59,1399.73,26.66,41.5,74.3,55.3,False,False,122,161,25,2026-04-30T04:36:50.726872
SKU-00597,Managed context-sensitive budgetary management,Star rather home state mean as miss and form.,Sporting Goods,Force,Howell-James,149.35,382.5,28.63,114.6,15.4,57.5,False,False,99,870,6,2026-04-30T04:36:50.726872
SKU-00598,Adaptive exuding parallelism,Deep I kid least same old price thing.,Medical,Last,Lopez,241.17,345.02,5.8,117.4,44.4,4.3,False,False,21,54,39,2026-04-30T04:36:50.726872
SKU-00599,Mandatory 6thgeneration system engine,Risk staff if fine go small report represent reduce point.,Industrial,Weight,"Williams,",83.86,216.97,31.97,65.1,38.5,50.4,False,False,22,691,15,2026-04-30T04:36:50.726872
SKU-00600,Intuitive multi-state portal,Democrat head suddenly indeed resource husband beyond development finish see.,Apparel,Space,Jackson,289.69,746.45,1.0,16.7,70.8,21.7,True,False,110,905,41,2026-04-30T04:36:50.726872
SKU-00601,Polarized content-based utilization,Activity yard this attention talk specific task behind my treat next his trial space our.,Industrial,Political,"Townsend,",17.7,28.93,37.74,7.6,54.6,36.8,False,False,68,921,13,2026-04-30T04:36:50.726872
SKU-00602,Self-enabling zero tolerance success,Already green building believe spend specific development up in just maybe some.,Food & Beverage,Mind,Webb,184.52,571.44,31.74,6.8,17.6,4.4,False,False,60,70,9,2026-04-30T04:36:50.726872
SKU-00603,Advanced secondary function,Way our daughter clear structure when next resource sit very hand make treatment big institution child.,Apparel,Perhaps,Clark,365.86,1202.06,32.6,53.7,24.5,48.7,False,False,198,700,19,2026-04-30T04:36:50.726872
SKU-00604,Compatible well-modulated core,Office clear care none walk sign enter program want step long.,Office Supplies,Require,Walls,447.37,1057.29,39.12,15.6,53.2,18.1,False,False,162,426,27,2026-04-30T04:36:50.726872
SKU-00605,Proactive high-level model,Give choice large must home blood real to word toward smile scientist result power true.,Medical,Important,"Barajas,",305.71,558.03,36.05,67.4,42.0,14.1,False,False,105,274,17,2026-04-30T04:36:50.726872
SKU-00606,Intuitive mobile service-desk,Collection brother it story as bank building role.,Hardware,Treat,"Page,",149.64,281.55,32.8,108.1,78.1,40.4,False,False,141,253,43,2026-04-30T04:36:50.726872
SKU-00607,Seamless real-time definition,Arrive foot on seat shoulder oil trip arrive small determine.,Industrial,Street,Cabrera-Peterson,336.77,804.89,39.35,69.6,69.2,40.4,False,False,119,695,11,2026-04-30T04:36:50.726872
SKU-00608,Optional next generation protocol,Red you spring suffer thing region plan number identify natural whom grow gas become.,Medical,Chance,Kirby,384.82,667.9,48.93,100.4,43.8,15.9,True,False,127,534,24,2026-04-30T04:36:50.726872
SKU-00609,Adaptive multi-state capability,Skill simply walk three shoulder education section southern style theory reduce reality matter.,Electronics,Blue,Johnson-Schroeder,236.75,788.31,45.06,38.4,16.9,53.3,False,False,153,273,43,2026-04-30T04:36:50.726872
SKU-00610,Front-line encompassing interface,For exactly themselves ahead identify opportunity speech science stock treatment alone still realize lead future.,Industrial,Lay,"Grant,",373.36,719.36,43.58,88.8,79.8,42.0,False,True,16,831,20,2026-04-30T04:36:50.726872
SKU-00611,Monitored object-oriented projection,Main center work back central peace administration.,Electronics,Pressure,Gibson-Villarreal,144.63,298.32,36.06,73.5,44.9,25.3,False,False,23,518,13,2026-04-30T04:36:50.726872
SKU-00612,Streamlined leadingedge Internet solution,First course seven move law sell painting there southern.,Furniture,Day,Davis,127.24,376.2,28.4,85.1,38.5,55.1,False,False,161,372,18,2026-04-30T04:36:50.726872
SKU-00613,Proactive client-driven moderator,Husband light fall Republican three floor trade care site rather can southern whatever be serve hit.,Office Supplies,Specific,"Fernandez,",286.27,787.43,48.48,5.6,47.2,3.7,False,False,99,162,23,2026-04-30T04:36:50.726872
SKU-00614,Integrated radical model,Establish wait then organization place skill including practice by.,Apparel,Hope,Moore-Jimenez,18.75,52.51,31.84,39.5,30.8,40.2,False,False,63,401,15,2026-04-30T04:36:50.726872
SKU-00615,Pre-emptive systemic frame,Citizen to state market car beautiful visit.,Apparel,Future,Hill,398.3,1312.37,29.87,93.8,56.5,41.7,False,False,168,929,22,2026-04-30T04:36:50.726872
SKU-00616,Mandatory coherent Graphical User Interface,Story a fly student study final hospital artist conference gun support fund change.,Hardware,Process,Odonnell-Prince,85.86,128.9,12.03,45.5,7.2,59.6,False,False,127,886,17,2026-04-30T04:36:50.726872
SKU-00617,Managed dedicated throughput,Could budget evening truth admit partner stop discover.,Automotive,Record,Allen,68.32,214.6,19.08,26.1,55.1,8.4,False,False,67,591,13,2026-04-30T04:36:50.726872
SKU-00618,Up-sized transitional structure,According be chair there even election season rise society.,Office Supplies,Factor,"Davidson,",249.97,508.5,17.18,14.2,52.4,27.0,False,False,170,132,38,2026-04-30T04:36:50.726872
SKU-00619,Public-key mobile migration,Enter trade teach race play then loss seven character them.,Hardware,Answer,Davis,105.62,150.65,33.31,111.2,30.8,22.7,False,False,126,765,3,2026-04-30T04:36:50.726872
SKU-00620,Optimized multi-tasking circuit,Behavior man wait tend top military maybe president whether sound.,Automotive,Our,Hernandez-Collins,415.83,646.76,9.41,102.2,36.2,13.6,False,False,45,916,6,2026-04-30T04:36:50.726872
SKU-00621,Open-source grid-enabled Local Area Network,Sign senior itself describe forward mean later executive want get camera degree reduce maybe wear.,Medical,Charge,Curry,301.01,629.94,21.22,88.0,70.2,11.7,False,False,54,821,28,2026-04-30T04:36:50.726872
SKU-00622,Self-enabling coherent functionalities,Far control police dark bring together wide quickly serious network former.,Industrial,Enjoy,Rogers-Hall,14.39,35.01,25.61,95.1,38.2,11.3,False,False,118,634,15,2026-04-30T04:36:50.726872
SKU-00623,User-centric multi-tasking contingency,While city would kid list here her analysis campaign national manager fly recent may bad.,Automotive,Reduce,Brown,39.1,70.03,39.53,32.0,51.4,21.5,False,False,25,368,22,2026-04-30T04:36:50.726872
SKU-00624,Intuitive demand-driven archive,Respond hope growth couple he seek carry campaign prevent alone.,Office Supplies,Thought,Joseph-Shepard,16.07,46.16,41.09,67.1,73.8,9.3,False,False,122,283,44,2026-04-30T04:36:50.726872
SKU-00625,Function-based empowering definition,Player business source bank two green opportunity.,Apparel,Trip,"Reyes,",362.02,1228.19,10.84,94.9,67.1,32.8,False,False,88,564,23,2026-04-30T04:36:50.726872
SKU-00626,Integrated encompassing database,Attorney somebody sure benefit business surface dinner stand thought size.,Hardware,Worker,Martin-Reynolds,382.82,1044.92,32.55,11.6,32.7,49.3,False,False,183,198,36,2026-04-30T04:36:50.726872
SKU-00627,Seamless maximized algorithm,Agent animal deal plan difficult feeling outside hair.,Food & Beverage,Seek,"Haynes,",80.3,119.72,12.84,59.2,62.5,27.6,False,False,26,162,22,2026-04-30T04:36:50.726872
SKU-00628,Self-enabling asymmetric superstructure,Model begin usually memory approach report us third break of check parent design join truth.,Electronics,Myself,Henry,132.82,389.71,31.47,27.3,11.4,51.3,False,False,121,954,40,2026-04-30T04:36:50.726872
SKU-00629,Reduced 6thgeneration database,Brother cold director own enough American they add late rate.,Hardware,Forget,"David,",168.57,546.98,34.32,103.4,54.8,35.9,False,False,37,378,2,2026-04-30T04:36:50.726872
SKU-00630,Extended hybrid open architecture,Finally likely teach eight learn determine his teacher word government actually public last while.,Furniture,Chair,Bond,184.49,278.22,33.69,58.8,14.5,54.4,False,False,125,268,11,2026-04-30T04:36:50.726872
SKU-00631,Distributed bottom-line contingency,Camera ok up teach me tend Mr lose so several card end so out culture.,Automotive,Activity,Bowen-Ward,229.89,360.43,30.76,90.5,59.8,30.4,False,False,35,657,36,2026-04-30T04:36:50.726872
SKU-00632,Reverse-engineered intermediate open system,Production already I process however thought myself write behind.,Furniture,Degree,Valdez-Baker,111.91,366.48,39.36,55.9,56.0,27.2,False,False,101,190,37,2026-04-30T04:36:50.726872
SKU-00633,Mandatory multi-state workforce,Official yourself before whom price wonder sometimes goal child end brother.,Medical,Turn,Curry-Mcdonald,231.96,544.29,22.16,38.6,68.8,44.9,False,False,60,107,17,2026-04-30T04:36:50.726872
SKU-00634,Synergized background leverage,Film report visit smile education wear believe.,Electronics,Risk,Barber-Riley,124.46,158.47,49.41,5.7,63.2,23.9,False,False,136,618,40,2026-04-30T04:36:50.726872
SKU-00635,Multi-lateral user-facing neural-net,Report of election available east off culture bit several improve travel hour office concern hundred into.,Food & Beverage,Mind,Freeman-Bradley,16.85,49.3,15.55,44.8,9.1,36.5,False,False,111,98,16,2026-04-30T04:36:50.726872
SKU-00636,Multi-lateral zero tolerance open architecture,Author street final magazine your authority get similar yet age natural name fear.,Electronics,Lay,Wyatt-Lee,292.39,544.56,30.27,87.7,20.4,25.7,False,False,86,690,5,2026-04-30T04:36:50.726872
SKU-00637,Robust real-time access,Support boy tend almost avoid difference blood final whom film contain current will material.,Apparel,Close,Green,242.11,433.43,21.26,63.1,8.3,53.5,False,False,124,226,5,2026-04-30T04:36:50.726872
SKU-00638,Robust 24/7 array,Tell modern hour song his standard statement.,Office Supplies,That,Padilla-Smith,23.24,34.29,12.3,48.2,12.5,20.0,False,False,147,723,36,2026-04-30T04:36:50.726872
SKU-00639,Self-enabling stable portal,What garden town difference product ago lawyer voice herself program hit consider already push brother.,Food & Beverage,Suddenly,Gill,77.32,126.89,38.57,90.1,56.4,6.5,False,False,41,791,41,2026-04-30T04:36:50.726872
SKU-00640,Enterprise-wide intermediate function,Push arm meeting hit not wonder time treat per light.,Automotive,Red,"Cox,",185.87,584.09,11.95,70.0,55.1,7.0,False,False,72,805,25,2026-04-30T04:36:50.726872
SKU-00641,Exclusive cohesive throughput,Level budget race final peace street level material personal consumer student including stage only.,Medical,Movie,Russell-Arnold,270.7,794.62,29.67,40.2,41.5,30.0,False,True,43,132,17,2026-04-30T04:36:50.726872
SKU-00642,Public-key secondary software,Information as until model purpose listen walk may worry long stop turn option stop we.,Hardware,Whole,Haney,314.89,946.63,48.33,110.0,39.3,27.2,False,False,17,863,42,2026-04-30T04:36:50.726872
SKU-00643,Grass-roots encompassing methodology,Collection customer majority style price those she.,Furniture,Have,"Long,",302.57,596.5,9.1,57.8,44.7,6.7,False,False,30,687,17,2026-04-30T04:36:50.726872
SKU-00644,Managed multi-state intranet,His else on enter kind bad government pick scene every kitchen education floor.,Industrial,Also,"Little,",359.65,742.34,46.74,53.3,40.4,37.8,False,False,39,664,12,2026-04-30T04:36:50.726872
SKU-00645,Front-line leadingedge methodology,Over accept right quickly security particularly fire dinner perhaps.,Medical,Go,Young,204.9,292.2,22.02,89.5,65.8,41.9,False,False,46,916,28,2026-04-30T04:36:50.726872
SKU-00646,Grass-roots neutral alliance,Modern hear mother cup move understand oil cost parent easy over field science amount.,Office Supplies,Why,Shepherd-Johnson,109.37,235.34,6.81,51.2,67.2,55.6,False,False,16,431,24,2026-04-30T04:36:50.726872
SKU-00647,Face-to-face logistical database,Whose then beautiful ability they despite specific religious.,Medical,This,Edwards,223.25,328.51,27.27,103.0,40.8,18.6,False,False,45,272,44,2026-04-30T04:36:50.726872
SKU-00648,User-centric client-server installation,Might thank later ok deal through under level positive entire work small.,Industrial,Wear,Shields-Reese,295.39,812.69,48.07,39.7,64.1,53.4,False,False,196,273,1,2026-04-30T04:36:50.726872
SKU-00649,Fully-configurable didactic challenge,Cultural six people enough friend chair approach western offer stand attorney theory again pick.,Hardware,Least,Webb,134.64,190.0,22.91,94.6,56.3,12.1,False,False,85,573,15,2026-04-30T04:36:50.726872
SKU-00650,Customizable systemic policy,Boy federal military option left not light million yet tell against beautiful.,Automotive,Enter,Preston,52.04,181.01,36.88,28.8,74.2,17.2,True,False,90,436,35,2026-04-30T04:36:50.726872
SKU-00651,Streamlined holistic flexibility,Month decision game watch treat protect shoulder rather improve control level risk team like.,Automotive,Lead,Brown-Miller,439.67,1136.37,45.13,111.6,21.2,34.0,False,False,17,334,35,2026-04-30T04:36:50.726872
SKU-00652,Total needs-based software,Walk outside dream responsibility two television now camera man.,Furniture,Environment,George-Chapman,100.12,332.52,11.47,88.8,56.8,6.6,False,False,47,848,39,2026-04-30T04:36:50.726872
SKU-00653,Innovative systematic benchmark,Training eat in may across true measure without majority at.,Apparel,Another,"Lang,",52.46,122.53,2.98,42.9,21.7,5.7,False,True,200,752,10,2026-04-30T04:36:50.726872
SKU-00654,Decentralized 4thgeneration interface,American along lawyer day Mrs population kid room mention cultural action.,Hardware,Environmental,"Skinner,",261.19,645.72,8.6,64.1,26.1,9.2,False,False,39,507,45,2026-04-30T04:36:50.726872
SKU-00655,Managed stable forecast,Test there per look method pass country.,Automotive,Trial,Spencer-Fuentes,263.15,714.98,42.41,60.3,55.8,32.5,False,False,143,721,17,2026-04-30T04:36:50.726872
SKU-00656,Fully-configurable stable toolset,Sound eight school bar manage mind second me environment end environment among no.,Medical,Page,Barajas-Matthews,374.93,1223.16,29.12,56.6,50.0,20.3,False,False,135,177,8,2026-04-30T04:36:50.726872
SKU-00657,Assimilated dedicated contingency,Almost phone he above require garden interest person approach sea city street power together parent our.,Automotive,Prevent,James-Robinson,126.7,383.73,49.39,45.9,60.3,34.1,False,False,12,493,5,2026-04-30T04:36:50.726872
SKU-00658,Right-sized composite encryption,Sure human enter about each key poor bring good source success sound.,Office Supplies,Result,Clark-Martin,222.39,481.33,12.24,119.2,20.0,7.5,False,False,103,902,23,2026-04-30T04:36:50.726872
SKU-00659,Decentralized client-server product,Ground behavior with for against campaign bad water cause although you take value call training feeling.,Apparel,Two,Casey,202.71,593.11,37.69,16.9,49.8,37.3,False,False,139,122,6,2026-04-30T04:36:50.726872
SKU-00660,Re-contextualized disintermediate approach,Father explain large trip grow series magazine language daughter specific wait character.,Food & Beverage,Then,"Rivera,",258.92,629.82,34.52,72.8,48.6,35.9,False,False,52,764,4,2026-04-30T04:36:50.726872
SKU-00661,Customer-focused holistic artificial intelligence,Church certainly question share that job ever capital great what mean continue gun position rate.,Food & Beverage,Staff,"Logan,",52.55,141.71,0.75,13.8,79.3,22.2,False,False,39,448,15,2026-04-30T04:36:50.726872
SKU-00662,Mandatory optimizing analyzer,Approach message offer road system per suddenly energy maybe hold.,Food & Beverage,Republican,Smith-Erickson,361.41,794.59,6.11,101.3,10.8,37.6,False,False,19,822,3,2026-04-30T04:36:50.726872
SKU-00663,Implemented multimedia neural-net,One boy require foot air occur pressure explain Republican American true.,Furniture,Agreement,Cantu-Gutierrez,140.75,440.31,12.21,82.3,50.1,45.5,False,False,138,280,22,2026-04-30T04:36:50.726872
SKU-00664,Multi-lateral grid-enabled toolset,Over son various happy forward member teach meet Republican professional land simply.,Food & Beverage,First,Saunders-Hayes,313.14,870.59,45.86,68.0,67.3,10.9,False,False,65,668,41,2026-04-30T04:36:50.726872
SKU-00665,Proactive modular flexibility,Off conference exist remain call method chance eye only specific lot like.,Office Supplies,American,Snyder,70.63,211.8,44.61,17.2,65.7,6.0,False,False,92,621,5,2026-04-30T04:36:50.726872
SKU-00666,Horizontal full-range hierarchy,Work natural financial read indeed to two suddenly black interview culture nor small probably major child.,Industrial,Himself,"Walker,",283.76,885.94,43.4,108.3,72.8,8.2,False,False,58,465,3,2026-04-30T04:36:50.726872
SKU-00667,Vision-oriented local Internet solution,Enjoy safe again feeling site treat worry make quickly however culture artist executive happy.,Sporting Goods,Budget,"Burton,",56.0,119.79,28.62,35.0,24.4,49.8,False,False,91,289,7,2026-04-30T04:36:50.726872
SKU-00668,Sharable actuating approach,Executive hair new so good performance from store type soon when interest.,Food & Beverage,Open,"Lewis,",142.31,426.35,30.2,6.0,62.9,29.3,False,False,96,843,40,2026-04-30T04:36:50.726872
SKU-00669,Switchable mission-critical standardization,Increase approach star partner serve feeling sound oil air individual response family bag.,Furniture,Behavior,Bartlett-Becker,22.19,49.14,33.11,46.7,64.1,33.2,False,False,196,82,36,2026-04-30T04:36:50.726872
SKU-00670,Realigned fresh-thinking throughput,Behavior responsibility lead discuss hospital himself animal visit race.,Furniture,Eight,Barnett,443.39,1158.15,8.87,17.4,41.3,47.0,False,False,33,478,26,2026-04-30T04:36:50.726872
SKU-00671,Automated multi-tasking orchestration,Work national position agency because happy so necessary others behavior hard daughter analysis image any.,Hardware,Popular,"Lee,",229.44,739.72,10.87,76.5,19.4,26.9,True,False,40,540,43,2026-04-30T04:36:50.726872
SKU-00672,Extended object-oriented Internet solution,Matter amount travel program threat myself player million want yes.,Industrial,At,"Patel,",103.02,354.69,35.35,25.7,14.9,12.0,False,False,79,146,45,2026-04-30T04:36:50.726872
SKU-00673,Organized multi-state attitude,Significant it eat think thing source school myself federal record control control she.,Food & Beverage,Learn,Castillo-Hernandez,278.1,854.94,3.16,82.5,23.4,44.5,False,False,13,146,35,2026-04-30T04:36:50.726872
SKU-00674,Open-source fault-tolerant focus group,Election possible create range coach manager star.,Industrial,Investment,Ramos,46.3,88.11,8.49,92.5,46.5,51.5,False,False,17,211,45,2026-04-30T04:36:50.726872
SKU-00675,Inverse multi-state array,Listen station few participant collection hold knowledge because usually either spring describe soldier pattern friend.,Office Supplies,Best,Rivera-Kim,126.86,160.67,30.09,55.5,31.3,53.9,False,False,141,486,43,2026-04-30T04:36:50.726872
SKU-00676,Integrated solution-oriented circuit,Past act check her soldier serve suggest voice source environmental.,Office Supplies,Perform,Myers-Contreras,30.71,67.17,13.77,75.5,48.2,8.0,False,False,148,684,5,2026-04-30T04:36:50.726872
SKU-00677,Programmable asymmetric capability,Consider cause sit certainly professor practice window population entire nice case tough difficult debate magazine.,Medical,Open,Brown-Hughes,403.92,540.28,15.62,78.2,27.5,20.8,False,False,24,570,12,2026-04-30T04:36:50.726872
SKU-00678,Universal asymmetric database,Including turn religious writer white many each up skin foreign his son threat put last.,Hardware,Inside,"Weiss,",174.42,479.94,41.11,13.1,53.2,20.5,False,False,157,657,12,2026-04-30T04:36:50.726872
SKU-00679,Persevering motivating info-mediaries,Quality approach good attack same trouble PM look interesting police wait enough why trip close.,Apparel,Although,Jenkins-Scott,17.3,31.04,19.17,48.9,48.7,56.3,False,False,52,633,23,2026-04-30T04:36:50.726872
SKU-00680,Optional heuristic core,Son concern article character wonder member kitchen lay between happy anything.,Sporting Goods,Gas,Welch,106.33,224.72,28.48,15.7,9.9,49.7,False,False,183,66,40,2026-04-30T04:36:50.726872
SKU-00681,Re-engineered multi-tasking hardware,Source impact physical dog first system floor.,Industrial,Of,Garrett,357.18,548.39,32.72,103.7,27.1,24.0,False,False,58,326,27,2026-04-30T04:36:50.726872
SKU-00682,Enterprise-wide contextually-based strategy,May upon together improve yet control majority opportunity respond single can daughter benefit I turn.,Industrial,Six,"Gilbert,",87.3,241.62,26.99,31.5,22.9,14.1,False,False,198,589,25,2026-04-30T04:36:50.726872
SKU-00683,Balanced 5thgeneration hierarchy,Camera bank environment learn stuff sing truth oil short.,Furniture,High,"George,",197.13,359.25,1.96,55.0,65.6,49.1,False,False,153,230,25,2026-04-30T04:36:50.726872
SKU-00684,Ameliorated tertiary contingency,Pattern investment whatever soon democratic tough mean create fine test physical look.,Apparel,Watch,"Ball,",424.78,1060.93,17.24,56.7,20.3,49.6,True,False,51,827,36,2026-04-30T04:36:50.726872
SKU-00685,Compatible 24/7 policy,Today within board near lay fund very statement book.,Sporting Goods,Likely,Levy,285.67,875.77,49.44,75.0,70.9,55.4,False,False,73,632,28,2026-04-30T04:36:50.726872
SKU-00686,Balanced executive encryption,Participant kitchen eat beautiful including in huge amount.,Furniture,Do,Morales,363.29,1168.22,21.16,42.6,29.2,7.6,False,False,21,314,30,2026-04-30T04:36:50.726872
SKU-00687,Multi-channeled global migration,Industry certainly law forward change lead catch.,Sporting Goods,Arm,"Allen,",57.38,139.25,0.33,92.6,64.9,21.7,False,False,126,267,18,2026-04-30T04:36:50.726872
SKU-00688,Centralized client-server knowledgebase,Both account whether tough suddenly true type near among often five whatever.,Furniture,Spring,Mata,443.7,1198.6,33.38,64.4,37.5,28.1,False,False,126,66,27,2026-04-30T04:36:50.726872
SKU-00689,Total multi-state array,Law read dark Congress drive son could sound set try admit ten evening.,Medical,Father,"Aguilar,",315.81,892.36,42.77,7.6,69.7,51.6,False,False,76,686,29,2026-04-30T04:36:50.726872
SKU-00690,Operative full-range leverage,To ok could team relationship dinner challenge computer.,Hardware,Result,Gutierrez-Rice,408.82,535.23,37.96,96.8,24.6,57.2,False,False,36,394,26,2026-04-30T04:36:50.726872
SKU-00691,Managed responsive software,School of central alone attention simple town follow fight mean single better.,Office Supplies,Policy,Lee,216.97,475.68,36.42,5.0,30.4,33.5,False,False,185,148,25,2026-04-30T04:36:50.726872
SKU-00692,Vision-oriented high-level success,Difference indicate shake according lot sign record cover red apply.,Industrial,Participant,"Yoder,",221.89,407.55,44.35,83.6,20.3,42.3,False,False,173,495,37,2026-04-30T04:36:50.726872
SKU-00693,Fundamental discrete knowledge user,Almost positive benefit leg stock section kid born contain region them college together strong.,Electronics,Door,Knapp,233.43,755.52,49.61,37.0,62.0,3.0,False,False,191,640,15,2026-04-30T04:36:50.726872
SKU-00694,Re-contextualized value-added leverage,Last subject much herself board her know already.,Industrial,Pm,Snyder,218.79,295.92,41.26,91.2,24.8,12.3,False,True,189,599,38,2026-04-30T04:36:50.726872
SKU-00695,Front-line system-worthy time-frame,Dream shake attorney arm girl guy stay base her shoulder country response available open yet.,Office Supplies,How,Schneider-Johnson,76.77,234.41,6.31,115.3,68.3,21.2,False,False,71,601,21,2026-04-30T04:36:50.726872
SKU-00696,Robust transitional extranet,Amount go response picture up thank stock without free dark subject.,Medical,Manage,Beck,392.28,867.97,8.7,48.3,67.3,31.8,False,False,73,579,42,2026-04-30T04:36:50.726872
SKU-00697,Multi-layered 24hour orchestration,Hot thank light thing fly chair walk consumer book product civil.,Food & Beverage,Agree,Spence,130.45,385.76,20.42,69.3,8.9,24.4,False,False,14,787,6,2026-04-30T04:36:50.726872
SKU-00698,Switchable human-resource toolset,Building job team after brother wrong though small.,Hardware,Least,Matthews,11.25,35.58,7.15,68.2,33.3,21.3,False,False,63,51,19,2026-04-30T04:36:50.726872
SKU-00699,Reverse-engineered even-keeled orchestration,Sport attack level any cultural career real.,Sporting Goods,Reflect,Rose,289.75,922.63,7.46,104.8,58.1,28.7,False,False,22,962,14,2026-04-30T04:36:50.726872
SKU-00700,Synchronized static solution,Left statement surface size be provide less recently media thing beyond none interview prevent same.,Automotive,When,Torres-Johnson,175.2,276.82,47.27,90.9,21.2,19.6,False,False,76,462,33,2026-04-30T04:36:50.726872
SKU-00701,Pre-emptive local customer loyalty,Which gun receive none born or cold already tend top build daughter.,Automotive,Institution,Foley,351.73,1031.0,35.96,31.8,45.3,41.1,False,False,122,745,27,2026-04-30T04:36:50.726872
SKU-00702,Re-contextualized user-facing protocol,Someone room site particular goal any ground interesting section these reveal indeed list guy.,Electronics,Camera,"Anderson,",41.32,93.35,11.07,19.3,38.5,18.2,False,False,119,227,44,2026-04-30T04:36:50.726872
SKU-00703,Fundamental multimedia knowledge user,Material parent health world up project war pressure fill Mr health.,Apparel,Pm,"Garza,",186.94,396.93,47.17,56.1,28.5,4.4,False,False,164,550,32,2026-04-30T04:36:50.726872
SKU-00704,Digitized zero administration alliance,Particularly article here effect policy but high make.,Medical,Participant,Carroll,120.34,412.04,42.95,75.5,56.3,39.7,False,False,192,392,9,2026-04-30T04:36:50.726872
SKU-00705,Re-engineered content-based database,Dream also phone early new news always political morning middle scene situation.,Food & Beverage,Hour,Young,264.96,597.16,23.04,34.2,66.9,3.6,False,False,109,526,27,2026-04-30T04:36:50.726872
SKU-00706,Enhanced interactive solution,Apply our everybody nature make lose buy control citizen.,Industrial,Perhaps,"Lawrence,",251.57,328.63,43.62,7.6,70.0,26.4,False,False,123,409,13,2026-04-30T04:36:50.726872
SKU-00707,Organized discrete orchestration,Song case determine key least issue town account each.,Hardware,Rather,Jennings-Shepherd,135.17,265.4,23.61,28.9,63.3,5.4,False,False,174,784,3,2026-04-30T04:36:50.726872
SKU-00708,Organic holistic task-force,First whole realize manager lot suddenly bad feel.,Industrial,Back,Caldwell,257.58,749.96,39.84,47.8,31.8,31.4,False,False,77,401,16,2026-04-30T04:36:50.726872
SKU-00709,Innovative secondary functionalities,Glass me receive attention form goal tax cell why citizen.,Office Supplies,Present,Robertson-Quinn,237.11,645.67,21.19,33.3,76.5,55.0,False,False,115,490,3,2026-04-30T04:36:50.726872
SKU-00710,Ergonomic homogeneous parallelism,Late good individual think either current beyond movie three social with southern.,Electronics,Not,Nguyen-Ross,284.64,907.67,1.94,58.6,69.2,35.1,False,True,72,884,20,2026-04-30T04:36:50.726872
SKU-00711,Virtual encompassing emulation,Poor evening soon art response administration certainly main security listen performance give success change TV ability.,Office Supplies,Today,"Marsh,",263.83,819.21,3.98,74.0,62.4,31.1,False,False,90,132,6,2026-04-30T04:36:50.726872
SKU-00712,Seamless intangible pricing structure,Political degree choose suggest physical early large well decision fill me plant beyond foot material talk.,Office Supplies,Firm,Wood-Brown,247.11,588.21,37.47,56.5,74.7,25.3,False,False,130,509,28,2026-04-30T04:36:50.726872
SKU-00713,Cross-group incremental forecast,His few wait training exist writer about concern but.,Sporting Goods,During,Fletcher-Mcguire,415.61,1120.64,32.43,63.8,55.2,18.3,False,False,112,737,42,2026-04-30T04:36:50.726872
SKU-00714,Secured tertiary standardization,Century economic expect majority team seek early far everybody.,Automotive,Identify,Hull,386.54,959.4,7.45,75.6,60.5,43.3,False,False,163,650,24,2026-04-30T04:36:50.726872
SKU-00715,Mandatory empowering leverage,Result anything anything social unit moment world.,Furniture,Approach,Lane-Ayala,9.02,12.65,35.94,85.7,56.9,2.2,False,False,137,482,19,2026-04-30T04:36:50.726872
SKU-00716,Customer-focused hybrid core,Card employee several be concern tree close plan maintain human him among.,Office Supplies,Policy,Graham-Beck,385.13,722.52,24.11,32.8,45.1,12.1,False,False,100,118,14,2026-04-30T04:36:50.726872
SKU-00717,Configurable multi-tasking superstructure,Especially court purpose itself growth sound cell future wait son attack toward.,Sporting Goods,Same,Arnold-Gonzales,394.24,837.46,1.71,60.7,38.8,16.1,False,False,74,514,33,2026-04-30T04:36:50.726872
SKU-00718,Seamless bandwidth-monitored secured line,Risk nature not region concern sort or color sport television poor bill.,Industrial,Fear,Hudson,153.8,349.77,43.25,100.2,5.2,21.0,False,False,182,220,15,2026-04-30T04:36:50.726872
SKU-00719,Future-proofed motivating budgetary management,Body according base spring which really however officer couple building take.,Medical,Itself,Moore-Bullock,352.72,952.9,41.93,119.1,45.3,45.4,False,False,115,367,32,2026-04-30T04:36:50.726872
SKU-00720,Diverse tertiary algorithm,Late three charge people media few film peace.,Hardware,Most,"Horne,",216.36,369.66,48.47,110.6,10.7,41.1,True,False,105,250,18,2026-04-30T04:36:50.726872
SKU-00721,Innovative needs-based archive,Chair cost son by product lead property we weight tree fine event police buy training.,Automotive,Form,Flynn,405.46,1211.52,26.77,14.0,20.8,38.1,False,False,173,221,45,2026-04-30T04:36:50.726872
SKU-00722,Customizable next generation projection,Throughout better article fire case bill I.,Sporting Goods,Understand,"Saunders,",54.84,142.87,17.25,76.6,51.5,48.9,False,False,183,862,5,2026-04-30T04:36:50.726872
SKU-00723,Enterprise-wide needs-based extranet,Road challenge risk same edge company hotel.,Sporting Goods,These,Soto,412.63,1424.9,16.58,97.9,68.0,58.4,False,False,168,232,14,2026-04-30T04:36:50.726872
SKU-00724,Advanced client-driven functionalities,Visit whose thing city Mr kid always large his financial.,Hardware,Center,"Sellers,",242.81,624.53,15.62,92.7,47.9,33.8,False,True,24,250,35,2026-04-30T04:36:50.726872
SKU-00725,Switchable stable parallelism,Management relationship tonight remain travel few will red time material tell avoid large full soldier.,Industrial,Threat,"Williams,",30.67,98.11,9.54,19.6,50.5,49.4,False,False,186,672,24,2026-04-30T04:36:50.726872
SKU-00726,Automated holistic archive,Reach sport senior research manage true exist.,Food & Beverage,Maintain,Cooper,259.04,893.86,42.36,101.6,60.2,7.9,False,False,130,976,13,2026-04-30T04:36:50.726872
SKU-00727,Optional grid-enabled frame,Join specific writer or debate concern your its.,Hardware,Shake,"Reeves,",133.89,256.45,20.14,27.6,11.3,53.2,False,False,23,114,21,2026-04-30T04:36:50.726872
SKU-00728,Enterprise-wide directional open architecture,Source college until office traditional possible wife phone.,Food & Beverage,Standard,Dunn-Simmons,101.72,140.63,15.43,6.2,38.1,7.1,False,False,167,959,27,2026-04-30T04:36:50.726872
SKU-00729,Ameliorated mission-critical support,Ever practice discussion tough lead practice bad.,Sporting Goods,Positive,"Richardson,",163.21,315.31,38.43,41.8,35.5,50.7,False,False,88,383,20,2026-04-30T04:36:50.726872
SKU-00730,Up-sized interactive software,Or purpose practice five fine life arm according light take pretty many heart rich necessary similar.,Sporting Goods,Finish,"Campbell,",55.18,161.1,9.27,73.0,15.6,56.4,False,False,97,206,4,2026-04-30T04:36:50.726872
SKU-00731,Open-architected dedicated toolset,Lay mean region increase shoulder down various speech treatment grow particularly statement.,Hardware,Old,Singh-Ramirez,188.51,632.19,45.88,97.4,6.7,58.4,False,False,174,439,45,2026-04-30T04:36:50.726872
SKU-00732,Down-sized cohesive hub,Four beyond stage station remain score partner go benefit including process great TV region true ago.,Electronics,Item,Parker-Rodriguez,277.71,383.92,37.71,101.6,57.7,32.5,False,False,44,869,8,2026-04-30T04:36:50.726872
SKU-00733,Focused interactive emulation,Series safe act table safe edge make market TV central down care term.,Apparel,Message,"Buchanan,",182.92,400.44,25.22,19.5,56.5,38.7,False,False,112,224,42,2026-04-30T04:36:50.726872
SKU-00734,Balanced tertiary customer loyalty,Describe stay born middle kid thought their staff president.,Furniture,Over,Gomez,352.3,891.0,19.13,21.8,44.7,38.6,False,False,191,138,1,2026-04-30T04:36:50.726872
SKU-00735,Synergistic leadingedge support,Theory west build total kid first ok each task through design because.,Furniture,Police,Allen,6.49,11.48,33.14,77.9,74.2,56.9,False,False,43,614,41,2026-04-30T04:36:50.726872
SKU-00736,Ameliorated national middleware,Class drive staff rule free wife thousand pull ago dog until believe song.,Food & Beverage,Either,"Butler,",205.96,330.62,1.62,115.4,54.6,54.9,False,False,136,802,9,2026-04-30T04:36:50.726872
SKU-00737,Cross-group systematic alliance,Can may fight relationship agency beautiful animal.,Food & Beverage,National,Compton-Brown,115.46,288.9,46.97,21.6,31.2,19.1,False,False,21,389,44,2026-04-30T04:36:50.726872
SKU-00738,Sharable neutral leverage,Knowledge society court service example paper long trip action professor while evidence popular professor eight.,Electronics,Shake,Parker,448.14,1272.55,7.46,77.7,43.7,2.9,False,False,17,227,12,2026-04-30T04:36:50.726872
SKU-00739,Customer-focused 6thgeneration installation,At and again successful ability activity factor current doctor hand whether lay.,Automotive,Floor,Williams,119.07,358.66,42.38,106.9,24.8,57.4,False,False,97,92,38,2026-04-30T04:36:50.726872
SKU-00740,Virtual client-server software,Quickly others ground sense yet less prevent major some.,Hardware,Ball,"Mills,",11.95,32.0,48.61,72.2,29.8,24.7,False,False,34,972,25,2026-04-30T04:36:50.726872
SKU-00741,Realigned optimal neural-net,Resource town statement make live just he as matter let baby smile paper base.,Office Supplies,Painting,Mendez,149.16,331.24,6.81,64.2,41.9,31.5,False,False,107,405,28,2026-04-30T04:36:50.726872
SKU-00742,Sharable cohesive analyzer,Media different ever bring education game may upon speak be say.,Furniture,Loss,"Walker,",314.22,833.54,11.96,28.7,54.4,5.0,False,False,45,913,38,2026-04-30T04:36:50.726872
SKU-00743,Synergized 4thgeneration methodology,Price single road always phone somebody girl machine five former cover notice short much foot product.,Hardware,Service,Johnson,11.83,41.2,39.99,104.8,46.7,2.5,False,False,80,731,29,2026-04-30T04:36:50.726872
SKU-00744,Integrated radical core,On large purpose first all improve might suggest to across.,Hardware,Arm,"Mcdonald,",406.29,1196.83,30.81,29.6,6.3,21.1,False,False,143,650,21,2026-04-30T04:36:50.726872
SKU-00745,Exclusive logistical open architecture,Control rather get radio give from despite floor executive service along.,Sporting Goods,Song,"Erickson,",328.84,535.71,35.94,38.3,10.5,43.3,False,False,154,798,4,2026-04-30T04:36:50.726872
SKU-00746,Total motivating moderator,Will onto theory popular today career wind black understand science lay cause program understand against.,Food & Beverage,Something,"Collins,",430.73,836.55,6.49,32.5,31.9,7.4,False,False,173,107,37,2026-04-30T04:36:50.726872
SKU-00747,Decentralized zero tolerance conglomeration,I read happen man realize throughout evidence wall age really financial.,Food & Beverage,Late,Webb-Boyd,150.12,230.24,36.53,61.7,65.6,16.8,False,False,170,591,27,2026-04-30T04:36:50.726872
SKU-00748,Function-based encompassing collaboration,Call factor statement which arrive else nature like boy administration brother leg single.,Office Supplies,During,Moore,375.87,791.2,33.08,73.2,17.5,46.9,False,False,57,943,11,2026-04-30T04:36:50.726872
SKU-00749,Vision-oriented actuating solution,Process difference senior less care style process significant not party lot.,Apparel,Wait,Burke-Cochran,237.2,679.11,45.06,92.4,13.3,14.7,False,False,121,969,33,2026-04-30T04:36:50.726872
SKU-00750,Centralized web-enabled data-warehouse,End whether message big less person there matter.,Automotive,Performance,"Thomas,",232.14,569.71,14.97,113.3,36.7,54.6,False,False,166,458,18,2026-04-30T04:36:50.726872
SKU-00751,Horizontal maximized adapter,Talk building upon quite arrive memory should eye career base enough.,Sporting Goods,Heavy,"Gray,",146.79,255.76,48.68,89.4,48.1,50.2,False,False,69,415,41,2026-04-30T04:36:50.726872
SKU-00752,Decentralized composite Local Area Network,Organization today listen again even tough least cup successful government high radio.,Medical,Fine,Compton,91.5,180.74,17.3,95.5,29.7,38.5,False,False,135,331,35,2026-04-30T04:36:50.726872
SKU-00753,Managed demand-driven implementation,Firm themselves public day authority from body at option.,Industrial,Wife,Bowman,319.28,461.59,34.32,86.2,26.8,32.5,False,False,50,488,29,2026-04-30T04:36:50.726872
SKU-00754,Multi-tiered 24/7 matrix,Easy I on apply almost that computer within.,Hardware,For,Martin-Hancock,146.47,459.6,32.63,95.8,51.4,26.6,False,False,114,414,21,2026-04-30T04:36:50.726872
SKU-00755,Organic solution-oriented encryption,Staff night prove firm interesting buy important white fine share number particularly.,Office Supplies,Expect,"Thomas,",33.77,101.38,21.85,107.0,50.9,27.6,False,False,194,58,4,2026-04-30T04:36:50.726872
SKU-00756,Grass-roots full-range functionalities,Just similar there movement child morning rest person art blood.,Food & Beverage,Today,"Carpenter,",255.23,520.58,25.27,26.1,67.6,25.0,False,True,198,385,37,2026-04-30T04:36:50.726872
SKU-00757,Automated contextually-based website,Card girl have discover girl argue deal prove usually four.,Apparel,Quite,Romero,214.72,351.76,14.11,19.5,26.1,33.4,False,False,179,664,11,2026-04-30T04:36:50.726872
SKU-00758,Mandatory 4thgeneration workforce,Firm their respond meet one think piece late deep else so far capital Congress.,Automotive,Score,"Kennedy,",216.6,540.4,28.43,64.8,24.1,40.0,False,False,172,945,33,2026-04-30T04:36:50.726872
SKU-00759,Vision-oriented even-keeled open system,Enough onto almost interview southern any across nothing them under hope national call.,Industrial,Site,"Ellis,",436.92,554.12,10.28,109.6,46.5,6.2,False,False,122,815,16,2026-04-30T04:36:50.726872
SKU-00760,Proactive maximized parallelism,Size spring none tough tend president here old cause against.,Sporting Goods,Throughout,Johnson-Moore,169.57,364.24,49.34,60.9,74.6,20.9,False,False,98,300,38,2026-04-30T04:36:50.726872
SKU-00761,Multi-lateral eco-centric workforce,Room owner analysis sense art street pass worry development success sea light.,Automotive,Less,"Thomas,",70.68,94.85,44.54,60.7,25.0,45.4,False,False,45,557,9,2026-04-30T04:36:50.726872
SKU-00762,Customer-focused tertiary matrices,Cut rate similar design he power discuss quite realize once east.,Office Supplies,Protect,"Romero,",23.06,67.71,19.81,85.1,64.5,38.2,False,False,49,777,34,2026-04-30T04:36:50.726872
SKU-00763,Distributed logistical open architecture,Group rate drug before surface option enough increase energy unit fill recognize time represent government.,Office Supplies,Loss,"Hunter,",369.72,802.19,36.97,111.4,16.5,31.1,False,False,31,950,23,2026-04-30T04:36:50.726872
SKU-00764,Ergonomic uniform benchmark,Report explain road probably century role more car certain radio total claim outside decade.,Food & Beverage,Travel,"Rocha,",436.48,1092.7,43.06,82.5,39.0,52.7,False,False,50,445,12,2026-04-30T04:36:50.726872
SKU-00765,Open-source encompassing strategy,Short everybody American rock hope professional between.,Food & Beverage,Common,"Gray,",188.43,635.08,18.6,59.9,43.4,18.7,False,False,166,845,2,2026-04-30T04:36:50.726872
SKU-00766,Ameliorated grid-enabled ability,Religious source mother owner also simple factor player onto.,Office Supplies,Condition,"Madden,",374.29,537.08,39.09,69.7,47.7,7.8,False,False,105,429,5,2026-04-30T04:36:50.726872
SKU-00767,Operative mobile matrices,Consumer person five enter treat director police they cover skin resource.,Industrial,Nature,Franklin,70.2,134.97,39.69,74.5,17.4,13.9,False,False,168,604,12,2026-04-30T04:36:50.726872
SKU-00768,Reduced contextually-based artificial intelligence,Build activity here majority series attack create physical edge you miss what.,Food & Beverage,Outside,"Cobb,",234.73,566.65,32.24,81.2,40.7,27.5,False,False,91,646,3,2026-04-30T04:36:50.726872
SKU-00769,Mandatory didactic methodology,Guess ground eat wide green above nothing create.,Office Supplies,Only,Walker-Ortega,217.41,431.3,36.29,35.3,64.5,14.2,False,False,120,599,31,2026-04-30T04:36:50.726872
SKU-00770,Re-contextualized high-level application,Performance subject level sure toward black candidate live cover water walk score military appear.,Hardware,Speak,Cohen,296.27,594.51,20.59,69.8,76.3,44.1,False,False,166,929,4,2026-04-30T04:36:50.726872
SKU-00771,Synchronized holistic portal,Moment include respond a arrive character agree.,Food & Beverage,Real,"Woods,",219.86,422.47,5.72,29.2,49.5,29.1,False,False,38,176,22,2026-04-30T04:36:50.726872
SKU-00772,Decentralized multi-state paradigm,Girl early you record now significant capital decide spend specific trade.,Medical,Wall,"Black,",290.09,659.5,11.51,38.1,77.1,15.9,False,False,77,760,35,2026-04-30T04:36:50.726872
SKU-00773,Persevering high-level knowledge user,Ahead cold add very moment arm its able painting voice let activity western safe business determine.,Apparel,Agent,Wallace,218.46,446.29,18.33,115.6,30.3,16.8,False,False,197,699,32,2026-04-30T04:36:50.726872
SKU-00774,Quality-focused interactive methodology,Middle sit foot radio full yard onto offer best friend father stock.,Automotive,Left,Valenzuela,140.1,343.44,43.79,48.0,21.0,40.6,False,False,147,425,24,2026-04-30T04:36:50.726872
SKU-00775,Open-source regional frame,Campaign concern investment fund music by short care final whose difficult network she.,Electronics,Game,Fleming,158.26,494.8,33.74,71.9,77.6,22.0,False,False,134,420,33,2026-04-30T04:36:50.726872
SKU-00776,Fundamental impactful circuit,Main history production upon painting cut off expert.,Automotive,Large,"Goodwin,",45.33,97.71,7.85,108.3,44.8,54.7,False,False,59,470,11,2026-04-30T04:36:50.726872
SKU-00777,Automated leadingedge open architecture,Public reason nor save ten recent structure growth fire establish away seem area population visit.,Industrial,Lot,"Hernandez,",108.39,243.78,15.1,58.5,23.9,48.8,False,False,193,148,17,2026-04-30T04:36:50.726872
SKU-00778,Profit-focused local process improvement,President last particularly first lawyer appear whom everything defense such.,Medical,Lawyer,"Adams,",328.7,905.98,24.51,98.1,66.5,16.2,False,False,192,377,37,2026-04-30T04:36:50.726872
SKU-00779,Digitized empowering encryption,National establish able always pick cut general soon study health skill condition it.,Electronics,Same,"Taylor,",154.01,372.08,10.92,113.0,33.0,46.5,False,False,58,673,25,2026-04-30T04:36:50.726872
SKU-00780,Vision-oriented directional secured line,Like decade garden many cell hope low continue authority.,Hardware,Tonight,Smith,46.7,106.72,30.83,8.6,68.5,46.0,False,True,108,521,37,2026-04-30T04:36:50.726872
SKU-00781,Vision-oriented global knowledgebase,Television give only happen center figure future home after oil six take then four.,Industrial,Military,"Lewis,",356.07,905.45,24.5,54.7,49.8,56.8,False,False,111,975,10,2026-04-30T04:36:50.726872
SKU-00782,Expanded 4thgeneration customer loyalty,Available travel early PM full country open follow run movie pattern.,Office Supplies,Respond,"Bolton,",50.76,129.5,39.05,81.4,62.8,55.6,False,False,73,411,13,2026-04-30T04:36:50.726872
SKU-00783,Organic 4thgeneration support,Soon international agent evening help story skin easy knowledge year six run bag test.,Medical,Method,Snow-Campbell,356.08,1246.17,18.46,82.5,31.7,32.6,False,False,126,181,9,2026-04-30T04:36:50.726872
SKU-00784,Networked next generation intranet,Produce PM summer high mean reflect job themselves.,Food & Beverage,What,Mcclain-Zimmerman,240.99,447.69,4.36,29.6,65.1,49.6,False,False,29,328,13,2026-04-30T04:36:50.726872
SKU-00785,Innovative 24hour support,Effort hear maybe investment model fact much material attack color media think.,Medical,Product,King,22.64,74.69,15.56,61.6,28.2,37.6,False,False,67,371,31,2026-04-30T04:36:50.726872
SKU-00786,Upgradable real-time middleware,Like industry remember rather common plan carry research office one song today stage city.,Furniture,Former,"Floyd,",320.95,700.19,38.45,106.7,76.3,17.5,False,False,180,61,43,2026-04-30T04:36:50.726872
SKU-00787,Decentralized didactic challenge,Face event memory type go law somebody.,Medical,Avoid,Greer-Estrada,24.62,68.09,11.49,46.9,52.2,50.9,False,False,16,575,12,2026-04-30T04:36:50.726872
SKU-00788,Customizable upward-trending Local Area Network,Hospital father individual operation discover be better rate school have present man.,Office Supplies,Stop,"Shah,",438.48,727.14,49.58,52.7,72.3,29.3,False,False,27,194,33,2026-04-30T04:36:50.726872
SKU-00789,Multi-layered methodical success,His technology lose hour no call matter scene garden political only financial they.,Sporting Goods,With,Jones,389.0,827.9,46.95,16.9,65.8,41.0,False,False,52,127,17,2026-04-30T04:36:50.726872
SKU-00790,Centralized executive orchestration,Mr manager care next maintain century guess science center above baby record gun American three color.,Apparel,The,"Mcdonald,",282.54,558.05,8.04,48.4,74.2,36.0,False,False,47,913,22,2026-04-30T04:36:50.726872
SKU-00791,Optional zero tolerance software,Alone here look figure team it once early son because easy.,Industrial,Daughter,Stephens,364.79,779.63,37.94,41.6,77.3,38.5,False,False,189,269,12,2026-04-30T04:36:50.726872
SKU-00792,Re-contextualized disintermediate encoding,To board born than enjoy again government.,Office Supplies,More,"Morris,",169.59,318.89,46.23,17.6,12.3,46.8,False,False,188,400,6,2026-04-30T04:36:50.726872
SKU-00793,Devolved tangible frame,Child hotel gas everybody include leader education lawyer west decision authority laugh.,Medical,Owner,"Gonzalez,",97.4,162.86,48.32,84.0,15.8,14.0,False,False,35,756,38,2026-04-30T04:36:50.726872
SKU-00794,Cross-group stable encoding,Give however interest pay wind easy would space my south green those.,Automotive,Note,Beck-Jones,98.55,236.94,39.04,66.8,72.3,52.0,False,False,181,187,11,2026-04-30T04:36:50.726872
SKU-00795,Streamlined national circuit,War hit animal but pass on book state same can team various.,Hardware,Follow,"Ruiz,",14.01,25.74,26.16,27.8,29.3,58.5,False,False,123,223,35,2026-04-30T04:36:50.726872
SKU-00796,Exclusive hybrid website,Exist it team student magazine operation course loss risk paper worry bed there capital write.,Automotive,Technology,Li-Lawson,94.37,120.39,0.18,60.4,63.3,55.4,False,False,197,636,1,2026-04-30T04:36:50.726872
SKU-00797,Centralized systematic toolset,Fine result put camera across music produce city trip buy team half away among ever goal.,Medical,Style,Jackson-Torres,446.14,994.83,48.57,32.3,39.9,10.4,False,True,117,719,31,2026-04-30T04:36:50.726872
SKU-00798,Up-sized encompassing instruction set,Character behind from impact place dog deep question already.,Hardware,Clearly,Lopez-Anderson,310.54,832.91,9.36,15.8,16.0,18.4,False,False,153,100,43,2026-04-30T04:36:50.726872
SKU-00799,De-engineered fresh-thinking encoding,Before everybody dog poor finish war other money exist pull thus article this more couple.,Sporting Goods,Yourself,Williams-Ramirez,135.96,289.23,28.76,10.1,71.5,40.9,False,False,94,864,26,2026-04-30T04:36:50.726872
SKU-00800,Advanced well-modulated synergy,Defense term walk middle talk policy think part letter cause establish few skin beat trade activity.,Automotive,Member,Caldwell,116.63,268.41,5.55,75.5,35.1,20.7,False,False,165,748,2,2026-04-30T04:36:50.726872
SKU-00801,Front-line systematic groupware,Voice can thank listen poor majority great either huge join.,Industrial,Life,Alvarez-Perez,175.03,532.3,28.5,116.0,58.9,45.5,False,False,43,394,43,2026-04-30T04:36:50.726872
SKU-00802,Inverse fault-tolerant open architecture,Explain visit conference hope into fund raise oil.,Furniture,Success,"Mcgee,",449.12,1016.77,2.75,68.5,60.3,23.7,False,False,149,195,38,2026-04-30T04:36:50.726872
SKU-00803,Persistent tertiary application,Which generation value better those store development economic anything.,Electronics,Coach,Montgomery-Yang,176.98,405.34,8.84,115.5,74.2,5.9,False,False,196,191,22,2026-04-30T04:36:50.726872
SKU-00804,Seamless secondary groupware,Congress explain land country relate strategy attorney capital ten ten determine try read body.,Automotive,Letter,Greene-Bradley,428.74,1303.69,7.12,18.0,47.9,55.9,True,False,126,425,18,2026-04-30T04:36:50.726872
SKU-00805,Multi-lateral foreground Local Area Network,We soon base school instead pull work almost.,Apparel,With,"Myers,",232.21,742.12,46.41,31.7,63.0,23.3,False,False,86,246,44,2026-04-30T04:36:50.726872
SKU-00806,Right-sized background analyzer,Response street couple economy democratic environment economy.,Hardware,Than,Goodman,377.88,475.97,18.17,32.5,65.3,51.4,False,False,74,436,37,2026-04-30T04:36:50.726872
SKU-00807,Operative optimizing array,Challenge real wonder remain place leg change turn whatever huge matter.,Office Supplies,From,Murray,99.13,151.15,43.82,89.5,27.8,54.6,False,False,149,300,13,2026-04-30T04:36:50.726872
SKU-00808,Self-enabling motivating knowledge user,Floor lot argue trouble could seek design add onto tonight program deep wish garden room.,Office Supplies,Language,"Bernard,",40.42,83.96,47.58,72.0,41.2,35.5,False,False,164,514,7,2026-04-30T04:36:50.726872
SKU-00809,Horizontal impactful hub,Including look need finally leg agreement eye sound point detail Republican star government smile set.,Medical,Job,"Mitchell,",222.51,318.91,24.35,8.1,7.4,25.8,False,True,156,360,5,2026-04-30T04:36:50.726872
SKU-00810,Implemented value-added installation,Four letter manager finish write attention writer hand skin successful.,Automotive,Money,Carroll-Hughes,59.61,75.16,4.75,50.1,45.6,15.4,False,False,92,263,16,2026-04-30T04:36:50.726872
SKU-00811,Triple-buffered non-volatile hierarchy,Impact smile actually size policy shoulder up relate language fire consumer successful say middle PM because.,Sporting Goods,Organization,White,202.53,371.13,37.83,57.2,67.5,28.5,False,False,25,59,25,2026-04-30T04:36:50.726872
SKU-00812,Inverse background superstructure,Full lose onto happy result law candidate machine including event expect.,Industrial,Would,Parker-Brown,127.0,251.5,47.71,101.9,74.8,48.3,False,False,69,912,6,2026-04-30T04:36:50.726872
SKU-00813,Secured methodical analyzer,Back so choice opportunity central administration single gun serious find without couple check parent hard.,Medical,Begin,"Hays,",288.12,853.03,2.33,31.0,24.8,47.9,False,False,125,391,32,2026-04-30T04:36:50.726872
SKU-00814,Re-contextualized hybrid challenge,Employee leave it position option foreign owner TV life value process prevent seem idea reach.,Industrial,Agent,Tapia,403.42,1407.02,17.08,94.6,27.7,18.3,False,True,87,767,29,2026-04-30T04:36:50.726872
SKU-00815,Profit-focused coherent function,Human wonder help final no issue range above whose plant decision.,Food & Beverage,Issue,"Moore,",326.82,1028.93,27.12,118.9,34.0,51.7,False,False,23,515,39,2026-04-30T04:36:50.726872
SKU-00816,Upgradable 3rdgeneration moderator,Friend Congress skin interview number society help not sure decision tree central.,Furniture,Line,"Briggs,",351.08,1142.68,18.06,71.7,71.7,48.6,False,False,37,102,31,2026-04-30T04:36:50.726872
SKU-00817,Innovative transitional installation,Star paper close which road establish computer sit quite education edge there involve huge animal.,Furniture,Black,Greene-Manning,429.08,992.67,15.4,56.7,26.7,45.1,False,False,141,628,30,2026-04-30T04:36:50.726872
SKU-00818,Cross-group needs-based application,Thank how maybe nature serious second receive what wall pattern college will.,Automotive,Pm,Preston-Molina,69.54,193.81,10.58,63.3,25.1,59.4,True,False,12,673,33,2026-04-30T04:36:50.726872
SKU-00819,Synergized well-modulated projection,Growth minute interview religious indicate beautiful project event sure window direction pretty than name name building.,Automotive,Particularly,"Lee,",117.13,285.67,17.51,52.9,68.2,24.0,False,False,176,785,27,2026-04-30T04:36:50.726872
SKU-00820,Devolved secondary utilization,Management management wide easy wide necessary able simply theory civil.,Sporting Goods,Successful,Jones,31.85,49.29,20.55,68.0,7.5,46.5,False,False,126,499,39,2026-04-30T04:36:50.726872
SKU-00821,Cross-platform motivating task-force,Congress accept check oil hair democratic up drug step PM rate quickly.,Electronics,Film,Wheeler,169.5,500.53,10.34,70.0,66.9,10.4,False,False,57,950,29,2026-04-30T04:36:50.726872
SKU-00822,Configurable composite matrix,Contain business organization interview cost street consumer.,Hardware,Happen,"Smith,",32.79,45.06,21.95,32.4,31.8,9.5,False,False,179,862,3,2026-04-30T04:36:50.726872
SKU-00823,Switchable zero administration knowledgebase,Player human offer ready account accept black ok young security week heavy garden where.,Apparel,Difference,Crosby,183.98,348.95,8.28,27.1,75.6,16.0,False,False,160,285,17,2026-04-30T04:36:50.726872
SKU-00824,Progressive disintermediate extranet,Six member sing box tree fine responsibility fight peace box.,Electronics,Produce,Hurst,127.05,383.93,40.74,107.3,67.6,57.2,False,False,76,774,15,2026-04-30T04:36:50.726872
SKU-00825,Reactive local access,Lot mouth control almost effort another down yard rest.,Electronics,Act,"Fitzpatrick,",306.5,658.17,17.26,20.0,30.6,33.2,False,False,163,362,6,2026-04-30T04:36:50.726872
SKU-00826,Re-contextualized secondary budgetary management,Study cold herself race agent technology that Democrat enter.,Office Supplies,Bag,"Hall,",62.74,112.65,35.8,10.6,63.9,52.0,False,False,152,394,19,2026-04-30T04:36:50.726872
SKU-00827,Enterprise-wide transitional knowledge user,Civil challenge than this because born job nor rise close west seat cold.,Office Supplies,Imagine,Frazier-Garcia,239.97,432.47,5.91,71.5,61.5,48.4,False,False,102,408,20,2026-04-30T04:36:50.726872
SKU-00828,Versatile attitude-oriented initiative,Measure both item type some score in career our conference benefit country however either.,Sporting Goods,Condition,Ramos-Chan,407.17,1243.85,16.27,117.1,35.8,59.6,False,False,17,541,36,2026-04-30T04:36:50.726872
SKU-00829,Down-sized composite analyzer,Of base rate use full political age watch activity social back miss single art garden language.,Automotive,Stuff,Smith-Green,387.05,963.35,31.91,56.4,34.8,41.4,False,False,43,222,8,2026-04-30T04:36:50.726872
SKU-00830,Intuitive cohesive neural-net,Include majority artist site mean job particular anyone according pretty dinner.,Hardware,Agent,"Cole,",113.22,375.14,1.81,108.4,51.6,43.6,False,False,116,994,14,2026-04-30T04:36:50.726872
SKU-00831,Balanced global migration,Focus responsibility account marriage clear cold political word drug rise.,Furniture,Official,Cunningham,428.21,1172.92,27.04,59.3,44.3,30.1,False,False,61,896,45,2026-04-30T04:36:50.726872
SKU-00832,Team-oriented neutral encoding,Action blue seem as cover agree time sure move.,Apparel,Baby,"Carlson,",35.72,109.39,28.41,96.7,18.0,49.4,False,False,110,367,20,2026-04-30T04:36:50.726872
SKU-00833,Balanced impactful functionalities,At light require event week soon rest leave.,Electronics,Relate,Nelson-Bell,53.01,94.23,38.04,67.3,43.0,29.3,True,True,20,233,34,2026-04-30T04:36:50.726872
SKU-00834,Organic non-volatile Internet solution,News weight piece become thus size effort argue scene page film fear range vote my.,Office Supplies,Really,"Martinez,",220.22,614.58,7.59,7.4,56.1,44.4,False,True,195,958,32,2026-04-30T04:36:50.726872
SKU-00835,Versatile even-keeled groupware,Matter receive let indicate author team can north scene benefit although check behind.,Office Supplies,Knowledge,Rivera-Frederick,163.34,552.25,3.43,36.7,42.4,10.0,False,True,78,465,27,2026-04-30T04:36:50.726872
SKU-00836,Polarized maximized task-force,Can check day above region glass discover.,Medical,Live,"Sawyer,",60.53,119.18,37.01,94.7,31.7,25.5,False,False,80,224,4,2026-04-30T04:36:50.726872
SKU-00837,Inverse content-based superstructure,Arrive true player popular consumer environmental nor listen dog.,Automotive,Section,"Porter,",104.57,143.75,26.77,93.2,26.9,33.5,False,False,13,636,24,2026-04-30T04:36:50.726872
SKU-00838,Secured real-time core,Pick fund line range administration record effort thus partner offer.,Medical,Institution,"Henderson,",229.2,359.6,11.97,68.9,34.8,43.0,True,True,32,935,17,2026-04-30T04:36:50.726872
SKU-00839,Integrated zero administration info-mediaries,Move entire quality eat newspaper five serve somebody get report owner.,Furniture,On,"Tran,",152.0,242.51,6.82,60.8,25.1,40.5,False,False,168,699,30,2026-04-30T04:36:50.726872
SKU-00840,Distributed methodical encryption,Wind term store tax time voice piece argue bit interest early single.,Office Supplies,But,Vazquez-Anderson,4.62,6.24,5.43,54.7,50.7,51.1,False,False,168,182,23,2026-04-30T04:36:50.726872
SKU-00841,Multi-layered hybrid solution,Eight ready gas win indeed husband son month information thought.,Apparel,Day,Stevens-Campbell,34.52,46.74,42.43,22.8,59.3,22.5,False,False,154,510,1,2026-04-30T04:36:50.726872
SKU-00842,Future-proofed high-level hierarchy,Science this wall data that value base black fund.,Furniture,Visit,"Baker,",374.36,1013.3,9.97,59.8,30.5,11.4,False,False,171,980,24,2026-04-30T04:36:50.726872
SKU-00843,Stand-alone executive concept,Place mother federal task should her media tonight.,Hardware,Bad,Hanson,411.65,586.18,42.13,97.2,53.4,6.8,False,False,129,392,30,2026-04-30T04:36:50.726872
SKU-00844,Open-source encompassing system engine,Politics community edge hold concern other may kind education rock follow prepare perform month.,Hardware,Mission,Duran-Hudson,137.26,478.84,48.16,110.2,27.4,49.0,False,False,50,444,9,2026-04-30T04:36:50.726872
SKU-00845,Decentralized high-level encoding,Article firm budget happy want away more.,Hardware,Tough,Castillo-Carroll,156.6,377.96,27.32,84.7,18.3,39.9,False,False,130,795,29,2026-04-30T04:36:50.726872
SKU-00846,Synergized disintermediate application,When spend newspaper employee science young agent me cell identify feel wear.,Automotive,Situation,Nichols-Becker,107.18,304.78,23.11,24.8,61.4,19.2,False,False,97,930,20,2026-04-30T04:36:50.726872
SKU-00847,Networked composite function,Seat write player TV place actually inside sea home rise.,Medical,Huge,"Sims,",280.75,678.72,8.32,117.1,33.2,29.6,False,False,192,921,20,2026-04-30T04:36:50.726872
SKU-00848,Integrated real-time benchmark,Sometimes somebody million make what pick history across back.,Sporting Goods,Spring,Kim-Bell,101.43,324.55,32.41,101.0,51.0,35.1,False,False,146,712,2,2026-04-30T04:36:50.726872
SKU-00849,Advanced bi-directional benchmark,Five catch yard bank analysis travel seven cost work.,Apparel,Company,"Hebert,",288.86,551.51,29.1,53.2,8.8,3.8,False,False,163,117,27,2026-04-30T04:36:50.726872
SKU-00850,Profound discrete productivity,Both common never thousand enough reduce nature cell already.,Medical,Maintain,"Foster,",315.0,555.38,20.82,38.1,17.6,24.2,False,False,45,178,24,2026-04-30T04:36:50.726872
SKU-00851,Sharable web-enabled knowledge user,Themselves clearly use positive experience everything especially either add little success college relationship mouth.,Apparel,Land,Higgins,118.87,395.41,11.12,94.9,22.3,36.5,False,False,171,110,7,2026-04-30T04:36:50.726872
SKU-00852,Reduced holistic concept,Relate successful science remember outside lead food like join time today reduce participant color director.,Apparel,Grow,Porter-Andrews,305.93,703.7,5.53,86.7,61.4,12.7,False,False,26,314,32,2026-04-30T04:36:50.726872
SKU-00853,Switchable radical project,Support decade kitchen administration find personal American only painting role movement first sign stage discover.,Office Supplies,Arrive,Peterson,432.06,949.45,48.49,6.5,5.9,5.8,False,False,67,272,22,2026-04-30T04:36:50.726872
SKU-00854,User-centric 4thgeneration challenge,Green necessary important plan him respond take industry ground put trade hotel trade force bank.,Industrial,Congress,Brown,275.45,622.2,15.38,23.2,45.4,16.1,False,False,92,681,27,2026-04-30T04:36:50.726872
SKU-00855,Implemented clear-thinking info-mediaries,Professional here stuff experience billion age size take generation.,Medical,Finally,Shaw,308.45,932.11,39.88,14.5,31.5,52.1,True,False,120,837,11,2026-04-30T04:36:50.726872
SKU-00856,Sharable discrete Graphic Interface,Health from song political like law role opportunity also language thus TV unit.,Medical,Staff,Ellis-Walker,334.18,965.56,11.89,42.3,8.2,13.8,False,True,19,770,41,2026-04-30T04:36:50.726872
SKU-00857,Function-based next generation workforce,Road seek form color wall voice season stop information soldier suffer anything.,Industrial,Receive,Trujillo-Mejia,26.44,83.17,20.39,104.4,53.4,19.5,False,False,198,772,21,2026-04-30T04:36:50.726872
SKU-00858,Diverse mission-critical parallelism,Perform none set yeah foreign class skill however effort.,Electronics,Tv,"Clements,",144.17,411.95,14.28,78.7,14.4,37.9,False,False,25,802,28,2026-04-30T04:36:50.726872
SKU-00859,Centralized directional secured line,Fund also a night service garden research walk executive increase science like floor student myself.,Office Supplies,Authority,"Kaiser,",200.13,615.54,13.46,70.7,51.6,19.7,False,False,160,69,18,2026-04-30T04:36:50.726872
SKU-00860,Polarized homogeneous strategy,Free past individual fine rich security against arrive government against.,Food & Beverage,Street,Harris,144.78,421.82,33.63,104.5,64.3,42.0,False,False,187,277,22,2026-04-30T04:36:50.726872
SKU-00861,Compatible asymmetric moderator,Marriage many large miss practice top you throw country despite medical expert Republican party loss source.,Food & Beverage,Support,Williams-Sanchez,206.32,641.92,41.32,16.3,21.6,3.1,False,False,73,694,44,2026-04-30T04:36:50.726872
SKU-00862,User-centric systematic emulation,Mean health example more feeling information source involve.,Apparel,Red,Rhodes,94.87,329.01,21.21,16.7,18.4,19.0,False,False,172,633,35,2026-04-30T04:36:50.726872
SKU-00863,Robust dedicated array,Likely network answer citizen training all drive indeed right rich.,Medical,Job,Ayers-Logan,169.38,271.67,12.16,44.9,29.3,6.2,False,False,43,384,7,2026-04-30T04:36:50.726872
SKU-00864,Persevering disintermediate instruction set,She lay find give former those debate tonight mean party south receive.,Medical,Defense,Ingram-Bowen,368.76,1048.97,18.35,46.0,45.1,30.9,False,False,78,699,45,2026-04-30T04:36:50.726872
SKU-00865,Customer-focused actuating challenge,Person off he dog any peace seem court economic present these day.,Apparel,Respond,"Lucero,",24.97,39.77,32.42,84.0,27.4,21.8,False,True,168,210,24,2026-04-30T04:36:50.726872
SKU-00866,Intuitive global synergy,Let century economy it song institution history.,Hardware,Father,"Rodriguez,",366.14,566.09,11.71,97.1,7.7,30.2,False,False,73,892,23,2026-04-30T04:36:50.726872
SKU-00867,Innovative fault-tolerant middleware,Join blue view without where none each writer produce law these through law approach.,Office Supplies,Past,Brown-Knight,406.68,1163.05,11.24,84.2,50.8,16.7,False,True,192,945,31,2026-04-30T04:36:50.726872
SKU-00868,Polarized composite hardware,Project citizen scientist simple guess per law shoulder claim.,Medical,Office,Herrera,50.87,161.83,15.77,62.1,14.1,56.0,False,False,141,696,42,2026-04-30T04:36:50.726872
SKU-00869,Visionary next generation portal,Option three responsibility west feel owner weight himself.,Industrial,Share,Weber-Jones,60.46,131.29,0.97,95.1,14.0,25.8,False,True,181,943,35,2026-04-30T04:36:50.726872
SKU-00870,Triple-buffered tangible paradigm,Finish staff prevent fall fear edge focus draw once air authority.,Automotive,Hospital,Turner,296.22,528.53,6.66,105.5,5.1,27.3,False,True,49,106,21,2026-04-30T04:36:50.726872
SKU-00871,User-centric multi-tasking implementation,Mrs form management act attorney onto seven out get and throw feeling later analysis.,Automotive,Worker,"Shelton,",273.79,650.85,17.99,80.0,49.7,28.7,False,False,65,759,28,2026-04-30T04:36:50.726872
SKU-00872,Virtual secondary Graphical User Interface,Sea traditional recently arm reality program left.,Sporting Goods,We,"Johnson,",12.25,16.47,38.3,9.4,8.3,55.2,False,False,34,919,4,2026-04-30T04:36:50.726872
SKU-00873,Total interactive analyzer,Black best professional actually maintain peace soon second history environmental.,Furniture,Medical,Cameron-Freeman,330.11,523.16,41.57,65.3,46.8,33.2,False,False,110,722,8,2026-04-30T04:36:50.726872
SKU-00874,Horizontal secondary conglomeration,Represent project cut by no hundred reach maybe turn where quite institution this minute.,Food & Beverage,Movie,Bailey,174.56,436.13,5.78,116.2,40.5,33.1,False,False,185,411,27,2026-04-30T04:36:50.726872
SKU-00875,Persistent bifurcated solution,Half indeed indicate teacher increase worry through woman not inside second hold.,Electronics,Involve,"Smith,",419.04,1460.05,31.42,81.0,33.6,59.6,False,False,51,439,31,2026-04-30T04:36:50.726872
SKU-00876,Decentralized tangible installation,Tell author debate free worker cost end he.,Electronics,Bad,"Hernandez,",80.48,102.78,47.47,87.2,16.7,2.1,False,False,182,734,19,2026-04-30T04:36:50.726872
SKU-00877,Reverse-engineered clear-thinking artificial intelligence,Political involve nothing suffer throughout newspaper service theory often.,Food & Beverage,On,Fox-Duncan,202.17,461.09,17.65,37.5,40.0,15.0,False,False,146,277,4,2026-04-30T04:36:50.726872
SKU-00878,Profit-focused responsive portal,Science be interesting difference girl manager anything remember home themselves writer Congress girl.,Furniture,Order,"Miller,",346.24,778.26,44.23,92.4,48.8,59.3,False,False,98,340,39,2026-04-30T04:36:50.726872
SKU-00879,Decentralized client-driven matrices,If true she book hospital win send bed stay television during.,Automotive,Rest,"Smith,",247.56,566.48,4.06,49.6,24.8,4.0,False,False,195,477,29,2026-04-30T04:36:50.726872
SKU-00880,Face-to-face human-resource ability,Small community activity country individual deal say make health per eye short minute.,Sporting Goods,Such,Smith,168.6,338.83,24.62,16.6,36.9,22.6,False,False,103,890,26,2026-04-30T04:36:50.726872
SKU-00881,Advanced tertiary alliance,Talk city data design camera short company know ten would.,Industrial,Design,"Leon,",94.44,170.95,37.55,62.9,73.7,40.0,False,False,14,787,3,2026-04-30T04:36:50.726872
SKU-00882,Mandatory incremental artificial intelligence,News real character whole strong music rather investment.,Sporting Goods,Thank,"Padilla,",61.91,193.69,17.37,43.1,64.3,15.9,False,False,71,68,44,2026-04-30T04:36:50.726872
SKU-00883,Open-source client-driven protocol,No customer power professor ask bill pretty clear.,Automotive,Sound,Owens,91.23,215.67,27.9,17.5,63.7,50.7,False,False,133,739,10,2026-04-30T04:36:50.726872
SKU-00884,Assimilated demand-driven productivity,Interest hotel hot result pattern lose medical practice citizen weight for middle from.,Hardware,Data,Rowland,7.16,11.26,33.27,20.9,33.1,49.4,False,True,24,400,19,2026-04-30T04:36:50.726872
SKU-00885,Seamless actuating structure,Property over write air different guess generation read program.,Electronics,Box,"Harris,",266.05,636.23,37.24,9.2,47.3,55.3,False,False,136,461,41,2026-04-30T04:36:50.726872
SKU-00886,De-engineered system-worthy knowledge user,Increase store old garden spend stock rule approach idea lawyer article smile.,Sporting Goods,Car,"Hodge,",207.02,496.33,6.84,48.4,34.4,2.8,False,False,73,588,15,2026-04-30T04:36:50.726872
SKU-00887,Secured explicit utilization,Page matter civil rich what draw me college about require foreign everybody level market environmental.,Electronics,Behind,Ross,347.94,456.45,29.06,38.5,28.5,37.7,False,False,14,553,45,2026-04-30T04:36:50.726872
SKU-00888,Open-source heuristic intranet,Stuff case total coach card water seem board nothing foreign especially upon project.,Industrial,Agent,Hart,438.19,652.6,49.58,70.1,53.3,20.2,False,False,49,574,40,2026-04-30T04:36:50.726872
SKU-00889,Fundamental optimal time-frame,Couple system sport science floor lose speak important house return down.,Food & Beverage,Occur,"Richard,",224.19,461.44,26.14,96.8,16.8,21.5,False,False,113,107,1,2026-04-30T04:36:50.726872
SKU-00890,Vision-oriented user-facing alliance,Surface recently organization result seat middle center decade recent win six half very option could southern.,Food & Beverage,Wind,Riley,75.92,101.28,11.3,114.7,7.9,24.2,False,False,36,238,24,2026-04-30T04:36:50.726872
SKU-00891,Cross-group coherent productivity,Air him no force discover alone most movement yet just a cause total total.,Office Supplies,With,"Joseph,",36.85,89.07,36.86,100.0,12.7,32.0,False,False,139,953,1,2026-04-30T04:36:50.726872
SKU-00892,Cloned cohesive access,Pay how live without kitchen want current kitchen far economic difference time gun low least.,Automotive,Blood,"Fuller,",152.56,328.88,2.27,67.4,13.6,12.4,False,False,151,350,18,2026-04-30T04:36:50.726872
SKU-00893,Inverse mobile workforce,Stuff suffer open major almost end stand cut during hotel rise.,Furniture,Accept,"Shah,",219.43,290.9,27.89,97.0,36.2,20.9,False,False,151,879,19,2026-04-30T04:36:50.726872
SKU-00894,Optimized neutral projection,Manager whom responsibility anyone government why investment buy sure form wonder carry operation compare stuff.,Apparel,Kind,Stewart,137.28,176.18,8.09,117.4,57.1,10.7,False,False,58,791,5,2026-04-30T04:36:50.726872
SKU-00895,Vision-oriented multimedia application,Nor middle figure support single history story.,Medical,Political,Mack-Smith,111.08,197.51,3.93,47.2,22.0,6.3,False,False,146,82,45,2026-04-30T04:36:50.726872
SKU-00896,Assimilated asynchronous paradigm,Whom understand late mind visit election kid serve.,Automotive,Each,"Parker,",69.9,186.66,40.63,110.8,64.1,37.0,False,False,11,442,6,2026-04-30T04:36:50.726872
SKU-00897,Open-architected web-enabled orchestration,Star player allow page bit blue most watch her attack.,Medical,Discuss,Rodriguez,12.49,41.77,39.42,105.4,47.6,45.2,False,False,167,178,21,2026-04-30T04:36:50.726872
SKU-00898,Monitored explicit capacity,Pm pressure report grow attack beautiful total prevent cultural government feel security official coach officer.,Automotive,At,Edwards,381.38,1297.43,33.86,21.4,27.8,30.2,False,False,64,346,5,2026-04-30T04:36:50.726872
SKU-00899,Secured regional support,Already raise set cause newspaper report quickly would home involve year hold close road officer floor.,Food & Beverage,Third,Shannon,436.02,801.9,14.12,27.8,10.2,8.0,False,False,153,698,7,2026-04-30T04:36:50.726872
SKU-00900,Ameliorated secondary data-warehouse,Partner wind nearly move expert protect present again beyond cultural draw real nothing daughter perhaps.,Office Supplies,Return,Thornton-White,141.45,470.13,34.9,31.6,28.6,8.7,False,False,89,369,29,2026-04-30T04:36:50.726872
SKU-00901,Versatile homogeneous encryption,Cold above business value nice nearly bring development term back like increase game stop image.,Office Supplies,Local,Jones-Taylor,18.79,40.99,28.67,36.6,8.6,60.0,False,False,179,887,33,2026-04-30T04:36:50.726872
SKU-00902,Triple-buffered zero tolerance secured line,Need care almost direction two most work know sound especially group person traditional draw structure.,Food & Beverage,Determine,Smith-Kim,207.26,291.35,9.98,35.2,65.5,46.2,False,False,42,832,10,2026-04-30T04:36:50.726872
SKU-00903,Progressive mission-critical budgetary management,The college service line up her game they ask type example success live else guy reason.,Medical,For,Perez-Kelly,206.79,537.49,39.55,57.3,25.1,14.9,False,False,77,314,40,2026-04-30T04:36:50.726872
SKU-00904,Enhanced heuristic intranet,Win father specific statement mother work follow result pressure way of.,Furniture,Anything,"Rodriguez,",282.88,939.87,26.31,5.4,75.7,16.3,False,False,167,345,6,2026-04-30T04:36:50.726872
SKU-00905,Virtual bi-directional budgetary management,Save live economic discussion ten avoid least expert inside year power art.,Automotive,Job,"Smith,",84.84,289.97,3.63,100.8,6.3,11.7,False,False,69,116,45,2026-04-30T04:36:50.726872
SKU-00906,User-centric demand-driven architecture,Development its reflect concern machine meeting into eat personal second tonight heavy read take since official.,Electronics,Election,Hanson-Blackwell,291.19,591.78,46.28,50.6,11.6,50.5,False,False,164,465,42,2026-04-30T04:36:50.726872
SKU-00907,Devolved even-keeled throughput,Later fund first thing front like most well card court name statement.,Automotive,Degree,Ali,150.53,454.65,8.37,31.0,7.8,56.0,True,False,84,583,26,2026-04-30T04:36:50.726872
SKU-00908,User-centric client-server Local Area Network,Help professor section hope claim upon memory place.,Industrial,Particularly,Benjamin-King,209.55,675.34,18.99,78.1,48.8,32.1,False,False,27,528,1,2026-04-30T04:36:50.726872
SKU-00909,Operative uniform workforce,Well young plan agency range general year light serious.,Food & Beverage,Soldier,"Lopez,",404.34,874.14,5.42,118.6,74.1,28.4,False,False,123,547,15,2026-04-30T04:36:50.726872
SKU-00910,Ergonomic bottom-line utilization,Choice rich week bed some white value reduce cause send a voice your hot give rate.,Office Supplies,Enough,"Davis,",294.75,749.19,15.57,27.7,20.1,59.4,False,False,38,956,5,2026-04-30T04:36:50.726872
SKU-00911,Multi-layered even-keeled architecture,Party five today thousand trouble beat she anything discussion I agreement toward citizen character little.,Furniture,General,"Turner,",199.89,566.26,21.21,11.0,7.7,37.7,False,False,83,350,6,2026-04-30T04:36:50.726872
SKU-00912,Organized optimal system engine,Week growth beyond stock mean research pressure begin challenge school happen modern common music trade.,Office Supplies,Former,Carter-Weber,425.25,851.32,29.64,56.5,22.1,15.5,False,False,154,797,27,2026-04-30T04:36:50.726872
SKU-00913,Innovative leadingedge info-mediaries,Rate model their Mrs decision office surface.,Office Supplies,Off,Thompson-Harper,443.24,927.06,8.17,70.3,13.2,47.0,True,False,69,418,16,2026-04-30T04:36:50.726872
SKU-00914,Streamlined scalable frame,Level themselves degree decide however each system family among light season whose charge.,Electronics,Specific,Young,408.23,796.05,34.77,72.4,18.5,38.3,False,False,108,784,8,2026-04-30T04:36:50.726872
SKU-00915,Total impactful function,Any stay exist though matter number place item your effect present development young alone wall article.,Furniture,Road,Price,430.82,1001.51,41.59,32.1,79.6,14.6,False,False,119,761,10,2026-04-30T04:36:50.726872
SKU-00916,Visionary homogeneous Internet solution,World wife model guy fish authority seek mouth former.,Medical,Power,Hernandez-Jacobson,123.96,355.11,7.7,110.6,64.5,49.1,False,False,106,928,22,2026-04-30T04:36:50.726872
SKU-00917,Multi-channeled asynchronous task-force,Plant memory money bag him word increase analysis.,Food & Beverage,Receive,White,436.43,1366.06,7.76,60.1,65.9,34.1,False,False,30,997,16,2026-04-30T04:36:50.726872
SKU-00918,Adaptive explicit instruction set,Adult billion energy process current stop person training rest through care fine authority agency home man.,Food & Beverage,Off,Flores-Ruiz,124.16,376.18,44.74,60.4,50.7,27.5,False,True,103,622,42,2026-04-30T04:36:50.726872
SKU-00919,Face-to-face client-server archive,Glass themselves treat event to similar occur get sea suggest add baby attack.,Food & Beverage,Wish,Mcdaniel,46.92,145.72,23.18,19.4,71.1,9.0,False,True,188,880,38,2026-04-30T04:36:50.726872
SKU-00920,Seamless multi-state hub,College product agent get us air international.,Food & Beverage,Light,King,251.45,843.0,18.61,35.2,27.7,14.1,False,False,124,65,7,2026-04-30T04:36:50.726872
SKU-00921,Focused directional protocol,Simply matter ball lawyer set ground save at none son.,Office Supplies,Old,"Martin,",422.49,870.92,0.34,105.5,49.9,15.8,False,False,35,791,35,2026-04-30T04:36:50.726872
SKU-00922,Diverse 24hour toolset,Medical public nature ground president answer only yourself government.,Automotive,Bring,Salas-Kelley,443.53,1506.21,29.2,22.4,29.2,37.1,False,True,16,686,12,2026-04-30T04:36:50.726872
SKU-00923,Decentralized cohesive instruction set,Involve free animal foreign arm say would career seek outside discuss over draw east who seek.,Electronics,History,Harmon,176.16,223.01,33.37,95.1,64.7,8.4,False,True,93,484,5,2026-04-30T04:36:50.726872
SKU-00924,Pre-emptive eco-centric policy,Sport small dream discover whether fast serve use win quickly discussion politics great.,Furniture,Develop,"Silva,",187.75,428.87,28.14,95.6,77.6,45.3,False,False,32,925,15,2026-04-30T04:36:50.726872
SKU-00925,Realigned web-enabled help-desk,Affect different ago improve effort benefit news pretty stop opportunity another floor after window senior.,Sporting Goods,Expert,"Dixon,",2.04,4.9,32.79,27.2,69.0,40.6,False,False,23,832,44,2026-04-30T04:36:50.726872
SKU-00926,Reduced 4thgeneration functionalities,News treat level color arrive appear education either occur.,Sporting Goods,Each,"Rodriguez,",309.44,980.48,23.96,27.6,74.9,6.3,False,False,41,555,44,2026-04-30T04:36:50.726872
SKU-00927,Function-based transitional access,Customer eight house quickly mean everyone way.,Medical,Individual,Craig-Tucker,400.2,1354.5,12.33,119.1,69.2,56.4,False,False,27,670,9,2026-04-30T04:36:50.726872
SKU-00928,Expanded mission-critical frame,Out if watch kind despite her around factor think like billion.,Hardware,According,"Garcia,",58.21,173.89,26.56,20.7,15.5,25.8,False,False,111,891,19,2026-04-30T04:36:50.726872
SKU-00929,Right-sized demand-driven middleware,Green tax so question one example fill ok similar.,Automotive,But,Smith-Foster,56.02,77.98,31.52,117.1,21.8,3.7,False,False,39,756,41,2026-04-30T04:36:50.726872
SKU-00930,Vision-oriented tertiary groupware,Window health ready issue night water very describe scientist interview hundred model least change.,Food & Beverage,They,"Tran,",197.21,434.46,9.54,110.0,50.7,5.8,False,False,13,906,16,2026-04-30T04:36:50.726872
SKU-00931,Networked encompassing complexity,Stop water discover party activity what several group outside career recently support among president word could.,Furniture,Plan,"Copeland,",67.58,185.81,35.68,89.4,54.4,58.7,False,False,48,956,41,2026-04-30T04:36:50.726872
SKU-00932,Assimilated background artificial intelligence,People own structure fight within evening majority public pressure task already.,Medical,Sort,"Cisneros,",362.56,1196.77,8.82,107.1,23.0,35.8,False,False,92,915,11,2026-04-30T04:36:50.726872
SKU-00933,Persevering national architecture,Financial statement hope team offer watch do his sister all customer reach again like training husband.,Office Supplies,Well,"Carpenter,",421.42,702.2,30.78,92.6,24.4,41.7,False,False,171,489,35,2026-04-30T04:36:50.726872
SKU-00934,User-friendly 3rdgeneration frame,Relationship market this investment police three all talk.,Hardware,Which,Trujillo,196.6,631.53,44.2,13.6,63.7,14.9,False,False,164,774,34,2026-04-30T04:36:50.726872
SKU-00935,Profit-focused stable utilization,Lead law attention rest well office beyond floor leg discuss easy shake budget enough.,Sporting Goods,Town,Gonzales-Peters,12.5,29.68,4.35,43.4,57.7,36.4,False,False,173,981,25,2026-04-30T04:36:50.726872
SKU-00936,Universal intangible knowledge user,Wait his speak reason near at why subject.,Apparel,Peace,Martin,314.82,946.03,26.58,111.8,8.9,55.5,False,False,14,780,18,2026-04-30T04:36:50.726872
SKU-00937,Virtual next generation process improvement,Meeting treatment clearly officer purpose ask these ago morning beyond receive quality night friend happy.,Food & Beverage,Make,"Perez,",429.61,989.36,5.9,25.5,59.3,25.0,False,False,58,381,33,2026-04-30T04:36:50.726872
SKU-00938,Persevering intangible database,Morning happy idea management manage but seem strong effort.,Sporting Goods,See,Nelson,134.69,409.68,8.84,41.7,54.3,36.2,False,False,68,788,30,2026-04-30T04:36:50.726872
SKU-00939,Adaptive 24hour approach,Already know improve chance similar yet anything institution why American shoulder.,Furniture,Policy,Moore-Jenkins,436.62,737.9,41.55,117.3,69.0,20.3,False,False,174,885,10,2026-04-30T04:36:50.726872
SKU-00940,User-centric cohesive conglomeration,Me together see figure law deal environment yet represent office scientist chance tell boy system.,Medical,Wide,"Castillo,",115.8,214.95,4.36,12.4,55.7,59.3,False,False,65,777,34,2026-04-30T04:36:50.726872
SKU-00941,Self-enabling fresh-thinking focus group,Run hand top left night without project risk western machine at art red could.,Office Supplies,People,"Dominguez,",192.42,410.65,32.68,104.2,12.8,11.3,False,False,51,260,14,2026-04-30T04:36:50.726872
SKU-00942,Centralized intermediate solution,Least next crime husband should blood face difference after article under go west arrive.,Electronics,Finally,Harris,15.24,37.67,18.14,115.0,7.4,57.0,False,False,52,693,17,2026-04-30T04:36:50.726872
SKU-00943,Open-source systemic infrastructure,Let challenge simply a book choose language year same light keep defense whatever act.,Sporting Goods,Tv,White-Horton,447.41,699.51,23.37,115.6,67.9,11.9,False,False,184,783,34,2026-04-30T04:36:50.726872
SKU-00944,Diverse non-volatile success,True reach decision natural beyond training imagine huge usually collection this alone scene find week how.,Hardware,Each,"Jones,",236.86,387.61,22.12,87.4,78.6,46.2,False,False,57,52,31,2026-04-30T04:36:50.726872
SKU-00945,Future-proofed mission-critical capacity,Industry step himself level through citizen president radio job again really blue.,Hardware,See,"Bell,",61.48,162.22,42.26,68.3,15.3,29.3,False,True,184,783,11,2026-04-30T04:36:50.726872
SKU-00946,Cloned disintermediate extranet,Reduce that likely behavior career society public.,Automotive,Team,"Reynolds,",221.29,656.03,10.55,50.5,10.0,38.2,False,False,33,750,2,2026-04-30T04:36:50.726872
SKU-00947,Inverse executive projection,Food save condition church will box television.,Office Supplies,Other,Walker-Walker,9.72,31.5,1.71,18.2,27.8,33.2,False,False,119,948,12,2026-04-30T04:36:50.726872
SKU-00948,Down-sized motivating synergy,Tree letter program hand threat dream whom allow four difference break her southern.,Electronics,Tough,"Todd,",94.78,121.22,20.98,119.5,15.1,16.0,False,False,145,286,1,2026-04-30T04:36:50.726872
SKU-00949,Implemented heuristic groupware,Card book budget key year girl half marriage hair whatever performance health.,Food & Beverage,Or,Schmidt-Preston,317.87,876.29,34.17,105.9,53.0,13.5,False,False,157,167,28,2026-04-30T04:36:50.726872
SKU-00950,Future-proofed explicit array,Significant gas purpose old surface recognize operation pretty usually.,Apparel,Friend,"Sanders,",345.73,1092.92,28.06,104.4,13.4,26.1,False,False,119,676,25,2026-04-30T04:36:50.726872
SKU-00951,Intuitive intermediate algorithm,Him cost program as beautiful song week.,Medical,Turn,Neal-Cox,376.51,1086.41,15.35,33.6,69.4,16.7,False,False,14,448,7,2026-04-30T04:36:50.726872
SKU-00952,Reduced dedicated leverage,Economy free at without lawyer cup she economy test morning after at year institution city.,Industrial,Decade,Butler-Davis,197.0,503.46,0.31,83.9,26.6,47.7,False,True,94,796,42,2026-04-30T04:36:50.726872
SKU-00953,Grass-roots systemic implementation,Floor voice source it friend character center suggest.,Automotive,Street,Leach-Ayala,44.1,84.83,29.05,52.5,57.0,31.9,False,False,40,417,1,2026-04-30T04:36:50.726872
SKU-00954,Balanced user-facing service-desk,Believe writer blue month board old kind past movement analysis style over whose economy language.,Electronics,Street,Spencer-Duran,144.06,392.12,48.22,51.9,48.0,42.9,False,False,59,175,22,2026-04-30T04:36:50.726872
SKU-00955,Stand-alone upward-trending superstructure,Special thus middle maintain unit economic road miss adult.,Office Supplies,Myself,"Drake,",376.65,786.47,34.94,85.1,15.0,48.0,False,True,138,907,36,2026-04-30T04:36:50.726872
SKU-00956,Streamlined multimedia analyzer,Building administration describe Republican agent yes need scientist reason throw fund wonder report game political.,Medical,Service,"Reynolds,",88.11,238.59,31.83,32.0,74.1,44.9,False,False,88,558,26,2026-04-30T04:36:50.726872
SKU-00957,Sharable contextually-based benchmark,Yourself best reduce nothing individual threat whether avoid tree they.,Office Supplies,Western,Estes-Gallegos,79.7,233.43,33.85,73.5,8.5,8.2,False,False,50,886,21,2026-04-30T04:36:50.726872
SKU-00958,Vision-oriented empowering circuit,Boy relationship right get model couple since appear stand environment meeting nice stuff once.,Automotive,Road,"Morris,",144.72,452.74,23.2,86.0,46.4,12.3,False,False,123,332,35,2026-04-30T04:36:50.726872
SKU-00959,Adaptive optimal collaboration,Each bad successful seat hard why government.,Food & Beverage,Senior,Blake,265.02,343.12,45.43,46.3,72.7,53.7,False,False,161,532,8,2026-04-30T04:36:50.726872
SKU-00960,Multi-channeled mobile migration,Benefit age woman perhaps support field until now send fact beyond establish always history then relationship.,Automotive,Organization,Lee-Barron,376.79,528.13,44.45,102.0,67.0,9.6,False,False,104,769,22,2026-04-30T04:36:50.726872
SKU-00961,Visionary clear-thinking definition,Line challenge even road word true history.,Industrial,Between,Gutierrez,431.89,1181.95,18.29,106.1,8.4,44.7,False,False,92,505,32,2026-04-30T04:36:50.726872
SKU-00962,Synchronized non-volatile hierarchy,Majority fly however mean actually follow mean office fine who million hard.,Hardware,Property,Pittman-Leonard,270.41,403.1,9.5,56.7,49.4,33.8,True,False,94,528,27,2026-04-30T04:36:50.726872
SKU-00963,Phased multimedia moderator,North until by commercial item him herself cultural have trip increase center.,Medical,Low,Barker-Taylor,437.25,1406.46,16.32,104.8,12.8,59.8,True,False,101,593,37,2026-04-30T04:36:50.726872
SKU-00964,Operative national encoding,South like discuss effect mother party parent sell.,Electronics,Guy,Walters-Ruiz,209.94,639.37,5.54,45.1,74.6,11.7,False,False,107,776,34,2026-04-30T04:36:50.726872
SKU-00965,Realigned value-added time-frame,Claim while up sure care method because.,Automotive,Look,Miller-Mcpherson,268.41,372.22,45.78,27.5,39.4,41.5,False,False,172,641,34,2026-04-30T04:36:50.726872
SKU-00966,Operative clear-thinking open system,Guy trial card hit serve experience lawyer since project everyone yes.,Food & Beverage,Those,"Campbell,",264.64,334.99,49.42,62.0,34.3,8.1,False,False,156,668,41,2026-04-30T04:36:50.726872
SKU-00967,User-friendly didactic contingency,Save buy more study security whom task PM thousand instead.,Furniture,Message,"Scott,",216.41,332.18,5.35,109.2,29.6,24.8,False,False,66,266,34,2026-04-30T04:36:50.726872
SKU-00968,Versatile actuating structure,Bag their far necessary meeting east life newspaper.,Sporting Goods,Indeed,Sparks,305.03,986.57,33.86,106.5,15.9,23.2,False,False,167,574,26,2026-04-30T04:36:50.726872
SKU-00969,Quality-focused local leverage,Skill send popular could value usually central foot option wait can enough growth share.,Hardware,Me,Carrillo-Bryant,231.37,573.5,38.37,94.2,77.7,29.1,False,True,155,58,42,2026-04-30T04:36:50.726872
SKU-00970,Function-based high-level knowledge user,Answer yet probably miss theory cost between understand money it alone represent.,Food & Beverage,Customer,"Hall,",3.33,7.88,14.3,72.0,50.9,47.4,False,False,80,370,30,2026-04-30T04:36:50.726872
SKU-00971,Public-key mobile moratorium,Their computer six serve somebody experience former read reality onto night happy me order.,Industrial,Likely,Brown-Reyes,308.27,988.46,15.55,17.7,77.2,28.2,False,False,200,486,9,2026-04-30T04:36:50.726872
SKU-00972,Total uniform encryption,Concern future capital police change wind fish imagine system require region listen wear in would population.,Office Supplies,Network,"Mcguire,",174.44,329.83,11.69,93.4,67.3,59.6,False,False,197,315,16,2026-04-30T04:36:50.726872
SKU-00973,Programmable zero tolerance Internet solution,Response second bad different off peace fact PM within one.,Sporting Goods,Sea,Wilson,154.39,265.69,30.6,42.9,52.0,43.2,False,True,165,770,37,2026-04-30T04:36:50.726872
SKU-00974,Managed value-added intranet,Director plan which appear peace leave management number case.,Office Supplies,Represent,Wagner,434.81,1038.82,15.78,63.3,21.7,41.0,False,False,151,123,25,2026-04-30T04:36:50.726872
SKU-00975,Multi-tiered heuristic frame,Want there quickly now remain network place special some after nearly population age air score.,Industrial,Could,"Montoya,",215.41,752.0,10.98,40.3,7.9,50.8,False,True,123,717,43,2026-04-30T04:36:50.726872
SKU-00976,Object-based contextually-based functionalities,Focus follow future effect old senior amount record.,Medical,Light,Chen,45.39,104.3,19.46,106.2,56.5,51.9,False,True,170,52,32,2026-04-30T04:36:50.726872
SKU-00977,Advanced stable migration,Ability enter vote method low contain church.,Food & Beverage,Contain,Hodge-Yoder,229.28,486.71,7.92,26.9,58.7,31.1,False,False,58,468,38,2026-04-30T04:36:50.726872
SKU-00978,Implemented uniform solution,When interest region campaign father might table wear generation lead only choice forward conference describe travel.,Office Supplies,Describe,Murphy,265.16,408.95,27.76,83.4,8.2,12.9,False,False,45,891,44,2026-04-30T04:36:50.726872
SKU-00979,Persistent holistic service-desk,Quite marriage defense tough skin candidate sometimes shoulder mother lot answer program across remember.,Office Supplies,Performance,Greene-Scott,360.82,609.8,22.98,41.1,55.3,21.2,False,False,49,318,39,2026-04-30T04:36:50.726872
SKU-00980,Phased mission-critical archive,Time physical test ahead small be produce office along success you hotel remain include several strategy.,Food & Beverage,Explain,Hernandez-Kirk,310.95,486.39,6.49,35.8,41.5,18.9,False,False,18,649,16,2026-04-30T04:36:50.726872
SKU-00981,User-friendly background knowledgebase,Seek color should happy institution prevent each writer anyone.,Office Supplies,Class,Sherman-Hughes,320.1,665.27,34.77,118.5,8.1,59.0,False,False,130,307,5,2026-04-30T04:36:50.726872
SKU-00982,Re-engineered holistic structure,Third for knowledge save here deal role listen nice.,Industrial,Better,"Brown,",88.76,163.97,46.67,46.5,25.6,29.3,False,False,37,614,37,2026-04-30T04:36:50.726872
SKU-00983,Face-to-face solution-oriented policy,Speech subject environmental rise see whole author quite because participant police.,Furniture,Political,Douglas,113.3,165.4,31.78,59.9,59.9,47.6,False,False,122,802,26,2026-04-30T04:36:50.726872
SKU-00984,Front-line bi-directional throughput,House team trouble free recently eight oil seven on as painting front thousand husband your.,Apparel,Assume,"Long,",47.86,78.01,7.56,117.5,53.7,40.1,False,False,85,340,27,2026-04-30T04:36:50.726872
SKU-00985,Decentralized actuating help-desk,Home argue member thank whole special suggest area.,Office Supplies,First,"Rodriguez,",251.52,454.94,0.32,34.5,32.7,49.1,False,False,42,467,14,2026-04-30T04:36:50.726872
SKU-00986,Virtual web-enabled customer loyalty,Security year piece page half civil two thought she other oil name key light.,Automotive,Ask,Ward-Black,318.0,402.23,24.97,93.3,50.4,41.0,False,False,175,190,32,2026-04-30T04:36:50.726872
SKU-00987,Reduced transitional throughput,Listen worry really turn his she us.,Food & Beverage,Gas,Padilla-White,185.36,472.16,30.07,35.2,66.8,4.1,False,False,72,459,37,2026-04-30T04:36:50.726872
SKU-00988,Polarized 24/7 application,Off describe receive bit wonder hospital occur likely energy.,Apparel,Again,Brown,170.6,577.16,21.26,111.9,6.3,56.9,False,True,123,433,22,2026-04-30T04:36:50.726872
SKU-00989,Virtual needs-based monitoring,Away matter base career parent attack entire red position as opportunity.,Automotive,Style,Mullins-Kennedy,304.93,452.64,38.69,9.3,53.2,55.1,True,False,97,744,7,2026-04-30T04:36:50.726872
SKU-00990,Synchronized high-level Graphical User Interface,Outside choice realize gun can national news property thank together crime six character challenge sing.,Electronics,Sell,Franklin,78.93,135.46,42.43,34.1,50.9,28.5,False,False,39,441,12,2026-04-30T04:36:50.726872
SKU-00991,Front-line heuristic circuit,Take money marriage hear throw go town power feel wall improve professional sure material include.,Sporting Goods,Require,Flores-Gibson,328.06,889.16,34.32,91.8,66.3,36.1,False,False,199,660,11,2026-04-30T04:36:50.726872
SKU-00992,Distributed multi-state encryption,Serve type but nearly government range money any.,Automotive,Notice,Stewart-Singh,260.73,785.37,30.51,17.9,68.8,15.0,False,False,116,93,4,2026-04-30T04:36:50.726872
SKU-00993,Monitored web-enabled algorithm,Myself practice floor action ability toward new quite inside organization sound employee.,Apparel,Money,Miller-Lewis,404.13,1309.4,25.59,80.0,38.3,18.2,False,True,83,685,36,2026-04-30T04:36:50.726872
SKU-00994,Public-key zero administration superstructure,Western heavy store skill fast several drug despite feel know everybody off wind cup look.,Sporting Goods,Wall,Moore,146.88,360.55,22.3,24.1,46.1,10.4,False,False,187,726,34,2026-04-30T04:36:50.726872
SKU-00995,Optional composite middleware,Pattern avoid a despite face near police each.,Electronics,Form,Morris,374.02,1275.4,49.04,24.3,78.2,34.1,False,False,190,479,24,2026-04-30T04:36:50.726872
SKU-00996,Customizable radical frame,Floor plant education candidate indicate person ten.,Office Supplies,Put,"Simmons,",227.22,354.25,44.06,61.5,6.0,34.9,False,False,175,486,17,2026-04-30T04:36:50.726872
SKU-00997,Reverse-engineered mobile knowledge user,With important administration mouth scientist first boy news keep fear.,Industrial,Service,Price,198.82,658.66,49.97,25.3,39.6,28.3,False,False,136,610,35,2026-04-30T04:36:50.726872
SKU-00998,Expanded reciprocal intranet,Money model south media other quite total the laugh each son partner education energy when.,Medical,Several,"Cantu,",118.5,149.09,34.87,74.7,36.2,29.8,False,False,121,138,10,2026-04-30T04:36:50.726872
SKU-00999,Re-contextualized foreground contingency,Look local low down policy bag develop ever lawyer hard total authority.,Sporting Goods,Tough,"Miller,",407.34,967.55,22.74,110.9,45.9,11.0,False,False,44,574,10,2026-04-30T04:36:50.726872
SKU-01000,Programmable methodical groupware,Manage that Mrs wind camera cost organization police agreement art operation floor.,Hardware,Have,"Wilson,",402.27,1143.15,37.82,34.6,37.8,2.1,False,False,175,578,28,2026-04-30T04:36:50.726872
