perf_id,supplier_id,period_month,period_year,total_pos,on_time_deliveries,on_time_rate,fill_rate,defect_rate,avg_lead_days,score,_ingested_at
SPERF-00000001,SUP-0001,1,2023,7,6,0.984,0.985,0.0453,53,87.51,2026-04-30T04:36:50.726872
SPERF-00000002,SUP-0001,2,2023,67,54,0.809,0.808,0.0291,23,78.36,2026-04-30T04:36:50.726872
SPERF-00000003,SUP-0001,3,2023,68,53,0.792,0.963,0.0201,35,85.36,2026-04-30T04:36:50.726872
SPERF-00000004,SUP-0001,4,2023,46,40,0.885,0.963,0.0022,49,93.55,2026-04-30T04:36:50.726872
SPERF-00000005,SUP-0001,5,2023,75,58,0.783,0.92,0.0141,22,85.0,2026-04-30T04:36:50.726872
SPERF-00000006,SUP-0001,6,2023,32,24,0.759,0.899,0.0028,13,86.12,2026-04-30T04:36:50.726872
SPERF-00000007,SUP-0001,7,2023,12,10,0.912,0.952,0.0043,16,93.73,2026-04-30T04:36:50.726872
SPERF-00000008,SUP-0001,8,2023,70,61,0.881,0.825,0.0369,21,79.89,2026-04-30T04:36:50.726872
SPERF-00000009,SUP-0001,9,2023,44,37,0.861,0.965,0.0135,39,89.84,2026-04-30T04:36:50.726872
SPERF-00000010,SUP-0001,10,2023,9,6,0.719,0.915,0.0454,51,74.44,2026-04-30T04:36:50.726872
SPERF-00000011,SUP-0001,11,2023,24,22,0.941,0.914,0.0457,43,83.2,2026-04-30T04:36:50.726872
SPERF-00000012,SUP-0001,12,2023,20,17,0.862,0.91,0.0267,51,84.66,2026-04-30T04:36:50.726872
SPERF-00000013,SUP-0001,1,2024,28,26,0.956,0.983,0.0108,13,94.94,2026-04-30T04:36:50.726872
SPERF-00000014,SUP-0001,2,2024,66,64,0.983,0.897,0.0189,51,90.99,2026-04-30T04:36:50.726872
SPERF-00000015,SUP-0001,3,2024,8,6,0.816,0.916,0.0168,4,85.5,2026-04-30T04:36:50.726872
SPERF-00000016,SUP-0001,4,2024,27,20,0.772,0.962,0.0015,39,89.18,2026-04-30T04:36:50.726872
SPERF-00000017,SUP-0001,5,2024,54,49,0.916,0.835,0.0401,60,80.84,2026-04-30T04:36:50.726872
SPERF-00000018,SUP-0001,6,2024,60,55,0.917,0.921,0.025,47,87.66,2026-04-30T04:36:50.726872
SPERF-00000019,SUP-0001,7,2024,44,35,0.817,0.809,0.0302,29,78.45,2026-04-30T04:36:50.726872
SPERF-00000020,SUP-0001,8,2024,74,65,0.89,0.974,0.018,33,90.19,2026-04-30T04:36:50.726872
SPERF-00000021,SUP-0001,9,2024,65,61,0.946,0.95,0.0494,42,83.74,2026-04-30T04:36:50.726872
SPERF-00000022,SUP-0001,10,2024,21,19,0.93,0.961,0.0261,50,89.31,2026-04-30T04:36:50.726872
SPERF-00000023,SUP-0001,11,2024,7,6,0.944,0.974,0.0163,24,92.77,2026-04-30T04:36:50.726872
SPERF-00000024,SUP-0001,12,2024,74,65,0.891,0.987,0.022,30,89.69,2026-04-30T04:36:50.726872
SPERF-00000025,SUP-0001,1,2025,9,7,0.831,0.959,0.0305,49,84.18,2026-04-30T04:36:50.726872
SPERF-00000026,SUP-0001,2,2025,64,44,0.703,0.896,0.0183,20,79.91,2026-04-30T04:36:50.726872
SPERF-00000027,SUP-0001,3,2025,36,26,0.727,0.846,0.0277,33,76.77,2026-04-30T04:36:50.726872
SPERF-00000028,SUP-0001,4,2025,40,29,0.729,0.818,0.0274,21,75.94,2026-04-30T04:36:50.726872
SPERF-00000029,SUP-0001,5,2025,34,32,0.967,0.816,0.0034,39,91.39,2026-04-30T04:36:50.726872
SPERF-00000030,SUP-0001,6,2025,20,18,0.931,0.895,0.0255,40,87.19,2026-04-30T04:36:50.726872
SPERF-00000031,SUP-0002,1,2023,78,61,0.785,0.983,0.012,59,87.81,2026-04-30T04:36:50.726872
SPERF-00000032,SUP-0002,2,2023,51,45,0.901,0.898,0.0098,41,90.02,2026-04-30T04:36:50.726872
SPERF-00000033,SUP-0002,3,2023,36,34,0.962,0.905,0.0224,39,89.56,2026-04-30T04:36:50.726872
SPERF-00000034,SUP-0002,4,2023,39,34,0.882,0.943,0.027,47,86.53,2026-04-30T04:36:50.726872
SPERF-00000035,SUP-0002,5,2023,51,38,0.756,0.921,0.0129,46,84.25,2026-04-30T04:36:50.726872
SPERF-00000036,SUP-0002,6,2023,70,62,0.886,0.909,0.0418,9,81.8,2026-04-30T04:36:50.726872
SPERF-00000037,SUP-0002,7,2023,76,63,0.832,0.911,0.0104,39,87.57,2026-04-30T04:36:50.726872
SPERF-00000038,SUP-0002,8,2023,16,12,0.792,0.925,0.0271,57,82.28,2026-04-30T04:36:50.726872
SPERF-00000039,SUP-0002,9,2023,10,8,0.826,0.869,0.0039,53,87.48,2026-04-30T04:36:50.726872
SPERF-00000040,SUP-0002,10,2023,7,6,0.902,0.87,0.032,40,83.53,2026-04-30T04:36:50.726872
SPERF-00000041,SUP-0002,11,2023,58,54,0.933,0.805,0.0205,32,85.37,2026-04-30T04:36:50.726872
SPERF-00000042,SUP-0002,12,2023,35,32,0.929,0.938,0.0445,22,83.87,2026-04-30T04:36:50.726872
SPERF-00000043,SUP-0002,1,2024,55,53,0.978,0.845,0.0472,40,81.89,2026-04-30T04:36:50.726872
SPERF-00000044,SUP-0002,2,2024,8,7,0.942,0.893,0.0244,19,87.84,2026-04-30T04:36:50.726872
SPERF-00000045,SUP-0002,3,2024,77,58,0.759,0.938,0.0373,42,78.86,2026-04-30T04:36:50.726872
SPERF-00000046,SUP-0002,4,2024,23,17,0.77,0.916,0.03,39,80.36,2026-04-30T04:36:50.726872
SPERF-00000047,SUP-0002,5,2024,9,7,0.821,0.959,0.04,7,81.41,2026-04-30T04:36:50.726872
SPERF-00000048,SUP-0002,6,2024,78,59,0.764,0.822,0.0249,27,78.1,2026-04-30T04:36:50.726872
SPERF-00000049,SUP-0002,7,2024,20,19,0.963,0.925,0.0299,37,88.42,2026-04-30T04:36:50.726872
SPERF-00000050,SUP-0002,8,2024,64,61,0.965,0.91,0.0226,44,89.8,2026-04-30T04:36:50.726872
SPERF-00000051,SUP-0002,9,2024,61,53,0.873,0.839,0.015,60,85.53,2026-04-30T04:36:50.726872
SPERF-00000052,SUP-0002,10,2024,39,29,0.745,0.887,0.0227,9,80.17,2026-04-30T04:36:50.726872
SPERF-00000053,SUP-0002,11,2024,55,53,0.979,0.917,0.0329,33,88.03,2026-04-30T04:36:50.726872
SPERF-00000054,SUP-0002,12,2024,27,22,0.828,0.82,0.0471,11,75.04,2026-04-30T04:36:50.726872
SPERF-00000055,SUP-0002,1,2025,16,12,0.777,0.92,0.0467,57,76.61,2026-04-30T04:36:50.726872
SPERF-00000056,SUP-0002,2,2025,60,43,0.726,0.8,0.0325,33,73.91,2026-04-30T04:36:50.726872
SPERF-00000057,SUP-0002,3,2025,6,5,0.881,0.955,0.037,21,84.41,2026-04-30T04:36:50.726872
SPERF-00000058,SUP-0002,4,2025,52,45,0.878,0.816,0.0499,16,76.2,2026-04-30T04:36:50.726872
SPERF-00000059,SUP-0002,5,2025,33,25,0.758,0.909,0.0152,59,83.34,2026-04-30T04:36:50.726872
SPERF-00000060,SUP-0002,6,2025,60,56,0.936,0.857,0.0359,8,83.46,2026-04-30T04:36:50.726872
SPERF-00000061,SUP-0003,1,2023,40,31,0.786,0.891,0.0441,21,76.6,2026-04-30T04:36:50.726872
SPERF-00000062,SUP-0003,2,2023,35,33,0.958,0.914,0.0307,46,87.64,2026-04-30T04:36:50.726872
SPERF-00000063,SUP-0003,3,2023,56,53,0.951,0.87,0.0337,36,85.06,2026-04-30T04:36:50.726872
SPERF-00000064,SUP-0003,4,2023,64,62,0.977,0.983,0.001,26,98.23,2026-04-30T04:36:50.726872
SPERF-00000065,SUP-0003,5,2023,54,40,0.759,0.894,0.0262,4,80.1,2026-04-30T04:36:50.726872
SPERF-00000066,SUP-0003,6,2023,17,13,0.812,0.817,0.0103,16,83.5,2026-04-30T04:36:50.726872
SPERF-00000067,SUP-0003,7,2023,57,56,0.986,0.806,0.0137,32,89.23,2026-04-30T04:36:50.726872
SPERF-00000068,SUP-0003,8,2023,77,59,0.777,0.977,0.0384,47,80.68,2026-04-30T04:36:50.726872
SPERF-00000069,SUP-0003,9,2023,80,68,0.856,0.86,0.002,26,88.84,2026-04-30T04:36:50.726872
SPERF-00000070,SUP-0003,10,2023,23,18,0.803,0.886,0.042,3,77.63,2026-04-30T04:36:50.726872
SPERF-00000071,SUP-0003,11,2023,17,15,0.925,0.842,0.0469,23,79.75,2026-04-30T04:36:50.726872
SPERF-00000072,SUP-0003,12,2023,14,11,0.791,0.805,0.0261,27,78.29,2026-04-30T04:36:50.726872
SPERF-00000073,SUP-0003,1,2024,37,33,0.901,0.846,0.0241,50,84.62,2026-04-30T04:36:50.726872
SPERF-00000074,SUP-0003,2,2024,7,5,0.79,0.929,0.023,31,83.37,2026-04-30T04:36:50.726872
SPERF-00000075,SUP-0003,3,2024,44,41,0.936,0.805,0.0133,44,87.29,2026-04-30T04:36:50.726872
SPERF-00000076,SUP-0003,4,2024,43,41,0.957,0.833,0.013,52,89.19,2026-04-30T04:36:50.726872
SPERF-00000077,SUP-0003,5,2024,58,46,0.802,0.946,0.0152,33,86.39,2026-04-30T04:36:50.726872
SPERF-00000078,SUP-0003,6,2024,74,68,0.927,0.99,0.0437,50,85.8,2026-04-30T04:36:50.726872
SPERF-00000079,SUP-0003,7,2024,76,66,0.871,0.982,0.0444,23,83.11,2026-04-30T04:36:50.726872
SPERF-00000080,SUP-0003,8,2024,23,16,0.71,0.899,0.0096,6,82.47,2026-04-30T04:36:50.726872
SPERF-00000081,SUP-0003,9,2024,61,55,0.91,0.883,0.0477,16,80.38,2026-04-30T04:36:50.726872
SPERF-00000082,SUP-0003,10,2024,16,11,0.709,0.884,0.0481,40,72.27,2026-04-30T04:36:50.726872
SPERF-00000083,SUP-0003,11,2024,27,25,0.939,0.967,0.0228,30,90.7,2026-04-30T04:36:50.726872
SPERF-00000084,SUP-0003,12,2024,64,51,0.811,0.88,0.0078,5,86.29,2026-04-30T04:36:50.726872
SPERF-00000085,SUP-0003,1,2025,55,45,0.83,0.929,0.035,54,81.97,2026-04-30T04:36:50.726872
SPERF-00000086,SUP-0003,2,2025,33,28,0.865,0.878,0.0048,52,89.13,2026-04-30T04:36:50.726872
SPERF-00000087,SUP-0003,3,2025,39,32,0.842,0.921,0.0396,51,81.01,2026-04-30T04:36:50.726872
SPERF-00000088,SUP-0003,4,2025,79,70,0.896,0.865,0.0473,17,79.29,2026-04-30T04:36:50.726872
SPERF-00000089,SUP-0003,5,2025,38,34,0.912,0.989,0.005,44,94.84,2026-04-30T04:36:50.726872
SPERF-00000090,SUP-0003,6,2025,49,38,0.78,0.842,0.0122,46,82.62,2026-04-30T04:36:50.726872
SPERF-00000091,SUP-0004,1,2023,63,59,0.952,0.923,0.0351,31,86.61,2026-04-30T04:36:50.726872
SPERF-00000092,SUP-0004,2,2023,65,46,0.718,0.829,0.0025,9,82.11,2026-04-30T04:36:50.726872
SPERF-00000093,SUP-0004,3,2023,6,4,0.776,0.966,0.0126,44,86.7,2026-04-30T04:36:50.726872
SPERF-00000094,SUP-0004,4,2023,29,27,0.951,0.802,0.0376,54,81.71,2026-04-30T04:36:50.726872
SPERF-00000095,SUP-0004,5,2023,46,32,0.717,0.906,0.0206,26,80.24,2026-04-30T04:36:50.726872
SPERF-00000096,SUP-0004,6,2023,5,4,0.879,0.963,0.0257,12,87.44,2026-04-30T04:36:50.726872
SPERF-00000097,SUP-0004,7,2023,59,42,0.721,0.891,0.0032,55,84.23,2026-04-30T04:36:50.726872
SPERF-00000098,SUP-0004,8,2023,33,27,0.827,0.825,0.026,59,80.45,2026-04-30T04:36:50.726872
SPERF-00000099,SUP-0004,9,2023,69,66,0.965,0.863,0.0146,56,90.16,2026-04-30T04:36:50.726872
SPERF-00000100,SUP-0004,10,2023,52,37,0.715,0.823,0.0026,4,81.75,2026-04-30T04:36:50.726872
SPERF-00000101,SUP-0004,11,2023,16,15,0.99,0.882,0.0179,23,91.0,2026-04-30T04:36:50.726872
SPERF-00000102,SUP-0004,12,2023,8,6,0.812,0.846,0.0419,24,76.62,2026-04-30T04:36:50.726872
SPERF-00000103,SUP-0004,1,2024,30,22,0.75,0.895,0.0379,45,76.85,2026-04-30T04:36:50.726872
SPERF-00000104,SUP-0004,2,2024,75,54,0.722,0.966,0.0155,14,83.81,2026-04-30T04:36:50.726872
SPERF-00000105,SUP-0004,3,2024,63,59,0.949,0.816,0.0256,45,85.12,2026-04-30T04:36:50.726872
SPERF-00000106,SUP-0004,4,2024,12,8,0.739,0.878,0.0451,49,74.02,2026-04-30T04:36:50.726872
SPERF-00000107,SUP-0004,5,2024,61,54,0.895,0.974,0.0363,45,85.81,2026-04-30T04:36:50.726872
SPERF-00000108,SUP-0004,6,2024,29,24,0.849,0.878,0.0133,33,86.36,2026-04-30T04:36:50.726872
SPERF-00000109,SUP-0004,7,2024,33,24,0.752,0.84,0.0253,31,78.16,2026-04-30T04:36:50.726872
SPERF-00000110,SUP-0004,8,2024,28,26,0.935,0.841,0.0409,49,81.61,2026-04-30T04:36:50.726872
SPERF-00000111,SUP-0004,9,2024,68,48,0.713,0.804,0.0293,33,74.33,2026-04-30T04:36:50.726872
SPERF-00000112,SUP-0004,10,2024,74,64,0.872,0.81,0.0137,20,84.81,2026-04-30T04:36:50.726872
SPERF-00000113,SUP-0004,11,2024,9,7,0.822,0.863,0.0279,16,81.11,2026-04-30T04:36:50.726872
SPERF-00000114,SUP-0004,12,2024,45,39,0.887,0.908,0.0286,53,85.11,2026-04-30T04:36:50.726872
SPERF-00000115,SUP-0004,1,2025,15,14,0.969,0.824,0.0083,52,90.52,2026-04-30T04:36:50.726872
SPERF-00000116,SUP-0004,2,2025,17,13,0.791,0.965,0.029,14,83.16,2026-04-30T04:36:50.726872
SPERF-00000117,SUP-0004,3,2025,5,4,0.986,0.916,0.0223,52,90.92,2026-04-30T04:36:50.726872
SPERF-00000118,SUP-0004,4,2025,23,18,0.819,0.902,0.0372,7,80.03,2026-04-30T04:36:50.726872
SPERF-00000119,SUP-0004,5,2025,62,60,0.974,0.817,0.0459,10,81.08,2026-04-30T04:36:50.726872
SPERF-00000120,SUP-0004,6,2025,37,34,0.926,0.871,0.0352,52,83.73,2026-04-30T04:36:50.726872
SPERF-00000121,SUP-0005,1,2023,34,33,0.983,0.941,0.0035,15,96.38,2026-04-30T04:36:50.726872
SPERF-00000122,SUP-0005,2,2023,13,9,0.719,0.935,0.009,41,84.23,2026-04-30T04:36:50.726872
SPERF-00000123,SUP-0005,3,2023,38,27,0.714,0.919,0.0162,17,81.67,2026-04-30T04:36:50.726872
SPERF-00000124,SUP-0005,4,2023,63,50,0.8,0.987,0.0074,3,89.69,2026-04-30T04:36:50.726872
SPERF-00000125,SUP-0005,5,2023,20,15,0.778,0.968,0.0461,14,78.47,2026-04-30T04:36:50.726872
SPERF-00000126,SUP-0005,6,2023,21,18,0.862,0.987,0.0391,12,84.25,2026-04-30T04:36:50.726872
SPERF-00000127,SUP-0005,7,2023,14,12,0.903,0.984,0.0398,18,85.61,2026-04-30T04:36:50.726872
SPERF-00000128,SUP-0005,8,2023,43,33,0.776,0.87,0.0319,31,78.52,2026-04-30T04:36:50.726872
SPERF-00000129,SUP-0005,9,2023,47,46,0.989,0.88,0.0405,29,85.23,2026-04-30T04:36:50.726872
SPERF-00000130,SUP-0005,10,2023,46,41,0.894,0.824,0.05,8,77.1,2026-04-30T04:36:50.726872
SPERF-00000131,SUP-0005,11,2023,35,30,0.869,0.917,0.0375,44,82.48,2026-04-30T04:36:50.726872
SPERF-00000132,SUP-0005,12,2023,32,31,0.984,0.875,0.0023,10,94.41,2026-04-30T04:36:50.726872
SPERF-00000133,SUP-0005,1,2024,14,13,0.969,0.977,0.0308,34,90.25,2026-04-30T04:36:50.726872
SPERF-00000134,SUP-0005,2,2024,70,54,0.779,0.974,0.0347,35,81.58,2026-04-30T04:36:50.726872
SPERF-00000135,SUP-0005,3,2024,41,36,0.879,0.964,0.0237,10,87.98,2026-04-30T04:36:50.726872
SPERF-00000136,SUP-0005,4,2024,73,65,0.899,0.963,0.0208,35,89.46,2026-04-30T04:36:50.726872
SPERF-00000137,SUP-0005,5,2024,18,17,0.97,0.868,0.0409,49,83.95,2026-04-30T04:36:50.726872
SPERF-00000138,SUP-0005,6,2024,47,45,0.971,0.97,0.0049,12,96.56,2026-04-30T04:36:50.726872
SPERF-00000139,SUP-0005,7,2024,66,56,0.859,0.935,0.011,25,89.34,2026-04-30T04:36:50.726872
SPERF-00000140,SUP-0005,8,2024,47,40,0.871,0.922,0.0139,3,88.64,2026-04-30T04:36:50.726872
SPERF-00000141,SUP-0005,9,2024,53,45,0.855,0.915,0.0488,16,79.02,2026-04-30T04:36:50.726872
SPERF-00000142,SUP-0005,10,2024,77,54,0.711,0.917,0.0351,22,76.76,2026-04-30T04:36:50.726872
SPERF-00000143,SUP-0005,11,2024,67,58,0.872,0.807,0.0165,57,84.0,2026-04-30T04:36:50.726872
SPERF-00000144,SUP-0005,12,2024,11,8,0.756,0.944,0.0489,60,76.06,2026-04-30T04:36:50.726872
SPERF-00000145,SUP-0005,1,2025,19,13,0.71,0.894,0.0023,32,84.11,2026-04-30T04:36:50.726872
SPERF-00000146,SUP-0005,2,2025,31,28,0.934,0.828,0.0072,15,89.54,2026-04-30T04:36:50.726872
SPERF-00000147,SUP-0005,3,2025,59,45,0.765,0.965,0.0028,46,88.67,2026-04-30T04:36:50.726872
SPERF-00000148,SUP-0005,4,2025,42,31,0.742,0.982,0.0204,5,83.95,2026-04-30T04:36:50.726872
SPERF-00000149,SUP-0005,5,2025,44,36,0.832,0.904,0.0143,19,86.34,2026-04-30T04:36:50.726872
SPERF-00000150,SUP-0005,6,2025,9,6,0.709,0.87,0.0221,38,78.28,2026-04-30T04:36:50.726872
SPERF-00000151,SUP-0006,1,2023,16,12,0.802,0.883,0.0328,30,79.78,2026-04-30T04:36:50.726872
SPERF-00000152,SUP-0006,2,2023,32,23,0.734,0.811,0.0016,3,82.34,2026-04-30T04:36:50.726872
SPERF-00000153,SUP-0006,3,2023,27,23,0.862,0.958,0.0186,35,88.36,2026-04-30T04:36:50.726872
SPERF-00000154,SUP-0006,4,2023,33,26,0.804,0.875,0.0101,11,85.26,2026-04-30T04:36:50.726872
SPERF-00000155,SUP-0006,5,2023,74,55,0.747,0.978,0.0212,35,83.81,2026-04-30T04:36:50.726872
SPERF-00000156,SUP-0006,6,2023,32,31,0.984,0.928,0.0206,29,91.69,2026-04-30T04:36:50.726872
SPERF-00000157,SUP-0006,7,2023,76,74,0.975,0.951,0.0452,48,85.98,2026-04-30T04:36:50.726872
SPERF-00000158,SUP-0006,8,2023,18,13,0.746,0.986,0.0106,13,86.7,2026-04-30T04:36:50.726872
SPERF-00000159,SUP-0006,9,2023,49,39,0.815,0.87,0.0183,33,83.47,2026-04-30T04:36:50.726872
SPERF-00000160,SUP-0006,10,2023,65,50,0.781,0.878,0.0305,40,79.34,2026-04-30T04:36:50.726872
SPERF-00000161,SUP-0006,11,2023,70,51,0.734,0.858,0.0274,31,77.54,2026-04-30T04:36:50.726872
SPERF-00000162,SUP-0006,12,2023,52,42,0.822,0.832,0.0429,10,76.27,2026-04-30T04:36:50.726872
SPERF-00000163,SUP-0006,1,2024,74,51,0.701,0.905,0.0329,39,76.49,2026-04-30T04:36:50.726872
SPERF-00000164,SUP-0006,2,2024,14,12,0.877,0.888,0.0233,5,85.33,2026-04-30T04:36:50.726872
SPERF-00000165,SUP-0006,3,2024,45,42,0.935,0.87,0.0453,30,81.53,2026-04-30T04:36:50.726872
SPERF-00000166,SUP-0006,4,2024,71,58,0.82,0.853,0.0356,39,78.75,2026-04-30T04:36:50.726872
SPERF-00000167,SUP-0006,5,2024,58,47,0.824,0.989,0.0127,36,89.4,2026-04-30T04:36:50.726872
SPERF-00000168,SUP-0006,6,2024,69,65,0.949,0.94,0.0454,35,84.51,2026-04-30T04:36:50.726872
SPERF-00000169,SUP-0006,7,2024,11,10,0.911,0.906,0.0484,44,81.05,2026-04-30T04:36:50.726872
SPERF-00000170,SUP-0006,8,2024,62,46,0.743,0.919,0.0246,9,80.73,2026-04-30T04:36:50.726872
SPERF-00000171,SUP-0006,9,2024,73,59,0.819,0.824,0.0056,23,85.2,2026-04-30T04:36:50.726872
SPERF-00000172,SUP-0006,10,2024,51,36,0.719,0.858,0.0303,55,76.22,2026-04-30T04:36:50.726872
SPERF-00000173,SUP-0006,11,2024,12,9,0.832,0.816,0.0455,39,75.47,2026-04-30T04:36:50.726872
SPERF-00000174,SUP-0006,12,2024,38,30,0.795,0.938,0.0394,5,79.78,2026-04-30T04:36:50.726872
SPERF-00000175,SUP-0006,1,2025,36,30,0.843,0.928,0.0349,3,82.48,2026-04-30T04:36:50.726872
SPERF-00000176,SUP-0006,2,2025,63,59,0.944,0.892,0.0166,48,89.83,2026-04-30T04:36:50.726872
SPERF-00000177,SUP-0006,3,2025,49,37,0.758,0.974,0.0164,52,85.31,2026-04-30T04:36:50.726872
SPERF-00000178,SUP-0006,4,2025,71,65,0.926,0.95,0.0016,6,94.89,2026-04-30T04:36:50.726872
SPERF-00000179,SUP-0006,5,2025,56,44,0.793,0.882,0.0218,52,82.14,2026-04-30T04:36:50.726872
SPERF-00000180,SUP-0006,6,2025,32,29,0.916,0.888,0.0382,4,83.17,2026-04-30T04:36:50.726872
SPERF-00000181,SUP-0007,1,2023,15,11,0.787,0.905,0.0431,31,77.38,2026-04-30T04:36:50.726872
SPERF-00000182,SUP-0007,2,2023,66,57,0.878,0.819,0.0464,22,77.19,2026-04-30T04:36:50.726872
SPERF-00000183,SUP-0007,3,2023,23,20,0.893,0.943,0.0381,3,84.2,2026-04-30T04:36:50.726872
SPERF-00000184,SUP-0007,4,2023,26,22,0.847,0.85,0.0059,31,87.16,2026-04-30T04:36:50.726872
SPERF-00000185,SUP-0007,5,2023,62,48,0.789,0.813,0.0416,30,74.62,2026-04-30T04:36:50.726872
SPERF-00000186,SUP-0007,6,2023,32,28,0.879,0.986,0.0396,20,84.77,2026-04-30T04:36:50.726872
SPERF-00000187,SUP-0007,7,2023,24,19,0.818,0.868,0.0018,32,87.65,2026-04-30T04:36:50.726872
SPERF-00000188,SUP-0007,8,2023,13,9,0.706,0.98,0.0492,54,75.24,2026-04-30T04:36:50.726872
SPERF-00000189,SUP-0007,9,2023,62,50,0.809,0.928,0.0033,26,89.02,2026-04-30T04:36:50.726872
SPERF-00000190,SUP-0007,10,2023,76,68,0.905,0.915,0.0278,39,86.27,2026-04-30T04:36:50.726872
SPERF-00000191,SUP-0007,11,2023,72,58,0.811,0.869,0.0462,51,76.31,2026-04-30T04:36:50.726872
SPERF-00000192,SUP-0007,12,2023,33,25,0.773,0.948,0.0128,26,85.9,2026-04-30T04:36:50.726872
SPERF-00000193,SUP-0007,1,2024,12,9,0.783,0.872,0.0041,54,85.81,2026-04-30T04:36:50.726872
SPERF-00000194,SUP-0007,2,2024,15,10,0.729,0.908,0.0108,40,83.24,2026-04-30T04:36:50.726872
SPERF-00000195,SUP-0007,3,2024,31,29,0.938,0.935,0.0177,56,90.82,2026-04-30T04:36:50.726872
SPERF-00000196,SUP-0007,4,2024,58,43,0.754,0.929,0.0085,18,85.55,2026-04-30T04:36:50.726872
SPERF-00000197,SUP-0007,5,2024,17,14,0.838,0.918,0.0258,21,84.2,2026-04-30T04:36:50.726872
SPERF-00000198,SUP-0007,6,2024,67,49,0.74,0.853,0.0496,22,72.05,2026-04-30T04:36:50.726872
SPERF-00000199,SUP-0007,7,2024,67,47,0.709,0.983,0.0266,22,81.12,2026-04-30T04:36:50.726872
SPERF-00000200,SUP-0007,8,2024,10,9,0.94,0.938,0.0294,34,88.08,2026-04-30T04:36:50.726872
SPERF-00000201,SUP-0007,9,2024,38,26,0.709,0.989,0.0443,35,76.9,2026-04-30T04:36:50.726872
SPERF-00000202,SUP-0007,10,2024,62,46,0.751,0.843,0.0321,31,76.52,2026-04-30T04:36:50.726872
SPERF-00000203,SUP-0007,11,2024,35,31,0.891,0.838,0.0097,49,87.55,2026-04-30T04:36:50.726872
SPERF-00000204,SUP-0007,12,2024,52,43,0.834,0.841,0.0259,7,81.32,2026-04-30T04:36:50.726872
SPERF-00000205,SUP-0007,1,2025,58,45,0.791,0.951,0.0408,15,79.72,2026-04-30T04:36:50.726872
SPERF-00000206,SUP-0007,2,2025,58,56,0.98,0.846,0.0478,11,81.86,2026-04-30T04:36:50.726872
SPERF-00000207,SUP-0007,3,2025,64,53,0.842,0.813,0.0377,18,77.71,2026-04-30T04:36:50.726872
SPERF-00000208,SUP-0007,4,2025,79,62,0.793,0.9,0.0376,35,78.82,2026-04-30T04:36:50.726872
SPERF-00000209,SUP-0007,5,2025,41,30,0.746,0.84,0.0071,8,82.47,2026-04-30T04:36:50.726872
SPERF-00000210,SUP-0007,6,2025,27,20,0.763,0.885,0.0016,41,86.09,2026-04-30T04:36:50.726872
SPERF-00000211,SUP-0008,1,2023,9,7,0.78,0.969,0.0194,56,85.27,2026-04-30T04:36:50.726872
SPERF-00000212,SUP-0008,2,2023,76,57,0.761,0.913,0.0239,8,81.42,2026-04-30T04:36:50.726872
SPERF-00000213,SUP-0008,3,2023,64,61,0.962,0.95,0.0125,50,93.6,2026-04-30T04:36:50.726872
SPERF-00000214,SUP-0008,4,2023,13,9,0.763,0.985,0.0453,59,78.67,2026-04-30T04:36:50.726872
SPERF-00000215,SUP-0008,5,2023,31,26,0.84,0.905,0.0111,24,87.5,2026-04-30T04:36:50.726872
SPERF-00000216,SUP-0008,6,2023,20,17,0.896,0.847,0.0466,34,78.84,2026-04-30T04:36:50.726872
SPERF-00000217,SUP-0008,7,2023,16,12,0.806,0.883,0.0063,23,86.57,2026-04-30T04:36:50.726872
SPERF-00000218,SUP-0008,8,2023,16,11,0.739,0.951,0.0376,11,78.44,2026-04-30T04:36:50.726872
SPERF-00000219,SUP-0008,9,2023,15,11,0.772,0.864,0.0076,17,84.22,2026-04-30T04:36:50.726872
SPERF-00000220,SUP-0008,10,2023,27,24,0.897,0.961,0.0468,32,82.81,2026-04-30T04:36:50.726872
SPERF-00000221,SUP-0008,11,2023,69,55,0.801,0.911,0.0325,48,80.8,2026-04-30T04:36:50.726872
SPERF-00000222,SUP-0008,12,2023,30,21,0.729,0.864,0.0469,34,72.67,2026-04-30T04:36:50.726872
SPERF-00000223,SUP-0008,1,2024,54,44,0.824,0.892,0.0218,59,83.73,2026-04-30T04:36:50.726872
SPERF-00000224,SUP-0008,2,2024,58,55,0.958,0.922,0.0395,37,85.72,2026-04-30T04:36:50.726872
SPERF-00000225,SUP-0008,3,2024,6,5,0.99,0.912,0.0048,23,95.32,2026-04-30T04:36:50.726872
SPERF-00000226,SUP-0008,4,2024,9,7,0.783,0.852,0.0023,20,85.56,2026-04-30T04:36:50.726872
SPERF-00000227,SUP-0008,5,2024,50,40,0.811,0.8,0.0242,3,79.39,2026-04-30T04:36:50.726872
SPERF-00000228,SUP-0008,6,2024,63,50,0.809,0.889,0.0056,7,87.08,2026-04-30T04:36:50.726872
SPERF-00000229,SUP-0008,7,2024,77,62,0.806,0.868,0.034,45,79.12,2026-04-30T04:36:50.726872
SPERF-00000230,SUP-0008,8,2024,43,38,0.891,0.976,0.0032,49,94.0,2026-04-30T04:36:50.726872
SPERF-00000231,SUP-0008,9,2024,45,35,0.783,0.816,0.0187,17,80.2,2026-04-30T04:36:50.726872
SPERF-00000232,SUP-0008,10,2024,25,21,0.845,0.868,0.037,39,79.93,2026-04-30T04:36:50.726872
SPERF-00000233,SUP-0008,11,2024,32,28,0.892,0.875,0.0044,28,90.21,2026-04-30T04:36:50.726872
SPERF-00000234,SUP-0008,12,2024,78,56,0.725,0.82,0.0347,22,74.03,2026-04-30T04:36:50.726872
SPERF-00000235,SUP-0008,1,2025,79,71,0.906,0.922,0.0049,19,92.28,2026-04-30T04:36:50.726872
SPERF-00000236,SUP-0008,2,2025,69,50,0.73,0.895,0.0344,27,76.92,2026-04-30T04:36:50.726872
SPERF-00000237,SUP-0008,3,2025,45,35,0.799,0.895,0.0498,59,75.83,2026-04-30T04:36:50.726872
SPERF-00000238,SUP-0008,4,2025,47,40,0.867,0.955,0.0356,37,84.2,2026-04-30T04:36:50.726872
SPERF-00000239,SUP-0008,5,2025,16,12,0.776,0.934,0.001,47,88.48,2026-04-30T04:36:50.726872
SPERF-00000240,SUP-0008,6,2025,26,23,0.887,0.862,0.0333,28,82.33,2026-04-30T04:36:50.726872
SPERF-00000241,SUP-0009,1,2023,63,56,0.893,0.883,0.0375,20,82.25,2026-04-30T04:36:50.726872
SPERF-00000242,SUP-0009,2,2023,61,44,0.727,0.803,0.0169,37,77.96,2026-04-30T04:36:50.726872
SPERF-00000243,SUP-0009,3,2023,19,18,0.978,0.968,0.0247,52,91.83,2026-04-30T04:36:50.726872
SPERF-00000244,SUP-0009,4,2023,70,64,0.923,0.86,0.0198,58,87.07,2026-04-30T04:36:50.726872
SPERF-00000245,SUP-0009,5,2023,6,4,0.763,0.834,0.0131,52,81.44,2026-04-30T04:36:50.726872
SPERF-00000246,SUP-0009,6,2023,70,64,0.923,0.936,0.0371,42,85.41,2026-04-30T04:36:50.726872
SPERF-00000247,SUP-0009,7,2023,20,14,0.731,0.972,0.0069,25,86.53,2026-04-30T04:36:50.726872
SPERF-00000248,SUP-0009,8,2023,58,50,0.868,0.885,0.0266,28,84.04,2026-04-30T04:36:50.726872
SPERF-00000249,SUP-0009,9,2023,31,29,0.965,0.838,0.0423,22,82.36,2026-04-30T04:36:50.726872
SPERF-00000250,SUP-0009,10,2023,56,48,0.87,0.893,0.0046,57,89.9,2026-04-30T04:36:50.726872
SPERF-00000251,SUP-0009,11,2023,44,37,0.844,0.815,0.037,8,78.03,2026-04-30T04:36:50.726872
SPERF-00000252,SUP-0009,12,2023,69,65,0.948,0.976,0.0301,4,89.56,2026-04-30T04:36:50.726872
SPERF-00000253,SUP-0009,1,2024,33,29,0.88,0.803,0.0213,11,82.98,2026-04-30T04:36:50.726872
SPERF-00000254,SUP-0009,2,2024,5,4,0.815,0.896,0.0296,40,81.56,2026-04-30T04:36:50.726872
SPERF-00000255,SUP-0009,3,2024,59,58,0.987,0.944,0.0322,41,89.47,2026-04-30T04:36:50.726872
SPERF-00000256,SUP-0009,4,2024,65,57,0.886,0.869,0.0318,52,82.9,2026-04-30T04:36:50.726872
SPERF-00000257,SUP-0009,5,2024,55,49,0.902,0.941,0.029,41,86.76,2026-04-30T04:36:50.726872
SPERF-00000258,SUP-0009,6,2024,6,5,0.971,0.892,0.0308,6,87.36,2026-04-30T04:36:50.726872
SPERF-00000259,SUP-0009,7,2024,49,40,0.819,0.838,0.032,58,79.09,2026-04-30T04:36:50.726872
SPERF-00000260,SUP-0009,8,2024,60,42,0.703,0.807,0.0474,10,69.52,2026-04-30T04:36:50.726872
SPERF-00000261,SUP-0009,9,2024,54,51,0.954,0.899,0.0419,41,84.15,2026-04-30T04:36:50.726872
SPERF-00000262,SUP-0009,10,2024,19,17,0.903,0.801,0.0172,36,84.86,2026-04-30T04:36:50.726872
SPERF-00000263,SUP-0009,11,2024,61,47,0.775,0.894,0.0454,51,75.94,2026-04-30T04:36:50.726872
SPERF-00000264,SUP-0009,12,2024,46,39,0.868,0.918,0.0354,4,83.0,2026-04-30T04:36:50.726872
SPERF-00000265,SUP-0009,1,2025,6,5,0.979,0.986,0.0216,37,93.27,2026-04-30T04:36:50.726872
SPERF-00000266,SUP-0009,2,2025,52,40,0.787,0.989,0.0315,32,83.22,2026-04-30T04:36:50.726872
SPERF-00000267,SUP-0009,3,2025,72,51,0.72,0.934,0.0437,34,75.56,2026-04-30T04:36:50.726872
SPERF-00000268,SUP-0009,4,2025,75,60,0.813,0.808,0.009,8,83.55,2026-04-30T04:36:50.726872
SPERF-00000269,SUP-0009,5,2025,9,7,0.798,0.928,0.0213,48,84.08,2026-04-30T04:36:50.726872
SPERF-00000270,SUP-0009,6,2025,71,64,0.915,0.946,0.0027,32,94.04,2026-04-30T04:36:50.726872
SPERF-00000271,SUP-0010,1,2023,15,13,0.914,0.866,0.0118,10,88.92,2026-04-30T04:36:50.726872
SPERF-00000272,SUP-0010,2,2023,29,23,0.82,0.932,0.0475,13,78.55,2026-04-30T04:36:50.726872
SPERF-00000273,SUP-0010,3,2023,16,12,0.755,0.988,0.0405,59,79.66,2026-04-30T04:36:50.726872
SPERF-00000274,SUP-0010,4,2023,73,56,0.771,0.982,0.0273,51,83.38,2026-04-30T04:36:50.726872
SPERF-00000275,SUP-0010,5,2023,45,41,0.913,0.929,0.0361,45,85.01,2026-04-30T04:36:50.726872
SPERF-00000276,SUP-0010,6,2023,13,12,0.934,0.943,0.0161,49,91.34,2026-04-30T04:36:50.726872
SPERF-00000277,SUP-0010,7,2023,72,57,0.799,0.932,0.0314,38,81.73,2026-04-30T04:36:50.726872
SPERF-00000278,SUP-0010,8,2023,20,14,0.731,0.844,0.0442,30,72.73,2026-04-30T04:36:50.726872
SPERF-00000279,SUP-0010,9,2023,35,24,0.703,0.919,0.0422,28,74.73,2026-04-30T04:36:50.726872
SPERF-00000280,SUP-0010,10,2023,73,60,0.823,0.828,0.0266,21,80.25,2026-04-30T04:36:50.726872
SPERF-00000281,SUP-0010,11,2023,60,57,0.952,0.898,0.0114,45,91.66,2026-04-30T04:36:50.726872
SPERF-00000282,SUP-0010,12,2023,66,47,0.713,0.878,0.0316,32,76.35,2026-04-30T04:36:50.726872
SPERF-00000283,SUP-0010,1,2024,62,56,0.906,0.9,0.0033,56,91.92,2026-04-30T04:36:50.726872
SPERF-00000284,SUP-0010,2,2024,73,67,0.929,0.9,0.0044,20,92.56,2026-04-30T04:36:50.726872
SPERF-00000285,SUP-0010,3,2024,80,63,0.792,0.805,0.0414,32,74.51,2026-04-30T04:36:50.726872
SPERF-00000286,SUP-0010,4,2024,19,17,0.924,0.849,0.0046,5,90.52,2026-04-30T04:36:50.726872
SPERF-00000287,SUP-0010,5,2024,17,15,0.902,0.927,0.0456,44,82.12,2026-04-30T04:36:50.726872
SPERF-00000288,SUP-0010,6,2024,35,32,0.929,0.954,0.0122,47,92.5,2026-04-30T04:36:50.726872
SPERF-00000289,SUP-0010,7,2024,38,35,0.926,0.966,0.0404,22,85.75,2026-04-30T04:36:50.726872
SPERF-00000290,SUP-0010,8,2024,12,11,0.937,0.877,0.0032,37,92.38,2026-04-30T04:36:50.726872
SPERF-00000291,SUP-0010,9,2024,70,61,0.883,0.9,0.0026,49,91.17,2026-04-30T04:36:50.726872
SPERF-00000292,SUP-0010,10,2024,43,32,0.761,0.906,0.0176,54,82.75,2026-04-30T04:36:50.726872
SPERF-00000293,SUP-0010,11,2024,64,57,0.894,0.866,0.0391,10,81.29,2026-04-30T04:36:50.726872
SPERF-00000294,SUP-0010,12,2024,17,16,0.947,0.857,0.0449,56,81.65,2026-04-30T04:36:50.726872
SPERF-00000295,SUP-0010,1,2025,67,60,0.897,0.828,0.05,38,77.36,2026-04-30T04:36:50.726872
SPERF-00000296,SUP-0010,2,2025,40,38,0.952,0.955,0.0383,16,86.93,2026-04-30T04:36:50.726872
SPERF-00000297,SUP-0010,3,2025,65,49,0.765,0.903,0.0161,46,83.18,2026-04-30T04:36:50.726872
SPERF-00000298,SUP-0010,4,2025,61,57,0.945,0.987,0.0499,43,84.87,2026-04-30T04:36:50.726872
SPERF-00000299,SUP-0010,5,2025,17,14,0.833,0.933,0.015,6,87.22,2026-04-30T04:36:50.726872
SPERF-00000300,SUP-0010,6,2025,38,26,0.701,0.925,0.0207,48,80.24,2026-04-30T04:36:50.726872
SPERF-00000301,SUP-0011,1,2023,28,21,0.755,0.82,0.0322,41,75.85,2026-04-30T04:36:50.726872
SPERF-00000302,SUP-0011,2,2023,22,20,0.947,0.856,0.0045,58,91.72,2026-04-30T04:36:50.726872
SPERF-00000303,SUP-0011,3,2023,58,52,0.907,0.822,0.0459,48,78.57,2026-04-30T04:36:50.726872
SPERF-00000304,SUP-0011,4,2023,43,33,0.771,0.826,0.0381,38,75.22,2026-04-30T04:36:50.726872
SPERF-00000305,SUP-0011,5,2023,80,68,0.856,0.852,0.0224,23,83.46,2026-04-30T04:36:50.726872
SPERF-00000306,SUP-0011,6,2023,51,43,0.844,0.83,0.0186,29,83.16,2026-04-30T04:36:50.726872
SPERF-00000307,SUP-0011,7,2023,48,39,0.82,0.834,0.007,18,85.24,2026-04-30T04:36:50.726872
SPERF-00000308,SUP-0011,8,2023,23,19,0.864,0.964,0.0279,57,86.33,2026-04-30T04:36:50.726872
SPERF-00000309,SUP-0011,9,2023,79,69,0.885,0.901,0.0179,48,87.46,2026-04-30T04:36:50.726872
SPERF-00000310,SUP-0011,10,2023,78,74,0.959,0.805,0.0265,51,84.91,2026-04-30T04:36:50.726872
SPERF-00000311,SUP-0011,11,2023,76,69,0.913,0.964,0.0273,29,88.44,2026-04-30T04:36:50.726872
SPERF-00000312,SUP-0011,12,2023,49,39,0.798,0.85,0.0408,11,76.47,2026-04-30T04:36:50.726872
SPERF-00000313,SUP-0011,1,2024,50,38,0.772,0.918,0.049,34,75.76,2026-04-30T04:36:50.726872
SPERF-00000314,SUP-0011,2,2024,44,37,0.847,0.812,0.0309,43,79.58,2026-04-30T04:36:50.726872
SPERF-00000315,SUP-0011,3,2024,66,51,0.78,0.893,0.0073,33,85.63,2026-04-30T04:36:50.726872
SPERF-00000316,SUP-0011,4,2024,78,60,0.779,0.953,0.0196,38,84.62,2026-04-30T04:36:50.726872
SPERF-00000317,SUP-0011,5,2024,34,26,0.781,0.929,0.0489,30,76.53,2026-04-30T04:36:50.726872
SPERF-00000318,SUP-0011,6,2024,5,3,0.788,0.833,0.0252,37,79.38,2026-04-30T04:36:50.726872
SPERF-00000319,SUP-0011,7,2024,16,13,0.862,0.844,0.0286,32,81.87,2026-04-30T04:36:50.726872
SPERF-00000320,SUP-0011,8,2024,8,7,0.97,0.828,0.0325,15,84.66,2026-04-30T04:36:50.726872
SPERF-00000321,SUP-0011,9,2024,59,57,0.981,0.831,0.0427,3,82.65,2026-04-30T04:36:50.726872
SPERF-00000322,SUP-0011,10,2024,61,50,0.82,0.917,0.0436,24,79.0,2026-04-30T04:36:50.726872
SPERF-00000323,SUP-0011,11,2024,77,54,0.705,0.914,0.0454,51,73.84,2026-04-30T04:36:50.726872
SPERF-00000324,SUP-0011,12,2024,47,40,0.861,0.914,0.0205,46,86.31,2026-04-30T04:36:50.726872
SPERF-00000325,SUP-0011,1,2025,51,46,0.905,0.933,0.0239,56,87.88,2026-04-30T04:36:50.726872
SPERF-00000326,SUP-0011,2,2025,53,40,0.755,0.981,0.0404,37,79.44,2026-04-30T04:36:50.726872
SPERF-00000327,SUP-0011,3,2025,6,4,0.794,0.914,0.0273,12,81.92,2026-04-30T04:36:50.726872
SPERF-00000328,SUP-0011,4,2025,20,15,0.788,0.955,0.0371,39,80.67,2026-04-30T04:36:50.726872
SPERF-00000329,SUP-0011,5,2025,79,59,0.747,0.881,0.0297,50,78.29,2026-04-30T04:36:50.726872
SPERF-00000330,SUP-0011,6,2025,11,7,0.709,0.906,0.026,15,78.57,2026-04-30T04:36:50.726872
SPERF-00000331,SUP-0012,1,2023,78,65,0.836,0.844,0.0117,44,85.05,2026-04-30T04:36:50.726872
SPERF-00000332,SUP-0012,2,2023,67,60,0.904,0.863,0.0468,58,79.67,2026-04-30T04:36:50.726872
SPERF-00000333,SUP-0012,3,2023,36,31,0.884,0.832,0.0131,44,86.2,2026-04-30T04:36:50.726872
SPERF-00000334,SUP-0012,4,2023,44,32,0.746,0.872,0.0052,16,84.06,2026-04-30T04:36:50.726872
SPERF-00000335,SUP-0012,5,2023,13,9,0.721,0.883,0.0371,32,75.47,2026-04-30T04:36:50.726872
SPERF-00000336,SUP-0012,6,2023,5,4,0.809,0.948,0.0262,11,83.99,2026-04-30T04:36:50.726872
SPERF-00000337,SUP-0012,7,2023,52,44,0.863,0.822,0.0252,12,81.99,2026-04-30T04:36:50.726872
SPERF-00000338,SUP-0012,8,2023,21,19,0.949,0.83,0.028,10,85.01,2026-04-30T04:36:50.726872
SPERF-00000339,SUP-0012,9,2023,55,53,0.977,0.956,0.0335,52,89.16,2026-04-30T04:36:50.726872
SPERF-00000340,SUP-0012,10,2023,16,14,0.887,0.935,0.0458,41,81.76,2026-04-30T04:36:50.726872
SPERF-00000341,SUP-0012,11,2023,66,62,0.941,0.86,0.0364,57,83.64,2026-04-30T04:36:50.726872
SPERF-00000342,SUP-0012,12,2023,23,17,0.753,0.842,0.0294,43,77.24,2026-04-30T04:36:50.726872
SPERF-00000343,SUP-0012,1,2024,63,59,0.937,0.948,0.0177,9,91.23,2026-04-30T04:36:50.726872
SPERF-00000344,SUP-0012,2,2024,42,41,0.99,0.851,0.0197,9,89.46,2026-04-30T04:36:50.726872
SPERF-00000345,SUP-0012,3,2024,15,12,0.83,0.934,0.036,56,81.89,2026-04-30T04:36:50.726872
SPERF-00000346,SUP-0012,4,2024,44,42,0.961,0.974,0.0333,8,89.2,2026-04-30T04:36:50.726872
SPERF-00000347,SUP-0012,5,2024,36,33,0.924,0.911,0.0279,58,86.87,2026-04-30T04:36:50.726872
SPERF-00000348,SUP-0012,6,2024,54,47,0.871,0.833,0.0175,52,84.62,2026-04-30T04:36:50.726872
SPERF-00000349,SUP-0012,7,2024,10,8,0.839,0.942,0.0235,50,85.66,2026-04-30T04:36:50.726872
SPERF-00000350,SUP-0012,8,2024,27,25,0.939,0.933,0.0343,54,86.64,2026-04-30T04:36:50.726872
SPERF-00000351,SUP-0012,9,2024,11,10,0.965,0.838,0.0073,22,91.11,2026-04-30T04:36:50.726872
SPERF-00000352,SUP-0012,10,2024,6,5,0.941,0.985,0.047,47,85.37,2026-04-30T04:36:50.726872
SPERF-00000353,SUP-0012,11,2024,49,41,0.847,0.833,0.0299,58,80.56,2026-04-30T04:36:50.726872
SPERF-00000354,SUP-0012,12,2024,51,41,0.809,0.873,0.0322,16,79.86,2026-04-30T04:36:50.726872
SPERF-00000355,SUP-0012,1,2025,20,18,0.901,0.977,0.0468,46,83.53,2026-04-30T04:36:50.726872
SPERF-00000356,SUP-0012,2,2025,10,7,0.755,0.919,0.0462,43,75.81,2026-04-30T04:36:50.726872
SPERF-00000357,SUP-0012,3,2025,15,11,0.782,0.823,0.015,19,81.34,2026-04-30T04:36:50.726872
SPERF-00000358,SUP-0012,4,2025,74,65,0.891,0.901,0.0022,26,91.62,2026-04-30T04:36:50.726872
SPERF-00000359,SUP-0012,5,2025,41,33,0.811,0.935,0.0055,8,88.79,2026-04-30T04:36:50.726872
SPERF-00000360,SUP-0012,6,2025,26,22,0.875,0.806,0.0409,52,77.98,2026-04-30T04:36:50.726872
SPERF-00000361,SUP-0013,1,2023,32,26,0.831,0.883,0.0163,28,85.07,2026-04-30T04:36:50.726872
SPERF-00000362,SUP-0013,2,2023,19,18,0.959,0.862,0.0027,16,92.86,2026-04-30T04:36:50.726872
SPERF-00000363,SUP-0013,3,2023,19,17,0.943,0.888,0.0164,31,89.7,2026-04-30T04:36:50.726872
SPERF-00000364,SUP-0013,4,2023,54,48,0.902,0.898,0.0141,29,88.98,2026-04-30T04:36:50.726872
SPERF-00000365,SUP-0013,5,2023,78,59,0.759,0.945,0.0277,45,81.51,2026-04-30T04:36:50.726872
SPERF-00000366,SUP-0013,6,2023,18,13,0.744,0.916,0.0334,20,78.47,2026-04-30T04:36:50.726872
SPERF-00000367,SUP-0013,7,2023,16,14,0.896,0.876,0.037,36,82.25,2026-04-30T04:36:50.726872
SPERF-00000368,SUP-0013,8,2023,38,26,0.706,0.94,0.0316,47,78.24,2026-04-30T04:36:50.726872
SPERF-00000369,SUP-0013,9,2023,29,20,0.703,0.927,0.0236,15,79.66,2026-04-30T04:36:50.726872
SPERF-00000370,SUP-0013,10,2023,73,54,0.751,0.985,0.0205,36,84.39,2026-04-30T04:36:50.726872
SPERF-00000371,SUP-0013,11,2023,5,4,0.972,0.904,0.0397,27,85.59,2026-04-30T04:36:50.726872
SPERF-00000372,SUP-0013,12,2023,19,14,0.787,0.923,0.01,53,86.28,2026-04-30T04:36:50.726872
SPERF-00000373,SUP-0013,1,2024,20,16,0.801,0.96,0.019,51,85.89,2026-04-30T04:36:50.726872
SPERF-00000374,SUP-0013,2,2024,13,11,0.867,0.981,0.0366,33,84.86,2026-04-30T04:36:50.726872
SPERF-00000375,SUP-0013,3,2024,22,16,0.739,0.862,0.0236,45,78.83,2026-04-30T04:36:50.726872
SPERF-00000376,SUP-0013,4,2024,16,13,0.836,0.863,0.0352,54,79.84,2026-04-30T04:36:50.726872
SPERF-00000377,SUP-0013,5,2024,56,45,0.808,0.95,0.032,30,82.57,2026-04-30T04:36:50.726872
SPERF-00000378,SUP-0013,6,2024,62,45,0.728,0.804,0.0493,17,69.94,2026-04-30T04:36:50.726872
SPERF-00000379,SUP-0013,7,2024,5,3,0.761,0.836,0.0099,7,82.23,2026-04-30T04:36:50.726872
SPERF-00000380,SUP-0013,8,2024,56,45,0.82,0.801,0.0168,10,81.63,2026-04-30T04:36:50.726872
SPERF-00000381,SUP-0013,9,2024,70,61,0.879,0.961,0.0319,41,85.82,2026-04-30T04:36:50.726872
SPERF-00000382,SUP-0013,10,2024,10,9,0.912,0.829,0.0036,38,89.59,2026-04-30T04:36:50.726872
SPERF-00000383,SUP-0013,11,2024,58,44,0.773,0.841,0.0178,39,80.91,2026-04-30T04:36:50.726872
SPERF-00000384,SUP-0013,12,2024,24,20,0.86,0.813,0.0241,17,81.83,2026-04-30T04:36:50.726872
SPERF-00000385,SUP-0013,1,2025,59,44,0.746,0.811,0.0463,31,71.65,2026-04-30T04:36:50.726872
SPERF-00000386,SUP-0013,2,2025,27,22,0.825,0.862,0.0298,35,80.72,2026-04-30T04:36:50.726872
SPERF-00000387,SUP-0013,3,2025,7,6,0.898,0.958,0.0203,30,89.38,2026-04-30T04:36:50.726872
SPERF-00000388,SUP-0013,4,2025,80,59,0.748,0.932,0.025,21,81.29,2026-04-30T04:36:50.726872
SPERF-00000389,SUP-0013,5,2025,79,59,0.754,0.829,0.0051,9,82.9,2026-04-30T04:36:50.726872
SPERF-00000390,SUP-0013,6,2025,10,8,0.857,0.932,0.0096,45,89.5,2026-04-30T04:36:50.726872
SPERF-00000391,SUP-0014,1,2023,8,5,0.706,0.969,0.0492,49,74.86,2026-04-30T04:36:50.726872
SPERF-00000392,SUP-0014,2,2023,5,4,0.959,0.85,0.028,36,86.11,2026-04-30T04:36:50.726872
SPERF-00000393,SUP-0014,3,2023,11,10,0.914,0.818,0.0119,19,87.22,2026-04-30T04:36:50.726872
SPERF-00000394,SUP-0014,4,2023,48,33,0.704,0.837,0.0149,35,78.73,2026-04-30T04:36:50.726872
SPERF-00000395,SUP-0014,5,2023,8,7,0.92,0.804,0.0318,46,81.99,2026-04-30T04:36:50.726872
SPERF-00000396,SUP-0014,6,2023,55,44,0.809,0.826,0.0148,14,82.57,2026-04-30T04:36:50.726872
SPERF-00000397,SUP-0014,7,2023,53,39,0.75,0.966,0.0365,33,79.69,2026-04-30T04:36:50.726872
SPERF-00000398,SUP-0014,8,2023,7,5,0.811,0.97,0.0111,28,88.62,2026-04-30T04:36:50.726872
SPERF-00000399,SUP-0014,9,2023,64,49,0.769,0.866,0.0199,6,81.09,2026-04-30T04:36:50.726872
SPERF-00000400,SUP-0014,10,2023,53,50,0.955,0.912,0.0433,26,84.3,2026-04-30T04:36:50.726872
SPERF-00000401,SUP-0014,11,2023,58,56,0.98,0.932,0.0246,14,90.67,2026-04-30T04:36:50.726872
SPERF-00000402,SUP-0014,12,2023,14,10,0.746,0.818,0.0382,8,73.92,2026-04-30T04:36:50.726872
SPERF-00000403,SUP-0014,1,2024,15,14,0.955,0.905,0.0048,24,93.67,2026-04-30T04:36:50.726872
SPERF-00000404,SUP-0014,2,2024,58,41,0.71,0.874,0.019,42,79.24,2026-04-30T04:36:50.726872
SPERF-00000405,SUP-0014,3,2024,35,32,0.934,0.843,0.0156,35,87.96,2026-04-30T04:36:50.726872
SPERF-00000406,SUP-0014,4,2024,63,54,0.873,0.92,0.0062,24,90.57,2026-04-30T04:36:50.726872
SPERF-00000407,SUP-0014,5,2024,74,58,0.794,0.853,0.0372,51,77.31,2026-04-30T04:36:50.726872
SPERF-00000408,SUP-0014,6,2024,8,7,0.894,0.919,0.0499,58,80.45,2026-04-30T04:36:50.726872
SPERF-00000409,SUP-0014,7,2024,34,30,0.886,0.989,0.0256,48,88.66,2026-04-30T04:36:50.726872
SPERF-00000410,SUP-0014,8,2024,21,19,0.93,0.953,0.0234,29,89.71,2026-04-30T04:36:50.726872
SPERF-00000411,SUP-0014,9,2024,53,40,0.767,0.926,0.0064,37,86.49,2026-04-30T04:36:50.726872
SPERF-00000412,SUP-0014,10,2024,39,31,0.809,0.988,0.0171,37,87.66,2026-04-30T04:36:50.726872
SPERF-00000413,SUP-0014,11,2024,71,66,0.935,0.817,0.0386,59,81.34,2026-04-30T04:36:50.726872
SPERF-00000414,SUP-0014,12,2024,60,44,0.742,0.96,0.0024,11,87.68,2026-04-30T04:36:50.726872
SPERF-00000415,SUP-0014,1,2025,38,30,0.792,0.858,0.0038,32,85.76,2026-04-30T04:36:50.726872
SPERF-00000416,SUP-0014,2,2025,14,11,0.808,0.982,0.0055,45,90.31,2026-04-30T04:36:50.726872
SPERF-00000417,SUP-0014,3,2025,22,18,0.825,0.82,0.0129,54,83.47,2026-04-30T04:36:50.726872
SPERF-00000418,SUP-0014,4,2025,25,18,0.726,0.964,0.0274,59,80.93,2026-04-30T04:36:50.726872
SPERF-00000419,SUP-0014,5,2025,68,62,0.916,0.893,0.0448,30,81.69,2026-04-30T04:36:50.726872
SPERF-00000420,SUP-0014,6,2025,39,34,0.878,0.954,0.0208,17,88.31,2026-04-30T04:36:50.726872
SPERF-00000421,SUP-0015,1,2023,65,50,0.77,0.921,0.0491,39,75.76,2026-04-30T04:36:50.726872
SPERF-00000422,SUP-0015,2,2023,21,17,0.839,0.943,0.012,7,88.56,2026-04-30T04:36:50.726872
SPERF-00000423,SUP-0015,3,2023,43,42,0.979,0.859,0.0263,34,87.65,2026-04-30T04:36:50.726872
SPERF-00000424,SUP-0015,4,2023,39,37,0.958,0.925,0.0119,42,92.72,2026-04-30T04:36:50.726872
SPERF-00000425,SUP-0015,5,2023,64,61,0.967,0.865,0.0447,52,82.78,2026-04-30T04:36:50.726872
SPERF-00000426,SUP-0015,6,2023,58,46,0.804,0.985,0.0098,36,89.19,2026-04-30T04:36:50.726872
SPERF-00000427,SUP-0015,7,2023,17,12,0.736,0.86,0.0331,38,76.26,2026-04-30T04:36:50.726872
SPERF-00000428,SUP-0015,8,2023,15,14,0.978,0.914,0.0225,49,90.48,2026-04-30T04:36:50.726872
SPERF-00000429,SUP-0015,9,2023,69,52,0.764,0.987,0.0273,57,83.28,2026-04-30T04:36:50.726872
SPERF-00000430,SUP-0015,10,2023,30,24,0.808,0.891,0.0368,14,79.31,2026-04-30T04:36:50.726872
SPERF-00000431,SUP-0015,11,2023,48,43,0.897,0.932,0.0054,11,92.15,2026-04-30T04:36:50.726872
SPERF-00000432,SUP-0015,12,2023,53,48,0.918,0.835,0.0325,39,82.82,2026-04-30T04:36:50.726872
SPERF-00000433,SUP-0015,1,2024,42,40,0.965,0.835,0.0457,6,81.4,2026-04-30T04:36:50.726872
SPERF-00000434,SUP-0015,2,2024,32,23,0.73,0.914,0.0286,43,79.04,2026-04-30T04:36:50.726872
SPERF-00000435,SUP-0015,3,2024,67,64,0.959,0.853,0.0014,32,92.87,2026-04-30T04:36:50.726872
SPERF-00000436,SUP-0015,4,2024,31,24,0.802,0.855,0.0403,31,76.93,2026-04-30T04:36:50.726872
SPERF-00000437,SUP-0015,5,2024,48,35,0.745,0.988,0.0108,57,86.68,2026-04-30T04:36:50.726872
SPERF-00000438,SUP-0015,6,2024,12,11,0.928,0.912,0.0349,7,85.32,2026-04-30T04:36:50.726872
SPERF-00000439,SUP-0015,7,2024,18,13,0.755,0.878,0.0461,33,74.41,2026-04-30T04:36:50.726872
SPERF-00000440,SUP-0015,8,2024,57,41,0.732,0.989,0.0356,56,80.0,2026-04-30T04:36:50.726872
SPERF-00000441,SUP-0015,9,2024,8,7,0.904,0.96,0.0044,11,93.66,2026-04-30T04:36:50.726872
SPERF-00000442,SUP-0015,10,2024,80,57,0.721,0.951,0.0378,53,77.67,2026-04-30T04:36:50.726872
SPERF-00000443,SUP-0015,11,2024,71,57,0.806,0.902,0.0388,53,79.11,2026-04-30T04:36:50.726872
SPERF-00000444,SUP-0015,12,2024,24,18,0.779,0.926,0.0077,41,86.65,2026-04-30T04:36:50.726872
SPERF-00000445,SUP-0015,1,2025,73,53,0.729,0.941,0.0095,56,84.72,2026-04-30T04:36:50.726872
SPERF-00000446,SUP-0015,2,2025,30,23,0.795,0.861,0.0373,16,77.61,2026-04-30T04:36:50.726872
SPERF-00000447,SUP-0015,3,2025,14,10,0.718,0.899,0.0036,41,84.28,2026-04-30T04:36:50.726872
SPERF-00000448,SUP-0015,4,2025,34,26,0.787,0.963,0.0328,18,81.98,2026-04-30T04:36:50.726872
SPERF-00000449,SUP-0015,5,2025,6,5,0.874,0.822,0.0102,7,86.18,2026-04-30T04:36:50.726872
SPERF-00000450,SUP-0015,6,2025,62,54,0.88,0.914,0.0356,26,83.29,2026-04-30T04:36:50.726872
SPERF-00000451,SUP-0016,1,2023,47,39,0.834,0.864,0.0274,48,81.75,2026-04-30T04:36:50.726872
SPERF-00000452,SUP-0016,2,2023,29,23,0.816,0.978,0.0077,6,89.95,2026-04-30T04:36:50.726872
SPERF-00000453,SUP-0016,3,2023,30,22,0.757,0.92,0.034,6,78.98,2026-04-30T04:36:50.726872
SPERF-00000454,SUP-0016,4,2023,50,35,0.711,0.889,0.013,25,81.31,2026-04-30T04:36:50.726872
SPERF-00000455,SUP-0016,5,2023,79,69,0.883,0.948,0.0176,15,89.1,2026-04-30T04:36:50.726872
SPERF-00000456,SUP-0016,6,2023,70,68,0.978,0.921,0.0283,52,89.28,2026-04-30T04:36:50.726872
SPERF-00000457,SUP-0016,7,2023,17,12,0.716,0.962,0.0191,16,82.53,2026-04-30T04:36:50.726872
SPERF-00000458,SUP-0016,8,2023,41,35,0.877,0.909,0.0183,55,87.32,2026-04-30T04:36:50.726872
SPERF-00000459,SUP-0016,9,2023,18,16,0.907,0.851,0.041,59,80.81,2026-04-30T04:36:50.726872
SPERF-00000460,SUP-0016,10,2023,9,7,0.86,0.975,0.0442,13,82.48,2026-04-30T04:36:50.726872
SPERF-00000461,SUP-0016,11,2023,9,8,0.901,0.901,0.0463,51,81.0,2026-04-30T04:36:50.726872
SPERF-00000462,SUP-0016,12,2023,63,60,0.957,0.93,0.0081,54,93.81,2026-04-30T04:36:50.726872
SPERF-00000463,SUP-0016,1,2024,72,56,0.778,0.961,0.0356,3,80.85,2026-04-30T04:36:50.726872
SPERF-00000464,SUP-0016,2,2024,13,12,0.984,0.961,0.0456,50,86.59,2026-04-30T04:36:50.726872
SPERF-00000465,SUP-0016,3,2024,49,45,0.935,0.958,0.0121,45,92.91,2026-04-30T04:36:50.726872
SPERF-00000466,SUP-0016,4,2024,20,14,0.744,0.987,0.0017,8,88.88,2026-04-30T04:36:50.726872
SPERF-00000467,SUP-0016,5,2024,52,38,0.741,0.93,0.0139,38,83.72,2026-04-30T04:36:50.726872
SPERF-00000468,SUP-0016,6,2024,60,59,0.989,0.822,0.041,35,83.08,2026-04-30T04:36:50.726872
SPERF-00000469,SUP-0016,7,2024,7,5,0.815,0.96,0.0126,21,88.05,2026-04-30T04:36:50.726872
SPERF-00000470,SUP-0016,8,2024,52,37,0.718,0.964,0.0496,49,75.06,2026-04-30T04:36:50.726872
SPERF-00000471,SUP-0016,9,2024,69,60,0.875,0.872,0.0388,54,80.82,2026-04-30T04:36:50.726872
SPERF-00000472,SUP-0016,10,2024,13,12,0.979,0.827,0.0221,49,87.58,2026-04-30T04:36:50.726872
SPERF-00000473,SUP-0016,11,2024,61,54,0.897,0.919,0.0438,10,82.09,2026-04-30T04:36:50.726872
SPERF-00000474,SUP-0016,12,2024,42,30,0.724,0.918,0.0035,7,85.22,2026-04-30T04:36:50.726872
SPERF-00000475,SUP-0016,1,2025,14,11,0.823,0.99,0.0316,58,84.67,2026-04-30T04:36:50.726872
SPERF-00000476,SUP-0016,2,2025,22,17,0.816,0.883,0.0444,7,77.45,2026-04-30T04:36:50.726872
SPERF-00000477,SUP-0016,3,2025,19,13,0.711,0.981,0.0194,38,82.92,2026-04-30T04:36:50.726872
SPERF-00000478,SUP-0016,4,2025,49,37,0.775,0.817,0.0011,41,84.32,2026-04-30T04:36:50.726872
SPERF-00000479,SUP-0016,5,2025,80,76,0.958,0.911,0.0378,39,85.75,2026-04-30T04:36:50.726872
SPERF-00000480,SUP-0016,6,2025,14,11,0.833,0.806,0.021,60,81.28,2026-04-30T04:36:50.726872
SPERF-00000481,SUP-0017,1,2023,76,56,0.738,0.813,0.0185,56,78.35,2026-04-30T04:36:50.726872
SPERF-00000482,SUP-0017,2,2023,25,24,0.96,0.937,0.02,38,91.19,2026-04-30T04:36:50.726872
SPERF-00000483,SUP-0017,3,2023,68,61,0.904,0.983,0.0306,23,87.91,2026-04-30T04:36:50.726872
SPERF-00000484,SUP-0017,4,2023,51,37,0.735,0.961,0.033,60,79.78,2026-04-30T04:36:50.726872
SPERF-00000485,SUP-0017,5,2023,79,57,0.729,0.877,0.0252,27,78.56,2026-04-30T04:36:50.726872
SPERF-00000486,SUP-0017,6,2023,39,32,0.824,0.936,0.0221,57,85.19,2026-04-30T04:36:50.726872
SPERF-00000487,SUP-0017,7,2023,13,10,0.793,0.968,0.0433,16,79.77,2026-04-30T04:36:50.726872
SPERF-00000488,SUP-0017,8,2023,21,17,0.844,0.87,0.0158,20,85.26,2026-04-30T04:36:50.726872
SPERF-00000489,SUP-0017,9,2023,67,58,0.868,0.899,0.0397,5,81.26,2026-04-30T04:36:50.726872
SPERF-00000490,SUP-0017,10,2023,64,58,0.914,0.832,0.0401,39,80.66,2026-04-30T04:36:50.726872
SPERF-00000491,SUP-0017,11,2023,44,39,0.907,0.862,0.0372,50,82.15,2026-04-30T04:36:50.726872
SPERF-00000492,SUP-0017,12,2023,31,22,0.713,0.814,0.004,39,81.01,2026-04-30T04:36:50.726872
SPERF-00000493,SUP-0017,1,2024,21,19,0.916,0.863,0.0394,42,82.0,2026-04-30T04:36:50.726872
SPERF-00000494,SUP-0017,2,2024,77,66,0.867,0.929,0.0427,28,81.52,2026-04-30T04:36:50.726872
SPERF-00000495,SUP-0017,3,2024,35,27,0.777,0.838,0.0404,48,75.31,2026-04-30T04:36:50.726872
SPERF-00000496,SUP-0017,4,2024,16,13,0.814,0.81,0.0335,34,77.53,2026-04-30T04:36:50.726872
SPERF-00000497,SUP-0017,5,2024,44,34,0.788,0.931,0.0104,56,86.51,2026-04-30T04:36:50.726872
SPERF-00000498,SUP-0017,6,2024,65,50,0.771,0.91,0.0086,24,85.54,2026-04-30T04:36:50.726872
SPERF-00000499,SUP-0017,7,2024,60,51,0.866,0.861,0.0439,33,78.8,2026-04-30T04:36:50.726872
SPERF-00000500,SUP-0017,8,2024,58,52,0.897,0.986,0.0016,29,94.99,2026-04-30T04:36:50.726872
SPERF-00000501,SUP-0017,9,2024,70,60,0.864,0.972,0.0084,17,91.48,2026-04-30T04:36:50.726872
SPERF-00000502,SUP-0017,10,2024,74,57,0.78,0.969,0.0154,35,86.27,2026-04-30T04:36:50.726872
SPERF-00000503,SUP-0017,11,2024,66,61,0.933,0.92,0.0084,29,92.42,2026-04-30T04:36:50.726872
SPERF-00000504,SUP-0017,12,2024,65,53,0.822,0.835,0.0122,50,84.05,2026-04-30T04:36:50.726872
SPERF-00000505,SUP-0017,1,2025,54,45,0.846,0.883,0.0454,47,78.4,2026-04-30T04:36:50.726872
SPERF-00000506,SUP-0017,2,2025,17,14,0.852,0.833,0.0136,37,84.84,2026-04-30T04:36:50.726872
SPERF-00000507,SUP-0017,3,2025,20,17,0.89,0.958,0.0349,57,85.41,2026-04-30T04:36:50.726872
SPERF-00000508,SUP-0017,4,2025,48,36,0.765,0.802,0.0416,28,73.27,2026-04-30T04:36:50.726872
SPERF-00000509,SUP-0017,5,2025,35,31,0.894,0.804,0.0043,53,87.83,2026-04-30T04:36:50.726872
SPERF-00000510,SUP-0017,6,2025,22,21,0.972,0.935,0.042,51,86.1,2026-04-30T04:36:50.726872
SPERF-00000511,SUP-0018,1,2023,23,22,0.984,0.988,0.0051,37,97.66,2026-04-30T04:36:50.726872
SPERF-00000512,SUP-0018,2,2023,38,31,0.837,0.851,0.0363,20,79.19,2026-04-30T04:36:50.726872
SPERF-00000513,SUP-0018,3,2023,56,39,0.714,0.85,0.0069,5,81.59,2026-04-30T04:36:50.726872
SPERF-00000514,SUP-0018,4,2023,68,55,0.823,0.852,0.0155,10,83.87,2026-04-30T04:36:50.726872
SPERF-00000515,SUP-0018,5,2023,27,24,0.915,0.983,0.0276,37,89.1,2026-04-30T04:36:50.726872
SPERF-00000516,SUP-0018,6,2023,79,64,0.814,0.971,0.0232,7,85.74,2026-04-30T04:36:50.726872
SPERF-00000517,SUP-0018,7,2023,29,22,0.774,0.815,0.045,56,73.23,2026-04-30T04:36:50.726872
SPERF-00000518,SUP-0018,8,2023,80,73,0.92,0.901,0.0116,56,90.44,2026-04-30T04:36:50.726872
SPERF-00000519,SUP-0018,9,2023,32,30,0.964,0.881,0.0073,51,92.57,2026-04-30T04:36:50.726872
SPERF-00000520,SUP-0018,10,2023,28,19,0.702,0.961,0.0316,20,78.81,2026-04-30T04:36:50.726872
SPERF-00000521,SUP-0018,11,2023,22,20,0.917,0.877,0.0024,20,91.78,2026-04-30T04:36:50.726872
SPERF-00000522,SUP-0018,12,2023,7,5,0.758,0.865,0.0464,3,74.0,2026-04-30T04:36:50.726872
SPERF-00000523,SUP-0018,1,2024,36,27,0.763,0.886,0.0133,9,83.2,2026-04-30T04:36:50.726872
SPERF-00000524,SUP-0018,2,2024,33,28,0.874,0.845,0.0118,15,86.58,2026-04-30T04:36:50.726872
SPERF-00000525,SUP-0018,3,2024,56,53,0.952,0.961,0.0206,10,91.56,2026-04-30T04:36:50.726872
SPERF-00000526,SUP-0018,4,2024,36,30,0.861,0.949,0.014,32,89.16,2026-04-30T04:36:50.726872
SPERF-00000527,SUP-0018,5,2024,55,41,0.76,0.806,0.0281,15,76.58,2026-04-30T04:36:50.726872
SPERF-00000528,SUP-0018,6,2024,27,23,0.863,0.83,0.0076,35,86.67,2026-04-30T04:36:50.726872
SPERF-00000529,SUP-0018,7,2024,10,8,0.813,0.989,0.0395,28,82.26,2026-04-30T04:36:50.726872
SPERF-00000530,SUP-0018,8,2024,33,26,0.807,0.897,0.0145,37,85.05,2026-04-30T04:36:50.726872
SPERF-00000531,SUP-0018,9,2024,35,26,0.751,0.983,0.0389,31,79.72,2026-04-30T04:36:50.726872
SPERF-00000532,SUP-0018,10,2024,62,51,0.834,0.96,0.0408,6,81.76,2026-04-30T04:36:50.726872
SPERF-00000533,SUP-0018,11,2024,66,46,0.712,0.885,0.0272,30,77.66,2026-04-30T04:36:50.726872
SPERF-00000534,SUP-0018,12,2024,67,48,0.722,0.904,0.0301,35,78.0,2026-04-30T04:36:50.726872
SPERF-00000535,SUP-0018,1,2025,75,73,0.986,0.94,0.0027,30,96.67,2026-04-30T04:36:50.726872
SPERF-00000536,SUP-0018,2,2025,38,30,0.795,0.834,0.0398,7,76.04,2026-04-30T04:36:50.726872
SPERF-00000537,SUP-0018,3,2025,79,67,0.86,0.891,0.0211,40,85.31,2026-04-30T04:36:50.726872
SPERF-00000538,SUP-0018,4,2025,49,41,0.84,0.975,0.0311,53,84.95,2026-04-30T04:36:50.726872
SPERF-00000539,SUP-0018,5,2025,80,74,0.933,0.981,0.0348,43,87.95,2026-04-30T04:36:50.726872
SPERF-00000540,SUP-0018,6,2025,15,12,0.851,0.899,0.0201,50,85.48,2026-04-30T04:36:50.726872
SPERF-00000541,SUP-0019,1,2023,43,35,0.829,0.813,0.0258,16,80.16,2026-04-30T04:36:50.726872
SPERF-00000542,SUP-0019,2,2023,71,61,0.87,0.849,0.0096,13,87.12,2026-04-30T04:36:50.726872
SPERF-00000543,SUP-0019,3,2023,32,24,0.779,0.92,0.0343,39,79.78,2026-04-30T04:36:50.726872
SPERF-00000544,SUP-0019,4,2023,73,58,0.808,0.931,0.0129,18,86.68,2026-04-30T04:36:50.726872
SPERF-00000545,SUP-0019,5,2023,21,16,0.764,0.946,0.02,27,83.67,2026-04-30T04:36:50.726872
SPERF-00000546,SUP-0019,6,2023,58,45,0.783,0.828,0.0273,42,78.47,2026-04-30T04:36:50.726872
SPERF-00000547,SUP-0019,7,2023,37,34,0.943,0.96,0.0301,39,88.79,2026-04-30T04:36:50.726872
SPERF-00000548,SUP-0019,8,2023,67,53,0.797,0.821,0.0016,54,85.22,2026-04-30T04:36:50.726872
SPERF-00000549,SUP-0019,9,2023,58,46,0.8,0.902,0.0171,23,84.3,2026-04-30T04:36:50.726872
SPERF-00000550,SUP-0019,10,2023,24,19,0.819,0.895,0.0289,45,81.86,2026-04-30T04:36:50.726872
SPERF-00000551,SUP-0019,11,2023,61,53,0.885,0.886,0.0142,20,87.86,2026-04-30T04:36:50.726872
SPERF-00000552,SUP-0019,12,2023,28,27,0.973,0.95,0.0149,48,93.44,2026-04-30T04:36:50.726872
SPERF-00000553,SUP-0019,1,2024,19,16,0.858,0.983,0.0438,44,82.77,2026-04-30T04:36:50.726872
SPERF-00000554,SUP-0019,2,2024,6,5,0.893,0.949,0.0362,59,84.89,2026-04-30T04:36:50.726872
SPERF-00000555,SUP-0019,3,2024,71,66,0.939,0.882,0.0403,32,83.35,2026-04-30T04:36:50.726872
SPERF-00000556,SUP-0019,4,2024,53,47,0.899,0.985,0.0377,25,86.01,2026-04-30T04:36:50.726872
SPERF-00000557,SUP-0019,5,2024,55,48,0.883,0.877,0.0068,8,89.31,2026-04-30T04:36:50.726872
SPERF-00000558,SUP-0019,6,2024,50,42,0.846,0.835,0.0259,31,81.59,2026-04-30T04:36:50.726872
SPERF-00000559,SUP-0019,7,2024,40,31,0.793,0.953,0.0232,39,84.28,2026-04-30T04:36:50.726872
SPERF-00000560,SUP-0019,8,2024,69,66,0.967,0.965,0.0239,43,91.48,2026-04-30T04:36:50.726872
SPERF-00000561,SUP-0019,9,2024,62,43,0.701,0.957,0.0033,38,85.71,2026-04-30T04:36:50.726872
SPERF-00000562,SUP-0019,10,2024,21,19,0.945,0.936,0.0061,22,94.03,2026-04-30T04:36:50.726872
SPERF-00000563,SUP-0019,11,2024,39,27,0.711,0.905,0.04,14,75.11,2026-04-30T04:36:50.726872
SPERF-00000564,SUP-0019,12,2024,48,39,0.821,0.957,0.0216,20,85.94,2026-04-30T04:36:50.726872
SPERF-00000565,SUP-0019,1,2025,37,28,0.757,0.82,0.0016,51,83.58,2026-04-30T04:36:50.726872
SPERF-00000566,SUP-0019,2,2025,63,61,0.975,0.887,0.0418,29,84.59,2026-04-30T04:36:50.726872
SPERF-00000567,SUP-0019,3,2025,13,9,0.727,0.978,0.0187,17,83.63,2026-04-30T04:36:50.726872
SPERF-00000568,SUP-0019,4,2025,12,9,0.798,0.816,0.0445,8,74.36,2026-04-30T04:36:50.726872
SPERF-00000569,SUP-0019,5,2025,9,6,0.768,0.859,0.0282,57,78.73,2026-04-30T04:36:50.726872
SPERF-00000570,SUP-0019,6,2025,79,57,0.729,0.825,0.0472,31,71.23,2026-04-30T04:36:50.726872
SPERF-00000571,SUP-0020,1,2023,44,41,0.954,0.957,0.0454,30,85.31,2026-04-30T04:36:50.726872
SPERF-00000572,SUP-0020,2,2023,15,12,0.838,0.883,0.0181,28,84.9,2026-04-30T04:36:50.726872
SPERF-00000573,SUP-0020,3,2023,77,58,0.758,0.928,0.0377,7,78.38,2026-04-30T04:36:50.726872
SPERF-00000574,SUP-0020,4,2023,78,75,0.968,0.963,0.041,50,87.17,2026-04-30T04:36:50.726872
SPERF-00000575,SUP-0020,5,2023,60,48,0.807,0.835,0.0024,34,85.91,2026-04-30T04:36:50.726872
SPERF-00000576,SUP-0020,6,2023,34,29,0.86,0.869,0.0032,8,89.02,2026-04-30T04:36:50.726872
SPERF-00000577,SUP-0020,7,2023,18,14,0.816,0.879,0.0026,5,87.75,2026-04-30T04:36:50.726872
SPERF-00000578,SUP-0020,8,2023,23,18,0.82,0.843,0.0111,46,84.53,2026-04-30T04:36:50.726872
SPERF-00000579,SUP-0020,9,2023,36,26,0.724,0.866,0.0111,16,81.5,2026-04-30T04:36:50.726872
SPERF-00000580,SUP-0020,10,2023,74,62,0.846,0.842,0.0154,8,84.46,2026-04-30T04:36:50.726872
SPERF-00000581,SUP-0020,11,2023,60,44,0.745,0.984,0.011,3,86.49,2026-04-30T04:36:50.726872
SPERF-00000582,SUP-0020,12,2023,59,43,0.743,0.884,0.0477,59,73.73,2026-04-30T04:36:50.726872
SPERF-00000583,SUP-0020,1,2024,16,12,0.81,0.863,0.0057,50,86.18,2026-04-30T04:36:50.726872
SPERF-00000584,SUP-0020,2,2024,36,28,0.799,0.949,0.0119,10,87.2,2026-04-30T04:36:50.726872
SPERF-00000585,SUP-0020,3,2024,8,6,0.844,0.834,0.0023,7,87.38,2026-04-30T04:36:50.726872
SPERF-00000586,SUP-0020,4,2024,58,44,0.763,0.809,0.0305,21,76.21,2026-04-30T04:36:50.726872
SPERF-00000587,SUP-0020,5,2024,13,12,0.987,0.939,0.0074,8,95.5,2026-04-30T04:36:50.726872
SPERF-00000588,SUP-0020,6,2024,30,21,0.708,0.974,0.0113,12,84.58,2026-04-30T04:36:50.726872
SPERF-00000589,SUP-0020,7,2024,22,16,0.736,0.923,0.0107,57,84.07,2026-04-30T04:36:50.726872
SPERF-00000590,SUP-0020,8,2024,41,33,0.826,0.838,0.0096,37,84.97,2026-04-30T04:36:50.726872
SPERF-00000591,SUP-0020,9,2024,44,39,0.894,0.878,0.0304,12,83.89,2026-04-30T04:36:50.726872
SPERF-00000592,SUP-0020,10,2024,46,34,0.753,0.921,0.0112,18,84.56,2026-04-30T04:36:50.726872
SPERF-00000593,SUP-0020,11,2024,75,65,0.869,0.978,0.0409,9,83.76,2026-04-30T04:36:50.726872
SPERF-00000594,SUP-0020,12,2024,24,22,0.922,0.907,0.0348,17,84.92,2026-04-30T04:36:50.726872
SPERF-00000595,SUP-0020,1,2025,53,46,0.876,0.859,0.0407,19,79.93,2026-04-30T04:36:50.726872
SPERF-00000596,SUP-0020,2,2025,58,47,0.812,0.969,0.0357,38,82.47,2026-04-30T04:36:50.726872
SPERF-00000597,SUP-0020,3,2025,59,50,0.853,0.827,0.0069,40,86.34,2026-04-30T04:36:50.726872
SPERF-00000598,SUP-0020,4,2025,38,33,0.891,0.937,0.0376,42,84.03,2026-04-30T04:36:50.726872
SPERF-00000599,SUP-0020,5,2025,56,44,0.791,0.889,0.0331,32,79.48,2026-04-30T04:36:50.726872
SPERF-00000600,SUP-0020,6,2025,76,66,0.873,0.897,0.0396,57,81.41,2026-04-30T04:36:50.726872
SPERF-00000601,SUP-0021,1,2023,62,58,0.948,0.988,0.0105,54,94.88,2026-04-30T04:36:50.726872
SPERF-00000602,SUP-0021,2,2023,40,33,0.836,0.875,0.0421,46,78.54,2026-04-30T04:36:50.726872
SPERF-00000603,SUP-0021,3,2023,46,43,0.946,0.858,0.0299,57,85.4,2026-04-30T04:36:50.726872
SPERF-00000604,SUP-0021,4,2023,66,55,0.837,0.828,0.0134,38,84.11,2026-04-30T04:36:50.726872
SPERF-00000605,SUP-0021,5,2023,51,45,0.901,0.831,0.0123,41,87.05,2026-04-30T04:36:50.726872
SPERF-00000606,SUP-0021,6,2023,53,52,0.982,0.965,0.0416,39,87.66,2026-04-30T04:36:50.726872
SPERF-00000607,SUP-0021,7,2023,79,72,0.919,0.816,0.0434,43,79.47,2026-04-30T04:36:50.726872
SPERF-00000608,SUP-0021,8,2023,52,37,0.73,0.853,0.0352,49,75.25,2026-04-30T04:36:50.726872
SPERF-00000609,SUP-0021,9,2023,37,34,0.927,0.897,0.0087,40,91.3,2026-04-30T04:36:50.726872
SPERF-00000610,SUP-0021,10,2023,68,64,0.946,0.895,0.0263,36,87.59,2026-04-30T04:36:50.726872
SPERF-00000611,SUP-0021,11,2023,23,22,0.973,0.95,0.0158,10,93.22,2026-04-30T04:36:50.726872
SPERF-00000612,SUP-0021,12,2023,78,63,0.817,0.902,0.0065,33,87.62,2026-04-30T04:36:50.726872
SPERF-00000613,SUP-0021,1,2024,62,44,0.712,0.982,0.022,27,82.35,2026-04-30T04:36:50.726872
SPERF-00000614,SUP-0021,2,2024,7,5,0.788,0.957,0.038,58,80.52,2026-04-30T04:36:50.726872
SPERF-00000615,SUP-0021,3,2024,25,18,0.739,0.889,0.0449,6,74.45,2026-04-30T04:36:50.726872
SPERF-00000616,SUP-0021,4,2024,64,46,0.724,0.834,0.0209,32,77.92,2026-04-30T04:36:50.726872
SPERF-00000617,SUP-0021,5,2024,36,26,0.738,0.82,0.0024,31,82.62,2026-04-30T04:36:50.726872
SPERF-00000618,SUP-0021,6,2024,19,14,0.774,0.951,0.0167,39,85.07,2026-04-30T04:36:50.726872
SPERF-00000619,SUP-0021,7,2024,25,22,0.908,0.878,0.0399,17,82.07,2026-04-30T04:36:50.726872
SPERF-00000620,SUP-0021,8,2024,72,57,0.802,0.826,0.0347,6,77.31,2026-04-30T04:36:50.726872
SPERF-00000621,SUP-0021,9,2024,12,10,0.908,0.859,0.0458,41,79.93,2026-04-30T04:36:50.726872
SPERF-00000622,SUP-0021,10,2024,15,14,0.972,0.863,0.0305,35,86.46,2026-04-30T04:36:50.726872
SPERF-00000623,SUP-0021,11,2024,64,55,0.868,0.912,0.0261,59,85.12,2026-04-30T04:36:50.726872
SPERF-00000624,SUP-0021,12,2024,9,8,0.969,0.959,0.0255,24,90.95,2026-04-30T04:36:50.726872
SPERF-00000625,SUP-0021,1,2025,44,31,0.715,0.924,0.0377,23,76.52,2026-04-30T04:36:50.726872
SPERF-00000626,SUP-0021,2,2025,75,71,0.954,0.808,0.0419,10,80.97,2026-04-30T04:36:50.726872
SPERF-00000627,SUP-0021,3,2025,47,43,0.931,0.818,0.0495,47,78.5,2026-04-30T04:36:50.726872
SPERF-00000628,SUP-0021,4,2025,7,5,0.717,0.985,0.0033,39,87.33,2026-04-30T04:36:50.726872
SPERF-00000629,SUP-0021,5,2025,11,9,0.856,0.821,0.046,59,76.47,2026-04-30T04:36:50.726872
SPERF-00000630,SUP-0021,6,2025,38,26,0.709,0.902,0.0049,40,83.7,2026-04-30T04:36:50.726872
SPERF-00000631,SUP-0022,1,2023,74,58,0.785,0.979,0.0341,47,82.14,2026-04-30T04:36:50.726872
SPERF-00000632,SUP-0022,2,2023,62,58,0.951,0.976,0.0133,13,93.87,2026-04-30T04:36:50.726872
SPERF-00000633,SUP-0022,3,2023,34,27,0.803,0.814,0.0387,46,75.94,2026-04-30T04:36:50.726872
SPERF-00000634,SUP-0022,4,2023,23,21,0.938,0.828,0.024,42,85.5,2026-04-30T04:36:50.726872
SPERF-00000635,SUP-0022,5,2023,17,15,0.936,0.877,0.025,50,86.89,2026-04-30T04:36:50.726872
SPERF-00000636,SUP-0022,6,2023,42,32,0.771,0.955,0.0391,54,79.49,2026-04-30T04:36:50.726872
SPERF-00000637,SUP-0022,7,2023,35,26,0.747,0.833,0.026,18,77.53,2026-04-30T04:36:50.726872
SPERF-00000638,SUP-0022,8,2023,59,50,0.858,0.813,0.0497,14,75.35,2026-04-30T04:36:50.726872
SPERF-00000639,SUP-0022,9,2023,42,35,0.843,0.841,0.037,6,78.91,2026-04-30T04:36:50.726872
SPERF-00000640,SUP-0022,10,2023,51,41,0.816,0.85,0.0445,38,76.27,2026-04-30T04:36:50.726872
SPERF-00000641,SUP-0022,11,2023,65,46,0.708,0.956,0.0233,6,80.95,2026-04-30T04:36:50.726872
SPERF-00000642,SUP-0022,12,2023,41,39,0.963,0.896,0.0438,5,83.93,2026-04-30T04:36:50.726872
SPERF-00000643,SUP-0022,1,2024,79,77,0.975,0.87,0.0295,56,87.08,2026-04-30T04:36:50.726872
SPERF-00000644,SUP-0022,2,2024,21,15,0.756,0.865,0.0095,25,83.14,2026-04-30T04:36:50.726872
SPERF-00000645,SUP-0022,3,2024,38,33,0.885,0.844,0.0372,58,80.64,2026-04-30T04:36:50.726872
SPERF-00000646,SUP-0022,4,2024,23,22,0.962,0.817,0.0447,10,80.9,2026-04-30T04:36:50.726872
SPERF-00000647,SUP-0022,5,2024,39,31,0.801,0.834,0.0097,15,83.8,2026-04-30T04:36:50.726872
SPERF-00000648,SUP-0022,6,2024,49,41,0.847,0.832,0.042,48,77.5,2026-04-30T04:36:50.726872
SPERF-00000649,SUP-0022,7,2024,15,10,0.715,0.857,0.0256,39,77.19,2026-04-30T04:36:50.726872
SPERF-00000650,SUP-0022,8,2024,50,37,0.752,0.844,0.0131,3,81.34,2026-04-30T04:36:50.726872
SPERF-00000651,SUP-0022,9,2024,19,16,0.882,0.973,0.0229,41,88.61,2026-04-30T04:36:50.726872
SPERF-00000652,SUP-0022,10,2024,59,48,0.827,0.938,0.0331,48,82.63,2026-04-30T04:36:50.726872
SPERF-00000653,SUP-0022,11,2024,61,55,0.907,0.81,0.0435,50,78.75,2026-04-30T04:36:50.726872
SPERF-00000654,SUP-0022,12,2024,78,76,0.978,0.978,0.0136,37,94.95,2026-04-30T04:36:50.726872
SPERF-00000655,SUP-0022,1,2025,65,56,0.866,0.885,0.0497,13,78.19,2026-04-30T04:36:50.726872
SPERF-00000656,SUP-0022,2,2025,39,29,0.752,0.949,0.0494,49,75.94,2026-04-30T04:36:50.726872
SPERF-00000657,SUP-0022,3,2025,39,27,0.71,0.898,0.0144,11,81.23,2026-04-30T04:36:50.726872
SPERF-00000658,SUP-0022,4,2025,35,33,0.95,0.985,0.032,37,89.47,2026-04-30T04:36:50.726872
SPERF-00000659,SUP-0022,5,2025,64,59,0.925,0.858,0.0238,7,86.08,2026-04-30T04:36:50.726872
SPERF-00000660,SUP-0022,6,2025,62,46,0.748,0.912,0.0065,11,85.22,2026-04-30T04:36:50.726872
SPERF-00000661,SUP-0023,1,2023,77,63,0.826,0.92,0.0227,47,84.57,2026-04-30T04:36:50.726872
SPERF-00000662,SUP-0023,2,2023,31,24,0.79,0.883,0.0167,44,83.33,2026-04-30T04:36:50.726872
SPERF-00000663,SUP-0023,3,2023,78,61,0.789,0.878,0.0347,40,78.62,2026-04-30T04:36:50.726872
SPERF-00000664,SUP-0023,4,2023,16,12,0.785,0.88,0.0134,37,83.85,2026-04-30T04:36:50.726872
SPERF-00000665,SUP-0023,5,2023,78,59,0.758,0.954,0.0188,27,84.01,2026-04-30T04:36:50.726872
SPERF-00000666,SUP-0023,6,2023,47,33,0.718,0.884,0.0312,35,76.86,2026-04-30T04:36:50.726872
SPERF-00000667,SUP-0023,7,2023,62,45,0.737,0.847,0.0105,58,81.5,2026-04-30T04:36:50.726872
SPERF-00000668,SUP-0023,8,2023,79,66,0.838,0.874,0.0319,19,81.14,2026-04-30T04:36:50.726872
SPERF-00000669,SUP-0023,9,2023,75,57,0.762,0.83,0.0123,51,81.45,2026-04-30T04:36:50.726872
SPERF-00000670,SUP-0023,10,2023,20,18,0.911,0.941,0.0064,28,92.78,2026-04-30T04:36:50.726872
SPERF-00000671,SUP-0023,11,2023,25,22,0.88,0.976,0.0233,11,88.53,2026-04-30T04:36:50.726872
SPERF-00000672,SUP-0023,12,2023,38,28,0.743,0.87,0.0163,8,81.09,2026-04-30T04:36:50.726872
SPERF-00000673,SUP-0023,1,2024,67,64,0.959,0.849,0.0354,12,84.23,2026-04-30T04:36:50.726872
SPERF-00000674,SUP-0023,2,2024,6,5,0.907,0.891,0.0358,36,83.52,2026-04-30T04:36:50.726872
SPERF-00000675,SUP-0023,3,2024,31,28,0.918,0.854,0.0124,47,88.51,2026-04-30T04:36:50.726872
SPERF-00000676,SUP-0023,4,2024,14,10,0.719,0.907,0.0122,11,82.45,2026-04-30T04:36:50.726872
SPERF-00000677,SUP-0023,5,2024,67,59,0.895,0.901,0.0455,46,80.96,2026-04-30T04:36:50.726872
SPERF-00000678,SUP-0023,6,2024,73,70,0.963,0.967,0.0082,5,95.31,2026-04-30T04:36:50.726872
SPERF-00000679,SUP-0023,7,2024,78,67,0.865,0.901,0.0344,6,82.54,2026-04-30T04:36:50.726872
SPERF-00000680,SUP-0023,8,2024,35,28,0.82,0.913,0.0224,59,84.16,2026-04-30T04:36:50.726872
SPERF-00000681,SUP-0023,9,2024,60,58,0.974,0.838,0.0217,37,87.86,2026-04-30T04:36:50.726872
SPERF-00000682,SUP-0023,10,2024,41,37,0.91,0.95,0.0138,42,91.2,2026-04-30T04:36:50.726872
SPERF-00000683,SUP-0023,11,2024,35,26,0.753,0.949,0.0176,41,83.93,2026-04-30T04:36:50.726872
SPERF-00000684,SUP-0023,12,2024,61,48,0.798,0.915,0.0093,47,86.62,2026-04-30T04:36:50.726872
SPERF-00000685,SUP-0023,1,2025,71,65,0.929,0.918,0.0337,49,85.87,2026-04-30T04:36:50.726872
SPERF-00000686,SUP-0023,2,2025,21,15,0.759,0.802,0.0067,54,81.75,2026-04-30T04:36:50.726872
SPERF-00000687,SUP-0023,3,2025,80,69,0.864,0.919,0.0364,5,82.62,2026-04-30T04:36:50.726872
SPERF-00000688,SUP-0023,4,2025,60,44,0.745,0.828,0.025,20,77.53,2026-04-30T04:36:50.726872
SPERF-00000689,SUP-0023,5,2025,76,68,0.897,0.896,0.0353,48,83.42,2026-04-30T04:36:50.726872
SPERF-00000690,SUP-0023,6,2025,60,54,0.902,0.96,0.0169,42,90.46,2026-04-30T04:36:50.726872
SPERF-00000691,SUP-0024,1,2023,61,55,0.908,0.935,0.0454,29,82.7,2026-04-30T04:36:50.726872
SPERF-00000692,SUP-0024,2,2023,64,51,0.806,0.935,0.0167,10,85.79,2026-04-30T04:36:50.726872
SPERF-00000693,SUP-0024,3,2023,52,50,0.972,0.941,0.0147,58,93.14,2026-04-30T04:36:50.726872
SPERF-00000694,SUP-0024,4,2023,75,67,0.897,0.83,0.0455,53,78.56,2026-04-30T04:36:50.726872
SPERF-00000695,SUP-0024,5,2023,67,65,0.977,0.945,0.0477,15,85.23,2026-04-30T04:36:50.726872
SPERF-00000696,SUP-0024,6,2023,53,44,0.849,0.839,0.0354,50,79.48,2026-04-30T04:36:50.726872
SPERF-00000697,SUP-0024,7,2023,80,73,0.923,0.909,0.0435,6,82.86,2026-04-30T04:36:50.726872
SPERF-00000698,SUP-0024,8,2023,71,66,0.932,0.967,0.0146,32,92.47,2026-04-30T04:36:50.726872
SPERF-00000699,SUP-0024,9,2023,8,6,0.766,0.974,0.0112,5,86.93,2026-04-30T04:36:50.726872
SPERF-00000700,SUP-0024,10,2023,11,8,0.79,0.821,0.0038,32,84.39,2026-04-30T04:36:50.726872
SPERF-00000701,SUP-0024,11,2023,37,33,0.91,0.939,0.0478,46,82.31,2026-04-30T04:36:50.726872
SPERF-00000702,SUP-0024,12,2023,10,8,0.873,0.831,0.0484,28,76.91,2026-04-30T04:36:50.726872
SPERF-00000703,SUP-0024,1,2024,78,76,0.986,0.844,0.0472,21,82.18,2026-04-30T04:36:50.726872
SPERF-00000704,SUP-0024,2,2024,74,60,0.823,0.816,0.0274,48,79.63,2026-04-30T04:36:50.726872
SPERF-00000705,SUP-0024,3,2024,15,12,0.845,0.913,0.0476,48,78.85,2026-04-30T04:36:50.726872
SPERF-00000706,SUP-0024,4,2024,74,71,0.965,0.963,0.0352,33,88.51,2026-04-30T04:36:50.726872
SPERF-00000707,SUP-0024,5,2024,5,4,0.805,0.98,0.006,42,90.0,2026-04-30T04:36:50.726872
SPERF-00000708,SUP-0024,6,2024,56,48,0.872,0.933,0.0091,36,90.26,2026-04-30T04:36:50.726872
SPERF-00000709,SUP-0024,7,2024,10,8,0.822,0.962,0.0189,37,86.82,2026-04-30T04:36:50.726872
SPERF-00000710,SUP-0024,8,2024,45,36,0.806,0.979,0.0312,8,83.7,2026-04-30T04:36:50.726872
SPERF-00000711,SUP-0024,9,2024,11,9,0.819,0.877,0.0032,8,87.66,2026-04-30T04:36:50.726872
SPERF-00000712,SUP-0024,10,2024,12,8,0.741,0.911,0.0352,39,77.73,2026-04-30T04:36:50.726872
SPERF-00000713,SUP-0024,11,2024,16,13,0.851,0.902,0.0297,22,83.19,2026-04-30T04:36:50.726872
SPERF-00000714,SUP-0024,12,2024,28,27,0.979,0.934,0.0112,28,94.05,2026-04-30T04:36:50.726872
SPERF-00000715,SUP-0024,1,2025,73,54,0.745,0.975,0.0106,11,86.28,2026-04-30T04:36:50.726872
SPERF-00000716,SUP-0024,2,2025,44,41,0.951,0.832,0.0172,7,87.86,2026-04-30T04:36:50.726872
SPERF-00000717,SUP-0024,3,2025,6,4,0.726,0.866,0.0113,57,81.52,2026-04-30T04:36:50.726872
SPERF-00000718,SUP-0024,4,2025,33,23,0.701,0.803,0.0347,34,72.47,2026-04-30T04:36:50.726872
SPERF-00000719,SUP-0024,5,2025,35,25,0.72,0.846,0.0446,12,72.26,2026-04-30T04:36:50.726872
SPERF-00000720,SUP-0024,6,2025,80,67,0.841,0.976,0.0306,55,85.15,2026-04-30T04:36:50.726872
SPERF-00000721,SUP-0025,1,2023,68,49,0.722,0.835,0.0414,21,72.75,2026-04-30T04:36:50.726872
SPERF-00000722,SUP-0025,2,2023,17,12,0.752,0.968,0.013,26,85.71,2026-04-30T04:36:50.726872
SPERF-00000723,SUP-0025,3,2023,45,39,0.883,0.964,0.0421,10,83.53,2026-04-30T04:36:50.726872
SPERF-00000724,SUP-0025,4,2023,9,8,0.894,0.942,0.033,46,85.48,2026-04-30T04:36:50.726872
SPERF-00000725,SUP-0025,5,2023,17,15,0.935,0.809,0.0346,18,82.06,2026-04-30T04:36:50.726872
SPERF-00000726,SUP-0025,6,2023,60,48,0.801,0.932,0.0174,21,85.31,2026-04-30T04:36:50.726872
SPERF-00000727,SUP-0025,7,2023,49,48,0.986,0.819,0.0489,37,80.88,2026-04-30T04:36:50.726872
SPERF-00000728,SUP-0025,8,2023,13,10,0.811,0.974,0.0431,36,80.75,2026-04-30T04:36:50.726872
SPERF-00000729,SUP-0025,9,2023,52,43,0.831,0.872,0.0099,31,86.28,2026-04-30T04:36:50.726872
SPERF-00000730,SUP-0025,10,2023,52,43,0.836,0.9,0.0368,53,80.74,2026-04-30T04:36:50.726872
SPERF-00000731,SUP-0025,11,2023,9,7,0.886,0.989,0.0095,12,92.68,2026-04-30T04:36:50.726872
SPERF-00000732,SUP-0025,12,2023,41,38,0.927,0.934,0.008,10,92.77,2026-04-30T04:36:50.726872
SPERF-00000733,SUP-0025,1,2024,26,24,0.932,0.847,0.0435,24,81.05,2026-04-30T04:36:50.726872
SPERF-00000734,SUP-0025,2,2024,58,56,0.981,0.928,0.0405,42,86.59,2026-04-30T04:36:50.726872
SPERF-00000735,SUP-0025,3,2024,17,15,0.89,0.936,0.0463,28,81.79,2026-04-30T04:36:50.726872
SPERF-00000736,SUP-0025,4,2024,26,21,0.816,0.904,0.0102,3,86.73,2026-04-30T04:36:50.726872
SPERF-00000737,SUP-0025,5,2024,49,46,0.94,0.941,0.0439,52,84.56,2026-04-30T04:36:50.726872
SPERF-00000738,SUP-0025,6,2024,64,46,0.73,0.963,0.0297,40,80.48,2026-04-30T04:36:50.726872
SPERF-00000739,SUP-0025,7,2024,29,23,0.795,0.975,0.0238,49,84.97,2026-04-30T04:36:50.726872
SPERF-00000740,SUP-0025,8,2024,15,10,0.71,0.876,0.019,39,79.31,2026-04-30T04:36:50.726872
SPERF-00000741,SUP-0025,9,2024,11,8,0.76,0.966,0.0429,27,78.49,2026-04-30T04:36:50.726872
SPERF-00000742,SUP-0025,10,2024,60,45,0.766,0.947,0.0242,52,82.73,2026-04-30T04:36:50.726872
SPERF-00000743,SUP-0025,11,2024,49,48,0.984,0.854,0.0014,16,93.9,2026-04-30T04:36:50.726872
SPERF-00000744,SUP-0025,12,2024,14,10,0.721,0.909,0.0136,28,82.25,2026-04-30T04:36:50.726872
SPERF-00000745,SUP-0025,1,2025,11,9,0.873,0.943,0.0031,33,92.15,2026-04-30T04:36:50.726872
SPERF-00000746,SUP-0025,2,2025,74,68,0.926,0.941,0.0205,56,89.85,2026-04-30T04:36:50.726872
SPERF-00000747,SUP-0025,3,2025,65,55,0.847,0.91,0.0205,54,85.6,2026-04-30T04:36:50.726872
SPERF-00000748,SUP-0025,4,2025,61,52,0.867,0.809,0.008,35,86.0,2026-04-30T04:36:50.726872
SPERF-00000749,SUP-0025,5,2025,11,9,0.899,0.956,0.0499,26,81.95,2026-04-30T04:36:50.726872
SPERF-00000750,SUP-0025,6,2025,46,43,0.954,0.849,0.0187,48,88.2,2026-04-30T04:36:50.726872
SPERF-00000751,SUP-0026,1,2023,17,12,0.718,0.942,0.0326,51,78.54,2026-04-30T04:36:50.726872
SPERF-00000752,SUP-0026,2,2023,15,11,0.783,0.926,0.0458,18,77.28,2026-04-30T04:36:50.726872
SPERF-00000753,SUP-0026,3,2023,23,19,0.844,0.856,0.0291,55,81.44,2026-04-30T04:36:50.726872
SPERF-00000754,SUP-0026,4,2023,49,44,0.906,0.976,0.0264,52,88.8,2026-04-30T04:36:50.726872
SPERF-00000755,SUP-0026,5,2023,76,61,0.814,0.843,0.0368,20,77.86,2026-04-30T04:36:50.726872
SPERF-00000756,SUP-0026,6,2023,7,5,0.758,0.923,0.0454,7,76.28,2026-04-30T04:36:50.726872
SPERF-00000757,SUP-0026,7,2023,5,3,0.703,0.928,0.0111,30,82.83,2026-04-30T04:36:50.726872
SPERF-00000758,SUP-0026,8,2023,17,13,0.78,0.834,0.0424,47,74.79,2026-04-30T04:36:50.726872
SPERF-00000759,SUP-0026,9,2023,48,40,0.852,0.933,0.0174,6,87.39,2026-04-30T04:36:50.726872
SPERF-00000760,SUP-0026,10,2023,41,36,0.879,0.978,0.0312,14,86.59,2026-04-30T04:36:50.726872
SPERF-00000761,SUP-0026,11,2023,14,10,0.741,0.976,0.0088,44,86.6,2026-04-30T04:36:50.726872
SPERF-00000762,SUP-0026,12,2023,33,23,0.7,0.89,0.0216,27,78.75,2026-04-30T04:36:50.726872
SPERF-00000763,SUP-0026,1,2024,33,31,0.94,0.974,0.0271,38,89.91,2026-04-30T04:36:50.726872
SPERF-00000764,SUP-0026,2,2024,21,15,0.749,0.948,0.0475,22,76.27,2026-04-30T04:36:50.726872
SPERF-00000765,SUP-0026,3,2024,63,60,0.954,0.933,0.0344,49,87.22,2026-04-30T04:36:50.726872
SPERF-00000766,SUP-0026,4,2024,14,12,0.886,0.949,0.0163,24,89.58,2026-04-30T04:36:50.726872
SPERF-00000767,SUP-0026,5,2024,33,26,0.795,0.888,0.036,11,78.88,2026-04-30T04:36:50.726872
SPERF-00000768,SUP-0026,6,2024,52,43,0.838,0.897,0.0191,44,85.14,2026-04-30T04:36:50.726872
SPERF-00000769,SUP-0026,7,2024,7,5,0.735,0.967,0.0363,7,79.17,2026-04-30T04:36:50.726872
SPERF-00000770,SUP-0026,8,2024,30,22,0.76,0.955,0.0469,24,77.1,2026-04-30T04:36:50.726872
SPERF-00000771,SUP-0026,9,2024,79,66,0.847,0.982,0.0136,5,89.85,2026-04-30T04:36:50.726872
SPERF-00000772,SUP-0026,10,2024,19,17,0.905,0.931,0.0299,44,86.31,2026-04-30T04:36:50.726872
SPERF-00000773,SUP-0026,11,2024,33,28,0.873,0.977,0.0354,16,85.27,2026-04-30T04:36:50.726872
SPERF-00000774,SUP-0026,12,2024,77,74,0.964,0.911,0.0426,47,84.8,2026-04-30T04:36:50.726872
SPERF-00000775,SUP-0026,1,2025,21,17,0.848,0.884,0.0375,14,80.48,2026-04-30T04:36:50.726872
SPERF-00000776,SUP-0026,2,2025,46,35,0.763,0.828,0.0129,36,81.28,2026-04-30T04:36:50.726872
SPERF-00000777,SUP-0026,3,2025,27,26,0.963,0.968,0.0097,38,94.97,2026-04-30T04:36:50.726872
SPERF-00000778,SUP-0026,4,2025,12,9,0.772,0.94,0.0144,57,85.18,2026-04-30T04:36:50.726872
SPERF-00000779,SUP-0026,5,2025,72,60,0.838,0.96,0.0281,45,85.09,2026-04-30T04:36:50.726872
SPERF-00000780,SUP-0026,6,2025,9,7,0.786,0.81,0.0034,16,83.94,2026-04-30T04:36:50.726872
SPERF-00000781,SUP-0027,1,2023,17,15,0.895,0.819,0.035,15,80.72,2026-04-30T04:36:50.726872
SPERF-00000782,SUP-0027,2,2023,41,35,0.868,0.868,0.0303,55,82.52,2026-04-30T04:36:50.726872
SPERF-00000783,SUP-0027,3,2023,34,23,0.705,0.982,0.0177,18,83.14,2026-04-30T04:36:50.726872
SPERF-00000784,SUP-0027,4,2023,43,39,0.913,0.901,0.002,25,92.56,2026-04-30T04:36:50.726872
SPERF-00000785,SUP-0027,5,2023,48,44,0.919,0.967,0.025,19,89.36,2026-04-30T04:36:50.726872
SPERF-00000786,SUP-0027,6,2023,74,55,0.75,0.948,0.0457,6,76.75,2026-04-30T04:36:50.726872
SPERF-00000787,SUP-0027,7,2023,46,44,0.958,0.876,0.004,4,92.98,2026-04-30T04:36:50.726872
SPERF-00000788,SUP-0027,8,2023,46,41,0.904,0.867,0.0122,33,88.45,2026-04-30T04:36:50.726872
SPERF-00000789,SUP-0027,9,2023,39,31,0.806,0.904,0.0334,34,80.53,2026-04-30T04:36:50.726872
SPERF-00000790,SUP-0027,10,2023,57,54,0.957,0.873,0.0325,59,85.71,2026-04-30T04:36:50.726872
SPERF-00000791,SUP-0027,11,2023,34,24,0.708,0.913,0.0426,29,74.62,2026-04-30T04:36:50.726872
SPERF-00000792,SUP-0027,12,2023,69,57,0.839,0.986,0.0028,11,92.37,2026-04-30T04:36:50.726872
SPERF-00000793,SUP-0027,1,2024,58,53,0.924,0.979,0.021,38,90.97,2026-04-30T04:36:50.726872
SPERF-00000794,SUP-0027,2,2024,45,44,0.989,0.863,0.0128,12,91.56,2026-04-30T04:36:50.726872
SPERF-00000795,SUP-0027,3,2024,24,17,0.722,0.978,0.0363,25,79.03,2026-04-30T04:36:50.726872
SPERF-00000796,SUP-0027,4,2024,74,68,0.92,0.858,0.0276,53,84.93,2026-04-30T04:36:50.726872
SPERF-00000797,SUP-0027,5,2024,33,26,0.789,0.943,0.0494,21,77.22,2026-04-30T04:36:50.726872
SPERF-00000798,SUP-0027,6,2024,36,30,0.836,0.846,0.0478,37,76.1,2026-04-30T04:36:50.726872
SPERF-00000799,SUP-0027,7,2024,69,53,0.782,0.817,0.0023,28,84.3,2026-04-30T04:36:50.726872
SPERF-00000800,SUP-0027,8,2024,28,26,0.943,0.867,0.0495,23,80.69,2026-04-30T04:36:50.726872
SPERF-00000801,SUP-0027,9,2024,42,31,0.746,0.937,0.021,50,82.39,2026-04-30T04:36:50.726872
SPERF-00000802,SUP-0027,10,2024,78,72,0.93,0.971,0.0042,21,95.14,2026-04-30T04:36:50.726872
SPERF-00000803,SUP-0027,11,2024,46,44,0.976,0.941,0.0165,47,92.85,2026-04-30T04:36:50.726872
SPERF-00000804,SUP-0027,12,2024,26,19,0.747,0.931,0.0358,4,78.52,2026-04-30T04:36:50.726872
SPERF-00000805,SUP-0027,1,2025,58,43,0.747,0.962,0.0264,52,81.95,2026-04-30T04:36:50.726872
SPERF-00000806,SUP-0027,2,2025,54,50,0.937,0.932,0.0458,56,83.65,2026-04-30T04:36:50.726872
SPERF-00000807,SUP-0027,3,2025,52,41,0.799,0.848,0.0072,60,84.84,2026-04-30T04:36:50.726872
SPERF-00000808,SUP-0027,4,2025,75,72,0.96,0.953,0.0176,44,92.35,2026-04-30T04:36:50.726872
SPERF-00000809,SUP-0027,5,2025,44,42,0.969,0.859,0.0488,39,81.62,2026-04-30T04:36:50.726872
SPERF-00000810,SUP-0027,6,2025,17,12,0.723,0.946,0.0027,29,86.36,2026-04-30T04:36:50.726872
SPERF-00000811,SUP-0028,1,2023,30,24,0.818,0.879,0.0363,28,79.41,2026-04-30T04:36:50.726872
SPERF-00000812,SUP-0028,2,2023,15,13,0.905,0.821,0.0274,57,83.09,2026-04-30T04:36:50.726872
SPERF-00000813,SUP-0028,3,2023,77,53,0.701,0.833,0.044,35,71.19,2026-04-30T04:36:50.726872
SPERF-00000814,SUP-0028,4,2023,77,65,0.849,0.894,0.0348,58,81.55,2026-04-30T04:36:50.726872
SPERF-00000815,SUP-0028,5,2023,80,60,0.756,0.854,0.0153,37,81.31,2026-04-30T04:36:50.726872
SPERF-00000816,SUP-0028,6,2023,34,30,0.898,0.938,0.0054,49,92.4,2026-04-30T04:36:50.726872
SPERF-00000817,SUP-0028,7,2023,40,35,0.88,0.81,0.0343,30,79.98,2026-04-30T04:36:50.726872
SPERF-00000818,SUP-0028,8,2023,22,16,0.763,0.885,0.0025,6,85.87,2026-04-30T04:36:50.726872
SPERF-00000819,SUP-0028,9,2023,26,19,0.742,0.872,0.0463,21,73.62,2026-04-30T04:36:50.726872
SPERF-00000820,SUP-0028,10,2023,30,26,0.895,0.86,0.0157,23,86.97,2026-04-30T04:36:50.726872
SPERF-00000821,SUP-0028,11,2023,17,12,0.719,0.823,0.0444,49,71.47,2026-04-30T04:36:50.726872
SPERF-00000822,SUP-0028,12,2023,43,35,0.831,0.914,0.0305,3,82.6,2026-04-30T04:36:50.726872
SPERF-00000823,SUP-0028,1,2024,49,38,0.789,0.846,0.0158,26,82.22,2026-04-30T04:36:50.726872
SPERF-00000824,SUP-0028,2,2024,30,28,0.955,0.905,0.0407,57,84.7,2026-04-30T04:36:50.726872
SPERF-00000825,SUP-0028,3,2024,77,56,0.733,0.948,0.0077,36,85.58,2026-04-30T04:36:50.726872
SPERF-00000826,SUP-0028,4,2024,14,9,0.704,0.951,0.0181,44,81.92,2026-04-30T04:36:50.726872
SPERF-00000827,SUP-0028,5,2024,9,8,0.934,0.836,0.0217,37,86.2,2026-04-30T04:36:50.726872
SPERF-00000828,SUP-0028,6,2024,48,33,0.7,0.973,0.0475,26,75.18,2026-04-30T04:36:50.726872
SPERF-00000829,SUP-0028,7,2024,36,28,0.783,0.866,0.0366,9,77.48,2026-04-30T04:36:50.726872
SPERF-00000830,SUP-0028,8,2024,16,14,0.918,0.9,0.0485,45,81.09,2026-04-30T04:36:50.726872
SPERF-00000831,SUP-0028,9,2024,49,42,0.871,0.933,0.0355,45,83.62,2026-04-30T04:36:50.726872
SPERF-00000832,SUP-0028,10,2024,9,7,0.825,0.923,0.0201,50,85.28,2026-04-30T04:36:50.726872
SPERF-00000833,SUP-0028,11,2024,31,24,0.783,0.818,0.0253,10,78.62,2026-04-30T04:36:50.726872
SPERF-00000834,SUP-0028,12,2024,39,36,0.948,0.826,0.0026,47,91.18,2026-04-30T04:36:50.726872
SPERF-00000835,SUP-0028,1,2025,46,44,0.957,0.805,0.0259,28,84.98,2026-04-30T04:36:50.726872
SPERF-00000836,SUP-0028,2,2025,49,41,0.851,0.895,0.0318,32,82.41,2026-04-30T04:36:50.726872
SPERF-00000837,SUP-0028,3,2025,48,43,0.903,0.965,0.0451,36,83.62,2026-04-30T04:36:50.726872
SPERF-00000838,SUP-0028,4,2025,30,29,0.977,0.97,0.0245,24,91.91,2026-04-30T04:36:50.726872
SPERF-00000839,SUP-0028,5,2025,72,52,0.736,0.985,0.014,27,85.41,2026-04-30T04:36:50.726872
SPERF-00000840,SUP-0028,6,2025,6,5,0.922,0.987,0.0425,54,85.8,2026-04-30T04:36:50.726872
SPERF-00000841,SUP-0029,1,2023,50,47,0.951,0.821,0.0389,54,82.05,2026-04-30T04:36:50.726872
SPERF-00000842,SUP-0029,2,2023,71,50,0.705,0.957,0.0241,58,80.67,2026-04-30T04:36:50.726872
SPERF-00000843,SUP-0029,3,2023,60,44,0.735,0.937,0.0337,30,78.77,2026-04-30T04:36:50.726872
SPERF-00000844,SUP-0029,4,2023,38,28,0.75,0.883,0.0142,58,82.36,2026-04-30T04:36:50.726872
SPERF-00000845,SUP-0029,5,2023,41,28,0.704,0.985,0.0059,24,86.16,2026-04-30T04:36:50.726872
SPERF-00000846,SUP-0029,6,2023,57,51,0.899,0.814,0.0169,5,85.22,2026-04-30T04:36:50.726872
SPERF-00000847,SUP-0029,7,2023,61,50,0.821,0.97,0.0367,9,82.61,2026-04-30T04:36:50.726872
SPERF-00000848,SUP-0029,8,2023,21,17,0.835,0.865,0.0145,51,85.05,2026-04-30T04:36:50.726872
SPERF-00000849,SUP-0029,9,2023,6,5,0.854,0.921,0.0124,19,88.29,2026-04-30T04:36:50.726872
SPERF-00000850,SUP-0029,10,2023,70,59,0.851,0.803,0.0083,51,85.07,2026-04-30T04:36:50.726872
SPERF-00000851,SUP-0029,11,2023,43,36,0.852,0.958,0.0172,39,88.31,2026-04-30T04:36:50.726872
SPERF-00000852,SUP-0029,12,2023,57,55,0.979,0.802,0.0494,58,79.88,2026-04-30T04:36:50.726872
SPERF-00000853,SUP-0029,1,2024,33,24,0.749,0.986,0.0151,28,85.69,2026-04-30T04:36:50.726872
SPERF-00000854,SUP-0029,2,2024,36,30,0.852,0.98,0.0044,34,92.28,2026-04-30T04:36:50.726872
SPERF-00000855,SUP-0029,3,2024,14,11,0.829,0.831,0.0294,52,79.89,2026-04-30T04:36:50.726872
SPERF-00000856,SUP-0029,4,2024,77,71,0.935,0.928,0.0213,46,89.56,2026-04-30T04:36:50.726872
SPERF-00000857,SUP-0029,5,2024,29,22,0.766,0.936,0.0426,12,77.75,2026-04-30T04:36:50.726872
SPERF-00000858,SUP-0029,6,2024,28,22,0.792,0.927,0.018,8,84.62,2026-04-30T04:36:50.726872
SPERF-00000859,SUP-0029,7,2024,77,57,0.748,0.803,0.0471,39,71.25,2026-04-30T04:36:50.726872
SPERF-00000860,SUP-0029,8,2024,67,59,0.892,0.912,0.0192,18,87.8,2026-04-30T04:36:50.726872
SPERF-00000861,SUP-0029,9,2024,13,9,0.743,0.918,0.0307,41,79.18,2026-04-30T04:36:50.726872
SPERF-00000862,SUP-0029,10,2024,15,14,0.977,0.849,0.044,56,82.8,2026-04-30T04:36:50.726872
SPERF-00000863,SUP-0029,11,2024,25,21,0.875,0.817,0.0196,35,83.69,2026-04-30T04:36:50.726872
SPERF-00000864,SUP-0029,12,2024,78,60,0.782,0.88,0.0415,45,76.7,2026-04-30T04:36:50.726872
SPERF-00000865,SUP-0029,1,2025,12,10,0.857,0.865,0.034,20,81.06,2026-04-30T04:36:50.726872
SPERF-00000866,SUP-0029,2,2025,50,47,0.944,0.859,0.0156,18,88.92,2026-04-30T04:36:50.726872
SPERF-00000867,SUP-0029,3,2025,49,39,0.8,0.888,0.0306,19,80.43,2026-04-30T04:36:50.726872
SPERF-00000868,SUP-0029,4,2025,17,15,0.939,0.933,0.0136,17,91.81,2026-04-30T04:36:50.726872
SPERF-00000869,SUP-0029,5,2025,19,14,0.769,0.867,0.047,19,74.36,2026-04-30T04:36:50.726872
SPERF-00000870,SUP-0029,6,2025,35,32,0.939,0.95,0.0207,41,90.64,2026-04-30T04:36:50.726872
SPERF-00000871,SUP-0030,1,2023,9,6,0.75,0.841,0.013,59,81.19,2026-04-30T04:36:50.726872
SPERF-00000872,SUP-0030,2,2023,50,47,0.958,0.928,0.0088,25,93.6,2026-04-30T04:36:50.726872
SPERF-00000873,SUP-0030,3,2023,63,61,0.981,0.874,0.0253,7,88.5,2026-04-30T04:36:50.726872
SPERF-00000874,SUP-0030,4,2023,10,7,0.709,0.874,0.033,52,75.7,2026-04-30T04:36:50.726872
SPERF-00000875,SUP-0030,5,2023,9,6,0.722,0.853,0.0397,55,73.81,2026-04-30T04:36:50.726872
SPERF-00000876,SUP-0030,6,2023,10,9,0.939,0.815,0.0271,27,84.31,2026-04-30T04:36:50.726872
SPERF-00000877,SUP-0030,7,2023,34,33,0.971,0.9,0.0193,42,90.52,2026-04-30T04:36:50.726872
SPERF-00000878,SUP-0030,8,2023,36,32,0.901,0.844,0.0193,47,85.75,2026-04-30T04:36:50.726872
SPERF-00000879,SUP-0030,9,2023,13,9,0.747,0.979,0.003,40,88.39,2026-04-30T04:36:50.726872
SPERF-00000880,SUP-0030,10,2023,80,74,0.93,0.8,0.0374,41,80.85,2026-04-30T04:36:50.726872
SPERF-00000881,SUP-0030,11,2023,13,12,0.977,0.867,0.033,58,86.17,2026-04-30T04:36:50.726872
SPERF-00000882,SUP-0030,12,2023,14,13,0.98,0.865,0.0336,46,86.07,2026-04-30T04:36:50.726872
SPERF-00000883,SUP-0030,1,2024,34,26,0.773,0.802,0.0345,27,75.37,2026-04-30T04:36:50.726872
SPERF-00000884,SUP-0030,2,2024,9,6,0.768,0.809,0.0191,26,79.26,2026-04-30T04:36:50.726872
SPERF-00000885,SUP-0030,3,2024,17,15,0.933,0.87,0.0228,43,87.07,2026-04-30T04:36:50.726872
SPERF-00000886,SUP-0030,4,2024,27,25,0.96,0.835,0.0017,51,92.2,2026-04-30T04:36:50.726872
SPERF-00000887,SUP-0030,5,2024,75,66,0.891,0.942,0.0161,34,89.58,2026-04-30T04:36:50.726872
SPERF-00000888,SUP-0030,6,2024,77,70,0.915,0.87,0.025,24,85.8,2026-04-30T04:36:50.726872
SPERF-00000889,SUP-0030,7,2024,38,30,0.796,0.848,0.0284,25,79.42,2026-04-30T04:36:50.726872
SPERF-00000890,SUP-0030,8,2024,76,68,0.905,0.981,0.0225,8,89.91,2026-04-30T04:36:50.726872
SPERF-00000891,SUP-0030,9,2024,71,50,0.709,0.906,0.0164,32,80.97,2026-04-30T04:36:50.726872
SPERF-00000892,SUP-0030,10,2024,69,64,0.937,0.989,0.0477,38,85.17,2026-04-30T04:36:50.726872
SPERF-00000893,SUP-0030,11,2024,26,21,0.815,0.979,0.0405,60,81.74,2026-04-30T04:36:50.726872
SPERF-00000894,SUP-0030,12,2024,40,29,0.731,0.957,0.0234,12,81.88,2026-04-30T04:36:50.726872
SPERF-00000895,SUP-0030,1,2025,71,62,0.881,0.885,0.0185,45,86.59,2026-04-30T04:36:50.726872
SPERF-00000896,SUP-0030,2,2025,57,52,0.913,0.853,0.0358,37,82.42,2026-04-30T04:36:50.726872
SPERF-00000897,SUP-0030,3,2025,66,57,0.865,0.833,0.0161,14,84.73,2026-04-30T04:36:50.726872
SPERF-00000898,SUP-0030,4,2025,80,71,0.893,0.988,0.0496,10,82.9,2026-04-30T04:36:50.726872
SPERF-00000899,SUP-0030,5,2025,49,40,0.817,0.968,0.0207,31,86.39,2026-04-30T04:36:50.726872
SPERF-00000900,SUP-0030,6,2025,16,12,0.786,0.853,0.0184,45,81.7,2026-04-30T04:36:50.726872
SPERF-00000901,SUP-0031,1,2023,34,24,0.719,0.953,0.0172,31,82.81,2026-04-30T04:36:50.726872
SPERF-00000902,SUP-0031,2,2023,75,69,0.928,0.821,0.0052,33,89.56,2026-04-30T04:36:50.726872
SPERF-00000903,SUP-0031,3,2023,33,31,0.941,0.951,0.0107,49,93.25,2026-04-30T04:36:50.726872
SPERF-00000904,SUP-0031,4,2023,64,50,0.791,0.865,0.0281,20,79.89,2026-04-30T04:36:50.726872
SPERF-00000905,SUP-0031,5,2023,62,43,0.707,0.906,0.0202,39,79.94,2026-04-30T04:36:50.726872
SPERF-00000906,SUP-0031,6,2023,12,9,0.763,0.809,0.0174,54,79.48,2026-04-30T04:36:50.726872
SPERF-00000907,SUP-0031,7,2023,53,50,0.957,0.831,0.0337,43,83.94,2026-04-30T04:36:50.726872
SPERF-00000908,SUP-0031,8,2023,55,42,0.771,0.972,0.0283,38,82.78,2026-04-30T04:36:50.726872
SPERF-00000909,SUP-0031,9,2023,20,17,0.872,0.93,0.0408,57,82.23,2026-04-30T04:36:50.726872
SPERF-00000910,SUP-0031,10,2023,62,45,0.733,0.832,0.0429,51,72.72,2026-04-30T04:36:50.726872
SPERF-00000911,SUP-0031,11,2023,32,26,0.825,0.907,0.0054,45,88.4,2026-04-30T04:36:50.726872
SPERF-00000912,SUP-0031,12,2023,44,38,0.874,0.942,0.0219,4,87.46,2026-04-30T04:36:50.726872
SPERF-00000913,SUP-0031,1,2024,23,20,0.89,0.896,0.0063,47,90.39,2026-04-30T04:36:50.726872
SPERF-00000914,SUP-0031,2,2024,54,41,0.771,0.973,0.0385,23,80.27,2026-04-30T04:36:50.726872
SPERF-00000915,SUP-0031,3,2024,78,70,0.909,0.904,0.0315,7,85.12,2026-04-30T04:36:50.726872
SPERF-00000916,SUP-0031,4,2024,13,11,0.847,0.875,0.018,19,85.0,2026-04-30T04:36:50.726872
SPERF-00000917,SUP-0031,5,2024,26,21,0.825,0.829,0.0109,44,84.29,2026-04-30T04:36:50.726872
SPERF-00000918,SUP-0031,6,2024,26,23,0.901,0.891,0.0373,19,82.9,2026-04-30T04:36:50.726872
SPERF-00000919,SUP-0031,7,2024,15,11,0.754,0.829,0.0276,41,77.27,2026-04-30T04:36:50.726872
SPERF-00000920,SUP-0031,8,2024,20,19,0.97,0.843,0.021,57,88.05,2026-04-30T04:36:50.726872
SPERF-00000921,SUP-0031,9,2024,70,60,0.865,0.914,0.0409,56,81.37,2026-04-30T04:36:50.726872
SPERF-00000922,SUP-0031,10,2024,5,4,0.89,0.921,0.0135,33,89.46,2026-04-30T04:36:50.726872
SPERF-00000923,SUP-0031,11,2024,54,46,0.869,0.927,0.0028,6,91.5,2026-04-30T04:36:50.726872
SPERF-00000924,SUP-0031,12,2024,41,35,0.862,0.846,0.033,21,80.84,2026-04-30T04:36:50.726872
SPERF-00000925,SUP-0031,1,2025,59,46,0.784,0.948,0.0305,43,81.91,2026-04-30T04:36:50.726872
SPERF-00000926,SUP-0031,2,2025,49,39,0.811,0.934,0.0147,22,86.46,2026-04-30T04:36:50.726872
SPERF-00000927,SUP-0031,3,2025,20,16,0.846,0.967,0.0363,22,83.61,2026-04-30T04:36:50.726872
SPERF-00000928,SUP-0031,4,2025,49,39,0.814,0.831,0.0095,41,84.27,2026-04-30T04:36:50.726872
SPERF-00000929,SUP-0031,5,2025,37,31,0.856,0.92,0.0401,7,81.41,2026-04-30T04:36:50.726872
SPERF-00000930,SUP-0031,6,2025,56,46,0.837,0.98,0.0345,42,84.16,2026-04-30T04:36:50.726872
SPERF-00000931,SUP-0032,1,2023,11,9,0.875,0.83,0.0113,46,86.22,2026-04-30T04:36:50.726872
SPERF-00000932,SUP-0032,2,2023,24,17,0.727,0.901,0.005,44,84.36,2026-04-30T04:36:50.726872
SPERF-00000933,SUP-0032,3,2023,80,76,0.956,0.936,0.0303,53,88.42,2026-04-30T04:36:50.726872
SPERF-00000934,SUP-0032,4,2023,50,36,0.721,0.867,0.0377,29,74.76,2026-04-30T04:36:50.726872
SPERF-00000935,SUP-0032,5,2023,5,4,0.917,0.876,0.0388,21,82.64,2026-04-30T04:36:50.726872
SPERF-00000936,SUP-0032,6,2023,58,49,0.849,0.828,0.0202,37,82.89,2026-04-30T04:36:50.726872
SPERF-00000937,SUP-0032,7,2023,21,17,0.814,0.833,0.0212,10,81.41,2026-04-30T04:36:50.726872
SPERF-00000938,SUP-0032,8,2023,74,52,0.713,0.84,0.0215,49,77.55,2026-04-30T04:36:50.726872
SPERF-00000939,SUP-0032,9,2023,52,49,0.949,0.977,0.0487,14,84.98,2026-04-30T04:36:50.726872
SPERF-00000940,SUP-0032,10,2023,42,31,0.741,0.958,0.031,14,80.42,2026-04-30T04:36:50.726872
SPERF-00000941,SUP-0032,11,2023,31,21,0.702,0.838,0.004,17,81.41,2026-04-30T04:36:50.726872
SPERF-00000942,SUP-0032,12,2023,53,41,0.784,0.951,0.041,52,79.39,2026-04-30T04:36:50.726872
SPERF-00000943,SUP-0032,1,2024,11,9,0.861,0.85,0.0291,14,81.91,2026-04-30T04:36:50.726872
SPERF-00000944,SUP-0032,2,2024,13,11,0.907,0.888,0.0467,50,80.69,2026-04-30T04:36:50.726872
SPERF-00000945,SUP-0032,3,2024,73,67,0.922,0.814,0.0405,47,80.25,2026-04-30T04:36:50.726872
SPERF-00000946,SUP-0032,4,2024,10,8,0.832,0.811,0.0425,26,76.04,2026-04-30T04:36:50.726872
SPERF-00000947,SUP-0032,5,2024,6,4,0.754,0.854,0.0154,5,81.2,2026-04-30T04:36:50.726872
SPERF-00000948,SUP-0032,6,2024,59,46,0.791,0.986,0.0145,37,87.53,2026-04-30T04:36:50.726872
SPERF-00000949,SUP-0032,7,2024,13,9,0.713,0.989,0.0145,59,84.51,2026-04-30T04:36:50.726872
SPERF-00000950,SUP-0032,8,2024,23,18,0.802,0.861,0.0114,22,84.36,2026-04-30T04:36:50.726872
SPERF-00000951,SUP-0032,9,2024,36,28,0.805,0.905,0.0302,7,81.33,2026-04-30T04:36:50.726872
SPERF-00000952,SUP-0032,10,2024,29,23,0.815,0.841,0.0476,5,75.13,2026-04-30T04:36:50.726872
SPERF-00000953,SUP-0032,11,2024,55,45,0.823,0.906,0.0131,33,86.35,2026-04-30T04:36:50.726872
SPERF-00000954,SUP-0032,12,2024,25,24,0.988,0.968,0.0405,21,88.27,2026-04-30T04:36:50.726872
SPERF-00000955,SUP-0032,1,2025,6,5,0.84,0.871,0.0312,53,81.29,2026-04-30T04:36:50.726872
SPERF-00000956,SUP-0032,2,2025,67,65,0.973,0.967,0.0048,54,96.56,2026-04-30T04:36:50.726872
SPERF-00000957,SUP-0032,3,2025,35,26,0.769,0.933,0.0152,38,84.62,2026-04-30T04:36:50.726872
SPERF-00000958,SUP-0032,4,2025,70,63,0.913,0.886,0.0397,48,82.61,2026-04-30T04:36:50.726872
SPERF-00000959,SUP-0032,5,2025,40,31,0.782,0.968,0.0043,53,89.08,2026-04-30T04:36:50.726872
SPERF-00000960,SUP-0032,6,2025,41,30,0.745,0.93,0.034,9,78.85,2026-04-30T04:36:50.726872
SPERF-00000961,SUP-0033,1,2023,37,27,0.751,0.978,0.0413,34,78.94,2026-04-30T04:36:50.726872
SPERF-00000962,SUP-0033,2,2023,29,21,0.747,0.931,0.0306,58,79.81,2026-04-30T04:36:50.726872
SPERF-00000963,SUP-0033,3,2023,12,9,0.754,0.959,0.0226,22,83.07,2026-04-30T04:36:50.726872
SPERF-00000964,SUP-0033,4,2023,75,59,0.794,0.888,0.0284,29,80.74,2026-04-30T04:36:50.726872
SPERF-00000965,SUP-0033,5,2023,42,33,0.795,0.814,0.0223,33,79.72,2026-04-30T04:36:50.726872
SPERF-00000966,SUP-0033,6,2023,66,62,0.95,0.951,0.0285,20,89.16,2026-04-30T04:36:50.726872
SPERF-00000967,SUP-0033,7,2023,77,68,0.895,0.885,0.0451,13,80.5,2026-04-30T04:36:50.726872
SPERF-00000968,SUP-0033,8,2023,72,51,0.72,0.96,0.0485,22,75.28,2026-04-30T04:36:50.726872
SPERF-00000969,SUP-0033,9,2023,55,52,0.956,0.892,0.006,39,92.96,2026-04-30T04:36:50.726872
SPERF-00000970,SUP-0033,10,2023,39,36,0.937,0.964,0.046,47,84.72,2026-04-30T04:36:50.726872
SPERF-00000971,SUP-0033,11,2023,74,57,0.773,0.884,0.0477,23,74.94,2026-04-30T04:36:50.726872
SPERF-00000972,SUP-0033,12,2023,28,26,0.945,0.811,0.0329,16,82.96,2026-04-30T04:36:50.726872
SPERF-00000973,SUP-0033,1,2024,19,14,0.784,0.813,0.0255,52,78.44,2026-04-30T04:36:50.726872
SPERF-00000974,SUP-0033,2,2024,8,7,0.879,0.851,0.0311,40,82.17,2026-04-30T04:36:50.726872
SPERF-00000975,SUP-0033,3,2024,7,5,0.738,0.932,0.0016,55,86.74,2026-04-30T04:36:50.726872
SPERF-00000976,SUP-0033,4,2024,21,20,0.98,0.898,0.0389,12,85.91,2026-04-30T04:36:50.726872
SPERF-00000977,SUP-0033,5,2024,39,29,0.766,0.869,0.0345,12,77.43,2026-04-30T04:36:50.726872
SPERF-00000978,SUP-0033,6,2024,18,16,0.916,0.918,0.0468,10,82.07,2026-04-30T04:36:50.726872
SPERF-00000979,SUP-0033,7,2024,80,69,0.874,0.804,0.0439,31,77.12,2026-04-30T04:36:50.726872
SPERF-00000980,SUP-0033,8,2024,50,40,0.803,0.865,0.0426,21,76.75,2026-04-30T04:36:50.726872
SPERF-00000981,SUP-0033,9,2024,45,33,0.738,0.981,0.0352,45,80.06,2026-04-30T04:36:50.726872
SPERF-00000982,SUP-0033,10,2024,6,4,0.713,0.811,0.0311,25,74.13,2026-04-30T04:36:50.726872
SPERF-00000983,SUP-0033,11,2024,30,28,0.963,0.85,0.04,43,83.27,2026-04-30T04:36:50.726872
SPERF-00000984,SUP-0033,12,2024,17,12,0.734,0.867,0.038,45,75.2,2026-04-30T04:36:50.726872
SPERF-00000985,SUP-0033,1,2025,48,34,0.713,0.9,0.0299,26,77.55,2026-04-30T04:36:50.726872
SPERF-00000986,SUP-0033,2,2025,70,52,0.743,0.93,0.0385,21,77.65,2026-04-30T04:36:50.726872
SPERF-00000987,SUP-0033,3,2025,70,52,0.75,0.918,0.0221,43,81.61,2026-04-30T04:36:50.726872
SPERF-00000988,SUP-0033,4,2025,52,49,0.957,0.85,0.0221,36,87.5,2026-04-30T04:36:50.726872
SPERF-00000989,SUP-0033,5,2025,70,57,0.817,0.921,0.0028,24,89.21,2026-04-30T04:36:50.726872
SPERF-00000990,SUP-0033,6,2025,32,23,0.747,0.81,0.0088,27,81.03,2026-04-30T04:36:50.726872
SPERF-00000991,SUP-0034,1,2023,66,60,0.919,0.962,0.0112,36,92.63,2026-04-30T04:36:50.726872
SPERF-00000992,SUP-0034,2,2023,7,5,0.728,0.933,0.0022,48,86.22,2026-04-30T04:36:50.726872
SPERF-00000993,SUP-0034,3,2023,43,33,0.774,0.826,0.0358,4,75.92,2026-04-30T04:36:50.726872
SPERF-00000994,SUP-0034,4,2023,35,28,0.819,0.8,0.0235,32,79.88,2026-04-30T04:36:50.726872
SPERF-00000995,SUP-0034,5,2023,80,79,0.989,0.839,0.0074,39,92.07,2026-04-30T04:36:50.726872
SPERF-00000996,SUP-0034,6,2023,50,46,0.929,0.84,0.0154,23,87.71,2026-04-30T04:36:50.726872
SPERF-00000997,SUP-0034,7,2023,12,10,0.892,0.845,0.0497,46,77.83,2026-04-30T04:36:50.726872
SPERF-00000998,SUP-0034,8,2023,16,12,0.753,0.983,0.0091,17,87.25,2026-04-30T04:36:50.726872
SPERF-00000999,SUP-0034,9,2023,22,20,0.921,0.964,0.0471,6,83.81,2026-04-30T04:36:50.726872
SPERF-00001000,SUP-0034,10,2023,34,31,0.925,0.846,0.028,41,84.61,2026-04-30T04:36:50.726872
SPERF-00001001,SUP-0034,11,2023,64,54,0.847,0.927,0.0051,51,90.05,2026-04-30T04:36:50.726872
SPERF-00001002,SUP-0034,12,2023,53,39,0.739,0.847,0.0073,50,82.38,2026-04-30T04:36:50.726872
SPERF-00001003,SUP-0034,1,2024,43,32,0.761,0.94,0.0145,57,84.72,2026-04-30T04:36:50.726872
SPERF-00001004,SUP-0034,2,2024,12,11,0.988,0.883,0.0401,13,85.4,2026-04-30T04:36:50.726872
SPERF-00001005,SUP-0034,3,2024,59,50,0.85,0.812,0.0109,47,84.69,2026-04-30T04:36:50.726872
SPERF-00001006,SUP-0034,4,2024,54,38,0.719,0.875,0.0279,57,77.41,2026-04-30T04:36:50.726872
SPERF-00001007,SUP-0034,5,2024,50,44,0.898,0.873,0.0456,34,80.07,2026-04-30T04:36:50.726872
SPERF-00001008,SUP-0034,6,2024,56,49,0.889,0.926,0.0494,20,80.62,2026-04-30T04:36:50.726872
SPERF-00001009,SUP-0034,7,2024,48,46,0.966,0.934,0.0084,5,94.23,2026-04-30T04:36:50.726872
SPERF-00001010,SUP-0034,8,2024,48,33,0.701,0.958,0.0317,57,78.65,2026-04-30T04:36:50.726872
SPERF-00001011,SUP-0034,9,2024,70,66,0.952,0.866,0.0469,48,81.67,2026-04-30T04:36:50.726872
SPERF-00001012,SUP-0034,10,2024,9,7,0.872,0.856,0.0088,26,87.64,2026-04-30T04:36:50.726872
SPERF-00001013,SUP-0034,11,2024,15,14,0.986,0.924,0.0491,30,84.5,2026-04-30T04:36:50.726872
SPERF-00001014,SUP-0034,12,2024,67,46,0.701,0.962,0.0419,56,76.23,2026-04-30T04:36:50.726872
SPERF-00001015,SUP-0034,1,2025,26,22,0.862,0.95,0.0118,31,89.78,2026-04-30T04:36:50.726872
SPERF-00001016,SUP-0034,2,2025,27,26,0.977,0.981,0.0201,33,93.39,2026-04-30T04:36:50.726872
SPERF-00001017,SUP-0034,3,2025,42,31,0.745,0.841,0.0076,58,82.34,2026-04-30T04:36:50.726872
SPERF-00001018,SUP-0034,4,2025,70,59,0.851,0.87,0.0282,26,82.44,2026-04-30T04:36:50.726872
SPERF-00001019,SUP-0034,5,2025,64,62,0.979,0.99,0.006,35,97.31,2026-04-30T04:36:50.726872
SPERF-00001020,SUP-0034,6,2025,38,30,0.803,0.95,0.0114,30,87.52,2026-04-30T04:36:50.726872
SPERF-00001021,SUP-0035,1,2023,66,46,0.71,0.851,0.0167,37,79.01,2026-04-30T04:36:50.726872
SPERF-00001022,SUP-0035,2,2023,39,34,0.883,0.919,0.0363,31,83.41,2026-04-30T04:36:50.726872
SPERF-00001023,SUP-0035,3,2023,53,51,0.966,0.908,0.0135,23,92.05,2026-04-30T04:36:50.726872
SPERF-00001024,SUP-0035,4,2023,57,52,0.913,0.977,0.0384,20,86.12,2026-04-30T04:36:50.726872
SPERF-00001025,SUP-0035,5,2023,63,49,0.788,0.878,0.0294,44,79.9,2026-04-30T04:36:50.726872
SPERF-00001026,SUP-0035,6,2023,34,30,0.899,0.941,0.0192,26,89.09,2026-04-30T04:36:50.726872
SPERF-00001027,SUP-0035,7,2023,7,6,0.875,0.926,0.003,49,91.66,2026-04-30T04:36:50.726872
SPERF-00001028,SUP-0035,8,2023,27,22,0.839,0.848,0.0351,19,79.47,2026-04-30T04:36:50.726872
SPERF-00001029,SUP-0035,9,2023,43,34,0.803,0.862,0.0049,13,86.06,2026-04-30T04:36:50.726872
SPERF-00001030,SUP-0035,10,2023,79,55,0.7,0.974,0.0176,14,82.69,2026-04-30T04:36:50.726872
SPERF-00001031,SUP-0035,11,2023,32,29,0.915,0.984,0.0073,43,94.21,2026-04-30T04:36:50.726872
SPERF-00001032,SUP-0035,12,2023,5,4,0.814,0.905,0.0164,32,85.13,2026-04-30T04:36:50.726872
SPERF-00001033,SUP-0035,1,2024,74,64,0.865,0.895,0.0027,53,90.25,2026-04-30T04:36:50.726872
SPERF-00001034,SUP-0035,2,2024,41,30,0.755,0.929,0.0329,45,79.49,2026-04-30T04:36:50.726872
SPERF-00001035,SUP-0035,3,2024,77,68,0.889,0.961,0.0429,28,83.47,2026-04-30T04:36:50.726872
SPERF-00001036,SUP-0035,4,2024,30,25,0.849,0.84,0.0401,48,78.33,2026-04-30T04:36:50.726872
SPERF-00001037,SUP-0035,5,2024,39,37,0.95,0.945,0.028,25,89.07,2026-04-30T04:36:50.726872
SPERF-00001038,SUP-0035,6,2024,67,49,0.736,0.988,0.002,46,88.52,2026-04-30T04:36:50.726872
SPERF-00001039,SUP-0035,7,2024,16,15,0.982,0.896,0.0176,49,91.24,2026-04-30T04:36:50.726872
SPERF-00001040,SUP-0035,8,2024,8,6,0.852,0.949,0.0224,21,86.69,2026-04-30T04:36:50.726872
SPERF-00001041,SUP-0035,9,2024,28,20,0.716,0.932,0.0389,18,76.54,2026-04-30T04:36:50.726872
SPERF-00001042,SUP-0035,10,2024,51,48,0.957,0.979,0.0375,12,88.17,2026-04-30T04:36:50.726872
SPERF-00001043,SUP-0035,11,2024,26,21,0.809,0.846,0.0326,40,78.82,2026-04-30T04:36:50.726872
SPERF-00001044,SUP-0035,12,2024,24,20,0.834,0.93,0.0222,54,85.36,2026-04-30T04:36:50.726872
SPERF-00001045,SUP-0035,1,2025,17,16,0.948,0.826,0.0244,60,85.73,2026-04-30T04:36:50.726872
SPERF-00001046,SUP-0035,2,2025,6,5,0.879,0.879,0.0497,45,78.5,2026-04-30T04:36:50.726872
SPERF-00001047,SUP-0035,3,2025,50,47,0.948,0.838,0.038,28,82.75,2026-04-30T04:36:50.726872
SPERF-00001048,SUP-0035,4,2025,35,32,0.922,0.886,0.0351,28,84.12,2026-04-30T04:36:50.726872
SPERF-00001049,SUP-0035,5,2025,59,46,0.791,0.9,0.0435,44,77.27,2026-04-30T04:36:50.726872
SPERF-00001050,SUP-0035,6,2025,29,26,0.913,0.921,0.0236,36,87.85,2026-04-30T04:36:50.726872
SPERF-00001051,SUP-0036,1,2023,5,4,0.808,0.905,0.0462,53,77.45,2026-04-30T04:36:50.726872
SPERF-00001052,SUP-0036,2,2023,60,49,0.832,0.938,0.0012,6,90.81,2026-04-30T04:36:50.726872
SPERF-00001053,SUP-0036,3,2023,14,10,0.781,0.813,0.032,53,76.69,2026-04-30T04:36:50.726872
SPERF-00001054,SUP-0036,4,2023,34,24,0.714,0.831,0.0419,34,72.17,2026-04-30T04:36:50.726872
SPERF-00001055,SUP-0036,5,2023,49,43,0.895,0.936,0.0139,36,90.09,2026-04-30T04:36:50.726872
SPERF-00001056,SUP-0036,6,2023,37,35,0.963,0.952,0.0256,51,90.44,2026-04-30T04:36:50.726872
SPERF-00001057,SUP-0036,7,2023,23,16,0.713,0.819,0.0289,11,74.96,2026-04-30T04:36:50.726872
SPERF-00001058,SUP-0036,8,2023,25,22,0.88,0.961,0.0253,35,87.51,2026-04-30T04:36:50.726872
SPERF-00001059,SUP-0036,9,2023,77,55,0.725,0.875,0.0481,17,72.6,2026-04-30T04:36:50.726872
SPERF-00001060,SUP-0036,10,2023,28,21,0.77,0.982,0.0098,50,87.72,2026-04-30T04:36:50.726872
SPERF-00001061,SUP-0036,11,2023,60,54,0.915,0.893,0.0471,55,81.08,2026-04-30T04:36:50.726872
SPERF-00001062,SUP-0036,12,2023,53,49,0.935,0.982,0.0373,49,87.45,2026-04-30T04:36:50.726872
SPERF-00001063,SUP-0036,1,2024,45,33,0.741,0.832,0.0484,48,71.66,2026-04-30T04:36:50.726872
SPERF-00001064,SUP-0036,2,2024,35,29,0.852,0.936,0.0354,26,82.99,2026-04-30T04:36:50.726872
SPERF-00001065,SUP-0036,3,2024,75,68,0.908,0.879,0.0494,14,79.74,2026-04-30T04:36:50.726872
SPERF-00001066,SUP-0036,4,2024,56,45,0.81,0.951,0.0083,13,88.61,2026-04-30T04:36:50.726872
SPERF-00001067,SUP-0036,5,2024,21,16,0.79,0.933,0.0468,46,77.55,2026-04-30T04:36:50.726872
SPERF-00001068,SUP-0036,6,2024,23,22,0.989,0.847,0.0479,42,82.23,2026-04-30T04:36:50.726872
SPERF-00001069,SUP-0036,7,2024,10,9,0.972,0.842,0.0498,32,80.9,2026-04-30T04:36:50.726872
SPERF-00001070,SUP-0036,8,2024,6,5,0.837,0.986,0.0344,38,84.39,2026-04-30T04:36:50.726872
SPERF-00001071,SUP-0036,9,2024,61,50,0.827,0.974,0.0416,17,81.77,2026-04-30T04:36:50.726872
SPERF-00001072,SUP-0036,10,2024,34,24,0.733,0.829,0.0488,24,71.13,2026-04-30T04:36:50.726872
SPERF-00001073,SUP-0036,11,2024,27,22,0.836,0.928,0.0265,3,84.3,2026-04-30T04:36:50.726872
SPERF-00001074,SUP-0036,12,2024,39,27,0.712,0.903,0.0323,17,77.01,2026-04-30T04:36:50.726872
SPERF-00001075,SUP-0036,1,2025,23,18,0.821,0.824,0.038,45,77.18,2026-04-30T04:36:50.726872
SPERF-00001076,SUP-0036,2,2025,51,40,0.8,0.945,0.0124,30,86.97,2026-04-30T04:36:50.726872
SPERF-00001077,SUP-0036,3,2025,48,34,0.717,0.818,0.0074,37,80.46,2026-04-30T04:36:50.726872
SPERF-00001078,SUP-0036,4,2025,13,10,0.78,0.807,0.0057,37,83.02,2026-04-30T04:36:50.726872
SPERF-00001079,SUP-0036,5,2025,60,49,0.828,0.889,0.0269,51,82.51,2026-04-30T04:36:50.726872
SPERF-00001080,SUP-0036,6,2025,45,32,0.729,0.889,0.0282,48,78.23,2026-04-30T04:36:50.726872
SPERF-00001081,SUP-0037,1,2023,15,11,0.759,0.856,0.0387,41,75.64,2026-04-30T04:36:50.726872
SPERF-00001082,SUP-0037,2,2023,47,39,0.836,0.815,0.0222,3,81.41,2026-04-30T04:36:50.726872
SPERF-00001083,SUP-0037,3,2023,72,71,0.989,0.826,0.0169,19,89.25,2026-04-30T04:36:50.726872
SPERF-00001084,SUP-0037,4,2023,17,15,0.941,0.801,0.0064,12,89.07,2026-04-30T04:36:50.726872
SPERF-00001085,SUP-0037,5,2023,30,21,0.706,0.9,0.0047,9,83.56,2026-04-30T04:36:50.726872
SPERF-00001086,SUP-0037,6,2023,60,43,0.723,0.891,0.0185,25,80.48,2026-04-30T04:36:50.726872
SPERF-00001087,SUP-0037,7,2023,19,15,0.829,0.918,0.0256,48,83.89,2026-04-30T04:36:50.726872
SPERF-00001088,SUP-0037,8,2023,56,43,0.768,0.9,0.0184,39,82.62,2026-04-30T04:36:50.726872
SPERF-00001089,SUP-0037,9,2023,16,15,0.982,0.858,0.0032,53,93.51,2026-04-30T04:36:50.726872
SPERF-00001090,SUP-0037,10,2023,70,49,0.702,0.897,0.0084,11,82.38,2026-04-30T04:36:50.726872
SPERF-00001091,SUP-0037,11,2023,68,55,0.819,0.808,0.0451,38,74.77,2026-04-30T04:36:50.726872
SPERF-00001092,SUP-0037,12,2023,64,52,0.828,0.81,0.0208,30,81.27,2026-04-30T04:36:50.726872
SPERF-00001093,SUP-0037,1,2024,13,9,0.735,0.859,0.0146,34,80.81,2026-04-30T04:36:50.726872
SPERF-00001094,SUP-0037,2,2024,35,28,0.803,0.916,0.0102,9,86.63,2026-04-30T04:36:50.726872
SPERF-00001095,SUP-0037,3,2024,38,32,0.865,0.973,0.0151,34,89.88,2026-04-30T04:36:50.726872
SPERF-00001096,SUP-0037,4,2024,62,56,0.915,0.97,0.0155,35,91.67,2026-04-30T04:36:50.726872
SPERF-00001097,SUP-0037,5,2024,43,37,0.862,0.888,0.0443,11,79.48,2026-04-30T04:36:50.726872
SPERF-00001098,SUP-0037,6,2024,66,51,0.78,0.933,0.0333,41,80.53,2026-04-30T04:36:50.726872
SPERF-00001099,SUP-0037,7,2024,72,69,0.971,0.924,0.0055,17,94.81,2026-04-30T04:36:50.726872
SPERF-00001100,SUP-0037,8,2024,8,7,0.938,0.853,0.0021,16,91.85,2026-04-30T04:36:50.726872
SPERF-00001101,SUP-0037,9,2024,66,59,0.907,0.986,0.0351,10,87.01,2026-04-30T04:36:50.726872
SPERF-00001102,SUP-0037,10,2024,77,67,0.88,0.835,0.0091,24,87.15,2026-04-30T04:36:50.726872
SPERF-00001103,SUP-0037,11,2024,7,5,0.827,0.919,0.0116,52,87.34,2026-04-30T04:36:50.726872
SPERF-00001104,SUP-0037,12,2024,72,65,0.904,0.849,0.0307,30,83.2,2026-04-30T04:36:50.726872
SPERF-00001105,SUP-0037,1,2025,24,19,0.832,0.804,0.049,31,74.17,2026-04-30T04:36:50.726872
SPERF-00001106,SUP-0037,2,2025,5,4,0.912,0.968,0.031,56,87.61,2026-04-30T04:36:50.726872
SPERF-00001107,SUP-0037,3,2025,73,58,0.807,0.872,0.0079,17,85.83,2026-04-30T04:36:50.726872
SPERF-00001108,SUP-0037,4,2025,16,14,0.917,0.873,0.0333,45,83.91,2026-04-30T04:36:50.726872
SPERF-00001109,SUP-0037,5,2025,63,56,0.897,0.8,0.0464,28,77.28,2026-04-30T04:36:50.726872
SPERF-00001110,SUP-0037,6,2025,74,70,0.948,0.939,0.0238,38,89.83,2026-04-30T04:36:50.726872
SPERF-00001111,SUP-0038,1,2023,31,27,0.884,0.905,0.0446,32,80.88,2026-04-30T04:36:50.726872
SPERF-00001112,SUP-0038,2,2023,28,21,0.755,0.934,0.0077,19,85.97,2026-04-30T04:36:50.726872
SPERF-00001113,SUP-0038,3,2023,37,35,0.971,0.84,0.0078,29,91.29,2026-04-30T04:36:50.726872
SPERF-00001114,SUP-0038,4,2023,47,36,0.768,0.822,0.0289,56,77.27,2026-04-30T04:36:50.726872
SPERF-00001115,SUP-0038,5,2023,48,42,0.876,0.824,0.0097,14,86.45,2026-04-30T04:36:50.726872
SPERF-00001116,SUP-0038,6,2023,44,41,0.952,0.89,0.0172,47,89.93,2026-04-30T04:36:50.726872
SPERF-00001117,SUP-0038,7,2023,22,21,0.979,0.975,0.0373,13,88.96,2026-04-30T04:36:50.726872
SPERF-00001118,SUP-0038,8,2023,33,29,0.893,0.878,0.0054,49,90.1,2026-04-30T04:36:50.726872
SPERF-00001119,SUP-0038,9,2023,16,14,0.927,0.834,0.0042,35,90.22,2026-04-30T04:36:50.726872
SPERF-00001120,SUP-0038,10,2023,20,19,0.99,0.988,0.0021,53,98.66,2026-04-30T04:36:50.726872
SPERF-00001121,SUP-0038,11,2023,69,57,0.838,0.923,0.0352,16,82.02,2026-04-30T04:36:50.726872
SPERF-00001122,SUP-0038,12,2023,68,55,0.815,0.845,0.0362,41,78.12,2026-04-30T04:36:50.726872
SPERF-00001123,SUP-0038,1,2024,6,5,0.859,0.919,0.0077,43,89.6,2026-04-30T04:36:50.726872
SPERF-00001124,SUP-0038,2,2024,76,75,0.989,0.929,0.0465,57,85.45,2026-04-30T04:36:50.726872
SPERF-00001125,SUP-0038,3,2024,36,32,0.89,0.802,0.0246,56,82.52,2026-04-30T04:36:50.726872
SPERF-00001126,SUP-0038,4,2024,39,34,0.889,0.828,0.0374,15,80.19,2026-04-30T04:36:50.726872
SPERF-00001127,SUP-0038,5,2024,56,46,0.837,0.862,0.006,58,87.15,2026-04-30T04:36:50.726872
SPERF-00001128,SUP-0038,6,2024,28,22,0.793,0.956,0.0405,48,80.06,2026-04-30T04:36:50.726872
SPERF-00001129,SUP-0038,7,2024,58,49,0.849,0.833,0.0428,58,77.41,2026-04-30T04:36:50.726872
SPERF-00001130,SUP-0038,8,2024,28,20,0.725,0.828,0.0075,27,81.1,2026-04-30T04:36:50.726872
SPERF-00001131,SUP-0038,9,2024,78,75,0.974,0.969,0.0432,48,87.08,2026-04-30T04:36:50.726872
SPERF-00001132,SUP-0038,10,2024,54,47,0.884,0.946,0.0318,54,85.52,2026-04-30T04:36:50.726872
SPERF-00001133,SUP-0038,11,2024,58,51,0.887,0.988,0.0132,20,91.76,2026-04-30T04:36:50.726872
SPERF-00001134,SUP-0038,12,2024,17,15,0.886,0.82,0.0402,31,79.09,2026-04-30T04:36:50.726872
SPERF-00001135,SUP-0038,1,2025,15,10,0.726,0.978,0.0044,47,87.17,2026-04-30T04:36:50.726872
SPERF-00001136,SUP-0038,2,2025,66,60,0.921,0.953,0.0105,12,92.57,2026-04-30T04:36:50.726872
SPERF-00001137,SUP-0038,3,2025,71,67,0.952,0.982,0.0139,30,93.97,2026-04-30T04:36:50.726872
SPERF-00001138,SUP-0038,4,2025,63,57,0.919,0.958,0.0291,39,88.02,2026-04-30T04:36:50.726872
SPERF-00001139,SUP-0038,5,2025,31,23,0.768,0.916,0.0176,45,83.38,2026-04-30T04:36:50.726872
SPERF-00001140,SUP-0038,6,2025,8,7,0.888,0.937,0.0397,54,83.39,2026-04-30T04:36:50.726872
SPERF-00001141,SUP-0039,1,2023,38,30,0.812,0.852,0.0184,26,82.7,2026-04-30T04:36:50.726872
SPERF-00001142,SUP-0039,2,2023,69,56,0.822,0.913,0.0242,32,83.78,2026-04-30T04:36:50.726872
SPERF-00001143,SUP-0039,3,2023,77,58,0.76,0.937,0.0036,45,87.3,2026-04-30T04:36:50.726872
SPERF-00001144,SUP-0039,4,2023,7,5,0.735,0.836,0.0334,6,75.31,2026-04-30T04:36:50.726872
SPERF-00001145,SUP-0039,5,2023,36,31,0.875,0.97,0.0197,59,89.02,2026-04-30T04:36:50.726872
SPERF-00001146,SUP-0039,6,2023,45,40,0.909,0.96,0.0037,4,94.04,2026-04-30T04:36:50.726872
SPERF-00001147,SUP-0039,7,2023,69,60,0.878,0.814,0.037,44,79.36,2026-04-30T04:36:50.726872
SPERF-00001148,SUP-0039,8,2023,24,19,0.801,0.901,0.015,57,84.83,2026-04-30T04:36:50.726872
SPERF-00001149,SUP-0039,9,2023,45,39,0.877,0.934,0.002,15,92.27,2026-04-30T04:36:50.726872
SPERF-00001150,SUP-0039,10,2023,6,4,0.81,0.892,0.0152,6,84.82,2026-04-30T04:36:50.726872
SPERF-00001151,SUP-0039,11,2023,18,15,0.886,0.986,0.0491,15,82.67,2026-04-30T04:36:50.726872
SPERF-00001152,SUP-0039,12,2023,39,30,0.787,0.946,0.0133,24,86.27,2026-04-30T04:36:50.726872
SPERF-00001153,SUP-0039,1,2024,52,42,0.819,0.963,0.011,35,88.72,2026-04-30T04:36:50.726872
SPERF-00001154,SUP-0039,2,2024,49,41,0.848,0.805,0.044,57,76.09,2026-04-30T04:36:50.726872
SPERF-00001155,SUP-0039,3,2024,24,19,0.827,0.884,0.0437,8,78.09,2026-04-30T04:36:50.726872
SPERF-00001156,SUP-0039,4,2024,26,23,0.893,0.87,0.0205,52,86.05,2026-04-30T04:36:50.726872
SPERF-00001157,SUP-0039,5,2024,28,22,0.796,0.807,0.0039,55,84.11,2026-04-30T04:36:50.726872
SPERF-00001158,SUP-0039,6,2024,11,9,0.892,0.852,0.0143,33,86.92,2026-04-30T04:36:50.726872
SPERF-00001159,SUP-0039,7,2024,16,11,0.739,0.873,0.0326,51,76.97,2026-04-30T04:36:50.726872
SPERF-00001160,SUP-0039,8,2024,5,4,0.916,0.878,0.0246,35,86.22,2026-04-30T04:36:50.726872
SPERF-00001161,SUP-0039,9,2024,15,11,0.746,0.858,0.0272,13,78.07,2026-04-30T04:36:50.726872
SPERF-00001162,SUP-0039,10,2024,23,20,0.88,0.899,0.0437,43,80.74,2026-04-30T04:36:50.726872
SPERF-00001163,SUP-0039,11,2024,45,40,0.89,0.858,0.0136,28,87.23,2026-04-30T04:36:50.726872
SPERF-00001164,SUP-0039,12,2024,21,19,0.94,0.942,0.0118,34,92.62,2026-04-30T04:36:50.726872
SPERF-00001165,SUP-0039,1,2025,32,25,0.802,0.882,0.0148,6,84.25,2026-04-30T04:36:50.726872
SPERF-00001166,SUP-0039,2,2025,55,52,0.952,0.897,0.0483,50,82.4,2026-04-30T04:36:50.726872
SPERF-00001167,SUP-0039,3,2025,33,26,0.8,0.956,0.0084,22,88.36,2026-04-30T04:36:50.726872
SPERF-00001168,SUP-0039,4,2025,41,35,0.857,0.948,0.0357,16,83.54,2026-04-30T04:36:50.726872
SPERF-00001169,SUP-0039,5,2025,32,28,0.889,0.871,0.0165,8,86.92,2026-04-30T04:36:50.726872
SPERF-00001170,SUP-0039,6,2025,44,35,0.802,0.924,0.0315,33,81.55,2026-04-30T04:36:50.726872
SPERF-00001171,SUP-0040,1,2023,37,27,0.753,0.859,0.0286,45,78.03,2026-04-30T04:36:50.726872
SPERF-00001172,SUP-0040,2,2023,26,25,0.968,0.98,0.0116,42,95.12,2026-04-30T04:36:50.726872
SPERF-00001173,SUP-0040,3,2023,10,7,0.791,0.946,0.0236,11,83.85,2026-04-30T04:36:50.726872
SPERF-00001174,SUP-0040,4,2023,32,23,0.724,0.95,0.0299,5,79.73,2026-04-30T04:36:50.726872
SPERF-00001175,SUP-0040,5,2023,56,55,0.99,0.85,0.0034,15,93.5,2026-04-30T04:36:50.726872
SPERF-00001176,SUP-0040,6,2023,63,58,0.921,0.966,0.0232,57,89.85,2026-04-30T04:36:50.726872
SPERF-00001177,SUP-0040,7,2023,41,33,0.808,0.975,0.0363,10,82.37,2026-04-30T04:36:50.726872
SPERF-00001178,SUP-0040,8,2023,25,20,0.829,0.852,0.0259,44,81.5,2026-04-30T04:36:50.726872
SPERF-00001179,SUP-0040,9,2023,17,13,0.816,0.822,0.027,60,79.66,2026-04-30T04:36:50.726872
SPERF-00001180,SUP-0040,10,2023,53,50,0.962,0.872,0.0146,23,90.35,2026-04-30T04:36:50.726872
SPERF-00001181,SUP-0040,11,2023,53,38,0.725,0.836,0.0335,36,74.88,2026-04-30T04:36:50.726872
SPERF-00001182,SUP-0040,12,2023,15,14,0.95,0.9,0.0404,54,84.4,2026-04-30T04:36:50.726872
SPERF-00001183,SUP-0040,1,2024,58,56,0.969,0.924,0.0409,57,85.88,2026-04-30T04:36:50.726872
SPERF-00001184,SUP-0040,2,2024,40,30,0.769,0.898,0.0393,8,77.36,2026-04-30T04:36:50.726872
SPERF-00001185,SUP-0040,3,2024,39,32,0.824,0.903,0.0155,23,85.69,2026-04-30T04:36:50.726872
SPERF-00001186,SUP-0040,4,2024,12,8,0.727,0.933,0.0359,12,77.76,2026-04-30T04:36:50.726872
SPERF-00001187,SUP-0040,5,2024,5,4,0.803,0.847,0.034,10,78.27,2026-04-30T04:36:50.726872
SPERF-00001188,SUP-0040,6,2024,63,61,0.983,0.926,0.0018,14,96.28,2026-04-30T04:36:50.726872
SPERF-00001189,SUP-0040,7,2024,69,58,0.844,0.849,0.0368,50,79.27,2026-04-30T04:36:50.726872
SPERF-00001190,SUP-0040,8,2024,25,18,0.755,0.804,0.0039,31,82.37,2026-04-30T04:36:50.726872
SPERF-00001191,SUP-0040,9,2024,34,28,0.848,0.941,0.0206,46,86.7,2026-04-30T04:36:50.726872
SPERF-00001192,SUP-0040,10,2024,12,9,0.795,0.863,0.0124,26,83.91,2026-04-30T04:36:50.726872
SPERF-00001193,SUP-0040,11,2024,54,41,0.762,0.874,0.0276,34,79.17,2026-04-30T04:36:50.726872
SPERF-00001194,SUP-0040,12,2024,59,50,0.853,0.894,0.0294,7,83.06,2026-04-30T04:36:50.726872
SPERF-00001195,SUP-0040,1,2025,60,48,0.801,0.876,0.0231,27,81.93,2026-04-30T04:36:50.726872
SPERF-00001196,SUP-0040,2,2025,62,61,0.988,0.981,0.04,4,88.85,2026-04-30T04:36:50.726872
SPERF-00001197,SUP-0040,3,2025,50,49,0.989,0.923,0.0148,10,93.17,2026-04-30T04:36:50.726872
SPERF-00001198,SUP-0040,4,2025,48,43,0.899,0.883,0.0324,44,83.77,2026-04-30T04:36:50.726872
SPERF-00001199,SUP-0040,5,2025,46,32,0.705,0.974,0.0212,40,81.99,2026-04-30T04:36:50.726872
SPERF-00001200,SUP-0040,6,2025,59,50,0.861,0.979,0.0297,24,86.28,2026-04-30T04:36:50.726872
SPERF-00001201,SUP-0041,1,2023,60,50,0.849,0.862,0.0459,42,77.66,2026-04-30T04:36:50.726872
SPERF-00001202,SUP-0041,2,2023,64,58,0.921,0.956,0.0198,52,90.35,2026-04-30T04:36:50.726872
SPERF-00001203,SUP-0041,3,2023,31,26,0.839,0.919,0.0081,40,88.7,2026-04-30T04:36:50.726872
SPERF-00001204,SUP-0041,4,2023,59,54,0.928,0.929,0.0176,19,90.23,2026-04-30T04:36:50.726872
SPERF-00001205,SUP-0041,5,2023,18,14,0.805,0.927,0.0056,22,88.25,2026-04-30T04:36:50.726872
SPERF-00001206,SUP-0041,6,2023,70,63,0.914,0.817,0.0097,49,87.73,2026-04-30T04:36:50.726872
SPERF-00001207,SUP-0041,7,2023,70,52,0.757,0.855,0.0384,31,75.61,2026-04-30T04:36:50.726872
SPERF-00001208,SUP-0041,8,2023,67,57,0.854,0.854,0.0381,45,79.52,2026-04-30T04:36:50.726872
SPERF-00001209,SUP-0041,9,2023,66,53,0.814,0.965,0.0016,8,90.94,2026-04-30T04:36:50.726872
SPERF-00001210,SUP-0041,10,2023,19,17,0.922,0.828,0.0198,3,85.91,2026-04-30T04:36:50.726872
SPERF-00001211,SUP-0041,11,2023,48,46,0.975,0.828,0.0237,13,87.05,2026-04-30T04:36:50.726872
SPERF-00001212,SUP-0041,12,2023,6,4,0.713,0.966,0.0051,42,86.05,2026-04-30T04:36:50.726872
SPERF-00001213,SUP-0041,1,2024,11,7,0.716,0.879,0.0072,40,82.61,2026-04-30T04:36:50.726872
SPERF-00001214,SUP-0041,2,2024,23,18,0.826,0.934,0.0274,42,83.88,2026-04-30T04:36:50.726872
SPERF-00001215,SUP-0041,3,2024,15,13,0.883,0.939,0.013,9,89.94,2026-04-30T04:36:50.726872
SPERF-00001216,SUP-0041,4,2024,24,21,0.903,0.823,0.005,11,88.68,2026-04-30T04:36:50.726872
SPERF-00001217,SUP-0041,5,2024,63,47,0.748,0.914,0.039,47,77.16,2026-04-30T04:36:50.726872
SPERF-00001218,SUP-0041,6,2024,67,52,0.778,0.843,0.0413,52,75.3,2026-04-30T04:36:50.726872
SPERF-00001219,SUP-0041,7,2024,34,27,0.809,0.901,0.0035,23,88.02,2026-04-30T04:36:50.726872
SPERF-00001220,SUP-0041,8,2024,74,52,0.711,0.95,0.011,9,83.94,2026-04-30T04:36:50.726872
SPERF-00001221,SUP-0041,9,2024,8,5,0.735,0.959,0.034,57,79.46,2026-04-30T04:36:50.726872
SPERF-00001222,SUP-0041,10,2024,44,38,0.872,0.936,0.0032,40,91.84,2026-04-30T04:36:50.726872
SPERF-00001223,SUP-0041,11,2024,70,65,0.937,0.918,0.0491,5,82.34,2026-04-30T04:36:50.726872
SPERF-00001224,SUP-0041,12,2024,5,4,0.918,0.823,0.0409,56,80.3,2026-04-30T04:36:50.726872
SPERF-00001225,SUP-0041,1,2025,43,34,0.811,0.867,0.047,60,76.03,2026-04-30T04:36:50.726872
SPERF-00001226,SUP-0041,2,2025,54,40,0.745,0.862,0.0323,36,76.89,2026-04-30T04:36:50.726872
SPERF-00001227,SUP-0041,3,2025,28,24,0.861,0.83,0.0427,13,77.81,2026-04-30T04:36:50.726872
SPERF-00001228,SUP-0041,4,2025,8,7,0.947,0.856,0.0109,7,90.12,2026-04-30T04:36:50.726872
SPERF-00001229,SUP-0041,5,2025,15,11,0.782,0.957,0.0317,10,81.85,2026-04-30T04:36:50.726872
SPERF-00001230,SUP-0041,6,2025,64,49,0.771,0.915,0.0367,43,78.69,2026-04-30T04:36:50.726872
SPERF-00001231,SUP-0042,1,2023,58,54,0.938,0.852,0.0073,29,90.52,2026-04-30T04:36:50.726872
SPERF-00001232,SUP-0042,2,2023,53,37,0.708,0.853,0.0337,36,74.75,2026-04-30T04:36:50.726872
SPERF-00001233,SUP-0042,3,2023,62,61,0.988,0.899,0.0463,42,84.41,2026-04-30T04:36:50.726872
SPERF-00001234,SUP-0042,4,2023,16,14,0.891,0.978,0.0088,7,92.67,2026-04-30T04:36:50.726872
SPERF-00001235,SUP-0042,5,2023,52,48,0.937,0.933,0.0246,40,88.99,2026-04-30T04:36:50.726872
SPERF-00001236,SUP-0042,6,2023,65,52,0.806,0.935,0.0173,23,85.64,2026-04-30T04:36:50.726872
SPERF-00001237,SUP-0042,7,2023,26,22,0.864,0.884,0.004,36,89.5,2026-04-30T04:36:50.726872
SPERF-00001238,SUP-0042,8,2023,34,31,0.917,0.909,0.0211,13,88.22,2026-04-30T04:36:50.726872
SPERF-00001239,SUP-0042,9,2023,10,9,0.91,0.976,0.0049,20,94.34,2026-04-30T04:36:50.726872
SPERF-00001240,SUP-0042,10,2023,46,41,0.897,0.986,0.0213,51,90.06,2026-04-30T04:36:50.726872
SPERF-00001241,SUP-0042,11,2023,44,34,0.785,0.965,0.0091,38,87.9,2026-04-30T04:36:50.726872
SPERF-00001242,SUP-0042,12,2023,64,47,0.744,0.878,0.0011,38,85.22,2026-04-30T04:36:50.726872
SPERF-00001243,SUP-0042,1,2024,32,27,0.872,0.953,0.0499,4,80.76,2026-04-30T04:36:50.726872
SPERF-00001244,SUP-0042,2,2024,57,40,0.712,0.981,0.0139,8,84.34,2026-04-30T04:36:50.726872
SPERF-00001245,SUP-0042,3,2024,16,11,0.716,0.905,0.029,40,78.06,2026-04-30T04:36:50.726872
SPERF-00001246,SUP-0042,4,2024,10,8,0.862,0.92,0.0194,28,86.83,2026-04-30T04:36:50.726872
SPERF-00001247,SUP-0042,5,2024,79,71,0.9,0.984,0.0261,17,88.91,2026-04-30T04:36:50.726872
SPERF-00001248,SUP-0042,6,2024,70,68,0.985,0.923,0.0083,9,94.63,2026-04-30T04:36:50.726872
SPERF-00001249,SUP-0042,7,2024,76,59,0.787,0.817,0.0426,16,74.43,2026-04-30T04:36:50.726872
SPERF-00001250,SUP-0042,8,2024,19,17,0.941,0.885,0.0191,14,88.84,2026-04-30T04:36:50.726872
SPERF-00001251,SUP-0042,9,2024,34,32,0.962,0.861,0.0227,39,87.94,2026-04-30T04:36:50.726872
SPERF-00001252,SUP-0042,10,2024,39,32,0.829,0.813,0.044,17,75.61,2026-04-30T04:36:50.726872
SPERF-00001253,SUP-0042,11,2024,63,62,0.986,0.821,0.0331,30,84.9,2026-04-30T04:36:50.726872
SPERF-00001254,SUP-0042,12,2024,41,33,0.82,0.98,0.0084,29,90.0,2026-04-30T04:36:50.726872
SPERF-00001255,SUP-0042,1,2025,64,59,0.93,0.959,0.011,17,93.02,2026-04-30T04:36:50.726872
SPERF-00001256,SUP-0042,2,2025,61,49,0.809,0.821,0.0047,17,84.92,2026-04-30T04:36:50.726872
SPERF-00001257,SUP-0042,3,2025,80,67,0.849,0.89,0.0331,28,81.84,2026-04-30T04:36:50.726872
SPERF-00001258,SUP-0042,4,2025,30,24,0.814,0.953,0.006,20,89.41,2026-04-30T04:36:50.726872
SPERF-00001259,SUP-0042,5,2025,36,33,0.929,0.888,0.0306,32,85.59,2026-04-30T04:36:50.726872
SPERF-00001260,SUP-0042,6,2025,68,58,0.861,0.955,0.0454,35,81.52,2026-04-30T04:36:50.726872
SPERF-00001261,SUP-0043,1,2023,25,22,0.903,0.841,0.0169,32,86.33,2026-04-30T04:36:50.726872
SPERF-00001262,SUP-0043,2,2023,72,55,0.769,0.917,0.0398,27,77.91,2026-04-30T04:36:50.726872
SPERF-00001263,SUP-0043,3,2023,34,25,0.749,0.867,0.0148,33,81.61,2026-04-30T04:36:50.726872
SPERF-00001264,SUP-0043,4,2023,68,60,0.893,0.941,0.0041,50,92.63,2026-04-30T04:36:50.726872
SPERF-00001265,SUP-0043,5,2023,55,54,0.986,0.971,0.0431,27,87.65,2026-04-30T04:36:50.726872
SPERF-00001266,SUP-0043,6,2023,20,15,0.793,0.903,0.0173,18,84.0,2026-04-30T04:36:50.726872
SPERF-00001267,SUP-0043,7,2023,61,49,0.818,0.846,0.008,17,85.33,2026-04-30T04:36:50.726872
SPERF-00001268,SUP-0043,8,2023,50,44,0.885,0.818,0.0136,39,85.63,2026-04-30T04:36:50.726872
SPERF-00001269,SUP-0043,9,2023,35,31,0.888,0.868,0.0044,32,89.8,2026-04-30T04:36:50.726872
SPERF-00001270,SUP-0043,10,2023,14,13,0.957,0.887,0.0101,50,91.8,2026-04-30T04:36:50.726872
SPERF-00001271,SUP-0043,11,2023,33,31,0.967,0.903,0.0068,12,93.58,2026-04-30T04:36:50.726872
SPERF-00001272,SUP-0043,12,2023,64,62,0.977,0.803,0.0389,28,82.46,2026-04-30T04:36:50.726872
SPERF-00001273,SUP-0043,1,2024,77,56,0.734,0.947,0.0115,59,84.63,2026-04-30T04:36:50.726872
SPERF-00001274,SUP-0043,2,2024,33,24,0.753,0.813,0.0189,59,78.85,2026-04-30T04:36:50.726872
SPERF-00001275,SUP-0043,3,2024,33,30,0.933,0.926,0.0059,6,93.26,2026-04-30T04:36:50.726872
SPERF-00001276,SUP-0043,4,2024,26,21,0.835,0.845,0.0062,51,86.42,2026-04-30T04:36:50.726872
SPERF-00001277,SUP-0043,5,2024,69,48,0.707,0.95,0.0159,59,82.56,2026-04-30T04:36:50.726872
SPERF-00001278,SUP-0043,6,2024,48,35,0.737,0.841,0.0494,27,71.56,2026-04-30T04:36:50.726872
SPERF-00001279,SUP-0043,7,2024,77,72,0.943,0.809,0.0057,40,89.61,2026-04-30T04:36:50.726872
SPERF-00001280,SUP-0043,8,2024,60,57,0.96,0.876,0.0078,9,92.11,2026-04-30T04:36:50.726872
SPERF-00001281,SUP-0043,9,2024,18,14,0.832,0.93,0.0304,4,83.23,2026-04-30T04:36:50.726872
SPERF-00001282,SUP-0043,10,2024,47,45,0.975,0.881,0.0012,4,94.54,2026-04-30T04:36:50.726872
SPERF-00001283,SUP-0043,11,2024,71,52,0.736,0.961,0.02,60,83.07,2026-04-30T04:36:50.726872
SPERF-00001284,SUP-0043,12,2024,32,25,0.798,0.943,0.0447,48,78.75,2026-04-30T04:36:50.726872
SPERF-00001285,SUP-0043,1,2025,5,4,0.944,0.836,0.0397,7,82.09,2026-04-30T04:36:50.726872
SPERF-00001286,SUP-0043,2,2025,9,8,0.984,0.841,0.011,28,91.05,2026-04-30T04:36:50.726872
SPERF-00001287,SUP-0043,3,2025,38,28,0.742,0.901,0.0156,19,82.31,2026-04-30T04:36:50.726872
SPERF-00001288,SUP-0043,4,2025,12,8,0.743,0.858,0.0069,7,83.03,2026-04-30T04:36:50.726872
SPERF-00001289,SUP-0043,5,2025,73,61,0.846,0.834,0.0453,56,76.7,2026-04-30T04:36:50.726872
SPERF-00001290,SUP-0043,6,2025,54,44,0.822,0.971,0.0216,36,86.47,2026-04-30T04:36:50.726872
SPERF-00001291,SUP-0044,1,2023,35,28,0.813,0.942,0.0438,33,79.54,2026-04-30T04:36:50.726872
SPERF-00001292,SUP-0044,2,2023,70,66,0.953,0.91,0.0299,42,87.5,2026-04-30T04:36:50.726872
SPERF-00001293,SUP-0044,3,2023,32,25,0.799,0.825,0.0468,14,74.14,2026-04-30T04:36:50.726872
SPERF-00001294,SUP-0044,4,2023,61,55,0.91,0.935,0.0448,29,82.92,2026-04-30T04:36:50.726872
SPERF-00001295,SUP-0044,5,2023,6,5,0.942,0.857,0.0349,12,83.95,2026-04-30T04:36:50.726872
SPERF-00001296,SUP-0044,6,2023,60,44,0.738,0.936,0.0058,21,85.83,2026-04-30T04:36:50.726872
SPERF-00001297,SUP-0044,7,2023,61,59,0.978,0.954,0.0349,14,88.78,2026-04-30T04:36:50.726872
SPERF-00001298,SUP-0044,8,2023,80,58,0.735,0.82,0.037,50,73.85,2026-04-30T04:36:50.726872
SPERF-00001299,SUP-0044,9,2023,60,42,0.711,0.941,0.0089,49,84.15,2026-04-30T04:36:50.726872
SPERF-00001300,SUP-0044,10,2023,56,40,0.725,0.864,0.0423,28,73.66,2026-04-30T04:36:50.726872
SPERF-00001301,SUP-0044,11,2023,42,40,0.954,0.959,0.0013,8,96.4,2026-04-30T04:36:50.726872
SPERF-00001302,SUP-0044,12,2023,50,46,0.935,0.819,0.0159,34,87.09,2026-04-30T04:36:50.726872
SPERF-00001303,SUP-0044,1,2024,38,26,0.71,0.918,0.0222,14,79.98,2026-04-30T04:36:50.726872
SPERF-00001304,SUP-0044,2,2024,78,74,0.953,0.881,0.0214,44,88.61,2026-04-30T04:36:50.726872
SPERF-00001305,SUP-0044,3,2024,31,24,0.79,0.959,0.0253,27,83.84,2026-04-30T04:36:50.726872
SPERF-00001306,SUP-0044,4,2024,41,35,0.86,0.879,0.0024,49,89.56,2026-04-30T04:36:50.726872
SPERF-00001307,SUP-0044,5,2024,67,55,0.828,0.936,0.0232,16,85.08,2026-04-30T04:36:50.726872
SPERF-00001308,SUP-0044,6,2024,59,55,0.94,0.842,0.0438,39,81.12,2026-04-30T04:36:50.726872
SPERF-00001309,SUP-0044,7,2024,74,63,0.854,0.889,0.0181,60,85.75,2026-04-30T04:36:50.726872
SPERF-00001310,SUP-0044,8,2024,55,38,0.709,0.805,0.0022,6,80.98,2026-04-30T04:36:50.726872
SPERF-00001311,SUP-0044,9,2024,42,35,0.837,0.818,0.0406,49,76.96,2026-04-30T04:36:50.726872
SPERF-00001312,SUP-0044,10,2024,34,24,0.733,0.891,0.022,27,80.0,2026-04-30T04:36:50.726872
SPERF-00001313,SUP-0044,11,2024,64,57,0.904,0.848,0.0341,55,82.31,2026-04-30T04:36:50.726872
SPERF-00001314,SUP-0044,12,2024,70,50,0.728,0.927,0.0329,47,78.34,2026-04-30T04:36:50.726872
SPERF-00001315,SUP-0044,1,2025,68,65,0.966,0.977,0.0443,44,86.76,2026-04-30T04:36:50.726872
SPERF-00001316,SUP-0044,2,2025,47,38,0.821,0.859,0.0275,13,81.03,2026-04-30T04:36:50.726872
SPERF-00001317,SUP-0044,3,2025,18,14,0.819,0.945,0.0131,20,87.56,2026-04-30T04:36:50.726872
SPERF-00001318,SUP-0044,4,2025,17,14,0.845,0.899,0.0154,11,86.41,2026-04-30T04:36:50.726872
SPERF-00001319,SUP-0044,5,2025,49,40,0.831,0.867,0.049,24,76.33,2026-04-30T04:36:50.726872
SPERF-00001320,SUP-0044,6,2025,68,53,0.789,0.831,0.0438,54,74.69,2026-04-30T04:36:50.726872
SPERF-00001321,SUP-0045,1,2023,50,42,0.848,0.812,0.0236,45,81.44,2026-04-30T04:36:50.726872
SPERF-00001322,SUP-0045,2,2023,41,35,0.867,0.893,0.0375,17,81.56,2026-04-30T04:36:50.726872
SPERF-00001323,SUP-0045,3,2023,9,8,0.928,0.825,0.041,10,80.75,2026-04-30T04:36:50.726872
SPERF-00001324,SUP-0045,4,2023,35,30,0.862,0.942,0.0122,44,89.4,2026-04-30T04:36:50.726872
SPERF-00001325,SUP-0045,5,2023,29,24,0.84,0.967,0.004,31,91.44,2026-04-30T04:36:50.726872
SPERF-00001326,SUP-0045,6,2023,41,35,0.872,0.86,0.0179,41,85.5,2026-04-30T04:36:50.726872
SPERF-00001327,SUP-0045,7,2023,50,37,0.749,0.883,0.048,56,73.87,2026-04-30T04:36:50.726872
SPERF-00001328,SUP-0045,8,2023,26,18,0.718,0.958,0.0028,27,86.55,2026-04-30T04:36:50.726872
SPERF-00001329,SUP-0045,9,2023,5,4,0.838,0.942,0.002,44,90.99,2026-04-30T04:36:50.726872
SPERF-00001330,SUP-0045,10,2023,40,29,0.743,0.968,0.0358,29,79.65,2026-04-30T04:36:50.726872
SPERF-00001331,SUP-0045,11,2023,39,30,0.784,0.974,0.028,40,83.45,2026-04-30T04:36:50.726872
SPERF-00001332,SUP-0045,12,2023,31,24,0.777,0.843,0.0457,24,74.16,2026-04-30T04:36:50.726872
SPERF-00001333,SUP-0045,1,2024,54,41,0.765,0.838,0.0047,56,83.75,2026-04-30T04:36:50.726872
SPERF-00001334,SUP-0045,2,2024,54,45,0.839,0.835,0.0466,10,76.13,2026-04-30T04:36:50.726872
SPERF-00001335,SUP-0045,3,2024,51,42,0.837,0.897,0.0202,26,84.83,2026-04-30T04:36:50.726872
SPERF-00001336,SUP-0045,4,2024,28,20,0.734,0.812,0.049,7,70.53,2026-04-30T04:36:50.726872
SPERF-00001337,SUP-0045,5,2024,58,57,0.986,0.919,0.0366,52,87.45,2026-04-30T04:36:50.726872
SPERF-00001338,SUP-0045,6,2024,65,49,0.76,0.873,0.011,6,83.2,2026-04-30T04:36:50.726872
SPERF-00001339,SUP-0045,7,2024,69,62,0.913,0.82,0.047,33,78.47,2026-04-30T04:36:50.726872
SPERF-00001340,SUP-0045,8,2024,47,44,0.944,0.95,0.0412,6,85.71,2026-04-30T04:36:50.726872
SPERF-00001341,SUP-0045,9,2024,44,34,0.784,0.857,0.0108,41,83.66,2026-04-30T04:36:50.726872
SPERF-00001342,SUP-0045,10,2024,14,12,0.88,0.882,0.044,16,80.07,2026-04-30T04:36:50.726872
SPERF-00001343,SUP-0045,11,2024,45,38,0.845,0.915,0.0388,15,81.12,2026-04-30T04:36:50.726872
SPERF-00001344,SUP-0045,12,2024,68,53,0.783,0.834,0.0196,31,80.61,2026-04-30T04:36:50.726872
SPERF-00001345,SUP-0045,1,2025,31,29,0.954,0.898,0.0488,27,82.39,2026-04-30T04:36:50.726872
SPERF-00001346,SUP-0045,2,2025,58,52,0.908,0.889,0.0033,9,91.61,2026-04-30T04:36:50.726872
SPERF-00001347,SUP-0045,3,2025,5,3,0.799,0.905,0.0483,47,76.56,2026-04-30T04:36:50.726872
SPERF-00001348,SUP-0045,4,2025,74,68,0.929,0.918,0.0108,34,91.59,2026-04-30T04:36:50.726872
SPERF-00001349,SUP-0045,5,2025,62,44,0.71,0.881,0.0211,48,78.96,2026-04-30T04:36:50.726872
SPERF-00001350,SUP-0045,6,2025,37,29,0.784,0.833,0.0383,56,75.94,2026-04-30T04:36:50.726872
SPERF-00001351,SUP-0046,1,2023,23,19,0.867,0.91,0.0462,35,79.98,2026-04-30T04:36:50.726872
SPERF-00001352,SUP-0046,2,2023,30,28,0.964,0.905,0.0413,33,84.91,2026-04-30T04:36:50.726872
SPERF-00001353,SUP-0046,3,2023,74,55,0.749,0.804,0.0279,22,76.12,2026-04-30T04:36:50.726872
SPERF-00001354,SUP-0046,4,2023,65,51,0.787,0.814,0.0204,21,79.87,2026-04-30T04:36:50.726872
SPERF-00001355,SUP-0046,5,2023,51,38,0.747,0.832,0.0321,12,75.97,2026-04-30T04:36:50.726872
SPERF-00001356,SUP-0046,6,2023,28,22,0.799,0.969,0.03,37,83.38,2026-04-30T04:36:50.726872
SPERF-00001357,SUP-0046,7,2023,69,56,0.821,0.974,0.0454,57,80.58,2026-04-30T04:36:50.726872
SPERF-00001358,SUP-0046,8,2023,67,62,0.926,0.849,0.0339,49,83.28,2026-04-30T04:36:50.726872
SPERF-00001359,SUP-0046,9,2023,59,53,0.907,0.916,0.0117,19,90.42,2026-04-30T04:36:50.726872
SPERF-00001360,SUP-0046,10,2023,8,6,0.833,0.947,0.0313,50,83.64,2026-04-30T04:36:50.726872
SPERF-00001361,SUP-0046,11,2023,55,52,0.955,0.922,0.0376,55,86.07,2026-04-30T04:36:50.726872
SPERF-00001362,SUP-0046,12,2023,5,4,0.881,0.922,0.0352,9,83.71,2026-04-30T04:36:50.726872
SPERF-00001363,SUP-0046,1,2024,62,60,0.979,0.857,0.0127,34,90.98,2026-04-30T04:36:50.726872
SPERF-00001364,SUP-0046,2,2024,36,34,0.968,0.874,0.0427,41,83.64,2026-04-30T04:36:50.726872
SPERF-00001365,SUP-0046,3,2024,23,22,0.969,0.858,0.048,50,81.79,2026-04-30T04:36:50.726872
SPERF-00001366,SUP-0046,4,2024,50,38,0.77,0.816,0.0354,8,75.51,2026-04-30T04:36:50.726872
SPERF-00001367,SUP-0046,5,2024,36,26,0.725,0.903,0.0157,36,81.68,2026-04-30T04:36:50.726872
SPERF-00001368,SUP-0046,6,2024,68,56,0.826,0.933,0.0182,27,86.14,2026-04-30T04:36:50.726872
SPERF-00001369,SUP-0046,7,2024,41,39,0.972,0.969,0.0268,8,91.09,2026-04-30T04:36:50.726872
SPERF-00001370,SUP-0046,8,2024,41,40,0.981,0.851,0.0353,43,85.2,2026-04-30T04:36:50.726872
SPERF-00001371,SUP-0046,9,2024,32,30,0.959,0.899,0.0369,34,85.6,2026-04-30T04:36:50.726872
SPERF-00001372,SUP-0046,10,2024,51,50,0.981,0.956,0.0321,22,89.68,2026-04-30T04:36:50.726872
SPERF-00001373,SUP-0046,11,2024,9,7,0.841,0.936,0.0448,17,80.2,2026-04-30T04:36:50.726872
SPERF-00001374,SUP-0046,12,2024,46,43,0.941,0.939,0.0282,49,88.45,2026-04-30T04:36:50.726872
SPERF-00001375,SUP-0046,1,2025,45,41,0.918,0.835,0.0038,49,89.99,2026-04-30T04:36:50.726872
SPERF-00001376,SUP-0046,2,2025,23,18,0.806,0.887,0.0266,33,81.64,2026-04-30T04:36:50.726872
SPERF-00001377,SUP-0046,3,2025,75,54,0.727,0.921,0.0036,34,85.41,2026-04-30T04:36:50.726872
SPERF-00001378,SUP-0046,4,2025,60,57,0.955,0.878,0.0373,39,84.6,2026-04-30T04:36:50.726872
SPERF-00001379,SUP-0046,5,2025,66,61,0.928,0.979,0.014,15,92.89,2026-04-30T04:36:50.726872
SPERF-00001380,SUP-0046,6,2025,51,43,0.856,0.95,0.0186,5,87.84,2026-04-30T04:36:50.726872
SPERF-00001381,SUP-0047,1,2023,79,76,0.971,0.961,0.033,12,89.22,2026-04-30T04:36:50.726872
SPERF-00001382,SUP-0047,2,2023,67,64,0.965,0.981,0.0036,5,97.03,2026-04-30T04:36:50.726872
SPERF-00001383,SUP-0047,3,2023,79,59,0.752,0.892,0.0249,10,80.07,2026-04-30T04:36:50.726872
SPERF-00001384,SUP-0047,4,2023,11,8,0.791,0.965,0.0011,45,90.14,2026-04-30T04:36:50.726872
SPERF-00001385,SUP-0047,5,2023,13,11,0.854,0.952,0.0326,38,84.33,2026-04-30T04:36:50.726872
SPERF-00001386,SUP-0047,6,2023,76,55,0.731,0.895,0.0436,25,74.66,2026-04-30T04:36:50.726872
SPERF-00001387,SUP-0047,7,2023,13,10,0.794,0.81,0.0057,24,83.69,2026-04-30T04:36:50.726872
SPERF-00001388,SUP-0047,8,2023,16,14,0.88,0.842,0.0021,47,89.14,2026-04-30T04:36:50.726872
SPERF-00001389,SUP-0047,9,2023,65,46,0.708,0.905,0.0218,51,79.55,2026-04-30T04:36:50.726872
SPERF-00001390,SUP-0047,10,2023,75,64,0.864,0.942,0.025,10,86.28,2026-04-30T04:36:50.726872
SPERF-00001391,SUP-0047,11,2023,40,28,0.703,0.893,0.0381,9,74.85,2026-04-30T04:36:50.726872
SPERF-00001392,SUP-0047,12,2023,14,10,0.768,0.809,0.0411,30,73.76,2026-04-30T04:36:50.726872
SPERF-00001393,SUP-0047,1,2024,51,41,0.812,0.977,0.0343,8,83.1,2026-04-30T04:36:50.726872
SPERF-00001394,SUP-0047,2,2024,14,10,0.778,0.96,0.0068,6,88.02,2026-04-30T04:36:50.726872
SPERF-00001395,SUP-0047,3,2024,25,21,0.853,0.913,0.0132,29,87.78,2026-04-30T04:36:50.726872
SPERF-00001396,SUP-0047,4,2024,39,30,0.773,0.976,0.0056,54,88.68,2026-04-30T04:36:50.726872
SPERF-00001397,SUP-0047,5,2024,29,24,0.836,0.964,0.024,11,86.18,2026-04-30T04:36:50.726872
SPERF-00001398,SUP-0047,6,2024,70,52,0.754,0.925,0.0147,21,83.86,2026-04-30T04:36:50.726872
SPERF-00001399,SUP-0047,7,2024,18,17,0.987,0.881,0.0497,51,82.89,2026-04-30T04:36:50.726872
SPERF-00001400,SUP-0047,8,2024,49,43,0.89,0.919,0.0152,50,88.97,2026-04-30T04:36:50.726872
SPERF-00001401,SUP-0047,9,2024,12,9,0.807,0.983,0.0064,9,90.09,2026-04-30T04:36:50.726872
SPERF-00001402,SUP-0047,10,2024,42,32,0.773,0.832,0.028,49,78.04,2026-04-30T04:36:50.726872
SPERF-00001403,SUP-0047,11,2024,69,61,0.897,0.806,0.0247,54,82.92,2026-04-30T04:36:50.726872
SPERF-00001404,SUP-0047,12,2024,9,8,0.942,0.896,0.0295,49,86.66,2026-04-30T04:36:50.726872
SPERF-00001405,SUP-0047,1,2025,28,21,0.763,0.858,0.0468,44,73.85,2026-04-30T04:36:50.726872
SPERF-00001406,SUP-0047,2,2025,50,37,0.749,0.938,0.0062,47,86.24,2026-04-30T04:36:50.726872
SPERF-00001407,SUP-0047,3,2025,6,4,0.79,0.916,0.0012,31,88.36,2026-04-30T04:36:50.726872
SPERF-00001408,SUP-0047,4,2025,43,35,0.816,0.891,0.0284,15,81.72,2026-04-30T04:36:50.726872
SPERF-00001409,SUP-0047,5,2025,76,60,0.802,0.953,0.0412,24,80.14,2026-04-30T04:36:50.726872
SPERF-00001410,SUP-0047,6,2025,7,5,0.817,0.82,0.0015,15,86.0,2026-04-30T04:36:50.726872
SPERF-00001411,SUP-0048,1,2023,39,36,0.946,0.959,0.014,25,92.91,2026-04-30T04:36:50.726872
SPERF-00001412,SUP-0048,2,2023,31,23,0.757,0.871,0.007,40,84.02,2026-04-30T04:36:50.726872
SPERF-00001413,SUP-0048,3,2023,44,38,0.869,0.974,0.0268,45,87.15,2026-04-30T04:36:50.726872
SPERF-00001414,SUP-0048,4,2023,58,41,0.719,0.971,0.0401,58,77.72,2026-04-30T04:36:50.726872
SPERF-00001415,SUP-0048,5,2023,8,6,0.853,0.899,0.0371,22,81.31,2026-04-30T04:36:50.726872
SPERF-00001416,SUP-0048,6,2023,49,39,0.805,0.805,0.0079,57,83.4,2026-04-30T04:36:50.726872
SPERF-00001417,SUP-0048,7,2023,79,58,0.737,0.84,0.006,47,82.38,2026-04-30T04:36:50.726872
SPERF-00001418,SUP-0048,8,2023,50,40,0.811,0.973,0.0246,21,85.34,2026-04-30T04:36:50.726872
SPERF-00001419,SUP-0048,9,2023,75,70,0.94,0.94,0.0474,20,83.65,2026-04-30T04:36:50.726872
SPERF-00001420,SUP-0048,10,2023,5,3,0.788,0.937,0.0153,48,85.49,2026-04-30T04:36:50.726872
SPERF-00001421,SUP-0048,11,2023,14,11,0.787,0.945,0.005,27,88.3,2026-04-30T04:36:50.726872
SPERF-00001422,SUP-0048,12,2023,35,30,0.861,0.984,0.0444,12,82.78,2026-04-30T04:36:50.726872
SPERF-00001423,SUP-0048,1,2024,40,29,0.731,0.904,0.018,14,81.38,2026-04-30T04:36:50.726872
SPERF-00001424,SUP-0048,2,2024,76,63,0.831,0.912,0.0011,38,89.88,2026-04-30T04:36:50.726872
SPERF-00001425,SUP-0048,3,2024,39,34,0.893,0.827,0.0223,10,84.09,2026-04-30T04:36:50.726872
SPERF-00001426,SUP-0048,4,2024,52,39,0.768,0.82,0.0105,11,81.8,2026-04-30T04:36:50.726872
SPERF-00001427,SUP-0048,5,2024,72,58,0.818,0.853,0.0233,21,81.75,2026-04-30T04:36:50.726872
SPERF-00001428,SUP-0048,6,2024,66,59,0.904,0.858,0.0337,17,82.77,2026-04-30T04:36:50.726872
SPERF-00001429,SUP-0048,7,2024,71,69,0.984,0.862,0.0355,27,85.66,2026-04-30T04:36:50.726872
SPERF-00001430,SUP-0048,8,2024,49,43,0.88,0.866,0.0059,7,89.04,2026-04-30T04:36:50.726872
SPERF-00001431,SUP-0048,9,2024,22,15,0.718,0.916,0.033,53,77.53,2026-04-30T04:36:50.726872
SPERF-00001432,SUP-0048,10,2024,26,22,0.857,0.959,0.0213,13,87.52,2026-04-30T04:36:50.726872
SPERF-00001433,SUP-0048,11,2024,57,50,0.886,0.979,0.0198,37,89.75,2026-04-30T04:36:50.726872
SPERF-00001434,SUP-0048,12,2024,78,73,0.946,0.831,0.0154,53,88.07,2026-04-30T04:36:50.726872
SPERF-00001435,SUP-0048,1,2025,16,15,0.95,0.821,0.0156,18,87.83,2026-04-30T04:36:50.726872
SPERF-00001436,SUP-0048,2,2025,38,31,0.84,0.893,0.0129,38,86.63,2026-04-30T04:36:50.726872
SPERF-00001437,SUP-0048,3,2025,16,13,0.856,0.985,0.0267,11,87.04,2026-04-30T04:36:50.726872
SPERF-00001438,SUP-0048,4,2025,6,5,0.932,0.963,0.0234,57,90.13,2026-04-30T04:36:50.726872
SPERF-00001439,SUP-0048,5,2025,35,31,0.907,0.804,0.046,54,77.92,2026-04-30T04:36:50.726872
SPERF-00001440,SUP-0048,6,2025,13,11,0.876,0.831,0.0171,24,84.85,2026-04-30T04:36:50.726872
SPERF-00001441,SUP-0049,1,2023,17,12,0.742,0.943,0.0412,5,77.38,2026-04-30T04:36:50.726872
SPERF-00001442,SUP-0049,2,2023,16,15,0.956,0.9,0.0015,27,94.36,2026-04-30T04:36:50.726872
SPERF-00001443,SUP-0049,3,2023,71,54,0.762,0.976,0.0208,28,84.44,2026-04-30T04:36:50.726872
SPERF-00001444,SUP-0049,4,2023,74,69,0.939,0.963,0.0294,46,88.91,2026-04-30T04:36:50.726872
SPERF-00001445,SUP-0049,5,2023,43,36,0.845,0.929,0.0369,40,82.09,2026-04-30T04:36:50.726872
SPERF-00001446,SUP-0049,6,2023,56,45,0.814,0.848,0.0455,59,75.86,2026-04-30T04:36:50.726872
SPERF-00001447,SUP-0049,7,2023,54,39,0.74,0.856,0.0473,40,72.73,2026-04-30T04:36:50.726872
SPERF-00001448,SUP-0049,8,2023,55,52,0.961,0.836,0.0453,60,81.37,2026-04-30T04:36:50.726872
SPERF-00001449,SUP-0049,9,2023,76,65,0.856,0.887,0.0225,31,84.66,2026-04-30T04:36:50.726872
SPERF-00001450,SUP-0049,10,2023,15,13,0.914,0.917,0.0175,27,89.28,2026-04-30T04:36:50.726872
SPERF-00001451,SUP-0049,11,2023,59,50,0.856,0.875,0.0333,46,81.54,2026-04-30T04:36:50.726872
SPERF-00001452,SUP-0049,12,2023,63,49,0.778,0.901,0.017,15,83.41,2026-04-30T04:36:50.726872
SPERF-00001453,SUP-0049,1,2024,25,24,0.965,0.863,0.0033,3,92.98,2026-04-30T04:36:50.726872
SPERF-00001454,SUP-0049,2,2024,47,36,0.779,0.817,0.0303,13,77.18,2026-04-30T04:36:50.726872
SPERF-00001455,SUP-0049,3,2024,32,27,0.849,0.829,0.0403,39,77.9,2026-04-30T04:36:50.726872
SPERF-00001456,SUP-0049,4,2024,23,16,0.738,0.978,0.0094,24,86.4,2026-04-30T04:36:50.726872
SPERF-00001457,SUP-0049,5,2024,51,47,0.935,0.874,0.025,57,86.74,2026-04-30T04:36:50.726872
SPERF-00001458,SUP-0049,6,2024,71,69,0.984,0.819,0.0181,47,88.5,2026-04-30T04:36:50.726872
SPERF-00001459,SUP-0049,7,2024,45,38,0.855,0.837,0.0193,20,83.67,2026-04-30T04:36:50.726872
SPERF-00001460,SUP-0049,8,2024,47,35,0.754,0.866,0.0159,15,81.5,2026-04-30T04:36:50.726872
SPERF-00001461,SUP-0049,9,2024,30,27,0.91,0.809,0.0389,55,79.99,2026-04-30T04:36:50.726872
SPERF-00001462,SUP-0049,10,2024,49,36,0.742,0.897,0.0176,36,81.67,2026-04-30T04:36:50.726872
SPERF-00001463,SUP-0049,11,2024,54,50,0.938,0.989,0.0108,23,94.43,2026-04-30T04:36:50.726872
SPERF-00001464,SUP-0049,12,2024,36,32,0.897,0.953,0.0472,14,82.44,2026-04-30T04:36:50.726872
SPERF-00001465,SUP-0049,1,2025,36,28,0.788,0.855,0.0124,32,83.34,2026-04-30T04:36:50.726872
SPERF-00001466,SUP-0049,2,2025,7,6,0.863,0.942,0.005,43,91.24,2026-04-30T04:36:50.726872
SPERF-00001467,SUP-0049,3,2025,61,58,0.96,0.883,0.022,39,88.81,2026-04-30T04:36:50.726872
SPERF-00001468,SUP-0049,4,2025,23,21,0.953,0.986,0.0338,42,89.18,2026-04-30T04:36:50.726872
SPERF-00001469,SUP-0049,5,2025,19,16,0.878,0.864,0.0398,39,80.41,2026-04-30T04:36:50.726872
SPERF-00001470,SUP-0049,6,2025,20,16,0.818,0.901,0.0469,5,77.53,2026-04-30T04:36:50.726872
SPERF-00001471,SUP-0050,1,2023,5,3,0.756,0.964,0.049,40,76.73,2026-04-30T04:36:50.726872
SPERF-00001472,SUP-0050,2,2023,21,15,0.72,0.885,0.008,55,82.78,2026-04-30T04:36:50.726872
SPERF-00001473,SUP-0050,3,2023,71,64,0.913,0.889,0.0458,36,81.19,2026-04-30T04:36:50.726872
SPERF-00001474,SUP-0050,4,2023,58,46,0.803,0.92,0.0438,12,78.37,2026-04-30T04:36:50.726872
SPERF-00001475,SUP-0050,5,2023,28,25,0.906,0.915,0.021,32,88.02,2026-04-30T04:36:50.726872
SPERF-00001476,SUP-0050,6,2023,73,64,0.889,0.899,0.0225,47,86.4,2026-04-30T04:36:50.726872
SPERF-00001477,SUP-0050,7,2023,54,41,0.77,0.852,0.0344,12,77.02,2026-04-30T04:36:50.726872
SPERF-00001478,SUP-0050,8,2023,17,13,0.792,0.905,0.0461,11,76.83,2026-04-30T04:36:50.726872
SPERF-00001479,SUP-0050,9,2023,80,67,0.842,0.9,0.0309,46,82.46,2026-04-30T04:36:50.726872
SPERF-00001480,SUP-0050,10,2023,39,29,0.767,0.802,0.0479,59,71.78,2026-04-30T04:36:50.726872
SPERF-00001481,SUP-0050,11,2023,5,4,0.881,0.87,0.0358,31,81.74,2026-04-30T04:36:50.726872
SPERF-00001482,SUP-0050,12,2023,24,22,0.923,0.919,0.0211,53,88.81,2026-04-30T04:36:50.726872
SPERF-00001483,SUP-0050,1,2024,53,43,0.818,0.953,0.0389,42,81.35,2026-04-30T04:36:50.726872
SPERF-00001484,SUP-0050,2,2024,35,32,0.926,0.833,0.0102,15,88.64,2026-04-30T04:36:50.726872
SPERF-00001485,SUP-0050,3,2024,24,22,0.923,0.814,0.0046,43,89.26,2026-04-30T04:36:50.726872
SPERF-00001486,SUP-0050,4,2024,9,8,0.939,0.861,0.0057,41,91.27,2026-04-30T04:36:50.726872
SPERF-00001487,SUP-0050,5,2024,11,9,0.853,0.974,0.0227,22,87.53,2026-04-30T04:36:50.726872
SPERF-00001488,SUP-0050,6,2024,60,45,0.764,0.932,0.006,10,86.68,2026-04-30T04:36:50.726872
SPERF-00001489,SUP-0050,7,2024,70,63,0.908,0.902,0.0029,29,92.16,2026-04-30T04:36:50.726872
SPERF-00001490,SUP-0050,8,2024,38,33,0.87,0.876,0.0029,26,89.73,2026-04-30T04:36:50.726872
SPERF-00001491,SUP-0050,9,2024,19,16,0.854,0.832,0.0374,37,78.93,2026-04-30T04:36:50.726872
SPERF-00001492,SUP-0050,10,2024,17,15,0.937,0.979,0.031,11,89.0,2026-04-30T04:36:50.726872
SPERF-00001493,SUP-0050,11,2024,12,10,0.91,0.924,0.0268,58,87.04,2026-04-30T04:36:50.726872
SPERF-00001494,SUP-0050,12,2024,43,34,0.797,0.933,0.0383,39,79.96,2026-04-30T04:36:50.726872
SPERF-00001495,SUP-0050,1,2025,64,49,0.775,0.982,0.0323,9,82.3,2026-04-30T04:36:50.726872
SPERF-00001496,SUP-0050,2,2025,9,8,0.91,0.913,0.0076,3,91.46,2026-04-30T04:36:50.726872
SPERF-00001497,SUP-0050,3,2025,74,73,0.988,0.895,0.0241,24,89.82,2026-04-30T04:36:50.726872
SPERF-00001498,SUP-0050,4,2025,18,15,0.883,0.922,0.0082,13,90.54,2026-04-30T04:36:50.726872
SPERF-00001499,SUP-0050,5,2025,29,25,0.88,0.821,0.0384,38,79.34,2026-04-30T04:36:50.726872
SPERF-00001500,SUP-0050,6,2025,16,15,0.942,0.97,0.0311,45,88.85,2026-04-30T04:36:50.726872
SPERF-00001501,SUP-0051,1,2023,7,5,0.773,0.889,0.0483,23,74.96,2026-04-30T04:36:50.726872
SPERF-00001502,SUP-0051,2,2023,7,6,0.962,0.946,0.0261,19,90.06,2026-04-30T04:36:50.726872
SPERF-00001503,SUP-0051,3,2023,16,11,0.716,0.846,0.0379,41,73.78,2026-04-30T04:36:50.726872
SPERF-00001504,SUP-0051,4,2023,17,16,0.956,0.934,0.0271,16,89.16,2026-04-30T04:36:50.726872
SPERF-00001505,SUP-0051,5,2023,76,71,0.941,0.827,0.0249,10,85.36,2026-04-30T04:36:50.726872
SPERF-00001506,SUP-0051,6,2023,8,7,0.894,0.971,0.0184,56,90.15,2026-04-30T04:36:50.726872
SPERF-00001507,SUP-0051,7,2023,75,64,0.86,0.966,0.0038,56,92.26,2026-04-30T04:36:50.726872
SPERF-00001508,SUP-0051,8,2023,17,12,0.74,0.872,0.021,23,79.87,2026-04-30T04:36:50.726872
SPERF-00001509,SUP-0051,9,2023,21,15,0.737,0.929,0.032,5,79.0,2026-04-30T04:36:50.726872
SPERF-00001510,SUP-0051,10,2023,47,34,0.734,0.919,0.0202,45,81.47,2026-04-30T04:36:50.726872
SPERF-00001511,SUP-0051,11,2023,65,49,0.758,0.903,0.0225,11,81.3,2026-04-30T04:36:50.726872
SPERF-00001512,SUP-0051,12,2023,80,70,0.877,0.807,0.0391,33,78.55,2026-04-30T04:36:50.726872
SPERF-00001513,SUP-0051,1,2024,54,53,0.989,0.845,0.0337,4,85.71,2026-04-30T04:36:50.726872
SPERF-00001514,SUP-0051,2,2024,21,19,0.926,0.876,0.0227,56,87.03,2026-04-30T04:36:50.726872
SPERF-00001515,SUP-0051,3,2024,16,13,0.861,0.863,0.0181,21,85.12,2026-04-30T04:36:50.726872
SPERF-00001516,SUP-0051,4,2024,46,44,0.978,0.938,0.0067,52,95.27,2026-04-30T04:36:50.726872
SPERF-00001517,SUP-0051,5,2024,24,22,0.918,0.914,0.0036,36,92.81,2026-04-30T04:36:50.726872
SPERF-00001518,SUP-0051,6,2024,72,69,0.961,0.827,0.0496,52,79.98,2026-04-30T04:36:50.726872
SPERF-00001519,SUP-0051,7,2024,34,26,0.791,0.836,0.0059,34,84.42,2026-04-30T04:36:50.726872
SPERF-00001520,SUP-0051,8,2024,21,16,0.798,0.898,0.0241,45,82.33,2026-04-30T04:36:50.726872
SPERF-00001521,SUP-0051,9,2024,15,11,0.756,0.889,0.0072,16,84.56,2026-04-30T04:36:50.726872
SPERF-00001522,SUP-0051,10,2024,77,72,0.948,0.8,0.0114,15,88.07,2026-04-30T04:36:50.726872
SPERF-00001523,SUP-0051,11,2024,14,10,0.781,0.828,0.0207,9,80.05,2026-04-30T04:36:50.726872
SPERF-00001524,SUP-0051,12,2024,72,69,0.964,0.858,0.0391,7,83.81,2026-04-30T04:36:50.726872
SPERF-00001525,SUP-0051,1,2025,28,24,0.882,0.978,0.0251,40,88.23,2026-04-30T04:36:50.726872
SPERF-00001526,SUP-0051,2,2025,66,55,0.837,0.824,0.0382,60,77.77,2026-04-30T04:36:50.726872
SPERF-00001527,SUP-0051,3,2025,56,52,0.944,0.923,0.0259,35,88.59,2026-04-30T04:36:50.726872
SPERF-00001528,SUP-0051,4,2025,52,43,0.829,0.968,0.0143,24,88.46,2026-04-30T04:36:50.726872
SPERF-00001529,SUP-0051,5,2025,57,50,0.89,0.988,0.0021,46,94.66,2026-04-30T04:36:50.726872
SPERF-00001530,SUP-0051,6,2025,10,8,0.831,0.808,0.0206,58,81.37,2026-04-30T04:36:50.726872
SPERF-00001531,SUP-0052,1,2023,5,4,0.865,0.942,0.0195,59,87.69,2026-04-30T04:36:50.726872
SPERF-00001532,SUP-0052,2,2023,33,23,0.721,0.954,0.0014,49,86.88,2026-04-30T04:36:50.726872
SPERF-00001533,SUP-0052,3,2023,19,18,0.958,0.908,0.0067,26,93.42,2026-04-30T04:36:50.726872
SPERF-00001534,SUP-0052,4,2023,69,60,0.873,0.957,0.0177,22,88.99,2026-04-30T04:36:50.726872
SPERF-00001535,SUP-0052,5,2023,42,40,0.966,0.899,0.0394,45,85.26,2026-04-30T04:36:50.726872
SPERF-00001536,SUP-0052,6,2023,62,58,0.946,0.963,0.0027,36,95.87,2026-04-30T04:36:50.726872
SPERF-00001537,SUP-0052,7,2023,15,11,0.751,0.913,0.0438,32,76.05,2026-04-30T04:36:50.726872
SPERF-00001538,SUP-0052,8,2023,27,21,0.804,0.957,0.0271,17,83.88,2026-04-30T04:36:50.726872
SPERF-00001539,SUP-0052,9,2023,10,7,0.754,0.907,0.0055,59,85.53,2026-04-30T04:36:50.726872
SPERF-00001540,SUP-0052,10,2023,40,33,0.834,0.952,0.0311,42,83.91,2026-04-30T04:36:50.726872
SPERF-00001541,SUP-0052,11,2023,32,27,0.847,0.81,0.0012,6,86.93,2026-04-30T04:36:50.726872
SPERF-00001542,SUP-0052,12,2023,70,61,0.878,0.918,0.0499,28,79.78,2026-04-30T04:36:50.726872
SPERF-00001543,SUP-0052,1,2024,15,12,0.84,0.902,0.0451,8,78.89,2026-04-30T04:36:50.726872
SPERF-00001544,SUP-0052,2,2024,48,34,0.713,0.908,0.0462,40,73.75,2026-04-30T04:36:50.726872
SPERF-00001545,SUP-0052,3,2024,43,33,0.774,0.968,0.0429,37,79.12,2026-04-30T04:36:50.726872
SPERF-00001546,SUP-0052,4,2024,34,30,0.909,0.926,0.042,53,83.27,2026-04-30T04:36:50.726872
SPERF-00001547,SUP-0052,5,2024,20,16,0.811,0.893,0.042,47,78.2,2026-04-30T04:36:50.726872
SPERF-00001548,SUP-0052,6,2024,10,7,0.735,0.803,0.0185,58,77.88,2026-04-30T04:36:50.726872
SPERF-00001549,SUP-0052,7,2024,64,47,0.749,0.898,0.0184,42,81.79,2026-04-30T04:36:50.726872
SPERF-00001550,SUP-0052,8,2024,24,21,0.876,0.978,0.0043,45,93.19,2026-04-30T04:36:50.726872
SPERF-00001551,SUP-0052,9,2024,56,51,0.913,0.804,0.0378,12,80.21,2026-04-30T04:36:50.726872
SPERF-00001552,SUP-0052,10,2024,27,25,0.947,0.83,0.0033,38,91.1,2026-04-30T04:36:50.726872
SPERF-00001553,SUP-0052,11,2024,29,21,0.748,0.855,0.0465,16,73.22,2026-04-30T04:36:50.726872
SPERF-00001554,SUP-0052,12,2024,58,43,0.751,0.987,0.0158,53,85.64,2026-04-30T04:36:50.726872
SPERF-00001555,SUP-0052,1,2025,7,5,0.803,0.984,0.0296,59,84.16,2026-04-30T04:36:50.726872
SPERF-00001556,SUP-0052,2,2025,6,4,0.725,0.943,0.037,18,77.75,2026-04-30T04:36:50.726872
SPERF-00001557,SUP-0052,3,2025,34,31,0.939,0.905,0.0096,32,91.84,2026-04-30T04:36:50.726872
SPERF-00001558,SUP-0052,4,2025,43,31,0.737,0.899,0.0103,31,83.37,2026-04-30T04:36:50.726872
SPERF-00001559,SUP-0052,5,2025,44,35,0.807,0.93,0.048,47,77.83,2026-04-30T04:36:50.726872
SPERF-00001560,SUP-0052,6,2025,72,53,0.747,0.977,0.0173,29,84.75,2026-04-30T04:36:50.726872
SPERF-00001561,SUP-0053,1,2023,19,16,0.884,0.901,0.0221,18,86.37,2026-04-30T04:36:50.726872
SPERF-00001562,SUP-0053,2,2023,36,30,0.855,0.861,0.0221,12,83.81,2026-04-30T04:36:50.726872
SPERF-00001563,SUP-0053,3,2023,25,18,0.722,0.872,0.0241,37,78.38,2026-04-30T04:36:50.726872
SPERF-00001564,SUP-0053,4,2023,43,30,0.701,0.905,0.0486,18,72.56,2026-04-30T04:36:50.726872
SPERF-00001565,SUP-0053,5,2023,5,4,0.868,0.873,0.0268,18,83.58,2026-04-30T04:36:50.726872
SPERF-00001566,SUP-0053,6,2023,27,20,0.742,0.906,0.0154,53,82.54,2026-04-30T04:36:50.726872
SPERF-00001567,SUP-0053,7,2023,34,32,0.946,0.891,0.0334,42,85.68,2026-04-30T04:36:50.726872
SPERF-00001568,SUP-0053,8,2023,16,12,0.756,0.883,0.0332,15,77.84,2026-04-30T04:36:50.726872
SPERF-00001569,SUP-0053,9,2023,12,9,0.771,0.957,0.0244,13,83.23,2026-04-30T04:36:50.726872
SPERF-00001570,SUP-0053,10,2023,30,24,0.812,0.919,0.0207,59,84.47,2026-04-30T04:36:50.726872
SPERF-00001571,SUP-0053,11,2023,38,29,0.775,0.834,0.0372,15,75.89,2026-04-30T04:36:50.726872
SPERF-00001572,SUP-0053,12,2023,23,21,0.955,0.829,0.0045,55,91.09,2026-04-30T04:36:50.726872
SPERF-00001573,SUP-0053,1,2024,15,10,0.703,0.805,0.0294,12,73.94,2026-04-30T04:36:50.726872
SPERF-00001574,SUP-0053,2,2024,14,10,0.767,0.901,0.0173,14,82.89,2026-04-30T04:36:50.726872
SPERF-00001575,SUP-0053,3,2024,78,68,0.883,0.955,0.0145,44,90.12,2026-04-30T04:36:50.726872
SPERF-00001576,SUP-0053,4,2024,36,35,0.986,0.827,0.0429,51,82.66,2026-04-30T04:36:50.726872
SPERF-00001577,SUP-0053,5,2024,23,19,0.843,0.944,0.0407,32,81.58,2026-04-30T04:36:50.726872
SPERF-00001578,SUP-0053,6,2024,21,15,0.742,0.935,0.0285,15,80.28,2026-04-30T04:36:50.726872
SPERF-00001579,SUP-0053,7,2024,26,19,0.749,0.956,0.0344,5,79.82,2026-04-30T04:36:50.726872
SPERF-00001580,SUP-0053,8,2024,8,6,0.849,0.853,0.0244,47,82.72,2026-04-30T04:36:50.726872
SPERF-00001581,SUP-0053,9,2024,21,20,0.962,0.804,0.0046,26,90.47,2026-04-30T04:36:50.726872
SPERF-00001582,SUP-0053,10,2024,42,41,0.987,0.973,0.0399,13,88.56,2026-04-30T04:36:50.726872
SPERF-00001583,SUP-0053,11,2024,56,47,0.852,0.814,0.0041,52,86.54,2026-04-30T04:36:50.726872
SPERF-00001584,SUP-0053,12,2024,13,12,0.939,0.855,0.0148,40,88.78,2026-04-30T04:36:50.726872
SPERF-00001585,SUP-0053,1,2025,16,13,0.86,0.869,0.0166,29,85.66,2026-04-30T04:36:50.726872
SPERF-00001586,SUP-0053,2,2025,61,58,0.955,0.929,0.0327,60,87.54,2026-04-30T04:36:50.726872
SPERF-00001587,SUP-0053,3,2025,10,8,0.867,0.939,0.0206,32,87.39,2026-04-30T04:36:50.726872
SPERF-00001588,SUP-0053,4,2025,22,19,0.908,0.924,0.034,30,85.16,2026-04-30T04:36:50.726872
SPERF-00001589,SUP-0053,5,2025,43,33,0.774,0.917,0.0193,17,83.23,2026-04-30T04:36:50.726872
SPERF-00001590,SUP-0053,6,2025,52,49,0.958,0.977,0.0383,34,87.94,2026-04-30T04:36:50.726872
SPERF-00001591,SUP-0054,1,2023,29,24,0.856,0.896,0.049,39,78.35,2026-04-30T04:36:50.726872
SPERF-00001592,SUP-0054,2,2023,57,45,0.796,0.952,0.0129,26,86.94,2026-04-30T04:36:50.726872
SPERF-00001593,SUP-0054,3,2023,17,16,0.985,0.889,0.0492,20,83.22,2026-04-30T04:36:50.726872
SPERF-00001594,SUP-0054,4,2023,64,50,0.795,0.903,0.0077,23,86.48,2026-04-30T04:36:50.726872
SPERF-00001595,SUP-0054,5,2023,11,9,0.831,0.832,0.0152,31,83.56,2026-04-30T04:36:50.726872
SPERF-00001596,SUP-0054,6,2023,72,61,0.861,0.897,0.0076,33,88.94,2026-04-30T04:36:50.726872
SPERF-00001597,SUP-0054,7,2023,15,14,0.943,0.933,0.0378,36,85.92,2026-04-30T04:36:50.726872
SPERF-00001598,SUP-0054,8,2023,29,28,0.979,0.838,0.028,24,86.49,2026-04-30T04:36:50.726872
SPERF-00001599,SUP-0054,9,2023,22,16,0.731,0.9,0.0422,21,75.19,2026-04-30T04:36:50.726872
SPERF-00001600,SUP-0054,10,2023,35,25,0.724,0.981,0.0021,50,87.77,2026-04-30T04:36:50.726872
SPERF-00001601,SUP-0054,11,2023,27,21,0.799,0.984,0.0367,34,82.23,2026-04-30T04:36:50.726872
SPERF-00001602,SUP-0054,12,2023,60,56,0.939,0.802,0.0453,34,79.3,2026-04-30T04:36:50.726872
SPERF-00001603,SUP-0054,1,2024,8,5,0.749,0.865,0.0293,32,77.91,2026-04-30T04:36:50.726872
SPERF-00001604,SUP-0054,2,2024,32,31,0.978,0.898,0.0426,27,84.9,2026-04-30T04:36:50.726872
SPERF-00001605,SUP-0054,3,2024,66,55,0.841,0.861,0.0035,19,87.9,2026-04-30T04:36:50.726872
SPERF-00001606,SUP-0054,4,2024,58,56,0.966,0.815,0.0183,14,87.59,2026-04-30T04:36:50.726872
SPERF-00001607,SUP-0054,5,2024,45,36,0.803,0.959,0.0283,44,83.61,2026-04-30T04:36:50.726872
SPERF-00001608,SUP-0054,6,2024,32,30,0.942,0.919,0.0048,5,93.64,2026-04-30T04:36:50.726872
SPERF-00001609,SUP-0054,7,2024,39,38,0.982,0.859,0.0498,9,81.89,2026-04-30T04:36:50.726872
SPERF-00001610,SUP-0054,8,2024,70,60,0.867,0.882,0.024,15,84.55,2026-04-30T04:36:50.726872
SPERF-00001611,SUP-0054,9,2024,73,59,0.81,0.852,0.023,54,81.47,2026-04-30T04:36:50.726872
SPERF-00001612,SUP-0054,10,2024,79,73,0.928,0.825,0.0322,51,82.95,2026-04-30T04:36:50.726872
SPERF-00001613,SUP-0054,11,2024,11,10,0.952,0.901,0.0017,19,94.19,2026-04-30T04:36:50.726872
SPERF-00001614,SUP-0054,12,2024,36,26,0.743,0.824,0.0335,17,75.19,2026-04-30T04:36:50.726872
SPERF-00001615,SUP-0054,1,2025,60,54,0.901,0.878,0.0156,6,87.87,2026-04-30T04:36:50.726872
SPERF-00001616,SUP-0054,2,2025,9,7,0.854,0.858,0.0025,50,88.56,2026-04-30T04:36:50.726872
SPERF-00001617,SUP-0054,3,2025,80,73,0.916,0.919,0.0042,30,92.76,2026-04-30T04:36:50.726872
SPERF-00001618,SUP-0054,4,2025,35,25,0.717,0.924,0.0273,31,79.2,2026-04-30T04:36:50.726872
SPERF-00001619,SUP-0054,5,2025,41,40,0.986,0.825,0.0127,24,90.14,2026-04-30T04:36:50.726872
SPERF-00001620,SUP-0054,6,2025,32,28,0.899,0.972,0.0231,54,89.2,2026-04-30T04:36:50.726872
SPERF-00001621,SUP-0055,1,2023,54,43,0.805,0.92,0.0208,57,84.2,2026-04-30T04:36:50.726872
SPERF-00001622,SUP-0055,2,2023,9,7,0.836,0.963,0.0266,54,85.5,2026-04-30T04:36:50.726872
SPERF-00001623,SUP-0055,3,2023,56,43,0.77,0.956,0.0488,24,77.06,2026-04-30T04:36:50.726872
SPERF-00001624,SUP-0055,4,2023,29,24,0.849,0.848,0.0441,48,77.61,2026-04-30T04:36:50.726872
SPERF-00001625,SUP-0055,5,2023,5,4,0.981,0.876,0.0182,25,90.35,2026-04-30T04:36:50.726872
SPERF-00001626,SUP-0055,6,2023,12,11,0.955,0.948,0.0334,16,88.03,2026-04-30T04:36:50.726872
SPERF-00001627,SUP-0055,7,2023,32,22,0.713,0.914,0.0138,56,82.06,2026-04-30T04:36:50.726872
SPERF-00001628,SUP-0055,8,2023,15,11,0.774,0.901,0.0054,33,86.15,2026-04-30T04:36:50.726872
SPERF-00001629,SUP-0055,9,2023,42,32,0.783,0.839,0.0018,17,85.23,2026-04-30T04:36:50.726872
SPERF-00001630,SUP-0055,10,2023,14,11,0.809,0.803,0.0153,3,81.64,2026-04-30T04:36:50.726872
SPERF-00001631,SUP-0055,11,2023,75,64,0.862,0.859,0.0463,17,77.97,2026-04-30T04:36:50.726872
SPERF-00001632,SUP-0055,12,2023,51,35,0.7,0.908,0.041,30,74.53,2026-04-30T04:36:50.726872
SPERF-00001633,SUP-0055,1,2024,67,52,0.779,0.876,0.0033,10,86.0,2026-04-30T04:36:50.726872
SPERF-00001634,SUP-0055,2,2024,20,14,0.739,0.871,0.0044,6,83.94,2026-04-30T04:36:50.726872
SPERF-00001635,SUP-0055,3,2024,80,75,0.948,0.899,0.0092,52,92.09,2026-04-30T04:36:50.726872
SPERF-00001636,SUP-0055,4,2024,19,16,0.849,0.837,0.0419,7,77.78,2026-04-30T04:36:50.726872
SPERF-00001637,SUP-0055,5,2024,53,44,0.834,0.965,0.0319,10,84.16,2026-04-30T04:36:50.726872
SPERF-00001638,SUP-0055,6,2024,18,13,0.754,0.976,0.0289,11,82.09,2026-04-30T04:36:50.726872
SPERF-00001639,SUP-0055,7,2024,32,26,0.839,0.801,0.0449,10,75.37,2026-04-30T04:36:50.726872
SPERF-00001640,SUP-0055,8,2024,23,19,0.833,0.904,0.0047,28,88.79,2026-04-30T04:36:50.726872
SPERF-00001641,SUP-0055,9,2024,55,49,0.896,0.973,0.0048,17,93.7,2026-04-30T04:36:50.726872
SPERF-00001642,SUP-0055,10,2024,16,13,0.824,0.964,0.0237,21,85.78,2026-04-30T04:36:50.726872
SPERF-00001643,SUP-0055,11,2024,29,24,0.851,0.96,0.0205,59,87.52,2026-04-30T04:36:50.726872
SPERF-00001644,SUP-0055,12,2024,8,6,0.792,0.907,0.0031,21,87.65,2026-04-30T04:36:50.726872
SPERF-00001645,SUP-0055,1,2025,77,74,0.966,0.803,0.0285,50,84.62,2026-04-30T04:36:50.726872
SPERF-00001646,SUP-0055,2,2025,24,23,0.98,0.871,0.0061,6,93.16,2026-04-30T04:36:50.726872
SPERF-00001647,SUP-0055,3,2025,32,30,0.956,0.954,0.0175,47,92.25,2026-04-30T04:36:50.726872
SPERF-00001648,SUP-0055,4,2025,46,41,0.906,0.978,0.0041,42,94.44,2026-04-30T04:36:50.726872
SPERF-00001649,SUP-0055,5,2025,66,59,0.895,0.905,0.0159,44,88.5,2026-04-30T04:36:50.726872
SPERF-00001650,SUP-0055,6,2025,6,5,0.842,0.837,0.0039,51,87.0,2026-04-30T04:36:50.726872
SPERF-00001651,SUP-0056,1,2023,72,57,0.801,0.951,0.0255,17,83.95,2026-04-30T04:36:50.726872
SPERF-00001652,SUP-0056,2,2023,35,26,0.748,0.903,0.0497,8,74.1,2026-04-30T04:36:50.726872
SPERF-00001653,SUP-0056,3,2023,57,46,0.824,0.835,0.0096,14,84.78,2026-04-30T04:36:50.726872
SPERF-00001654,SUP-0056,4,2023,73,67,0.931,0.867,0.0421,10,82.06,2026-04-30T04:36:50.726872
SPERF-00001655,SUP-0056,5,2023,32,22,0.702,0.94,0.0024,59,85.38,2026-04-30T04:36:50.726872
SPERF-00001656,SUP-0056,6,2023,55,52,0.963,0.802,0.0069,17,89.87,2026-04-30T04:36:50.726872
SPERF-00001657,SUP-0056,7,2023,6,4,0.805,0.835,0.0412,58,76.12,2026-04-30T04:36:50.726872
SPERF-00001658,SUP-0056,8,2023,55,49,0.893,0.983,0.0061,44,93.6,2026-04-30T04:36:50.726872
SPERF-00001659,SUP-0056,9,2023,69,57,0.828,0.978,0.0041,18,91.32,2026-04-30T04:36:50.726872
SPERF-00001660,SUP-0056,10,2023,63,56,0.891,0.823,0.0285,29,82.32,2026-04-30T04:36:50.726872
SPERF-00001661,SUP-0056,11,2023,36,30,0.836,0.892,0.0155,10,85.78,2026-04-30T04:36:50.726872
SPERF-00001662,SUP-0056,12,2023,46,38,0.837,0.882,0.0467,28,77.67,2026-04-30T04:36:50.726872
SPERF-00001663,SUP-0056,1,2024,59,42,0.724,0.803,0.0299,36,74.59,2026-04-30T04:36:50.726872
SPERF-00001664,SUP-0056,2,2024,57,51,0.911,0.86,0.0408,52,81.34,2026-04-30T04:36:50.726872
SPERF-00001665,SUP-0056,3,2024,80,77,0.966,0.847,0.0366,5,84.13,2026-04-30T04:36:50.726872
SPERF-00001666,SUP-0056,4,2024,48,37,0.775,0.93,0.0285,16,81.43,2026-04-30T04:36:50.726872
SPERF-00001667,SUP-0056,5,2024,56,46,0.836,0.891,0.0499,23,77.15,2026-04-30T04:36:50.726872
SPERF-00001668,SUP-0056,6,2024,79,73,0.927,0.917,0.0056,42,92.77,2026-04-30T04:36:50.726872
SPERF-00001669,SUP-0056,7,2024,54,49,0.911,0.933,0.0136,17,90.69,2026-04-30T04:36:50.726872
SPERF-00001670,SUP-0056,8,2024,67,63,0.955,0.806,0.0122,60,88.36,2026-04-30T04:36:50.726872
SPERF-00001671,SUP-0056,9,2024,19,18,0.969,0.938,0.036,54,87.59,2026-04-30T04:36:50.726872
SPERF-00001672,SUP-0056,10,2024,38,28,0.737,0.93,0.0259,42,80.56,2026-04-30T04:36:50.726872
SPERF-00001673,SUP-0056,11,2024,11,10,0.932,0.957,0.0213,19,90.45,2026-04-30T04:36:50.726872
SPERF-00001674,SUP-0056,12,2024,18,15,0.854,0.878,0.0083,24,87.81,2026-04-30T04:36:50.726872
SPERF-00001675,SUP-0056,1,2025,38,27,0.727,0.811,0.0061,7,80.94,2026-04-30T04:36:50.726872
SPERF-00001676,SUP-0056,2,2025,7,4,0.713,0.971,0.0282,32,80.45,2026-04-30T04:36:50.726872
SPERF-00001677,SUP-0056,3,2025,53,43,0.824,0.928,0.0407,45,80.27,2026-04-30T04:36:50.726872
SPERF-00001678,SUP-0056,4,2025,63,54,0.858,0.937,0.0069,14,90.39,2026-04-30T04:36:50.726872
SPERF-00001679,SUP-0056,5,2025,61,52,0.861,0.941,0.0242,7,86.33,2026-04-30T04:36:50.726872
SPERF-00001680,SUP-0056,6,2025,13,11,0.85,0.878,0.0289,6,82.51,2026-04-30T04:36:50.726872
SPERF-00001681,SUP-0057,1,2023,37,28,0.771,0.94,0.0191,5,83.96,2026-04-30T04:36:50.726872
SPERF-00001682,SUP-0057,2,2023,6,5,0.942,0.928,0.0076,44,93.26,2026-04-30T04:36:50.726872
SPERF-00001683,SUP-0057,3,2023,54,40,0.745,0.933,0.0147,20,83.78,2026-04-30T04:36:50.726872
SPERF-00001684,SUP-0057,4,2023,66,47,0.718,0.844,0.0412,57,72.96,2026-04-30T04:36:50.726872
SPERF-00001685,SUP-0057,5,2023,77,70,0.919,0.882,0.0234,51,86.78,2026-04-30T04:36:50.726872
SPERF-00001686,SUP-0057,6,2023,30,26,0.893,0.936,0.0175,49,89.11,2026-04-30T04:36:50.726872
SPERF-00001687,SUP-0057,7,2023,16,11,0.724,0.905,0.0052,29,84.34,2026-04-30T04:36:50.726872
SPERF-00001688,SUP-0057,8,2023,70,53,0.762,0.967,0.0039,43,88.35,2026-04-30T04:36:50.726872
SPERF-00001689,SUP-0057,9,2023,65,54,0.84,0.833,0.017,27,83.5,2026-04-30T04:36:50.726872
SPERF-00001690,SUP-0057,10,2023,54,50,0.93,0.86,0.026,28,85.8,2026-04-30T04:36:50.726872
SPERF-00001691,SUP-0057,11,2023,64,58,0.918,0.885,0.0291,6,85.42,2026-04-30T04:36:50.726872
SPERF-00001692,SUP-0057,12,2023,8,5,0.703,0.915,0.0413,33,74.82,2026-04-30T04:36:50.726872
SPERF-00001693,SUP-0057,1,2024,75,68,0.915,0.851,0.0022,47,90.84,2026-04-30T04:36:50.726872
SPERF-00001694,SUP-0057,2,2024,58,57,0.986,0.855,0.0012,46,94.06,2026-04-30T04:36:50.726872
SPERF-00001695,SUP-0057,3,2024,14,11,0.8,0.975,0.0269,22,84.4,2026-04-30T04:36:50.726872
SPERF-00001696,SUP-0057,4,2024,23,17,0.755,0.863,0.0252,15,79.11,2026-04-30T04:36:50.726872
SPERF-00001697,SUP-0057,5,2024,38,33,0.869,0.97,0.0374,45,84.36,2026-04-30T04:36:50.726872
SPERF-00001698,SUP-0057,6,2024,24,17,0.744,0.84,0.0392,32,74.36,2026-04-30T04:36:50.726872
SPERF-00001699,SUP-0057,7,2024,74,58,0.784,0.933,0.0493,8,76.69,2026-04-30T04:36:50.726872
SPERF-00001700,SUP-0057,8,2024,17,12,0.751,0.952,0.0469,58,76.64,2026-04-30T04:36:50.726872
SPERF-00001701,SUP-0057,9,2024,50,46,0.927,0.92,0.0467,39,82.61,2026-04-30T04:36:50.726872
SPERF-00001702,SUP-0057,10,2024,73,62,0.851,0.897,0.0287,3,83.26,2026-04-30T04:36:50.726872
SPERF-00001703,SUP-0057,11,2024,58,44,0.76,0.88,0.0326,18,78.05,2026-04-30T04:36:50.726872
SPERF-00001704,SUP-0057,12,2024,28,23,0.832,0.924,0.0103,48,88.05,2026-04-30T04:36:50.726872
SPERF-00001705,SUP-0057,1,2025,66,64,0.973,0.907,0.03,53,88.17,2026-04-30T04:36:50.726872
SPERF-00001706,SUP-0057,2,2025,40,34,0.871,0.816,0.0068,54,86.7,2026-04-30T04:36:50.726872
SPERF-00001707,SUP-0057,3,2025,50,47,0.953,0.837,0.0452,46,81.11,2026-04-30T04:36:50.726872
SPERF-00001708,SUP-0057,4,2025,45,43,0.976,0.908,0.0445,24,84.69,2026-04-30T04:36:50.726872
SPERF-00001709,SUP-0057,5,2025,12,8,0.719,0.949,0.0064,5,85.38,2026-04-30T04:36:50.726872
SPERF-00001710,SUP-0057,6,2025,63,45,0.726,0.951,0.0301,15,79.8,2026-04-30T04:36:50.726872
SPERF-00001711,SUP-0058,1,2023,22,17,0.813,0.845,0.0376,26,77.69,2026-04-30T04:36:50.726872
SPERF-00001712,SUP-0058,2,2023,70,65,0.936,0.942,0.0221,26,89.88,2026-04-30T04:36:50.726872
SPERF-00001713,SUP-0058,3,2023,54,43,0.81,0.828,0.0101,12,83.86,2026-04-30T04:36:50.726872
SPERF-00001714,SUP-0058,4,2023,9,7,0.879,0.907,0.025,15,85.66,2026-04-30T04:36:50.726872
SPERF-00001715,SUP-0058,5,2023,14,12,0.901,0.989,0.0267,59,88.98,2026-04-30T04:36:50.726872
SPERF-00001716,SUP-0058,6,2023,57,53,0.945,0.831,0.0243,21,85.81,2026-04-30T04:36:50.726872
SPERF-00001717,SUP-0058,7,2023,76,75,0.988,0.863,0.0325,42,86.6,2026-04-30T04:36:50.726872
SPERF-00001718,SUP-0058,8,2023,77,58,0.764,0.972,0.0237,42,83.66,2026-04-30T04:36:50.726872
SPERF-00001719,SUP-0058,9,2023,33,23,0.712,0.805,0.005,54,80.41,2026-04-30T04:36:50.726872
SPERF-00001720,SUP-0058,10,2023,8,6,0.848,0.968,0.0175,5,88.42,2026-04-30T04:36:50.726872
SPERF-00001721,SUP-0058,11,2023,21,20,0.965,0.815,0.0306,45,84.47,2026-04-30T04:36:50.726872
SPERF-00001722,SUP-0058,12,2023,22,16,0.741,0.941,0.0179,16,83.1,2026-04-30T04:36:50.726872
SPERF-00001723,SUP-0058,1,2024,62,50,0.819,0.881,0.012,26,85.59,2026-04-30T04:36:50.726872
SPERF-00001724,SUP-0058,2,2024,16,13,0.839,0.838,0.0203,41,82.81,2026-04-30T04:36:50.726872
SPERF-00001725,SUP-0058,3,2024,27,21,0.807,0.803,0.0352,33,76.59,2026-04-30T04:36:50.726872
SPERF-00001726,SUP-0058,4,2024,41,38,0.946,0.831,0.0469,58,80.2,2026-04-30T04:36:50.726872
SPERF-00001727,SUP-0058,5,2024,42,30,0.719,0.852,0.0155,39,79.7,2026-04-30T04:36:50.726872
SPERF-00001728,SUP-0058,6,2024,43,32,0.757,0.933,0.0053,38,86.61,2026-04-30T04:36:50.726872
SPERF-00001729,SUP-0058,7,2024,51,47,0.933,0.913,0.0334,50,85.93,2026-04-30T04:36:50.726872
SPERF-00001730,SUP-0058,8,2024,12,9,0.812,0.81,0.0392,57,76.03,2026-04-30T04:36:50.726872
SPERF-00001731,SUP-0058,9,2024,29,23,0.799,0.871,0.0463,4,75.87,2026-04-30T04:36:50.726872
SPERF-00001732,SUP-0058,10,2024,59,48,0.83,0.881,0.0451,39,77.76,2026-04-30T04:36:50.726872
SPERF-00001733,SUP-0058,11,2024,64,45,0.71,0.896,0.0454,11,73.41,2026-04-30T04:36:50.726872
SPERF-00001734,SUP-0058,12,2024,43,38,0.903,0.811,0.011,37,86.76,2026-04-30T04:36:50.726872
SPERF-00001735,SUP-0058,1,2025,31,29,0.942,0.981,0.0415,53,86.64,2026-04-30T04:36:50.726872
SPERF-00001736,SUP-0058,2,2025,20,16,0.807,0.807,0.0229,49,79.8,2026-04-30T04:36:50.726872
SPERF-00001737,SUP-0058,3,2025,44,37,0.857,0.833,0.0171,34,84.16,2026-04-30T04:36:50.726872
SPERF-00001738,SUP-0058,4,2025,41,36,0.881,0.861,0.0276,44,83.47,2026-04-30T04:36:50.726872
SPERF-00001739,SUP-0058,5,2025,70,63,0.903,0.901,0.0167,50,88.48,2026-04-30T04:36:50.726872
SPERF-00001740,SUP-0058,6,2025,50,49,0.987,0.891,0.0295,9,88.29,2026-04-30T04:36:50.726872
SPERF-00001741,SUP-0059,1,2023,19,17,0.936,0.919,0.006,39,93.11,2026-04-30T04:36:50.726872
SPERF-00001742,SUP-0059,2,2023,55,42,0.777,0.967,0.0034,13,89.07,2026-04-30T04:36:50.726872
SPERF-00001743,SUP-0059,3,2023,78,75,0.974,0.947,0.0401,36,87.08,2026-04-30T04:36:50.726872
SPERF-00001744,SUP-0059,4,2023,22,21,0.97,0.928,0.0337,54,87.86,2026-04-30T04:36:50.726872
SPERF-00001745,SUP-0059,5,2023,69,63,0.92,0.973,0.0302,25,88.31,2026-04-30T04:36:50.726872
SPERF-00001746,SUP-0059,6,2023,77,61,0.799,0.936,0.0135,24,86.34,2026-04-30T04:36:50.726872
SPERF-00001747,SUP-0059,7,2023,67,58,0.876,0.891,0.0249,19,85.0,2026-04-30T04:36:50.726872
SPERF-00001748,SUP-0059,8,2023,29,26,0.926,0.815,0.0344,14,81.97,2026-04-30T04:36:50.726872
SPERF-00001749,SUP-0059,9,2023,58,45,0.787,0.893,0.0309,60,80.01,2026-04-30T04:36:50.726872
SPERF-00001750,SUP-0059,10,2023,77,55,0.715,0.838,0.0115,56,80.05,2026-04-30T04:36:50.726872
SPERF-00001751,SUP-0059,11,2023,14,10,0.717,0.903,0.0213,20,79.96,2026-04-30T04:36:50.726872
SPERF-00001752,SUP-0059,12,2023,59,51,0.879,0.841,0.0483,35,77.52,2026-04-30T04:36:50.726872
SPERF-00001753,SUP-0059,1,2024,23,19,0.844,0.818,0.0105,33,84.77,2026-04-30T04:36:50.726872
SPERF-00001754,SUP-0059,2,2024,80,76,0.954,0.913,0.0314,44,87.27,2026-04-30T04:36:50.726872
SPERF-00001755,SUP-0059,3,2024,76,57,0.751,0.892,0.0474,49,74.41,2026-04-30T04:36:50.726872
SPERF-00001756,SUP-0059,4,2024,24,16,0.706,0.96,0.0437,58,75.92,2026-04-30T04:36:50.726872
SPERF-00001757,SUP-0059,5,2024,27,24,0.902,0.948,0.0104,41,91.66,2026-04-30T04:36:50.726872
SPERF-00001758,SUP-0059,6,2024,15,13,0.869,0.812,0.0368,47,78.98,2026-04-30T04:36:50.726872
SPERF-00001759,SUP-0059,7,2024,68,56,0.831,0.961,0.0319,19,83.9,2026-04-30T04:36:50.726872
SPERF-00001760,SUP-0059,8,2024,66,55,0.835,0.867,0.0252,3,82.44,2026-04-30T04:36:50.726872
SPERF-00001761,SUP-0059,9,2024,74,52,0.709,0.838,0.0353,37,73.86,2026-04-30T04:36:50.726872
SPERF-00001762,SUP-0059,10,2024,79,62,0.794,0.801,0.0407,34,74.62,2026-04-30T04:36:50.726872
SPERF-00001763,SUP-0059,11,2024,77,66,0.864,0.913,0.0481,38,79.49,2026-04-30T04:36:50.726872
SPERF-00001764,SUP-0059,12,2024,51,44,0.876,0.979,0.0269,39,87.58,2026-04-30T04:36:50.726872
SPERF-00001765,SUP-0059,1,2025,39,34,0.89,0.978,0.0329,7,86.61,2026-04-30T04:36:50.726872
SPERF-00001766,SUP-0059,2,2025,31,25,0.827,0.844,0.0164,11,83.52,2026-04-30T04:36:50.726872
SPERF-00001767,SUP-0059,3,2025,61,45,0.742,0.804,0.0388,58,73.12,2026-04-30T04:36:50.726872
SPERF-00001768,SUP-0059,4,2025,38,32,0.847,0.929,0.024,16,85.39,2026-04-30T04:36:50.726872
SPERF-00001769,SUP-0059,5,2025,26,24,0.959,0.96,0.0469,52,85.24,2026-04-30T04:36:50.726872
SPERF-00001770,SUP-0059,6,2025,58,45,0.782,0.949,0.0225,30,83.87,2026-04-30T04:36:50.726872
SPERF-00001771,SUP-0060,1,2023,65,61,0.951,0.967,0.0174,51,92.53,2026-04-30T04:36:50.726872
SPERF-00001772,SUP-0060,2,2023,45,44,0.978,0.924,0.0257,11,90.04,2026-04-30T04:36:50.726872
SPERF-00001773,SUP-0060,3,2023,32,23,0.728,0.909,0.0195,51,81.06,2026-04-30T04:36:50.726872
SPERF-00001774,SUP-0060,4,2023,5,4,0.939,0.965,0.0123,41,93.26,2026-04-30T04:36:50.726872
SPERF-00001775,SUP-0060,5,2023,70,56,0.8,0.894,0.0081,42,86.27,2026-04-30T04:36:50.726872
SPERF-00001776,SUP-0060,6,2023,20,14,0.737,0.985,0.0331,10,80.68,2026-04-30T04:36:50.726872
SPERF-00001777,SUP-0060,7,2023,58,46,0.798,0.837,0.0049,51,84.99,2026-04-30T04:36:50.726872
SPERF-00001778,SUP-0060,8,2023,32,30,0.946,0.865,0.0041,28,92.09,2026-04-30T04:36:50.726872
SPERF-00001779,SUP-0060,9,2023,80,59,0.746,0.914,0.025,32,80.58,2026-04-30T04:36:50.726872
SPERF-00001780,SUP-0060,10,2023,53,43,0.817,0.901,0.0282,55,82.17,2026-04-30T04:36:50.726872
SPERF-00001781,SUP-0060,11,2023,20,18,0.949,0.829,0.0443,59,80.9,2026-04-30T04:36:50.726872
SPERF-00001782,SUP-0060,12,2023,28,23,0.853,0.902,0.0182,36,86.14,2026-04-30T04:36:50.726872
SPERF-00001783,SUP-0060,1,2024,6,4,0.795,0.958,0.0343,3,81.75,2026-04-30T04:36:50.726872
SPERF-00001784,SUP-0060,2,2024,51,41,0.812,0.955,0.0278,29,83.95,2026-04-30T04:36:50.726872
SPERF-00001785,SUP-0060,3,2024,71,65,0.917,0.825,0.0191,40,85.78,2026-04-30T04:36:50.726872
SPERF-00001786,SUP-0060,4,2024,28,21,0.763,0.868,0.0408,10,75.7,2026-04-30T04:36:50.726872
SPERF-00001787,SUP-0060,5,2024,50,43,0.876,0.868,0.0249,57,84.19,2026-04-30T04:36:50.726872
SPERF-00001788,SUP-0060,6,2024,8,6,0.763,0.83,0.0141,16,81.04,2026-04-30T04:36:50.726872
SPERF-00001789,SUP-0060,7,2024,30,24,0.8,0.89,0.0287,43,80.98,2026-04-30T04:36:50.726872
SPERF-00001790,SUP-0060,8,2024,39,30,0.782,0.824,0.0155,43,81.25,2026-04-30T04:36:50.726872
SPERF-00001791,SUP-0060,9,2024,37,34,0.93,0.951,0.0212,34,90.19,2026-04-30T04:36:50.726872
SPERF-00001792,SUP-0060,10,2024,54,52,0.981,0.945,0.0303,56,89.74,2026-04-30T04:36:50.726872
SPERF-00001793,SUP-0060,11,2024,56,47,0.852,0.965,0.0289,59,85.63,2026-04-30T04:36:50.726872
SPERF-00001794,SUP-0060,12,2024,53,46,0.877,0.948,0.0263,21,86.68,2026-04-30T04:36:50.726872
SPERF-00001795,SUP-0060,1,2025,17,14,0.867,0.982,0.0027,16,93.38,2026-04-30T04:36:50.726872
SPERF-00001796,SUP-0060,2,2025,68,52,0.77,0.859,0.0185,26,81.24,2026-04-30T04:36:50.726872
SPERF-00001797,SUP-0060,3,2025,12,9,0.81,0.908,0.0275,27,82.31,2026-04-30T04:36:50.726872
SPERF-00001798,SUP-0060,4,2025,58,50,0.867,0.948,0.0444,5,81.76,2026-04-30T04:36:50.726872
SPERF-00001799,SUP-0060,5,2025,72,59,0.826,0.901,0.0031,38,88.8,2026-04-30T04:36:50.726872
SPERF-00001800,SUP-0060,6,2025,41,29,0.726,0.887,0.0416,43,74.69,2026-04-30T04:36:50.726872
SPERF-00001801,SUP-0061,1,2023,41,29,0.729,0.918,0.0301,34,78.77,2026-04-30T04:36:50.726872
SPERF-00001802,SUP-0061,2,2023,72,65,0.916,0.937,0.0266,54,87.78,2026-04-30T04:36:50.726872
SPERF-00001803,SUP-0061,3,2023,18,16,0.943,0.961,0.0238,41,90.4,2026-04-30T04:36:50.726872
SPERF-00001804,SUP-0061,4,2023,22,15,0.702,0.877,0.0305,56,76.15,2026-04-30T04:36:50.726872
SPERF-00001805,SUP-0061,5,2023,39,31,0.802,0.962,0.0205,17,85.62,2026-04-30T04:36:50.726872
SPERF-00001806,SUP-0061,6,2023,68,47,0.703,0.848,0.0444,37,71.7,2026-04-30T04:36:50.726872
SPERF-00001807,SUP-0061,7,2023,35,27,0.775,0.86,0.0111,58,83.32,2026-04-30T04:36:50.726872
SPERF-00001808,SUP-0061,8,2023,7,5,0.823,0.907,0.0468,12,77.97,2026-04-30T04:36:50.726872
SPERF-00001809,SUP-0061,9,2023,37,28,0.772,0.835,0.0066,36,83.45,2026-04-30T04:36:50.726872
SPERF-00001810,SUP-0061,10,2023,70,52,0.753,0.983,0.0105,41,86.9,2026-04-30T04:36:50.726872
SPERF-00001811,SUP-0061,11,2023,28,23,0.824,0.968,0.0487,54,79.67,2026-04-30T04:36:50.726872
SPERF-00001812,SUP-0061,12,2023,51,41,0.82,0.921,0.045,12,78.78,2026-04-30T04:36:50.726872
SPERF-00001813,SUP-0061,1,2024,38,29,0.783,0.889,0.0379,59,77.96,2026-04-30T04:36:50.726872
SPERF-00001814,SUP-0061,2,2024,69,64,0.935,0.861,0.0476,46,80.63,2026-04-30T04:36:50.726872
SPERF-00001815,SUP-0061,3,2024,62,48,0.79,0.861,0.0182,7,82.19,2026-04-30T04:36:50.726872
SPERF-00001816,SUP-0061,4,2024,42,40,0.973,0.852,0.0389,18,84.02,2026-04-30T04:36:50.726872
SPERF-00001817,SUP-0061,5,2024,80,66,0.837,0.908,0.0254,18,83.91,2026-04-30T04:36:50.726872
SPERF-00001818,SUP-0061,6,2024,44,33,0.768,0.85,0.0294,20,78.12,2026-04-30T04:36:50.726872
SPERF-00001819,SUP-0061,7,2024,56,40,0.718,0.842,0.0186,5,78.54,2026-04-30T04:36:50.726872
SPERF-00001820,SUP-0061,8,2024,45,42,0.938,0.869,0.0489,58,80.71,2026-04-30T04:36:50.726872
SPERF-00001821,SUP-0061,9,2024,31,24,0.8,0.915,0.0152,55,85.23,2026-04-30T04:36:50.726872
SPERF-00001822,SUP-0061,10,2024,64,47,0.737,0.963,0.0199,32,83.21,2026-04-30T04:36:50.726872
SPERF-00001823,SUP-0061,11,2024,30,26,0.875,0.937,0.0155,43,88.92,2026-04-30T04:36:50.726872
SPERF-00001824,SUP-0061,12,2024,48,47,0.984,0.802,0.0337,31,84.01,2026-04-30T04:36:50.726872
SPERF-00001825,SUP-0061,1,2025,79,73,0.926,0.886,0.0268,14,86.35,2026-04-30T04:36:50.726872
SPERF-00001826,SUP-0061,2,2025,58,50,0.869,0.847,0.0413,9,79.08,2026-04-30T04:36:50.726872
SPERF-00001827,SUP-0061,3,2025,32,22,0.707,0.971,0.0123,13,84.19,2026-04-30T04:36:50.726872
SPERF-00001828,SUP-0061,4,2025,70,67,0.963,0.824,0.0139,52,88.88,2026-04-30T04:36:50.726872
SPERF-00001829,SUP-0061,5,2025,6,4,0.716,0.872,0.0348,43,75.46,2026-04-30T04:36:50.726872
SPERF-00001830,SUP-0061,6,2025,77,66,0.865,0.979,0.0175,21,89.49,2026-04-30T04:36:50.726872
SPERF-00001831,SUP-0062,1,2023,12,10,0.85,0.905,0.0256,28,84.28,2026-04-30T04:36:50.726872
SPERF-00001832,SUP-0062,2,2023,62,44,0.717,0.88,0.0423,11,73.91,2026-04-30T04:36:50.726872
SPERF-00001833,SUP-0062,3,2023,72,65,0.911,0.952,0.0417,43,84.33,2026-04-30T04:36:50.726872
SPERF-00001834,SUP-0062,4,2023,46,34,0.751,0.964,0.0242,36,82.73,2026-04-30T04:36:50.726872
SPERF-00001835,SUP-0062,5,2023,26,19,0.761,0.896,0.0088,18,84.6,2026-04-30T04:36:50.726872
SPERF-00001836,SUP-0062,6,2023,79,68,0.869,0.808,0.0256,60,81.64,2026-04-30T04:36:50.726872
SPERF-00001837,SUP-0062,7,2023,49,41,0.844,0.897,0.045,16,78.91,2026-04-30T04:36:50.726872
SPERF-00001838,SUP-0062,8,2023,47,46,0.99,0.963,0.0113,14,95.48,2026-04-30T04:36:50.726872
SPERF-00001839,SUP-0062,9,2023,42,38,0.924,0.961,0.0148,43,91.89,2026-04-30T04:36:50.726872
SPERF-00001840,SUP-0062,10,2023,15,13,0.931,0.958,0.042,49,85.27,2026-04-30T04:36:50.726872
SPERF-00001841,SUP-0062,11,2023,34,33,0.976,0.833,0.0314,21,85.34,2026-04-30T04:36:50.726872
SPERF-00001842,SUP-0062,12,2023,27,20,0.772,0.921,0.0247,40,81.94,2026-04-30T04:36:50.726872
SPERF-00001843,SUP-0062,1,2024,8,5,0.726,0.978,0.041,27,78.02,2026-04-30T04:36:50.726872
SPERF-00001844,SUP-0062,2,2024,19,17,0.908,0.977,0.0104,23,92.92,2026-04-30T04:36:50.726872
SPERF-00001845,SUP-0062,3,2024,33,30,0.916,0.943,0.0383,10,85.07,2026-04-30T04:36:50.726872
SPERF-00001846,SUP-0062,4,2024,70,63,0.913,0.92,0.0138,8,90.27,2026-04-30T04:36:50.726872
SPERF-00001847,SUP-0062,5,2024,72,69,0.966,0.826,0.0375,10,83.17,2026-04-30T04:36:50.726872
SPERF-00001848,SUP-0062,6,2024,50,49,0.983,0.873,0.0469,50,83.15,2026-04-30T04:36:50.726872
SPERF-00001849,SUP-0062,7,2024,6,4,0.716,0.907,0.0168,3,81.19,2026-04-30T04:36:50.726872
SPERF-00001850,SUP-0062,8,2024,29,27,0.938,0.946,0.0132,35,92.33,2026-04-30T04:36:50.726872
SPERF-00001851,SUP-0062,9,2024,69,67,0.972,0.889,0.0336,29,86.59,2026-04-30T04:36:50.726872
SPERF-00001852,SUP-0062,10,2024,69,65,0.948,0.957,0.0048,50,95.21,2026-04-30T04:36:50.726872
SPERF-00001853,SUP-0062,11,2024,51,46,0.906,0.889,0.022,14,86.86,2026-04-30T04:36:50.726872
SPERF-00001854,SUP-0062,12,2024,61,56,0.924,0.975,0.0094,3,93.74,2026-04-30T04:36:50.726872
SPERF-00001855,SUP-0062,1,2025,71,67,0.945,0.982,0.0321,50,89.14,2026-04-30T04:36:50.726872
SPERF-00001856,SUP-0062,2,2025,33,25,0.781,0.856,0.009,18,83.95,2026-04-30T04:36:50.726872
SPERF-00001857,SUP-0062,3,2025,29,21,0.731,0.802,0.0016,59,81.91,2026-04-30T04:36:50.726872
SPERF-00001858,SUP-0062,4,2025,47,41,0.883,0.937,0.0397,57,83.19,2026-04-30T04:36:50.726872
SPERF-00001859,SUP-0062,5,2025,72,55,0.774,0.9,0.0322,22,79.41,2026-04-30T04:36:50.726872
SPERF-00001860,SUP-0062,6,2025,34,24,0.726,0.95,0.0365,58,78.16,2026-04-30T04:36:50.726872
SPERF-00001861,SUP-0063,1,2023,63,51,0.82,0.815,0.0289,13,79.1,2026-04-30T04:36:50.726872
SPERF-00001862,SUP-0063,2,2023,8,7,0.97,0.853,0.0308,36,85.95,2026-04-30T04:36:50.726872
SPERF-00001863,SUP-0063,3,2023,61,53,0.876,0.81,0.0115,6,85.52,2026-04-30T04:36:50.726872
SPERF-00001864,SUP-0063,4,2023,23,19,0.866,0.939,0.0364,23,83.41,2026-04-30T04:36:50.726872
SPERF-00001865,SUP-0063,5,2023,25,24,0.97,0.849,0.0466,21,81.87,2026-04-30T04:36:50.726872
SPERF-00001866,SUP-0063,6,2023,66,52,0.803,0.855,0.0172,5,82.75,2026-04-30T04:36:50.726872
SPERF-00001867,SUP-0063,7,2023,27,24,0.904,0.895,0.0128,3,89.28,2026-04-30T04:36:50.726872
SPERF-00001868,SUP-0063,8,2023,62,46,0.745,0.969,0.0067,54,87.04,2026-04-30T04:36:50.726872
SPERF-00001869,SUP-0063,9,2023,71,53,0.759,0.878,0.0413,20,75.77,2026-04-30T04:36:50.726872
SPERF-00001870,SUP-0063,10,2023,72,67,0.943,0.867,0.0196,42,88.16,2026-04-30T04:36:50.726872
SPERF-00001871,SUP-0063,11,2023,52,43,0.843,0.959,0.0128,23,89.08,2026-04-30T04:36:50.726872
SPERF-00001872,SUP-0063,12,2023,57,40,0.705,0.916,0.0246,34,79.11,2026-04-30T04:36:50.726872
SPERF-00001873,SUP-0063,1,2024,65,55,0.85,0.879,0.003,8,89.02,2026-04-30T04:36:50.726872
SPERF-00001874,SUP-0063,2,2024,32,28,0.882,0.893,0.0466,3,79.88,2026-04-30T04:36:50.726872
SPERF-00001875,SUP-0063,3,2024,7,5,0.769,0.951,0.0058,24,87.59,2026-04-30T04:36:50.726872
SPERF-00001876,SUP-0063,4,2024,49,41,0.839,0.806,0.0208,53,81.57,2026-04-30T04:36:50.726872
SPERF-00001877,SUP-0063,5,2024,72,68,0.951,0.806,0.0099,26,88.78,2026-04-30T04:36:50.726872
SPERF-00001878,SUP-0063,6,2024,6,5,0.903,0.802,0.0207,8,84.02,2026-04-30T04:36:50.726872
SPERF-00001879,SUP-0063,7,2024,37,36,0.978,0.935,0.0192,6,92.05,2026-04-30T04:36:50.726872
SPERF-00001880,SUP-0063,8,2024,42,37,0.881,0.827,0.038,33,79.69,2026-04-30T04:36:50.726872
SPERF-00001881,SUP-0063,9,2024,32,23,0.749,0.81,0.0465,32,71.69,2026-04-30T04:36:50.726872
SPERF-00001882,SUP-0063,10,2024,59,49,0.836,0.925,0.0196,23,85.91,2026-04-30T04:36:50.726872
SPERF-00001883,SUP-0063,11,2024,63,57,0.916,0.836,0.0189,55,86.18,2026-04-30T04:36:50.726872
SPERF-00001884,SUP-0063,12,2024,31,22,0.733,0.804,0.0318,19,74.51,2026-04-30T04:36:50.726872
SPERF-00001885,SUP-0063,1,2025,33,25,0.758,0.977,0.0495,60,77.14,2026-04-30T04:36:50.726872
SPERF-00001886,SUP-0063,2,2025,61,53,0.879,0.881,0.0429,51,80.27,2026-04-30T04:36:50.726872
SPERF-00001887,SUP-0063,3,2025,29,26,0.906,0.904,0.0439,49,81.91,2026-04-30T04:36:50.726872
SPERF-00001888,SUP-0063,4,2025,14,12,0.873,0.891,0.0396,35,81.2,2026-04-30T04:36:50.726872
SPERF-00001889,SUP-0063,5,2025,24,19,0.804,0.878,0.0476,53,75.99,2026-04-30T04:36:50.726872
SPERF-00001890,SUP-0063,6,2025,46,32,0.715,0.966,0.0183,58,82.83,2026-04-30T04:36:50.726872
SPERF-00001891,SUP-0064,1,2023,72,51,0.709,0.879,0.0061,10,82.6,2026-04-30T04:36:50.726872
SPERF-00001892,SUP-0064,2,2023,43,33,0.783,0.858,0.0188,47,81.65,2026-04-30T04:36:50.726872
SPERF-00001893,SUP-0064,3,2023,70,50,0.725,0.923,0.0384,16,76.7,2026-04-30T04:36:50.726872
SPERF-00001894,SUP-0064,4,2023,32,25,0.802,0.834,0.0308,35,78.57,2026-04-30T04:36:50.726872
SPERF-00001895,SUP-0064,5,2023,66,55,0.838,0.957,0.0239,6,86.04,2026-04-30T04:36:50.726872
SPERF-00001896,SUP-0064,6,2023,52,46,0.899,0.949,0.0235,41,88.3,2026-04-30T04:36:50.726872
SPERF-00001897,SUP-0064,7,2023,19,14,0.767,0.942,0.007,15,86.9,2026-04-30T04:36:50.726872
SPERF-00001898,SUP-0064,8,2023,51,50,0.981,0.92,0.0141,39,92.91,2026-04-30T04:36:50.726872
SPERF-00001899,SUP-0064,9,2023,9,7,0.796,0.809,0.049,42,72.91,2026-04-30T04:36:50.726872
SPERF-00001900,SUP-0064,10,2023,64,62,0.969,0.853,0.0437,47,82.69,2026-04-30T04:36:50.726872
SPERF-00001901,SUP-0064,11,2023,40,31,0.778,0.948,0.0168,30,85.1,2026-04-30T04:36:50.726872
SPERF-00001902,SUP-0064,12,2023,18,17,0.951,0.885,0.0065,28,92.39,2026-04-30T04:36:50.726872
SPERF-00001903,SUP-0064,1,2024,78,65,0.839,0.952,0.0488,53,79.68,2026-04-30T04:36:50.726872
SPERF-00001904,SUP-0064,2,2024,12,11,0.973,0.962,0.0045,48,96.47,2026-04-30T04:36:50.726872
SPERF-00001905,SUP-0064,3,2024,78,61,0.79,0.833,0.0189,3,81.03,2026-04-30T04:36:50.726872
SPERF-00001906,SUP-0064,4,2024,71,61,0.865,0.974,0.0107,22,91.02,2026-04-30T04:36:50.726872
SPERF-00001907,SUP-0064,5,2024,66,59,0.898,0.956,0.0274,54,87.53,2026-04-30T04:36:50.726872
SPERF-00001908,SUP-0064,6,2024,29,26,0.92,0.932,0.0333,6,86.1,2026-04-30T04:36:50.726872
SPERF-00001909,SUP-0064,7,2024,80,64,0.808,0.952,0.024,41,84.64,2026-04-30T04:36:50.726872
SPERF-00001910,SUP-0064,8,2024,79,66,0.836,0.931,0.0066,18,89.38,2026-04-30T04:36:50.726872
SPERF-00001911,SUP-0064,9,2024,55,46,0.854,0.989,0.0237,19,87.85,2026-04-30T04:36:50.726872
SPERF-00001912,SUP-0064,10,2024,37,30,0.83,0.815,0.0124,7,83.62,2026-04-30T04:36:50.726872
SPERF-00001913,SUP-0064,11,2024,72,50,0.706,0.922,0.0366,59,76.36,2026-04-30T04:36:50.726872
SPERF-00001914,SUP-0064,12,2024,52,40,0.779,0.968,0.019,45,85.29,2026-04-30T04:36:50.726872
SPERF-00001915,SUP-0064,1,2025,77,60,0.791,0.814,0.0292,36,77.83,2026-04-30T04:36:50.726872
SPERF-00001916,SUP-0064,2,2025,42,36,0.878,0.99,0.0236,41,88.87,2026-04-30T04:36:50.726872
SPERF-00001917,SUP-0064,3,2025,55,52,0.95,0.888,0.0353,57,85.25,2026-04-30T04:36:50.726872
SPERF-00001918,SUP-0064,4,2025,76,65,0.865,0.827,0.0482,60,76.5,2026-04-30T04:36:50.726872
SPERF-00001919,SUP-0064,5,2025,28,27,0.979,0.82,0.0227,18,87.19,2026-04-30T04:36:50.726872
SPERF-00001920,SUP-0064,6,2025,43,36,0.841,0.834,0.0206,16,82.68,2026-04-30T04:36:50.726872
SPERF-00001921,SUP-0065,1,2023,54,51,0.954,0.928,0.0324,20,87.54,2026-04-30T04:36:50.726872
SPERF-00001922,SUP-0065,2,2023,30,27,0.923,0.956,0.0499,10,82.91,2026-04-30T04:36:50.726872
SPERF-00001923,SUP-0065,3,2023,54,51,0.961,0.874,0.0024,21,93.43,2026-04-30T04:36:50.726872
SPERF-00001924,SUP-0065,4,2023,13,10,0.801,0.972,0.0437,15,80.14,2026-04-30T04:36:50.726872
SPERF-00001925,SUP-0065,5,2023,75,66,0.893,0.884,0.0075,31,89.78,2026-04-30T04:36:50.726872
SPERF-00001926,SUP-0065,6,2023,16,11,0.719,0.917,0.0282,50,78.8,2026-04-30T04:36:50.726872
SPERF-00001927,SUP-0065,7,2023,78,66,0.847,0.908,0.0046,44,89.51,2026-04-30T04:36:50.726872
SPERF-00001928,SUP-0065,8,2023,13,9,0.732,0.941,0.0461,25,75.69,2026-04-30T04:36:50.726872
SPERF-00001929,SUP-0065,9,2023,57,50,0.878,0.969,0.0023,42,93.46,2026-04-30T04:36:50.726872
SPERF-00001930,SUP-0065,10,2023,70,52,0.745,0.835,0.0089,47,81.8,2026-04-30T04:36:50.726872
SPERF-00001931,SUP-0065,11,2023,28,22,0.82,0.807,0.0317,40,78.12,2026-04-30T04:36:50.726872
SPERF-00001932,SUP-0065,12,2023,35,29,0.854,0.848,0.0059,4,87.36,2026-04-30T04:36:50.726872
SPERF-00001933,SUP-0065,1,2024,30,21,0.718,0.857,0.0126,30,80.56,2026-04-30T04:36:50.726872
SPERF-00001934,SUP-0065,2,2024,42,38,0.923,0.866,0.0257,56,85.81,2026-04-30T04:36:50.726872
SPERF-00001935,SUP-0065,3,2024,14,12,0.925,0.974,0.0061,17,94.56,2026-04-30T04:36:50.726872
SPERF-00001936,SUP-0065,4,2024,33,31,0.949,0.886,0.0101,49,91.44,2026-04-30T04:36:50.726872
SPERF-00001937,SUP-0065,5,2024,35,28,0.82,0.824,0.049,17,74.39,2026-04-30T04:36:50.726872
SPERF-00001938,SUP-0065,6,2024,66,62,0.951,0.839,0.0046,13,91.25,2026-04-30T04:36:50.726872
SPERF-00001939,SUP-0065,7,2024,72,57,0.793,0.984,0.0133,36,87.83,2026-04-30T04:36:50.726872
SPERF-00001940,SUP-0065,8,2024,23,16,0.716,0.933,0.0032,38,85.5,2026-04-30T04:36:50.726872
SPERF-00001941,SUP-0065,9,2024,58,44,0.759,0.975,0.0499,10,77.01,2026-04-30T04:36:50.726872
SPERF-00001942,SUP-0065,10,2024,6,4,0.821,0.806,0.0283,56,78.97,2026-04-30T04:36:50.726872
SPERF-00001943,SUP-0065,11,2024,79,68,0.871,0.977,0.0371,19,84.76,2026-04-30T04:36:50.726872
SPERF-00001944,SUP-0065,12,2024,29,24,0.854,0.876,0.0236,27,83.92,2026-04-30T04:36:50.726872
SPERF-00001945,SUP-0065,1,2025,49,40,0.828,0.803,0.0291,40,78.95,2026-04-30T04:36:50.726872
SPERF-00001946,SUP-0065,2,2025,12,8,0.724,0.826,0.0163,43,78.8,2026-04-30T04:36:50.726872
SPERF-00001947,SUP-0065,3,2025,41,37,0.921,0.939,0.0212,16,89.41,2026-04-30T04:36:50.726872
SPERF-00001948,SUP-0065,4,2025,77,56,0.728,0.818,0.0225,36,77.12,2026-04-30T04:36:50.726872
SPERF-00001949,SUP-0065,5,2025,73,62,0.852,0.951,0.0131,28,89.09,2026-04-30T04:36:50.726872
SPERF-00001950,SUP-0065,6,2025,78,65,0.836,0.887,0.0445,10,78.36,2026-04-30T04:36:50.726872
SPERF-00001951,SUP-0066,1,2023,7,6,0.861,0.833,0.0201,4,83.57,2026-04-30T04:36:50.726872
SPERF-00001952,SUP-0066,2,2023,59,44,0.753,0.823,0.0067,12,82.25,2026-04-30T04:36:50.726872
SPERF-00001953,SUP-0066,3,2023,79,57,0.729,0.901,0.005,5,84.44,2026-04-30T04:36:50.726872
SPERF-00001954,SUP-0066,4,2023,71,58,0.827,0.94,0.0354,23,82.13,2026-04-30T04:36:50.726872
SPERF-00001955,SUP-0066,5,2023,56,49,0.876,0.85,0.0101,14,87.26,2026-04-30T04:36:50.726872
SPERF-00001956,SUP-0066,6,2023,24,19,0.824,0.833,0.0067,59,85.44,2026-04-30T04:36:50.726872
SPERF-00001957,SUP-0066,7,2023,6,5,0.918,0.953,0.0395,33,85.2,2026-04-30T04:36:50.726872
SPERF-00001958,SUP-0066,8,2023,32,25,0.799,0.948,0.0389,5,80.42,2026-04-30T04:36:50.726872
SPERF-00001959,SUP-0066,9,2023,41,32,0.798,0.95,0.0252,6,83.87,2026-04-30T04:36:50.726872
SPERF-00001960,SUP-0066,10,2023,25,23,0.937,0.945,0.03,20,88.06,2026-04-30T04:36:50.726872
SPERF-00001961,SUP-0066,11,2023,16,11,0.747,0.915,0.0368,9,77.7,2026-04-30T04:36:50.726872
SPERF-00001962,SUP-0066,12,2023,35,31,0.899,0.873,0.0328,14,83.31,2026-04-30T04:36:50.726872
SPERF-00001963,SUP-0066,1,2024,24,20,0.837,0.836,0.0396,51,77.84,2026-04-30T04:36:50.726872
SPERF-00001964,SUP-0066,2,2024,12,11,0.937,0.868,0.037,59,83.61,2026-04-30T04:36:50.726872
SPERF-00001965,SUP-0066,3,2024,8,6,0.843,0.885,0.0218,29,84.24,2026-04-30T04:36:50.726872
SPERF-00001966,SUP-0066,4,2024,15,12,0.807,0.878,0.0143,11,84.44,2026-04-30T04:36:50.726872
SPERF-00001967,SUP-0066,5,2024,34,28,0.846,0.889,0.0249,58,83.73,2026-04-30T04:36:50.726872
SPERF-00001968,SUP-0066,6,2024,50,44,0.891,0.811,0.0253,23,82.7,2026-04-30T04:36:50.726872
SPERF-00001969,SUP-0066,7,2024,20,16,0.822,0.816,0.0271,22,79.66,2026-04-30T04:36:50.726872
SPERF-00001970,SUP-0066,8,2024,9,8,0.914,0.891,0.0132,42,89.45,2026-04-30T04:36:50.726872
SPERF-00001971,SUP-0066,9,2024,35,27,0.793,0.843,0.0469,55,74.5,2026-04-30T04:36:50.726872
SPERF-00001972,SUP-0066,10,2024,7,6,0.935,0.987,0.0159,25,92.97,2026-04-30T04:36:50.726872
SPERF-00001973,SUP-0066,11,2024,40,29,0.749,0.838,0.0125,48,81.16,2026-04-30T04:36:50.726872
SPERF-00001974,SUP-0066,12,2024,13,12,0.93,0.848,0.0092,4,89.58,2026-04-30T04:36:50.726872
SPERF-00001975,SUP-0066,1,2025,80,61,0.771,0.936,0.0386,12,78.95,2026-04-30T04:36:50.726872
SPERF-00001976,SUP-0066,2,2025,7,5,0.76,0.903,0.0105,39,84.38,2026-04-30T04:36:50.726872
SPERF-00001977,SUP-0066,3,2025,72,50,0.707,0.801,0.022,3,75.81,2026-04-30T04:36:50.726872
SPERF-00001978,SUP-0066,4,2025,24,23,0.959,0.962,0.0161,45,93.0,2026-04-30T04:36:50.726872
SPERF-00001979,SUP-0066,5,2025,53,47,0.888,0.804,0.0485,30,76.53,2026-04-30T04:36:50.726872
SPERF-00001980,SUP-0066,6,2025,28,27,0.966,0.926,0.0371,47,86.78,2026-04-30T04:36:50.726872
SPERF-00001981,SUP-0067,1,2023,44,36,0.825,0.964,0.047,16,79.99,2026-04-30T04:36:50.726872
SPERF-00001982,SUP-0067,2,2023,25,23,0.922,0.833,0.0237,11,85.11,2026-04-30T04:36:50.726872
SPERF-00001983,SUP-0067,3,2023,32,26,0.828,0.886,0.0416,40,78.73,2026-04-30T04:36:50.726872
SPERF-00001984,SUP-0067,4,2023,55,54,0.99,0.872,0.047,10,83.37,2026-04-30T04:36:50.726872
SPERF-00001985,SUP-0067,5,2023,60,53,0.894,0.863,0.0048,32,89.77,2026-04-30T04:36:50.726872
SPERF-00001986,SUP-0067,6,2023,20,16,0.809,0.823,0.0497,8,73.74,2026-04-30T04:36:50.726872
SPERF-00001987,SUP-0067,7,2023,74,72,0.977,0.8,0.0199,4,87.1,2026-04-30T04:36:50.726872
SPERF-00001988,SUP-0067,8,2023,22,20,0.91,0.916,0.0418,45,83.01,2026-04-30T04:36:50.726872
SPERF-00001989,SUP-0067,9,2023,46,40,0.873,0.847,0.0201,29,84.54,2026-04-30T04:36:50.726872
SPERF-00001990,SUP-0067,10,2023,49,36,0.744,0.875,0.0133,21,82.06,2026-04-30T04:36:50.726872
SPERF-00001991,SUP-0067,11,2023,69,52,0.759,0.885,0.0403,21,76.26,2026-04-30T04:36:50.726872
SPERF-00001992,SUP-0067,12,2023,62,44,0.712,0.888,0.014,58,81.06,2026-04-30T04:36:50.726872
SPERF-00001993,SUP-0067,1,2024,27,24,0.925,0.841,0.0134,54,88.09,2026-04-30T04:36:50.726872
SPERF-00001994,SUP-0067,2,2024,24,18,0.765,0.958,0.0192,59,84.33,2026-04-30T04:36:50.726872
SPERF-00001995,SUP-0067,3,2024,32,26,0.842,0.834,0.034,11,79.37,2026-04-30T04:36:50.726872
SPERF-00001996,SUP-0067,4,2024,47,36,0.766,0.892,0.0023,21,86.28,2026-04-30T04:36:50.726872
SPERF-00001997,SUP-0067,5,2024,72,51,0.721,0.981,0.0459,39,76.7,2026-04-30T04:36:50.726872
SPERF-00001998,SUP-0067,6,2024,43,34,0.802,0.814,0.0259,16,79.09,2026-04-30T04:36:50.726872
SPERF-00001999,SUP-0067,7,2024,79,69,0.875,0.929,0.0365,40,83.39,2026-04-30T04:36:50.726872
SPERF-00002000,SUP-0067,8,2024,69,56,0.823,0.858,0.0148,41,84.25,2026-04-30T04:36:50.726872
SPERF-00002001,SUP-0067,9,2024,77,69,0.906,0.888,0.0438,37,81.37,2026-04-30T04:36:50.726872
SPERF-00002002,SUP-0067,10,2024,14,13,0.974,0.94,0.0029,30,96.13,2026-04-30T04:36:50.726872
SPERF-00002003,SUP-0067,11,2024,15,11,0.787,0.918,0.0374,12,79.26,2026-04-30T04:36:50.726872
SPERF-00002004,SUP-0067,12,2024,11,7,0.72,0.975,0.0403,20,77.85,2026-04-30T04:36:50.726872
SPERF-00002005,SUP-0067,1,2025,31,22,0.715,0.826,0.0494,31,70.16,2026-04-30T04:36:50.726872
SPERF-00002006,SUP-0067,2,2025,16,13,0.826,0.891,0.0192,4,84.42,2026-04-30T04:36:50.726872
SPERF-00002007,SUP-0067,3,2025,5,4,0.983,0.822,0.0038,38,92.14,2026-04-30T04:36:50.726872
SPERF-00002008,SUP-0067,4,2025,79,69,0.88,0.829,0.0188,50,84.52,2026-04-30T04:36:50.726872
SPERF-00002009,SUP-0067,5,2025,58,50,0.864,0.966,0.0484,8,81.27,2026-04-30T04:36:50.726872
SPERF-00002010,SUP-0067,6,2025,38,26,0.707,0.81,0.0151,55,77.85,2026-04-30T04:36:50.726872
SPERF-00002011,SUP-0068,1,2023,66,62,0.95,0.941,0.0442,57,84.89,2026-04-30T04:36:50.726872
SPERF-00002012,SUP-0068,2,2023,74,66,0.901,0.867,0.0375,20,82.01,2026-04-30T04:36:50.726872
SPERF-00002013,SUP-0068,3,2023,23,16,0.715,0.935,0.0345,10,77.7,2026-04-30T04:36:50.726872
SPERF-00002014,SUP-0068,4,2023,5,4,0.93,0.838,0.0499,29,79.06,2026-04-30T04:36:50.726872
SPERF-00002015,SUP-0068,5,2023,33,28,0.85,0.884,0.0023,33,89.36,2026-04-30T04:36:50.726872
SPERF-00002016,SUP-0068,6,2023,52,38,0.746,0.915,0.0305,13,79.24,2026-04-30T04:36:50.726872
SPERF-00002017,SUP-0068,7,2023,32,28,0.903,0.83,0.0167,38,86.0,2026-04-30T04:36:50.726872
SPERF-00002018,SUP-0068,8,2023,14,10,0.726,0.801,0.0154,55,78.22,2026-04-30T04:36:50.726872
SPERF-00002019,SUP-0068,9,2023,74,65,0.883,0.838,0.0013,43,89.33,2026-04-30T04:36:50.726872
SPERF-00002020,SUP-0068,10,2023,55,44,0.812,0.817,0.0405,50,75.95,2026-04-30T04:36:50.726872
SPERF-00002021,SUP-0068,11,2023,69,64,0.939,0.884,0.0178,44,89.05,2026-04-30T04:36:50.726872
SPERF-00002022,SUP-0068,12,2023,10,7,0.794,0.909,0.0275,41,81.7,2026-04-30T04:36:50.726872
SPERF-00002023,SUP-0068,1,2024,36,32,0.889,0.891,0.0013,28,91.42,2026-04-30T04:36:50.726872
SPERF-00002024,SUP-0068,2,2024,17,14,0.875,0.854,0.0109,21,87.16,2026-04-30T04:36:50.726872
SPERF-00002025,SUP-0068,3,2024,64,53,0.837,0.852,0.0095,52,85.92,2026-04-30T04:36:50.726872
SPERF-00002026,SUP-0068,4,2024,45,34,0.768,0.959,0.044,3,78.28,2026-04-30T04:36:50.726872
SPERF-00002027,SUP-0068,5,2024,39,28,0.743,0.833,0.048,30,71.88,2026-04-30T04:36:50.726872
SPERF-00002028,SUP-0068,6,2024,67,64,0.97,0.891,0.0272,55,88.19,2026-04-30T04:36:50.726872
SPERF-00002029,SUP-0068,7,2024,59,48,0.817,0.818,0.0499,22,73.84,2026-04-30T04:36:50.726872
SPERF-00002030,SUP-0068,8,2024,43,32,0.746,0.917,0.0452,42,75.64,2026-04-30T04:36:50.726872
SPERF-00002031,SUP-0068,9,2024,17,16,0.987,0.853,0.0377,51,84.91,2026-04-30T04:36:50.726872
SPERF-00002032,SUP-0068,10,2024,13,12,0.983,0.965,0.0352,21,89.3,2026-04-30T04:36:50.726872
SPERF-00002033,SUP-0068,11,2024,66,63,0.955,0.907,0.0168,27,90.74,2026-04-30T04:36:50.726872
SPERF-00002034,SUP-0068,12,2024,65,54,0.831,0.978,0.0086,32,90.32,2026-04-30T04:36:50.726872
SPERF-00002035,SUP-0068,1,2025,78,62,0.798,0.83,0.0276,3,79.07,2026-04-30T04:36:50.726872
SPERF-00002036,SUP-0068,2,2025,66,62,0.954,0.831,0.001,49,91.99,2026-04-30T04:36:50.726872
SPERF-00002037,SUP-0068,3,2025,53,48,0.917,0.974,0.0278,18,88.82,2026-04-30T04:36:50.726872
SPERF-00002038,SUP-0068,4,2025,78,74,0.952,0.839,0.0187,28,87.77,2026-04-30T04:36:50.726872
SPERF-00002039,SUP-0068,5,2025,39,34,0.888,0.829,0.0492,22,77.23,2026-04-30T04:36:50.726872
SPERF-00002040,SUP-0068,6,2025,16,11,0.714,0.968,0.003,23,86.69,2026-04-30T04:36:50.726872
SPERF-00002041,SUP-0069,1,2023,7,6,0.975,0.872,0.0123,52,91.44,2026-04-30T04:36:50.726872
SPERF-00002042,SUP-0069,2,2023,50,44,0.895,0.827,0.0314,56,81.9,2026-04-30T04:36:50.726872
SPERF-00002043,SUP-0069,3,2023,12,8,0.732,0.949,0.0013,35,87.17,2026-04-30T04:36:50.726872
SPERF-00002044,SUP-0069,4,2023,40,35,0.885,0.963,0.0442,11,83.05,2026-04-30T04:36:50.726872
SPERF-00002045,SUP-0069,5,2023,15,10,0.712,0.973,0.03,51,80.03,2026-04-30T04:36:50.726872
SPERF-00002046,SUP-0069,6,2023,43,38,0.893,0.946,0.0326,7,85.68,2026-04-30T04:36:50.726872
SPERF-00002047,SUP-0069,7,2023,25,21,0.878,0.881,0.0236,31,85.06,2026-04-30T04:36:50.726872
SPERF-00002048,SUP-0069,8,2023,39,38,0.979,0.943,0.0284,56,90.06,2026-04-30T04:36:50.726872
SPERF-00002049,SUP-0069,9,2023,31,29,0.965,0.982,0.0409,26,87.75,2026-04-30T04:36:50.726872
SPERF-00002050,SUP-0069,10,2023,41,39,0.968,0.861,0.0288,7,86.65,2026-04-30T04:36:50.726872
SPERF-00002051,SUP-0069,11,2023,53,49,0.932,0.844,0.001,47,91.57,2026-04-30T04:36:50.726872
SPERF-00002052,SUP-0069,12,2023,13,12,0.951,0.894,0.014,7,90.83,2026-04-30T04:36:50.726872
SPERF-00002053,SUP-0069,1,2024,37,28,0.758,0.96,0.0205,20,83.8,2026-04-30T04:36:50.726872
SPERF-00002054,SUP-0069,2,2024,31,27,0.9,0.964,0.0099,51,92.27,2026-04-30T04:36:50.726872
SPERF-00002055,SUP-0069,3,2024,50,48,0.976,0.945,0.0138,11,93.66,2026-04-30T04:36:50.726872
SPERF-00002056,SUP-0069,4,2024,69,53,0.774,0.97,0.006,46,88.41,2026-04-30T04:36:50.726872
SPERF-00002057,SUP-0069,5,2024,37,33,0.913,0.923,0.0188,32,89.12,2026-04-30T04:36:50.726872
SPERF-00002058,SUP-0069,6,2024,34,31,0.926,0.877,0.0158,5,88.78,2026-04-30T04:36:50.726872
SPERF-00002059,SUP-0069,7,2024,67,60,0.906,0.91,0.0121,41,90.06,2026-04-30T04:36:50.726872
SPERF-00002060,SUP-0069,8,2024,37,29,0.796,0.948,0.0226,19,84.37,2026-04-30T04:36:50.726872
SPERF-00002061,SUP-0069,9,2024,17,16,0.982,0.848,0.0271,14,87.19,2026-04-30T04:36:50.726872
SPERF-00002062,SUP-0069,10,2024,56,51,0.927,0.853,0.0042,52,90.89,2026-04-30T04:36:50.726872
SPERF-00002063,SUP-0069,11,2024,51,37,0.731,0.941,0.0273,55,80.35,2026-04-30T04:36:50.726872
SPERF-00002064,SUP-0069,12,2024,33,31,0.959,0.928,0.014,36,92.34,2026-04-30T04:36:50.726872
SPERF-00002065,SUP-0069,1,2025,9,7,0.785,0.952,0.0187,16,85.05,2026-04-30T04:36:50.726872
SPERF-00002066,SUP-0069,2,2025,52,43,0.832,0.802,0.0345,9,77.72,2026-04-30T04:36:50.726872
SPERF-00002067,SUP-0069,3,2025,33,29,0.893,0.917,0.0358,7,83.86,2026-04-30T04:36:50.726872
SPERF-00002068,SUP-0069,4,2025,14,9,0.706,0.818,0.0262,57,75.32,2026-04-30T04:36:50.726872
SPERF-00002069,SUP-0069,5,2025,69,51,0.744,0.934,0.0025,48,86.83,2026-04-30T04:36:50.726872
SPERF-00002070,SUP-0069,6,2025,18,12,0.702,0.981,0.0428,43,76.72,2026-04-30T04:36:50.726872
SPERF-00002071,SUP-0070,1,2023,59,47,0.81,0.969,0.0144,30,87.72,2026-04-30T04:36:50.726872
SPERF-00002072,SUP-0070,2,2023,54,51,0.948,0.933,0.0409,58,85.35,2026-04-30T04:36:50.726872
SPERF-00002073,SUP-0070,3,2023,80,76,0.96,0.83,0.0427,32,81.77,2026-04-30T04:36:50.726872
SPERF-00002074,SUP-0070,4,2023,8,5,0.712,0.839,0.0057,13,81.42,2026-04-30T04:36:50.726872
SPERF-00002075,SUP-0070,5,2023,66,60,0.923,0.878,0.0067,38,90.98,2026-04-30T04:36:50.726872
SPERF-00002076,SUP-0070,6,2023,39,36,0.931,0.811,0.0244,30,84.53,2026-04-30T04:36:50.726872
SPERF-00002077,SUP-0070,7,2023,31,29,0.958,0.891,0.0494,47,82.16,2026-04-30T04:36:50.726872
SPERF-00002078,SUP-0070,8,2023,32,29,0.929,0.945,0.0221,52,89.71,2026-04-30T04:36:50.726872
SPERF-00002079,SUP-0070,9,2023,57,54,0.955,0.901,0.0351,58,85.96,2026-04-30T04:36:50.726872
SPERF-00002080,SUP-0070,10,2023,28,25,0.9,0.952,0.0442,17,83.27,2026-04-30T04:36:50.726872
SPERF-00002081,SUP-0070,11,2023,24,20,0.855,0.941,0.0391,47,82.36,2026-04-30T04:36:50.726872
SPERF-00002082,SUP-0070,12,2023,60,46,0.774,0.843,0.0212,5,80.17,2026-04-30T04:36:50.726872
SPERF-00002083,SUP-0070,1,2024,63,55,0.876,0.974,0.0383,26,84.55,2026-04-30T04:36:50.726872
SPERF-00002084,SUP-0070,2,2024,43,37,0.867,0.953,0.0311,27,85.26,2026-04-30T04:36:50.726872
SPERF-00002085,SUP-0070,3,2024,80,75,0.949,0.894,0.01,11,91.75,2026-04-30T04:36:50.726872
SPERF-00002086,SUP-0070,4,2024,48,39,0.813,0.851,0.0489,42,75.08,2026-04-30T04:36:50.726872
SPERF-00002087,SUP-0070,5,2024,48,46,0.97,0.909,0.0393,47,85.79,2026-04-30T04:36:50.726872
SPERF-00002088,SUP-0070,6,2024,14,13,0.983,0.807,0.0444,3,81.47,2026-04-30T04:36:50.726872
SPERF-00002089,SUP-0070,7,2024,41,33,0.823,0.898,0.041,19,79.1,2026-04-30T04:36:50.726872
SPERF-00002090,SUP-0070,8,2024,29,25,0.889,0.862,0.049,53,78.48,2026-04-30T04:36:50.726872
SPERF-00002091,SUP-0070,9,2024,5,4,0.866,0.868,0.0268,53,83.32,2026-04-30T04:36:50.726872
SPERF-00002092,SUP-0070,10,2024,77,56,0.728,0.926,0.0379,31,77.06,2026-04-30T04:36:50.726872
SPERF-00002093,SUP-0070,11,2024,64,59,0.933,0.873,0.0387,54,83.2,2026-04-30T04:36:50.726872
SPERF-00002094,SUP-0070,12,2024,15,14,0.955,0.872,0.0116,13,90.82,2026-04-30T04:36:50.726872
SPERF-00002095,SUP-0070,1,2025,51,49,0.973,0.87,0.0163,24,90.3,2026-04-30T04:36:50.726872
SPERF-00002096,SUP-0070,2,2025,70,59,0.846,0.938,0.0272,25,84.87,2026-04-30T04:36:50.726872
SPERF-00002097,SUP-0070,3,2025,60,57,0.954,0.885,0.0367,47,84.96,2026-04-30T04:36:50.726872
SPERF-00002098,SUP-0070,4,2025,23,18,0.807,0.975,0.005,22,90.16,2026-04-30T04:36:50.726872
SPERF-00002099,SUP-0070,5,2025,65,55,0.847,0.955,0.0212,27,87.0,2026-04-30T04:36:50.726872
SPERF-00002100,SUP-0070,6,2025,11,9,0.899,0.982,0.0309,52,87.61,2026-04-30T04:36:50.726872
SPERF-00002101,SUP-0071,1,2023,9,8,0.897,0.919,0.0347,38,84.37,2026-04-30T04:36:50.726872
SPERF-00002102,SUP-0071,2,2023,31,28,0.915,0.885,0.0275,12,85.7,2026-04-30T04:36:50.726872
SPERF-00002103,SUP-0071,3,2023,10,8,0.829,0.846,0.0063,4,86.19,2026-04-30T04:36:50.726872
SPERF-00002104,SUP-0071,4,2023,72,52,0.73,0.985,0.0386,25,79.02,2026-04-30T04:36:50.726872
SPERF-00002105,SUP-0071,5,2023,63,47,0.75,0.804,0.0038,19,82.19,2026-04-30T04:36:50.726872
SPERF-00002106,SUP-0071,6,2023,57,45,0.794,0.857,0.0215,25,81.38,2026-04-30T04:36:50.726872
SPERF-00002107,SUP-0071,7,2023,27,19,0.711,0.926,0.0293,50,78.53,2026-04-30T04:36:50.726872
SPERF-00002108,SUP-0071,8,2023,15,11,0.767,0.977,0.0253,56,83.55,2026-04-30T04:36:50.726872
SPERF-00002109,SUP-0071,9,2023,28,22,0.805,0.806,0.0211,60,80.14,2026-04-30T04:36:50.726872
SPERF-00002110,SUP-0071,10,2023,68,54,0.795,0.861,0.0337,37,78.51,2026-04-30T04:36:50.726872
SPERF-00002111,SUP-0071,11,2023,30,25,0.859,0.834,0.0467,31,76.88,2026-04-30T04:36:50.726872
SPERF-00002112,SUP-0071,12,2023,45,34,0.773,0.832,0.0442,35,73.99,2026-04-30T04:36:50.726872
SPERF-00002113,SUP-0071,1,2024,72,62,0.87,0.813,0.007,47,86.5,2026-04-30T04:36:50.726872
SPERF-00002114,SUP-0071,2,2024,45,33,0.741,0.848,0.0292,10,77.02,2026-04-30T04:36:50.726872
SPERF-00002115,SUP-0071,3,2024,48,44,0.929,0.911,0.0255,3,87.67,2026-04-30T04:36:50.726872
SPERF-00002116,SUP-0071,4,2024,65,61,0.949,0.838,0.0174,11,87.94,2026-04-30T04:36:50.726872
SPERF-00002117,SUP-0071,5,2024,31,22,0.717,0.958,0.0287,24,80.03,2026-04-30T04:36:50.726872
SPERF-00002118,SUP-0071,6,2024,10,9,0.934,0.826,0.0435,7,80.39,2026-04-30T04:36:50.726872
SPERF-00002119,SUP-0071,7,2024,77,69,0.904,0.976,0.0136,54,91.92,2026-04-30T04:36:50.726872
SPERF-00002120,SUP-0071,8,2024,46,45,0.984,0.819,0.0158,51,89.08,2026-04-30T04:36:50.726872
SPERF-00002121,SUP-0071,9,2024,31,27,0.884,0.9,0.0241,10,85.84,2026-04-30T04:36:50.726872
SPERF-00002122,SUP-0071,10,2024,16,13,0.827,0.945,0.0075,6,89.28,2026-04-30T04:36:50.726872
SPERF-00002123,SUP-0071,11,2024,63,59,0.95,0.81,0.0137,39,87.92,2026-04-30T04:36:50.726872
SPERF-00002124,SUP-0071,12,2024,67,54,0.819,0.866,0.005,55,86.82,2026-04-30T04:36:50.726872
SPERF-00002125,SUP-0071,1,2025,40,31,0.789,0.977,0.0011,36,90.48,2026-04-30T04:36:50.726872
SPERF-00002126,SUP-0071,2,2025,74,56,0.759,0.802,0.0428,48,72.73,2026-04-30T04:36:50.726872
SPERF-00002127,SUP-0071,3,2025,68,55,0.821,0.825,0.0393,57,76.89,2026-04-30T04:36:50.726872
SPERF-00002128,SUP-0071,4,2025,68,50,0.746,0.822,0.03,6,76.11,2026-04-30T04:36:50.726872
SPERF-00002129,SUP-0071,5,2025,54,49,0.916,0.86,0.0372,14,82.44,2026-04-30T04:36:50.726872
SPERF-00002130,SUP-0071,6,2025,50,42,0.851,0.925,0.0012,34,91.11,2026-04-30T04:36:50.726872
SPERF-00002131,SUP-0072,1,2023,57,46,0.816,0.866,0.0279,9,80.97,2026-04-30T04:36:50.726872
SPERF-00002132,SUP-0072,2,2023,43,41,0.971,0.801,0.0145,57,88.25,2026-04-30T04:36:50.726872
SPERF-00002133,SUP-0072,3,2023,9,8,0.959,0.845,0.0146,51,89.28,2026-04-30T04:36:50.726872
SPERF-00002134,SUP-0072,4,2023,70,56,0.808,0.953,0.0051,21,89.4,2026-04-30T04:36:50.726872
SPERF-00002135,SUP-0072,5,2023,40,30,0.757,0.843,0.0428,9,74.08,2026-04-30T04:36:50.726872
SPERF-00002136,SUP-0072,6,2023,75,66,0.886,0.845,0.0345,27,81.39,2026-04-30T04:36:50.726872
SPERF-00002137,SUP-0072,7,2023,24,19,0.801,0.988,0.0346,18,82.97,2026-04-30T04:36:50.726872
SPERF-00002138,SUP-0072,8,2023,43,32,0.752,0.863,0.0244,53,79.19,2026-04-30T04:36:50.726872
SPERF-00002139,SUP-0072,9,2023,53,37,0.716,0.932,0.039,7,76.51,2026-04-30T04:36:50.726872
SPERF-00002140,SUP-0072,10,2023,13,12,0.984,0.929,0.0275,3,90.0,2026-04-30T04:36:50.726872
SPERF-00002141,SUP-0072,11,2023,57,41,0.727,0.937,0.0029,23,86.15,2026-04-30T04:36:50.726872
SPERF-00002142,SUP-0072,12,2023,11,8,0.784,0.986,0.0325,46,82.75,2026-04-30T04:36:50.726872
SPERF-00002143,SUP-0072,1,2024,33,26,0.802,0.892,0.028,16,81.3,2026-04-30T04:36:50.726872
SPERF-00002144,SUP-0072,2,2024,33,23,0.72,0.923,0.037,6,76.85,2026-04-30T04:36:50.726872
SPERF-00002145,SUP-0072,3,2024,70,51,0.733,0.844,0.0264,19,77.26,2026-04-30T04:36:50.726872
SPERF-00002146,SUP-0072,4,2024,57,41,0.731,0.827,0.0311,45,75.41,2026-04-30T04:36:50.726872
SPERF-00002147,SUP-0072,5,2024,21,20,0.969,0.987,0.0021,23,97.78,2026-04-30T04:36:50.726872
SPERF-00002148,SUP-0072,6,2024,31,24,0.786,0.984,0.0072,31,89.08,2026-04-30T04:36:50.726872
SPERF-00002149,SUP-0072,7,2024,70,51,0.733,0.879,0.0435,60,74.21,2026-04-30T04:36:50.726872
SPERF-00002150,SUP-0072,8,2024,53,39,0.753,0.979,0.0186,23,84.74,2026-04-30T04:36:50.726872
SPERF-00002151,SUP-0072,9,2024,58,57,0.986,0.916,0.0295,15,89.12,2026-04-30T04:36:50.726872
SPERF-00002152,SUP-0072,10,2024,12,8,0.739,0.859,0.0494,3,72.28,2026-04-30T04:36:50.726872
SPERF-00002153,SUP-0072,11,2024,23,17,0.775,0.942,0.0499,11,76.5,2026-04-30T04:36:50.726872
SPERF-00002154,SUP-0072,12,2024,76,70,0.926,0.901,0.0321,15,85.55,2026-04-30T04:36:50.726872
SPERF-00002155,SUP-0072,1,2025,79,68,0.867,0.832,0.0431,7,78.02,2026-04-30T04:36:50.726872
SPERF-00002156,SUP-0072,2,2025,57,52,0.918,0.874,0.0382,49,82.76,2026-04-30T04:36:50.726872
SPERF-00002157,SUP-0072,3,2025,22,19,0.899,0.963,0.0481,39,82.64,2026-04-30T04:36:50.726872
SPERF-00002158,SUP-0072,4,2025,22,21,0.98,0.974,0.0319,33,90.31,2026-04-30T04:36:50.726872
SPERF-00002159,SUP-0072,5,2025,62,45,0.726,0.805,0.0055,24,80.84,2026-04-30T04:36:50.726872
SPERF-00002160,SUP-0072,6,2025,53,45,0.851,0.91,0.0393,25,81.06,2026-04-30T04:36:50.726872
SPERF-00002161,SUP-0073,1,2023,29,28,0.975,0.855,0.0453,8,82.6,2026-04-30T04:36:50.726872
SPERF-00002162,SUP-0073,2,2023,57,41,0.736,0.908,0.0229,51,80.5,2026-04-30T04:36:50.726872
SPERF-00002163,SUP-0073,3,2023,47,43,0.935,0.836,0.0013,52,91.33,2026-04-30T04:36:50.726872
SPERF-00002164,SUP-0073,4,2023,55,45,0.829,0.964,0.0037,59,90.98,2026-04-30T04:36:50.726872
SPERF-00002165,SUP-0073,5,2023,15,12,0.866,0.808,0.0388,39,78.22,2026-04-30T04:36:50.726872
SPERF-00002166,SUP-0073,6,2023,40,37,0.929,0.936,0.031,56,87.17,2026-04-30T04:36:50.726872
SPERF-00002167,SUP-0073,7,2023,33,32,0.98,0.951,0.0458,18,86.03,2026-04-30T04:36:50.726872
SPERF-00002168,SUP-0073,8,2023,77,68,0.895,0.959,0.0163,31,90.29,2026-04-30T04:36:50.726872
SPERF-00002169,SUP-0073,9,2023,47,39,0.847,0.973,0.0371,50,83.66,2026-04-30T04:36:50.726872
SPERF-00002170,SUP-0073,10,2023,57,56,0.985,0.811,0.0342,37,84.23,2026-04-30T04:36:50.726872
SPERF-00002171,SUP-0073,11,2023,48,42,0.888,0.929,0.0021,7,92.51,2026-04-30T04:36:50.726872
SPERF-00002172,SUP-0073,12,2023,68,64,0.953,0.837,0.0334,21,84.06,2026-04-30T04:36:50.726872
SPERF-00002173,SUP-0073,1,2024,25,22,0.903,0.924,0.0395,12,83.59,2026-04-30T04:36:50.726872
SPERF-00002174,SUP-0073,2,2024,26,20,0.796,0.934,0.0053,51,88.2,2026-04-30T04:36:50.726872
SPERF-00002175,SUP-0073,3,2024,69,60,0.871,0.977,0.0094,47,91.69,2026-04-30T04:36:50.726872
SPERF-00002176,SUP-0073,4,2024,35,28,0.816,0.989,0.0292,12,84.95,2026-04-30T04:36:50.726872
SPERF-00002177,SUP-0073,5,2024,23,21,0.935,0.895,0.0337,30,85.3,2026-04-30T04:36:50.726872
SPERF-00002178,SUP-0073,6,2024,27,26,0.967,0.912,0.0089,19,93.38,2026-04-30T04:36:50.726872
SPERF-00002179,SUP-0073,7,2024,47,44,0.952,0.913,0.0335,17,86.66,2026-04-30T04:36:50.726872
SPERF-00002180,SUP-0073,8,2024,26,22,0.853,0.803,0.0024,15,86.62,2026-04-30T04:36:50.726872
SPERF-00002181,SUP-0073,9,2024,35,26,0.746,0.882,0.0261,50,79.19,2026-04-30T04:36:50.726872
SPERF-00002182,SUP-0073,10,2024,76,57,0.755,0.944,0.0121,14,85.22,2026-04-30T04:36:50.726872
SPERF-00002183,SUP-0073,11,2024,37,33,0.911,0.929,0.0162,33,89.91,2026-04-30T04:36:50.726872
SPERF-00002184,SUP-0073,12,2024,53,42,0.801,0.915,0.0078,35,87.11,2026-04-30T04:36:50.726872
SPERF-00002185,SUP-0073,1,2025,23,22,0.963,0.814,0.0233,45,86.18,2026-04-30T04:36:50.726872
SPERF-00002186,SUP-0073,2,2025,71,51,0.731,0.97,0.0397,18,78.27,2026-04-30T04:36:50.726872
SPERF-00002187,SUP-0073,3,2025,20,18,0.948,0.98,0.0424,31,86.62,2026-04-30T04:36:50.726872
SPERF-00002188,SUP-0073,4,2025,73,56,0.78,0.888,0.0117,43,84.36,2026-04-30T04:36:50.726872
SPERF-00002189,SUP-0073,5,2025,56,54,0.977,0.983,0.0142,37,94.94,2026-04-30T04:36:50.726872
SPERF-00002190,SUP-0073,6,2025,52,39,0.762,0.944,0.0352,6,79.72,2026-04-30T04:36:50.726872
SPERF-00002191,SUP-0074,1,2023,7,6,0.938,0.957,0.0083,32,93.94,2026-04-30T04:36:50.726872
SPERF-00002192,SUP-0074,2,2023,55,38,0.708,0.835,0.0378,31,73.09,2026-04-30T04:36:50.726872
SPERF-00002193,SUP-0074,3,2023,46,42,0.926,0.81,0.0403,32,80.31,2026-04-30T04:36:50.726872
SPERF-00002194,SUP-0074,4,2023,63,61,0.97,0.979,0.0414,56,87.72,2026-04-30T04:36:50.726872
SPERF-00002195,SUP-0074,5,2023,61,54,0.9,0.945,0.0272,44,87.27,2026-04-30T04:36:50.726872
SPERF-00002196,SUP-0074,6,2023,59,54,0.927,0.857,0.0308,16,84.38,2026-04-30T04:36:50.726872
SPERF-00002197,SUP-0074,7,2023,75,62,0.835,0.893,0.0446,46,78.5,2026-04-30T04:36:50.726872
SPERF-00002198,SUP-0074,8,2023,31,27,0.898,0.81,0.0062,22,87.72,2026-04-30T04:36:50.726872
SPERF-00002199,SUP-0074,9,2023,37,31,0.845,0.856,0.0198,53,83.81,2026-04-30T04:36:50.726872
SPERF-00002200,SUP-0074,10,2023,13,11,0.865,0.878,0.0207,14,85.16,2026-04-30T04:36:50.726872
SPERF-00002201,SUP-0074,11,2023,30,26,0.898,0.901,0.0036,35,91.55,2026-04-30T04:36:50.726872
SPERF-00002202,SUP-0074,12,2023,21,20,0.979,0.901,0.0491,20,83.42,2026-04-30T04:36:50.726872
SPERF-00002203,SUP-0074,1,2024,45,37,0.837,0.941,0.0241,27,85.39,2026-04-30T04:36:50.726872
SPERF-00002204,SUP-0074,2,2024,32,27,0.869,0.916,0.0447,30,80.64,2026-04-30T04:36:50.726872
SPERF-00002205,SUP-0074,3,2024,21,19,0.907,0.983,0.0432,13,84.89,2026-04-30T04:36:50.726872
SPERF-00002206,SUP-0074,4,2024,36,32,0.896,0.884,0.024,39,85.78,2026-04-30T04:36:50.726872
SPERF-00002207,SUP-0074,5,2024,32,30,0.961,0.971,0.0045,47,96.3,2026-04-30T04:36:50.726872
SPERF-00002208,SUP-0074,6,2024,78,61,0.789,0.928,0.0342,41,80.49,2026-04-30T04:36:50.726872
SPERF-00002209,SUP-0074,7,2024,35,30,0.878,0.855,0.0455,55,78.67,2026-04-30T04:36:50.726872
SPERF-00002210,SUP-0074,8,2024,18,17,0.98,0.831,0.0386,50,83.63,2026-04-30T04:36:50.726872
SPERF-00002211,SUP-0074,9,2024,59,54,0.925,0.942,0.0217,26,89.55,2026-04-30T04:36:50.726872
SPERF-00002212,SUP-0074,10,2024,14,13,0.96,0.926,0.0108,36,93.11,2026-04-30T04:36:50.726872
SPERF-00002213,SUP-0074,11,2024,55,49,0.909,0.9,0.0243,28,86.78,2026-04-30T04:36:50.726872
SPERF-00002214,SUP-0074,12,2024,6,4,0.787,0.955,0.0396,30,80.0,2026-04-30T04:36:50.726872
SPERF-00002215,SUP-0074,1,2025,5,4,0.962,0.88,0.0397,54,84.36,2026-04-30T04:36:50.726872
SPERF-00002216,SUP-0074,2,2025,9,8,0.954,0.879,0.041,14,83.67,2026-04-30T04:36:50.726872
SPERF-00002217,SUP-0074,3,2025,32,31,0.982,0.948,0.0388,8,87.76,2026-04-30T04:36:50.726872
SPERF-00002218,SUP-0074,4,2025,45,43,0.973,0.952,0.0354,25,88.39,2026-04-30T04:36:50.726872
SPERF-00002219,SUP-0074,5,2025,5,4,0.865,0.853,0.0389,46,79.73,2026-04-30T04:36:50.726872
SPERF-00002220,SUP-0074,6,2025,65,46,0.715,0.854,0.0257,42,77.06,2026-04-30T04:36:50.726872
SPERF-00002221,SUP-0075,1,2023,12,8,0.738,0.841,0.0036,40,83.05,2026-04-30T04:36:50.726872
SPERF-00002222,SUP-0075,2,2023,19,15,0.796,0.864,0.0076,40,85.18,2026-04-30T04:36:50.726872
SPERF-00002223,SUP-0075,3,2023,77,63,0.827,0.825,0.0379,5,77.48,2026-04-30T04:36:50.726872
SPERF-00002224,SUP-0075,4,2023,25,21,0.852,0.833,0.0207,11,83.06,2026-04-30T04:36:50.726872
SPERF-00002225,SUP-0075,5,2023,36,28,0.793,0.918,0.0168,35,84.65,2026-04-30T04:36:50.726872
SPERF-00002226,SUP-0075,6,2023,18,16,0.899,0.899,0.0322,56,84.38,2026-04-30T04:36:50.726872
SPERF-00002227,SUP-0075,7,2023,54,40,0.741,0.824,0.0228,36,77.78,2026-04-30T04:36:50.726872
SPERF-00002228,SUP-0075,8,2023,32,30,0.943,0.921,0.0441,7,83.93,2026-04-30T04:36:50.726872
SPERF-00002229,SUP-0075,9,2023,25,20,0.803,0.845,0.0217,38,81.27,2026-04-30T04:36:50.726872
SPERF-00002230,SUP-0075,10,2023,14,13,0.961,0.988,0.043,23,87.27,2026-04-30T04:36:50.726872
SPERF-00002231,SUP-0075,11,2023,72,52,0.736,0.979,0.028,4,81.7,2026-04-30T04:36:50.726872
SPERF-00002232,SUP-0075,12,2023,14,13,0.937,0.871,0.0116,49,90.06,2026-04-30T04:36:50.726872
SPERF-00002233,SUP-0075,1,2024,17,15,0.894,0.862,0.0293,6,83.6,2026-04-30T04:36:50.726872
SPERF-00002234,SUP-0075,2,2024,78,68,0.879,0.989,0.0031,18,94.0,2026-04-30T04:36:50.726872
SPERF-00002235,SUP-0075,3,2024,38,31,0.822,0.821,0.0474,60,74.77,2026-04-30T04:36:50.726872
SPERF-00002236,SUP-0075,4,2024,46,40,0.871,0.961,0.0466,12,81.82,2026-04-30T04:36:50.726872
SPERF-00002237,SUP-0075,5,2024,51,40,0.794,0.873,0.0382,44,77.77,2026-04-30T04:36:50.726872
SPERF-00002238,SUP-0075,6,2024,31,25,0.813,0.9,0.0083,54,86.94,2026-04-30T04:36:50.726872
SPERF-00002239,SUP-0075,7,2024,36,30,0.843,0.978,0.0286,16,85.8,2026-04-30T04:36:50.726872
SPERF-00002240,SUP-0075,8,2024,44,43,0.985,0.845,0.0223,17,88.4,2026-04-30T04:36:50.726872
SPERF-00002241,SUP-0075,9,2024,62,52,0.852,0.978,0.0056,17,91.91,2026-04-30T04:36:50.726872
SPERF-00002242,SUP-0075,10,2024,27,24,0.912,0.87,0.0083,46,89.86,2026-04-30T04:36:50.726872
SPERF-00002243,SUP-0075,11,2024,55,42,0.778,0.923,0.0484,11,76.33,2026-04-30T04:36:50.726872
SPERF-00002244,SUP-0075,12,2024,29,22,0.779,0.867,0.0438,34,75.55,2026-04-30T04:36:50.726872
SPERF-00002245,SUP-0075,1,2025,39,37,0.949,0.959,0.0328,18,88.33,2026-04-30T04:36:50.726872
SPERF-00002246,SUP-0075,2,2025,62,48,0.789,0.908,0.0354,8,79.49,2026-04-30T04:36:50.726872
SPERF-00002247,SUP-0075,3,2025,22,19,0.88,0.859,0.036,33,81.27,2026-04-30T04:36:50.726872
SPERF-00002248,SUP-0075,4,2025,66,50,0.77,0.936,0.0037,24,87.64,2026-04-30T04:36:50.726872
SPERF-00002249,SUP-0075,5,2025,39,34,0.887,0.842,0.0287,11,82.78,2026-04-30T04:36:50.726872
SPERF-00002250,SUP-0075,6,2025,12,9,0.772,0.951,0.0427,12,78.49,2026-04-30T04:36:50.726872
SPERF-00002251,SUP-0076,1,2023,59,48,0.828,0.966,0.0366,12,82.78,2026-04-30T04:36:50.726872
SPERF-00002252,SUP-0076,2,2023,44,42,0.968,0.97,0.0448,55,86.47,2026-04-30T04:36:50.726872
SPERF-00002253,SUP-0076,3,2023,48,46,0.966,0.961,0.0221,16,91.75,2026-04-30T04:36:50.726872
SPERF-00002254,SUP-0076,4,2023,5,4,0.961,0.97,0.0045,48,96.26,2026-04-30T04:36:50.726872
SPERF-00002255,SUP-0076,5,2023,78,63,0.809,0.826,0.0383,15,76.69,2026-04-30T04:36:50.726872
SPERF-00002256,SUP-0076,6,2023,21,14,0.706,0.986,0.0268,12,81.05,2026-04-30T04:36:50.726872
SPERF-00002257,SUP-0076,7,2023,14,12,0.888,0.973,0.0264,11,87.97,2026-04-30T04:36:50.726872
SPERF-00002258,SUP-0076,8,2023,14,11,0.802,0.817,0.0357,56,76.75,2026-04-30T04:36:50.726872
SPERF-00002259,SUP-0076,9,2023,14,11,0.818,0.825,0.0434,26,75.75,2026-04-30T04:36:50.726872
SPERF-00002260,SUP-0076,10,2023,75,71,0.953,0.897,0.011,3,91.77,2026-04-30T04:36:50.726872
SPERF-00002261,SUP-0076,11,2023,16,12,0.795,0.961,0.0494,33,78.09,2026-04-30T04:36:50.726872
SPERF-00002262,SUP-0076,12,2023,22,16,0.744,0.975,0.0346,18,80.23,2026-04-30T04:36:50.726872
SPERF-00002263,SUP-0076,1,2024,67,48,0.723,0.935,0.0107,44,83.97,2026-04-30T04:36:50.726872
SPERF-00002264,SUP-0076,2,2024,74,59,0.799,0.814,0.0318,48,77.5,2026-04-30T04:36:50.726872
SPERF-00002265,SUP-0076,3,2024,18,16,0.892,0.985,0.0322,42,87.11,2026-04-30T04:36:50.726872
SPERF-00002266,SUP-0076,4,2024,14,12,0.915,0.979,0.0209,6,90.64,2026-04-30T04:36:50.726872
SPERF-00002267,SUP-0076,5,2024,75,53,0.713,0.983,0.0499,17,75.45,2026-04-30T04:36:50.726872
SPERF-00002268,SUP-0076,6,2024,33,32,0.974,0.914,0.0011,54,95.68,2026-04-30T04:36:50.726872
SPERF-00002269,SUP-0076,7,2024,69,62,0.901,0.801,0.02,43,84.08,2026-04-30T04:36:50.726872
SPERF-00002270,SUP-0076,8,2024,13,11,0.92,0.8,0.037,45,80.55,2026-04-30T04:36:50.726872
SPERF-00002271,SUP-0076,9,2024,33,24,0.748,0.85,0.0229,16,78.95,2026-04-30T04:36:50.726872
SPERF-00002272,SUP-0076,10,2024,38,36,0.97,0.957,0.0244,11,91.19,2026-04-30T04:36:50.726872
SPERF-00002273,SUP-0076,11,2024,15,10,0.715,0.842,0.0126,37,79.92,2026-04-30T04:36:50.726872
SPERF-00002274,SUP-0076,12,2024,45,34,0.756,0.896,0.0128,55,83.4,2026-04-30T04:36:50.726872
SPERF-00002275,SUP-0076,1,2025,6,5,0.837,0.836,0.035,35,78.99,2026-04-30T04:36:50.726872
SPERF-00002276,SUP-0076,2,2025,47,42,0.896,0.844,0.0326,56,82.23,2026-04-30T04:36:50.726872
SPERF-00002277,SUP-0076,3,2025,10,7,0.718,0.936,0.0336,45,78.08,2026-04-30T04:36:50.726872
SPERF-00002278,SUP-0076,4,2025,15,13,0.922,0.838,0.0235,15,85.34,2026-04-30T04:36:50.726872
SPERF-00002279,SUP-0076,5,2025,9,6,0.745,0.821,0.0086,36,81.38,2026-04-30T04:36:50.726872
SPERF-00002280,SUP-0076,6,2025,39,28,0.726,0.848,0.0146,17,80.07,2026-04-30T04:36:50.726872
SPERF-00002281,SUP-0077,1,2023,32,22,0.716,0.908,0.0383,53,75.84,2026-04-30T04:36:50.726872
SPERF-00002282,SUP-0077,2,2023,39,34,0.876,0.858,0.0454,37,78.72,2026-04-30T04:36:50.726872
SPERF-00002283,SUP-0077,3,2023,38,37,0.986,0.826,0.0176,4,88.95,2026-04-30T04:36:50.726872
SPERF-00002284,SUP-0077,4,2023,71,67,0.951,0.869,0.0397,18,83.53,2026-04-30T04:36:50.726872
SPERF-00002285,SUP-0077,5,2023,19,13,0.714,0.873,0.0484,29,72.02,2026-04-30T04:36:50.726872
SPERF-00002286,SUP-0077,6,2023,51,48,0.96,0.944,0.0477,59,84.52,2026-04-30T04:36:50.726872
SPERF-00002287,SUP-0077,7,2023,27,20,0.756,0.889,0.0487,36,74.18,2026-04-30T04:36:50.726872
SPERF-00002288,SUP-0077,8,2023,64,50,0.792,0.891,0.0078,51,85.92,2026-04-30T04:36:50.726872
SPERF-00002289,SUP-0077,9,2023,74,61,0.833,0.861,0.0217,25,83.03,2026-04-30T04:36:50.726872
SPERF-00002290,SUP-0077,10,2023,30,22,0.757,0.949,0.0127,32,85.32,2026-04-30T04:36:50.726872
SPERF-00002291,SUP-0077,11,2023,64,61,0.96,0.966,0.0149,20,93.49,2026-04-30T04:36:50.726872
SPERF-00002292,SUP-0077,12,2023,48,41,0.87,0.988,0.0342,29,85.83,2026-04-30T04:36:50.726872
SPERF-00002293,SUP-0077,1,2024,45,44,0.986,0.979,0.046,39,87.2,2026-04-30T04:36:50.726872
SPERF-00002294,SUP-0077,2,2024,50,45,0.908,0.975,0.0338,3,86.99,2026-04-30T04:36:50.726872
SPERF-00002295,SUP-0077,3,2024,72,58,0.814,0.985,0.0115,60,89.16,2026-04-30T04:36:50.726872
SPERF-00002296,SUP-0077,4,2024,31,29,0.947,0.821,0.0447,53,80.44,2026-04-30T04:36:50.726872
SPERF-00002297,SUP-0077,5,2024,28,20,0.733,0.856,0.0013,10,83.95,2026-04-30T04:36:50.726872
SPERF-00002298,SUP-0077,6,2024,30,27,0.916,0.956,0.0174,29,90.75,2026-04-30T04:36:50.726872
SPERF-00002299,SUP-0077,7,2024,6,5,0.881,0.862,0.0114,30,87.56,2026-04-30T04:36:50.726872
SPERF-00002300,SUP-0077,8,2024,37,27,0.755,0.886,0.0096,6,83.81,2026-04-30T04:36:50.726872
SPERF-00002301,SUP-0077,9,2024,62,46,0.747,0.807,0.0369,14,73.9,2026-04-30T04:36:50.726872
SPERF-00002302,SUP-0077,10,2024,21,17,0.835,0.931,0.0281,30,83.96,2026-04-30T04:36:50.726872
SPERF-00002303,SUP-0077,11,2024,54,47,0.874,0.868,0.0294,57,82.99,2026-04-30T04:36:50.726872
SPERF-00002304,SUP-0077,12,2024,16,14,0.895,0.984,0.0191,45,90.46,2026-04-30T04:36:50.726872
SPERF-00002305,SUP-0077,1,2025,53,38,0.734,0.864,0.0154,25,80.75,2026-04-30T04:36:50.726872
SPERF-00002306,SUP-0077,2,2025,12,9,0.759,0.954,0.0369,24,79.53,2026-04-30T04:36:50.726872
SPERF-00002307,SUP-0077,3,2025,14,13,0.95,0.818,0.0324,55,83.53,2026-04-30T04:36:50.726872
SPERF-00002308,SUP-0077,4,2025,22,20,0.925,0.924,0.0025,43,93.72,2026-04-30T04:36:50.726872
SPERF-00002309,SUP-0077,5,2025,19,14,0.749,0.948,0.0122,16,85.09,2026-04-30T04:36:50.726872
SPERF-00002310,SUP-0077,6,2025,62,45,0.727,0.821,0.0409,32,72.59,2026-04-30T04:36:50.726872
SPERF-00002311,SUP-0078,1,2023,20,18,0.902,0.988,0.0186,57,91.01,2026-04-30T04:36:50.726872
SPERF-00002312,SUP-0078,2,2023,35,32,0.915,0.812,0.0219,15,84.55,2026-04-30T04:36:50.726872
SPERF-00002313,SUP-0078,3,2023,62,57,0.934,0.973,0.0428,31,85.71,2026-04-30T04:36:50.726872
SPERF-00002314,SUP-0078,4,2023,7,5,0.716,0.884,0.0178,55,80.13,2026-04-30T04:36:50.726872
SPERF-00002315,SUP-0078,5,2023,66,57,0.864,0.951,0.042,60,82.34,2026-04-30T04:36:50.726872
SPERF-00002316,SUP-0078,6,2023,18,13,0.728,0.951,0.0089,39,85.18,2026-04-30T04:36:50.726872
SPERF-00002317,SUP-0078,7,2023,59,48,0.821,0.832,0.0061,29,85.43,2026-04-30T04:36:50.726872
SPERF-00002318,SUP-0078,8,2023,42,41,0.987,0.925,0.0218,32,91.4,2026-04-30T04:36:50.726872
SPERF-00002319,SUP-0078,9,2023,15,12,0.812,0.973,0.0461,4,80.01,2026-04-30T04:36:50.726872
SPERF-00002320,SUP-0078,10,2023,38,35,0.935,0.986,0.009,50,94.66,2026-04-30T04:36:50.726872
SPERF-00002321,SUP-0078,11,2023,44,37,0.849,0.94,0.0089,43,89.64,2026-04-30T04:36:50.726872
SPERF-00002322,SUP-0078,12,2023,58,42,0.739,0.868,0.0341,29,76.41,2026-04-30T04:36:50.726872
SPERF-00002323,SUP-0078,1,2024,39,27,0.711,0.802,0.0114,11,78.66,2026-04-30T04:36:50.726872
SPERF-00002324,SUP-0078,2,2024,23,22,0.962,0.869,0.0258,33,87.44,2026-04-30T04:36:50.726872
SPERF-00002325,SUP-0078,3,2024,23,22,0.974,0.847,0.0287,55,86.43,2026-04-30T04:36:50.726872
SPERF-00002326,SUP-0078,4,2024,39,29,0.745,0.988,0.0056,40,87.98,2026-04-30T04:36:50.726872
SPERF-00002327,SUP-0078,5,2024,63,61,0.979,0.849,0.0074,45,92.03,2026-04-30T04:36:50.726872
SPERF-00002328,SUP-0078,6,2024,13,12,0.935,0.892,0.0206,47,88.47,2026-04-30T04:36:50.726872
SPERF-00002329,SUP-0078,7,2024,33,26,0.796,0.904,0.0113,60,85.66,2026-04-30T04:36:50.726872
SPERF-00002330,SUP-0078,8,2024,21,16,0.793,0.895,0.0088,43,85.84,2026-04-30T04:36:50.726872
SPERF-00002331,SUP-0078,9,2024,18,14,0.803,0.844,0.0051,60,85.39,2026-04-30T04:36:50.726872
SPERF-00002332,SUP-0078,10,2024,23,22,0.969,0.818,0.0151,48,88.61,2026-04-30T04:36:50.726872
SPERF-00002333,SUP-0078,11,2024,57,47,0.832,0.927,0.0286,56,83.57,2026-04-30T04:36:50.726872
SPERF-00002334,SUP-0078,12,2024,63,56,0.893,0.905,0.0109,28,89.67,2026-04-30T04:36:50.726872
SPERF-00002335,SUP-0078,1,2025,43,42,0.989,0.885,0.0491,26,83.26,2026-04-30T04:36:50.726872
SPERF-00002336,SUP-0078,2,2025,47,45,0.976,0.808,0.0037,3,91.39,2026-04-30T04:36:50.726872
SPERF-00002337,SUP-0078,3,2025,55,49,0.892,0.85,0.0478,45,78.48,2026-04-30T04:36:50.726872
SPERF-00002338,SUP-0078,4,2025,38,34,0.91,0.817,0.0124,31,86.9,2026-04-30T04:36:50.726872
SPERF-00002339,SUP-0078,5,2025,35,30,0.858,0.962,0.0028,28,92.29,2026-04-30T04:36:50.726872
SPERF-00002340,SUP-0078,6,2025,13,10,0.827,0.925,0.0067,51,88.78,2026-04-30T04:36:50.726872
SPERF-00002341,SUP-0079,1,2023,64,48,0.765,0.856,0.0012,42,85.26,2026-04-30T04:36:50.726872
SPERF-00002342,SUP-0079,2,2023,38,28,0.744,0.924,0.0129,47,83.88,2026-04-30T04:36:50.726872
SPERF-00002343,SUP-0079,3,2023,79,67,0.853,0.812,0.0326,9,79.39,2026-04-30T04:36:50.726872
SPERF-00002344,SUP-0079,4,2023,40,31,0.775,0.949,0.0203,18,84.14,2026-04-30T04:36:50.726872
SPERF-00002345,SUP-0079,5,2023,34,24,0.735,0.921,0.0444,46,75.53,2026-04-30T04:36:50.726872
SPERF-00002346,SUP-0079,6,2023,43,37,0.871,0.939,0.0052,14,91.41,2026-04-30T04:36:50.726872
SPERF-00002347,SUP-0079,7,2023,6,4,0.799,0.942,0.0471,54,78.16,2026-04-30T04:36:50.726872
SPERF-00002348,SUP-0079,8,2023,58,53,0.916,0.873,0.0427,23,81.52,2026-04-30T04:36:50.726872
SPERF-00002349,SUP-0079,9,2023,39,37,0.97,0.812,0.0234,55,86.37,2026-04-30T04:36:50.726872
SPERF-00002350,SUP-0079,10,2023,61,50,0.83,0.829,0.0075,3,85.34,2026-04-30T04:36:50.726872
SPERF-00002351,SUP-0079,11,2023,33,29,0.907,0.88,0.0165,18,87.95,2026-04-30T04:36:50.726872
SPERF-00002352,SUP-0079,12,2023,14,10,0.758,0.824,0.0435,22,73.28,2026-04-30T04:36:50.726872
SPERF-00002353,SUP-0079,1,2024,40,33,0.825,0.932,0.0176,24,86.22,2026-04-30T04:36:50.726872
SPERF-00002354,SUP-0079,2,2024,10,7,0.761,0.971,0.004,44,88.42,2026-04-30T04:36:50.726872
SPERF-00002355,SUP-0079,3,2024,67,56,0.842,0.811,0.0099,24,84.59,2026-04-30T04:36:50.726872
SPERF-00002356,SUP-0079,4,2024,54,52,0.977,0.958,0.0161,16,93.58,2026-04-30T04:36:50.726872
SPERF-00002357,SUP-0079,5,2024,76,66,0.881,0.908,0.0388,14,82.32,2026-04-30T04:36:50.726872
SPERF-00002358,SUP-0079,6,2024,7,5,0.766,0.854,0.0189,3,80.81,2026-04-30T04:36:50.726872
SPERF-00002359,SUP-0079,7,2024,29,23,0.822,0.928,0.0013,14,90.03,2026-04-30T04:36:50.726872
SPERF-00002360,SUP-0079,8,2024,54,42,0.789,0.921,0.0318,24,80.84,2026-04-30T04:36:50.726872
SPERF-00002361,SUP-0079,9,2024,23,18,0.81,0.822,0.047,14,74.42,2026-04-30T04:36:50.726872
SPERF-00002362,SUP-0079,10,2024,8,7,0.975,0.901,0.003,50,94.78,2026-04-30T04:36:50.726872
SPERF-00002363,SUP-0079,11,2024,35,31,0.911,0.825,0.0143,19,86.74,2026-04-30T04:36:50.726872
SPERF-00002364,SUP-0079,12,2024,77,55,0.723,0.899,0.0483,44,73.31,2026-04-30T04:36:50.726872
SPERF-00002365,SUP-0079,1,2025,6,5,0.938,0.822,0.0444,6,80.19,2026-04-30T04:36:50.726872
SPERF-00002366,SUP-0079,2,2025,14,12,0.876,0.914,0.014,6,88.53,2026-04-30T04:36:50.726872
SPERF-00002367,SUP-0079,3,2025,75,69,0.931,0.953,0.0495,41,83.22,2026-04-30T04:36:50.726872
SPERF-00002368,SUP-0079,4,2025,67,55,0.832,0.905,0.0158,29,86.0,2026-04-30T04:36:50.726872
SPERF-00002369,SUP-0079,5,2025,71,55,0.787,0.885,0.037,15,78.2,2026-04-30T04:36:50.726872
SPERF-00002370,SUP-0079,6,2025,6,4,0.76,0.833,0.0287,19,77.38,2026-04-30T04:36:50.726872
SPERF-00002371,SUP-0080,1,2023,69,62,0.905,0.825,0.0259,6,83.6,2026-04-30T04:36:50.726872
SPERF-00002372,SUP-0080,2,2023,38,37,0.984,0.9,0.0134,49,92.51,2026-04-30T04:36:50.726872
SPERF-00002373,SUP-0080,3,2023,12,11,0.984,0.847,0.0481,58,81.98,2026-04-30T04:36:50.726872
SPERF-00002374,SUP-0080,4,2023,42,37,0.886,0.819,0.0132,11,85.8,2026-04-30T04:36:50.726872
SPERF-00002375,SUP-0080,5,2023,18,15,0.885,0.805,0.0024,16,87.97,2026-04-30T04:36:50.726872
SPERF-00002376,SUP-0080,6,2023,14,11,0.849,0.99,0.0424,52,83.01,2026-04-30T04:36:50.726872
SPERF-00002377,SUP-0080,7,2023,46,39,0.855,0.964,0.0423,24,82.36,2026-04-30T04:36:50.726872
SPERF-00002378,SUP-0080,8,2023,66,57,0.869,0.917,0.0436,59,80.95,2026-04-30T04:36:50.726872
SPERF-00002379,SUP-0080,9,2023,55,39,0.721,0.978,0.0471,49,76.29,2026-04-30T04:36:50.726872
SPERF-00002380,SUP-0080,10,2023,54,43,0.798,0.836,0.0304,54,78.58,2026-04-30T04:36:50.726872
SPERF-00002381,SUP-0080,11,2023,28,24,0.874,0.959,0.0144,16,89.93,2026-04-30T04:36:50.726872
SPERF-00002382,SUP-0080,12,2023,68,64,0.95,0.845,0.0318,17,84.62,2026-04-30T04:36:50.726872
SPERF-00002383,SUP-0080,1,2024,39,30,0.778,0.856,0.0193,58,81.25,2026-04-30T04:36:50.726872
SPERF-00002384,SUP-0080,2,2024,27,22,0.849,0.802,0.0128,19,83.83,2026-04-30T04:36:50.726872
SPERF-00002385,SUP-0080,3,2024,52,43,0.827,0.972,0.0091,36,89.82,2026-04-30T04:36:50.726872
SPERF-00002386,SUP-0080,4,2024,24,17,0.714,0.88,0.0321,26,76.34,2026-04-30T04:36:50.726872
SPERF-00002387,SUP-0080,5,2024,25,23,0.934,0.955,0.0352,23,86.98,2026-04-30T04:36:50.726872
SPERF-00002388,SUP-0080,6,2024,59,51,0.87,0.89,0.0223,57,85.38,2026-04-30T04:36:50.726872
SPERF-00002389,SUP-0080,7,2024,49,42,0.872,0.952,0.0381,22,83.67,2026-04-30T04:36:50.726872
SPERF-00002390,SUP-0080,8,2024,76,62,0.823,0.87,0.0122,32,85.32,2026-04-30T04:36:50.726872
SPERF-00002391,SUP-0080,9,2024,46,42,0.916,0.939,0.0361,26,85.48,2026-04-30T04:36:50.726872
SPERF-00002392,SUP-0080,10,2024,22,18,0.851,0.811,0.0144,18,83.82,2026-04-30T04:36:50.726872
SPERF-00002393,SUP-0080,11,2024,32,25,0.785,0.954,0.0164,54,85.69,2026-04-30T04:36:50.726872
SPERF-00002394,SUP-0080,12,2024,37,27,0.742,0.84,0.0365,35,74.95,2026-04-30T04:36:50.726872
SPERF-00002395,SUP-0080,1,2025,44,39,0.9,0.806,0.0217,38,83.79,2026-04-30T04:36:50.726872
SPERF-00002396,SUP-0080,2,2025,24,19,0.811,0.824,0.0094,44,83.93,2026-04-30T04:36:50.726872
SPERF-00002397,SUP-0080,3,2025,17,13,0.765,0.87,0.0403,3,75.97,2026-04-30T04:36:50.726872
SPERF-00002398,SUP-0080,4,2025,41,35,0.866,0.813,0.048,38,76.09,2026-04-30T04:36:50.726872
SPERF-00002399,SUP-0080,5,2025,28,21,0.779,0.808,0.0178,35,79.99,2026-04-30T04:36:50.726872
SPERF-00002400,SUP-0080,6,2025,30,28,0.948,0.831,0.0175,34,87.63,2026-04-30T04:36:50.726872
