customer_id,company_name,contact_name,email,phone,address,city,state,zip,country,segment,credit_limit,payment_terms,account_status,created_date,_ingested_at
CUST-000001,Williams LLC,Rebecca Valencia,jason31@deleon-henson.biz,+1-423-322-6025x634,73375 Hoover Well Apt. 303,Murphyland,WI,37086,US,RETAIL,5000,NET60,ACTIVE,2024-04-23,2026-04-30T04:36:50.726872
CUST-000002,"Hicks, Frazier and Anthony",Alexander Wiley,gregory40@carlson.com,(798)816-9340x60883,595 Jennifer Hills,Elizabethmouth,MO,91885,US,RETAIL,10000,NET30,ACTIVE,2023-11-03,2026-04-30T04:36:50.726872
CUST-000003,"Martinez, Fisher and Bentley",Stephanie Gilbert,richard04@clark-floyd.org,+1-757-377-3872x1489,433 Andrew Gardens,Carrland,NH,54822,US,ENTERPRISE,50000,NET15,ACTIVE,2026-03-22,2026-04-30T04:36:50.726872
CUST-000004,Higgins Group,David Douglas Jr.,osbornejeffery@holmes.com,927.488.9579x868,4348 Sims Harbor Suite 143,Matthewside,CO,18637,US,ENTERPRISE,25000,NET60,INACTIVE,2022-08-10,2026-04-30T04:36:50.726872
CUST-000005,Reyes and Sons,Amy Russell,nperry@price-carrillo.com,001-596-670-5466x88937,0656 Mary Crossroad Apt. 699,North Dawnberg,VI,61016,US,ENTERPRISE,250000,NET30,SUSPENDED,2022-11-14,2026-04-30T04:36:50.726872
CUST-000006,Green LLC,Gabriel Juarez,aramirez@conley-ruiz.net,4535100330,1937 Wang Expressway,Port Loriport,CT,76350,US,WHOLESALE,100000,NET60,ACTIVE,2021-07-17,2026-04-30T04:36:50.726872
CUST-000007,Johnston-Odonnell,Todd Gonzalez,curtisbarton@burke.com,(786)951-8506x716,2849 Marshall Views,Marcusbury,MP,11860,US,GOVERNMENT,50000,NET15,INACTIVE,2023-09-12,2026-04-30T04:36:50.726872
CUST-000008,Sanchez-Marshall,Jamie Johnson,hunter35@peterson-beard.com,+1-508-931-3678,0143 Holt Inlet Suite 788,Ronaldside,MA,46613,US,ECOMMERCE,10000,NET15,ACTIVE,2025-03-08,2026-04-30T04:36:50.726872
CUST-000009,Parker-Hall,Emily Newton,jamesrodgers@hardy-bray.net,+1-641-234-3524x082,427 Monique Ports,Taylormouth,MA,24665,US,WHOLESALE,5000,NET15,ACTIVE,2021-10-05,2026-04-30T04:36:50.726872
CUST-000010,Everett-Woods,Jennifer Jones,hernandezlisa@miller-wright.net,001-269-399-3867x74964,341 John Plaza,East Aaronmouth,UT,78333,US,ENTERPRISE,5000,NET60,SUSPENDED,2025-04-27,2026-04-30T04:36:50.726872
CUST-000011,Johnson-Roberts,Scott Jones,sandrafrench@lawrence.com,+1-632-942-1024,4648 Kim Rapid,South Jessicaview,AK,12471,US,ENTERPRISE,10000,COD,ACTIVE,2023-04-10,2026-04-30T04:36:50.726872
CUST-000012,"Huff, Johnston and Sampson",Miss Debra Williams PhD,cstone@white-richards.info,875-965-5125,680 Miller Glen Suite 168,Lake Mollymouth,MT,07605,US,GOVERNMENT,10000,NET15,ACTIVE,2022-12-02,2026-04-30T04:36:50.726872
CUST-000013,"Cox, Avila and Garrett",Christina Dunn,samuel71@dudley.com,001-424-980-8613x171,467 Sanchez Plaza Apt. 639,Port Chad,WI,54888,US,WHOLESALE,250000,PREPAID,SUSPENDED,2024-03-19,2026-04-30T04:36:50.726872
CUST-000014,"Adams, Smith and Barber",Lauren Keller,seanwashington@arnold-daniels.info,233-496-3605x76627,71870 Robert Shoal Apt. 174,Cindyfurt,SD,11028,US,ENTERPRISE,250000,PREPAID,ACTIVE,2024-02-13,2026-04-30T04:36:50.726872
CUST-000015,"Villarreal, James and Stewart",Olivia Brennan,williamsonjimmy@mccall.biz,617-724-0050,2386 George Common Suite 937,East Steven,KS,60737,US,ECOMMERCE,50000,NET15,ACTIVE,2023-07-01,2026-04-30T04:36:50.726872
CUST-000016,"Smith, Ballard and Santana",Brooke Alexander,vanessa46@wright.biz,213.969.5944x0640,95339 Byrd Stravenue Apt. 104,Johnsonstad,VA,17725,US,WHOLESALE,100000,COD,ACTIVE,2022-02-03,2026-04-30T04:36:50.726872
CUST-000017,Murphy-Perry,Richard Walter,alyssa42@sloan-raymond.com,001-651-371-2368x5160,4965 Emily Mountains Apt. 985,Lake Bryan,GU,61353,US,RETAIL,5000,NET60,INACTIVE,2023-11-23,2026-04-30T04:36:50.726872
CUST-000018,"Ortiz, Taylor and Shah",Johnathan Davis,paulwatson@horton.com,(717)796-4053x77351,4317 Elizabeth Row,North Kristinbury,DC,74501,US,WHOLESALE,250000,COD,SUSPENDED,2023-01-26,2026-04-30T04:36:50.726872
CUST-000019,Gallegos PLC,Daniel Kane,kim90@garrison-thomas.com,+1-742-210-2053,0268 Julie Mountains,Stricklandhaven,OR,14794,US,RETAIL,50000,COD,SUSPENDED,2025-03-03,2026-04-30T04:36:50.726872
CUST-000020,"Walker, Gilbert and Acosta",Mary Turner,browntimothy@simmons-rodriguez.info,715-892-1249,8961 Melissa Run Apt. 673,Morganmouth,MO,55025,US,GOVERNMENT,100000,NET15,SUSPENDED,2022-02-18,2026-04-30T04:36:50.726872
CUST-000021,Simmons-Ortega,Christian Leblanc,davischristopher@davis-rodgers.com,+1-809-288-5165,451 Eric Orchard Apt. 158,Dannyview,OK,30144,US,RETAIL,250000,NET30,INACTIVE,2024-12-22,2026-04-30T04:36:50.726872
CUST-000022,"Villegas, Cardenas and Austin",Allison Hickman,anthony44@bell-white.com,001-861-920-1836,54599 Nicole Drives Apt. 901,Scottchester,NM,80071,US,ECOMMERCE,25000,NET15,ACTIVE,2025-01-31,2026-04-30T04:36:50.726872
CUST-000023,Nelson-Fischer,Jeffrey Campbell,trose@walker.com,2349324451,26838 Jones Wall Apt. 607,Port Lawrencechester,OK,53509,US,ENTERPRISE,50000,NET60,ACTIVE,2024-11-16,2026-04-30T04:36:50.726872
CUST-000024,Wilson-Smith,Robert Montgomery,christopher13@chapman-warren.biz,453-552-1818x8355,43292 Gregory Trail,Marshallshire,WV,76453,US,RETAIL,250000,NET15,SUSPENDED,2025-02-21,2026-04-30T04:36:50.726872
CUST-000025,"Glass, Cunningham and Reid",Sharon Burton,scottharrison@turner.net,347-870-0541,807 Marc Mountains Apt. 071,Toniland,NY,85190,US,WHOLESALE,100000,NET30,INACTIVE,2022-10-17,2026-04-30T04:36:50.726872
CUST-000026,Wright Group,Kelly Bishop MD,paul59@mccormick.com,751-386-4492,4629 Kyle Lane,Lisahaven,CO,85176,US,ENTERPRISE,250000,PREPAID,SUSPENDED,2024-12-04,2026-04-30T04:36:50.726872
CUST-000027,"Cox, Cox and White",Travis Tucker,zoemoore@richard-garcia.net,001-980-259-2962x2292,3794 Young Garden Suite 735,Murrayport,WI,50553,US,WHOLESALE,10000,NET15,ACTIVE,2025-08-08,2026-04-30T04:36:50.726872
CUST-000028,"Barnes, Martin and Gonzalez",Shelley Williams,jsawyer@dawson.com,812-247-8261x3750,536 Nicholas Burgs Suite 152,North Justin,MP,62426,US,ECOMMERCE,100000,NET30,SUSPENDED,2022-07-04,2026-04-30T04:36:50.726872
CUST-000029,"Harrison, Gilbert and Bullock",Daniel Hernandez,srodriguez@turner.com,(897)211-7980x89324,96218 Jones Pine Apt. 670,Zavalaview,WA,02629,US,ENTERPRISE,50000,NET30,ACTIVE,2024-05-12,2026-04-30T04:36:50.726872
CUST-000030,Cooper Ltd,Ashley Perkins,dennis58@li-thompson.info,001-772-621-7043x030,740 Justin Wall Apt. 541,Samuelfurt,WA,58138,US,ENTERPRISE,25000,NET60,ACTIVE,2024-08-12,2026-04-30T04:36:50.726872
CUST-000031,Beltran-Crawford,Tim Stone PhD,mmiller@gardner.com,754-947-9627,596 Fowler Turnpike,North Emilyfurt,MN,67752,US,WHOLESALE,100000,NET30,ACTIVE,2022-09-08,2026-04-30T04:36:50.726872
CUST-000032,Thomas PLC,Jessica Martinez,kimberlydiaz@herring-johnson.com,+1-375-257-1928x56543,8681 Hampton Squares,Lewisport,UT,64883,US,GOVERNMENT,5000,PREPAID,ACTIVE,2023-01-10,2026-04-30T04:36:50.726872
CUST-000033,Taylor Inc,Steven Wallace,cochrantammy@contreras-mckinney.net,+1-544-422-5831,0589 Mcdonald Plaza,New Nicole,CA,41040,US,WHOLESALE,250000,COD,SUSPENDED,2024-09-17,2026-04-30T04:36:50.726872
CUST-000034,"Higgins, Fox and Hammond",Angela Compton,coleerin@anderson-calderon.net,+1-792-526-8018x2422,414 Cynthia Plaza Suite 249,New Danielleshire,OR,20711,US,WHOLESALE,25000,PREPAID,SUSPENDED,2022-10-12,2026-04-30T04:36:50.726872
CUST-000035,"Weber, Winters and Morgan",Amanda Shields,williamsdarlene@baker.org,+1-407-984-4736x4710,7359 Larry Stravenue Suite 562,Zacharyville,MD,32186,US,GOVERNMENT,10000,PREPAID,INACTIVE,2025-04-17,2026-04-30T04:36:50.726872
CUST-000036,Adams and Sons,Anthony Dougherty,kwright@peck-griffith.com,001-527-787-7470x16873,47974 Melanie Meadows,West Jessica,WV,53356,US,WHOLESALE,250000,NET15,ACTIVE,2024-06-08,2026-04-30T04:36:50.726872
CUST-000037,Morales PLC,Heidi Roberts,wgordon@ramirez.com,(816)255-8523,25787 Catherine Passage,West Sarah,MD,21800,US,ENTERPRISE,50000,PREPAID,ACTIVE,2024-08-31,2026-04-30T04:36:50.726872
CUST-000038,"Stevenson, Evans and Rogers",Kim Erickson,thomas05@nunez-whitney.org,809-474-9930x9728,91307 Barnes Loop,South Warren,RI,62315,US,RETAIL,10000,NET60,ACTIVE,2021-11-08,2026-04-30T04:36:50.726872
CUST-000039,"Taylor, Clark and Nguyen",Kelly Edwards,stevepatel@gomez.com,+1-773-934-8434x437,441 Huang Locks Suite 240,Stephanieland,MI,58484,US,ENTERPRISE,5000,PREPAID,SUSPENDED,2023-07-04,2026-04-30T04:36:50.726872
CUST-000040,"Mendoza, Harris and Ryan",Melissa Taylor,johnsantiago@perez.com,001-771-620-8267x734,93802 Khan Fall,Port Randyfort,HI,98674,US,WHOLESALE,100000,NET60,ACTIVE,2023-10-15,2026-04-30T04:36:50.726872
CUST-000041,Smith PLC,Tanya Rogers,ihays@snyder.info,531-452-7420x549,8516 Jack Dam Suite 530,Patrickmouth,WV,35496,US,RETAIL,250000,NET30,ACTIVE,2024-02-17,2026-04-30T04:36:50.726872
CUST-000042,Aguilar-Berry,Ian Young,marshallerik@shaw.com,001-714-859-3327x279,339 Alicia Pines Suite 191,Port Amyhaven,ID,75566,US,RETAIL,5000,NET15,ACTIVE,2025-11-21,2026-04-30T04:36:50.726872
CUST-000043,Martin PLC,Michael Love,gdavis@stokes-chavez.net,(279)808-7406x40391,180 Valerie Mountains Apt. 462,Port Darlene,VA,85157,US,ECOMMERCE,10000,NET15,INACTIVE,2024-11-25,2026-04-30T04:36:50.726872
CUST-000044,Haney-Reyes,Susan Bennett,desireebailey@haney.net,(830)504-7868,5243 Antonio Shore,Mendeztown,IA,27512,US,GOVERNMENT,10000,PREPAID,ACTIVE,2021-11-24,2026-04-30T04:36:50.726872
CUST-000045,Wheeler Group,Michele Williams,moralesjimmy@webster.com,643.695.9953x42836,926 Williams Key,Floydmouth,UT,55069,US,ECOMMERCE,100000,COD,ACTIVE,2024-10-18,2026-04-30T04:36:50.726872
CUST-000046,Evans and Sons,Kara Atkinson,meredith27@hart.net,626.834.3517x51830,39837 Molly Isle,Susantown,IL,25407,US,GOVERNMENT,50000,NET60,ACTIVE,2022-04-28,2026-04-30T04:36:50.726872
CUST-000047,"Key, Mendoza and Sanchez",Christine Herman,kimberly67@wong.info,217.653.5560x932,2353 Hudson Gardens Suite 854,Levyfort,NH,22551,US,RETAIL,250000,COD,ACTIVE,2024-04-27,2026-04-30T04:36:50.726872
CUST-000048,Taylor PLC,Thomas Weaver DDS,warrenmary@landry.com,001-906-923-1203x87509,88600 Nichols Heights,New Lisachester,AS,23997,US,GOVERNMENT,50000,COD,INACTIVE,2022-03-27,2026-04-30T04:36:50.726872
CUST-000049,Warren and Sons,Joseph Ochoa,laura15@stevens-sanchez.com,910-816-6687x0021,180 Jason Ways Suite 401,Rachelshire,TN,04813,US,RETAIL,250000,NET30,ACTIVE,2022-11-07,2026-04-30T04:36:50.726872
CUST-000050,Smith-Clark,Robert Nicholson,evansanne@davenport.com,(821)785-0163x1599,477 Michael Lane,Lopezshire,TN,50317,US,GOVERNMENT,250000,NET15,ACTIVE,2022-01-20,2026-04-30T04:36:50.726872
CUST-000051,"Phillips, Wright and Jones",James Bowers,jodistewart@davis.info,(341)221-2678x886,8199 Shields Bridge,Robertland,VA,73840,US,WHOLESALE,10000,NET60,SUSPENDED,2023-05-23,2026-04-30T04:36:50.726872
CUST-000052,"Meyer, Jennings and Jackson",Derrick Thomas,ryanfisher@patton-ward.com,001-879-793-7124x0659,6924 Morrison Square Apt. 752,Novakport,WA,91590,US,GOVERNMENT,10000,COD,ACTIVE,2025-07-02,2026-04-30T04:36:50.726872
CUST-000053,"Casey, Nguyen and Ramirez",Holly Frederick,brittanygardner@saunders.com,341.967.2434x266,688 Stephens Turnpike Suite 891,Port Johnstad,GA,85304,US,ENTERPRISE,50000,NET60,ACTIVE,2021-09-13,2026-04-30T04:36:50.726872
CUST-000054,"Terrell, Byrd and Ross",Tracie Jordan,garciajeffrey@stone.info,(367)398-2507x146,4573 Bailey Court,Bowenmouth,MD,09305,US,GOVERNMENT,100000,NET30,ACTIVE,2023-11-17,2026-04-30T04:36:50.726872
CUST-000055,Patrick Inc,Greg Rodriguez,sarahyang@thompson.info,962.826.6093,33419 Lauren Plain Apt. 553,Wilsonfort,NC,84270,US,ECOMMERCE,5000,NET30,ACTIVE,2023-12-28,2026-04-30T04:36:50.726872
CUST-000056,"Price, Long and Wilson",Jimmy Thompson,samantha91@anderson.com,(428)466-9296x627,2257 Michelle Branch Suite 236,Ortizfort,MT,93580,US,WHOLESALE,50000,COD,ACTIVE,2025-02-05,2026-04-30T04:36:50.726872
CUST-000057,Jackson-Cunningham,Connie Johnson,amandajackson@cunningham-barton.info,+1-281-991-4858,1340 Baker Wall,South Michelleville,WI,31557,US,WHOLESALE,50000,NET30,ACTIVE,2023-02-10,2026-04-30T04:36:50.726872
CUST-000058,"Matthews, Bell and Page",Carol Taylor,lisatrujillo@bell.com,001-444-594-8126x042,536 Thomas Roads,Courtneyfurt,NV,10399,US,GOVERNMENT,5000,COD,ACTIVE,2022-02-12,2026-04-30T04:36:50.726872
CUST-000059,Robertson-Ramirez,Jackie Clements,brandi17@beck.net,(936)737-4545x8929,17012 Bryant Meadow,Lake Regina,FM,85697,US,GOVERNMENT,25000,COD,INACTIVE,2023-11-22,2026-04-30T04:36:50.726872
CUST-000060,Baxter LLC,Isaac Miller,brettgarrett@lyons.com,2372129387,62713 Davis Valley Apt. 155,Derrickberg,SD,89254,US,ECOMMERCE,250000,COD,ACTIVE,2022-07-16,2026-04-30T04:36:50.726872
CUST-000061,Moreno Inc,Carly Bell,courtneyhernandez@jensen-ramos.com,412-519-6565,138 Maxwell Spurs Apt. 438,Lake Peter,SD,07653,US,WHOLESALE,25000,NET60,ACTIVE,2023-05-12,2026-04-30T04:36:50.726872
CUST-000062,Cruz-Allen,Andrea Oneal,hatfieldsarah@hughes.biz,(282)871-0910x430,866 Miller Plain Apt. 414,New Samanthaberg,ND,43328,US,ECOMMERCE,250000,PREPAID,ACTIVE,2024-08-24,2026-04-30T04:36:50.726872
CUST-000063,"Walters, Davenport and Becker",Michael Blair,brianmiller@wilson-salazar.com,721-402-0275x8842,105 Nelson Circles Suite 917,Dixonton,NM,74803,US,ENTERPRISE,5000,NET30,SUSPENDED,2022-09-29,2026-04-30T04:36:50.726872
CUST-000064,Moore-Ayala,Megan Wilson,williamsmichelle@williams.biz,(720)686-3536,518 Harry Unions,South Caseymouth,VI,37503,US,GOVERNMENT,100000,PREPAID,ACTIVE,2023-12-20,2026-04-30T04:36:50.726872
CUST-000065,Miller-Bryant,Eddie Mueller,stevenvargas@cuevas-parsons.net,001-332-506-0385x05064,7024 Bradley Fort,Haynesstad,NH,98529,US,RETAIL,100000,NET30,ACTIVE,2022-01-17,2026-04-30T04:36:50.726872
CUST-000066,"Davis, Anderson and Wilkins",Keith Graham,joelgreen@howe-long.com,774-831-3291x21277,537 Ford Walk,North Ericport,GU,92868,US,RETAIL,100000,NET30,INACTIVE,2021-09-01,2026-04-30T04:36:50.726872
CUST-000067,Huff LLC,Michael Schmitt,rpalmer@green-ewing.com,(478)583-1712x1003,1994 Andrew Circles Apt. 721,Davidmouth,AR,22519,US,WHOLESALE,50000,NET30,SUSPENDED,2026-03-16,2026-04-30T04:36:50.726872
CUST-000068,Underwood-Foster,Michael Thompson,rebekahhill@stephenson-johnson.org,+1-834-576-8701x462,806 Castillo Tunnel,Coopershire,NY,42654,US,WHOLESALE,100000,PREPAID,ACTIVE,2024-08-17,2026-04-30T04:36:50.726872
CUST-000069,White-Flores,Steven Osborne,stokesthomas@wang-key.com,733-448-0396,95590 Meza Port,New Stacy,MP,65018,US,ECOMMERCE,5000,COD,INACTIVE,2025-12-08,2026-04-30T04:36:50.726872
CUST-000070,Thompson-Johnson,Kyle Smith,nsmith@drake.com,700-629-2185x15691,26752 Walker Radial Apt. 644,East Jessica,UT,75583,US,ECOMMERCE,100000,PREPAID,ACTIVE,2024-08-27,2026-04-30T04:36:50.726872
CUST-000071,"Johnson, Guzman and Mccall",Connie Cunningham,vtaylor@young.com,+1-215-870-4331x5410,626 Macias Keys Suite 179,East Shannon,AS,04880,US,ENTERPRISE,10000,NET15,ACTIVE,2023-11-01,2026-04-30T04:36:50.726872
CUST-000072,Flores Inc,Christopher Bennett,paynerachael@morgan.info,001-806-629-6201x533,3106 Hernandez Lake Apt. 614,Gonzaleztown,IL,22892,US,ENTERPRISE,50000,NET60,INACTIVE,2023-10-22,2026-04-30T04:36:50.726872
CUST-000073,Wells Inc,James Burns,christopher86@watson.com,(270)447-7434,58693 Mary Viaduct,Sheppardfort,OK,31387,US,ENTERPRISE,50000,NET15,ACTIVE,2025-05-17,2026-04-30T04:36:50.726872
CUST-000074,Miller-Orr,Kathryn Lester,davidtodd@rush.com,620.761.6329,68685 Stone Well,Port Isabellashire,NC,55498,US,RETAIL,50000,PREPAID,SUSPENDED,2022-04-13,2026-04-30T04:36:50.726872
CUST-000075,Hernandez-Knight,Traci Garcia,hartcraig@dillon-beard.biz,867-299-7024x629,3074 Smith Viaduct Suite 447,Port Jeremyport,WA,58580,US,RETAIL,5000,PREPAID,ACTIVE,2024-01-20,2026-04-30T04:36:50.726872
CUST-000076,Daniel-Jacobs,Jeremy Mcintyre,wfigueroa@camacho.com,548-562-8902,07053 Richardson Mountain,Reidville,TX,04506,US,ECOMMERCE,25000,NET60,ACTIVE,2023-05-20,2026-04-30T04:36:50.726872
CUST-000077,Burns-Griffin,Karen Arnold,frank41@johnson-williams.org,001-233-533-4680x07229,446 York Mount Suite 374,Silvatown,NY,87317,US,RETAIL,10000,NET15,ACTIVE,2024-07-04,2026-04-30T04:36:50.726872
CUST-000078,"Holland, Lynch and Evans",Arthur Mcneil,michelle44@hernandez.com,+1-565-720-7446x660,875 Bruce Ville,West Connor,DC,97614,US,WHOLESALE,50000,PREPAID,INACTIVE,2023-07-11,2026-04-30T04:36:50.726872
CUST-000079,"Stokes, Hines and White",Gabriela Davis,jeffrey46@watson-richards.info,370-899-9173,0223 Ortiz Port Suite 252,South Marvinburgh,MD,83666,US,ENTERPRISE,100000,PREPAID,ACTIVE,2021-10-26,2026-04-30T04:36:50.726872
CUST-000080,Hayes and Sons,Caroline Duran,xglover@anderson.biz,(267)260-0835x0583,54216 Jackson View,West Stacymouth,VA,68696,US,ECOMMERCE,25000,NET30,ACTIVE,2025-10-13,2026-04-30T04:36:50.726872
CUST-000081,Hamilton-Mcdaniel,Zachary Henry,frederickmeadows@smith-walker.com,609.282.1506,100 Robert Light,New Johnnyberg,IL,91621,US,ENTERPRISE,5000,NET30,INACTIVE,2021-05-27,2026-04-30T04:36:50.726872
CUST-000082,Fisher-Garcia,Lisa Haynes,grivas@higgins.com,939.534.8356x4208,3001 Mary Skyway Suite 218,Lake Jenniferview,SD,30799,US,ECOMMERCE,10000,NET15,ACTIVE,2025-03-18,2026-04-30T04:36:50.726872
CUST-000083,Baker-Williams,Shelly Phelps,laurie56@wilson.com,(725)457-9415,6746 Marsh Run,North David,VA,08187,US,ECOMMERCE,10000,NET15,ACTIVE,2022-09-06,2026-04-30T04:36:50.726872
CUST-000084,Perry PLC,Mr. Jeffrey Carr,cheryl27@rodriguez-jenkins.com,345-808-9935,5628 Alexander Estate,Christianburgh,CA,98992,US,ENTERPRISE,100000,COD,ACTIVE,2025-07-04,2026-04-30T04:36:50.726872
CUST-000085,Allen-Cordova,Daniel Schneider,fmontoya@wallace-berry.com,375.617.0166x0880,755 Lisa Vista,Riverafort,VT,86637,US,RETAIL,5000,COD,ACTIVE,2024-05-31,2026-04-30T04:36:50.726872
CUST-000086,"Chavez, Davis and Hopkins",Henry Schultz,amy51@prince.com,001-761-349-3316x373,91779 Tamara Avenue Apt. 869,Glassburgh,UT,76333,US,RETAIL,5000,NET15,ACTIVE,2022-10-20,2026-04-30T04:36:50.726872
CUST-000087,"Ochoa, Garcia and Sandoval",Erica Keith,spetty@hill.com,522.669.8485x833,228 Page Trace Suite 879,Craigside,LA,55864,US,ENTERPRISE,10000,COD,SUSPENDED,2021-06-07,2026-04-30T04:36:50.726872
CUST-000088,"Rodriguez, James and Brown",Derek Floyd,frances20@mueller.com,819.883.8638x406,004 Christine Tunnel Suite 359,Port Jenny,ID,39059,US,GOVERNMENT,100000,NET30,ACTIVE,2025-02-21,2026-04-30T04:36:50.726872
CUST-000089,Lucero Inc,Christopher Palmer,rwilliams@baker.com,372-702-5909x47985,81826 Davis Forges,Lake Martin,MN,38980,US,RETAIL,250000,NET60,SUSPENDED,2023-03-08,2026-04-30T04:36:50.726872
CUST-000090,"Moreno, Barajas and Colon",Mrs. Maureen Griffin,susanfleming@james-hogan.com,(548)740-8588x7704,28801 Ellen Trail,Port Gina,MP,14122,US,RETAIL,25000,PREPAID,SUSPENDED,2023-01-27,2026-04-30T04:36:50.726872
CUST-000091,"Poole, Johns and Figueroa",Robert Jones,andrewlove@miller.com,281-893-4667x665,091 Jaclyn Cliffs,Sarahville,LA,90400,US,WHOLESALE,50000,NET60,ACTIVE,2023-11-21,2026-04-30T04:36:50.726872
CUST-000092,"Miller, Hubbard and Kim",Matthew Wells,derekmyers@phillips.com,8883210099,53682 Jack Ridges Suite 312,Port Karenside,NH,84999,US,ENTERPRISE,25000,NET30,ACTIVE,2025-12-31,2026-04-30T04:36:50.726872
CUST-000093,Roberts Inc,Craig Carpenter,michael31@harvey-mccullough.com,275.794.9299x5562,64525 Ford Knolls,Tonyville,HI,85114,US,WHOLESALE,250000,NET60,INACTIVE,2022-01-08,2026-04-30T04:36:50.726872
CUST-000094,Trevino-Taylor,Deborah Mercado,lunapatricia@welch.org,808.548.8725,78816 Shaw Shore Apt. 928,South Erik,OK,74663,US,RETAIL,25000,PREPAID,ACTIVE,2022-07-27,2026-04-30T04:36:50.726872
CUST-000095,"Dennis, Crosby and Williams",Crystal Baker,bradclark@hughes-hardin.com,4518844989,9184 Kaufman Fork Suite 557,Eatontown,NY,18715,US,ECOMMERCE,250000,NET60,ACTIVE,2025-01-24,2026-04-30T04:36:50.726872
CUST-000096,Hall PLC,Christine Lopez,carolyn13@shepherd-cortez.info,+1-477-239-2603x02992,24286 Natalie Stream,Staceyborough,NV,79999,US,WHOLESALE,10000,COD,ACTIVE,2025-05-02,2026-04-30T04:36:50.726872
CUST-000097,Jackson-Greer,Rebecca Hoover,cindydixon@ramsey.info,+1-891-436-6210x388,79908 Christopher Shoals,New Amber,AL,89441,US,WHOLESALE,250000,NET15,ACTIVE,2024-12-29,2026-04-30T04:36:50.726872
CUST-000098,"Fisher, Golden and Wolfe",Todd Olson,zbell@velez.biz,(647)531-4986,098 April Lane,Lake Linda,MT,47984,US,WHOLESALE,25000,NET60,INACTIVE,2022-03-26,2026-04-30T04:36:50.726872
CUST-000099,Simmons PLC,Scott Henderson,cheryl63@arnold-grant.com,(988)474-4956x213,86589 Eugene Roads,Port Christopherberg,NJ,79176,US,RETAIL,50000,NET30,ACTIVE,2025-01-10,2026-04-30T04:36:50.726872
CUST-000100,Brown and Sons,Lee Ramsey,hmendez@dawson-harper.com,+1-477-203-8430x9883,02146 Caldwell Lodge Apt. 801,New Justinside,PW,76907,US,WHOLESALE,10000,COD,ACTIVE,2024-04-14,2026-04-30T04:36:50.726872
CUST-000101,Richmond-Hill,Cheyenne Spears,greenrichard@hansen.com,918-248-9476x97357,41633 Gutierrez Knoll Apt. 434,South Emilymouth,CA,73187,US,ENTERPRISE,10000,NET60,ACTIVE,2022-11-04,2026-04-30T04:36:50.726872
CUST-000102,Edwards-Robinson,Catherine Reese,victorgonzalez@allen.com,+1-752-711-1790x807,472 Sanders Terrace Apt. 086,Ayerston,NY,46020,US,WHOLESALE,50000,NET15,ACTIVE,2024-09-03,2026-04-30T04:36:50.726872
CUST-000103,"Parsons, Bryant and Martinez",Emily Smith,nicolasgarcia@salazar-green.net,734-779-5527x636,7292 Lisa Stravenue Suite 386,Gonzalezberg,NJ,01777,US,RETAIL,25000,NET15,INACTIVE,2022-10-29,2026-04-30T04:36:50.726872
CUST-000104,Porter-Cowan,Kelly Le,jevans@williams.com,271-875-4558x845,9399 Tiffany Haven,Markhaven,NM,97038,US,ECOMMERCE,50000,PREPAID,ACTIVE,2025-02-15,2026-04-30T04:36:50.726872
CUST-000105,James LLC,Tyler Oneill,robert99@sweeney-jones.com,835-454-4964x75987,23413 Randy Court,South Amytown,WI,52538,US,RETAIL,5000,NET15,ACTIVE,2025-10-12,2026-04-30T04:36:50.726872
CUST-000106,Garcia PLC,Matthew Mcclure,jerome47@martinez.com,+1-955-877-8487x28299,7831 Parker Loop Suite 240,New Lisaberg,MI,38087,US,ECOMMERCE,25000,NET30,ACTIVE,2025-04-25,2026-04-30T04:36:50.726872
CUST-000107,"Smith, Weeks and Arroyo",Adam Jordan,carla08@lopez-khan.biz,(632)666-3416x3894,12241 Williamson Groves Suite 350,North Tara,AK,24872,US,ECOMMERCE,50000,NET15,INACTIVE,2022-03-12,2026-04-30T04:36:50.726872
CUST-000108,Adams-Espinoza,Crystal Hernandez,arobinson@floyd-jimenez.com,505.612.0461x872,13673 James Street Apt. 837,Maldonadoport,MD,21290,US,ENTERPRISE,50000,PREPAID,SUSPENDED,2021-09-07,2026-04-30T04:36:50.726872
CUST-000109,"Pineda, Meyer and King",Christina Clay,teresayoung@nguyen-jackson.com,001-416-730-0979,27195 Brian Rue,Lake Amanda,CT,16993,US,RETAIL,50000,PREPAID,ACTIVE,2025-06-22,2026-04-30T04:36:50.726872
CUST-000110,Stewart PLC,Nicole Trujillo,bquinn@gray.com,678.448.7392x8557,274 Weaver Motorway,Port Danafurt,VA,24819,US,ENTERPRISE,5000,COD,ACTIVE,2021-06-26,2026-04-30T04:36:50.726872
CUST-000111,"Vincent, Parsons and Allen",Mary Ryan,rlee@cannon-moore.com,565-311-8102x20317,678 Williams Forges,North Sarahborough,SD,64910,US,ECOMMERCE,100000,NET60,ACTIVE,2022-01-02,2026-04-30T04:36:50.726872
CUST-000112,Owen-Brown,Teresa Perry,laura09@rice-navarro.com,538-511-3863,861 Craig Squares,Andradeburgh,WY,24145,US,GOVERNMENT,5000,NET15,SUSPENDED,2026-01-01,2026-04-30T04:36:50.726872
CUST-000113,Wagner-Sandoval,Lindsay Mahoney,andrea55@duran-jordan.com,+1-239-283-6845x776,082 Smith Forges Apt. 504,North Benjamin,MI,20962,US,ENTERPRISE,250000,NET30,INACTIVE,2022-07-03,2026-04-30T04:36:50.726872
CUST-000114,Richardson-Perkins,Robert Davis,ncarroll@jones.info,001-891-894-0961x055,90604 Luis Port,West Wayne,IN,20580,US,ENTERPRISE,100000,NET15,INACTIVE,2021-10-02,2026-04-30T04:36:50.726872
CUST-000115,"Dennis, Long and Griffin",Kathy Walker,kristie22@miller-duncan.com,+1-964-516-8622,9389 John Grove Suite 591,Lake Robertstad,MI,25468,US,GOVERNMENT,25000,COD,INACTIVE,2024-01-20,2026-04-30T04:36:50.726872
CUST-000116,Wheeler-Johnson,William Jensen,chanson@glass.com,+1-952-911-0392x40514,3833 Dunn Road,Lake Holly,AK,49863,US,ENTERPRISE,100000,NET60,ACTIVE,2026-04-14,2026-04-30T04:36:50.726872
CUST-000117,"Rose, Scott and Brown",Michael Nelson,apena@price.com,904-363-6815,87800 Sandra Inlet,Tracyburgh,AK,45954,US,GOVERNMENT,250000,COD,INACTIVE,2024-04-26,2026-04-30T04:36:50.726872
CUST-000118,Garrett-Young,Kathryn Cain,natasha08@perez-peterson.biz,+1-721-968-9363x92649,29832 Barker Pine,South Wendy,WI,19526,US,WHOLESALE,100000,PREPAID,ACTIVE,2026-02-16,2026-04-30T04:36:50.726872
CUST-000119,Stewart PLC,Michelle White,jessicacannon@ali-turner.com,(531)522-0994,051 Anderson Vista,Josephstad,HI,51286,US,GOVERNMENT,100000,NET30,ACTIVE,2025-07-03,2026-04-30T04:36:50.726872
CUST-000120,Taylor-Lee,Phillip Smith,stephanie33@jones.org,257.336.6096x5699,0388 Terrell Canyon Suite 803,Scottport,WI,37976,US,ENTERPRISE,10000,COD,SUSPENDED,2025-04-01,2026-04-30T04:36:50.726872
CUST-000121,Henderson PLC,Melissa Mckee,cgallegos@sharp.com,001-398-626-6570x27937,211 Jasmin Roads Suite 186,South Andrea,AZ,22899,US,ECOMMERCE,250000,NET15,ACTIVE,2024-03-05,2026-04-30T04:36:50.726872
CUST-000122,"Savage, Huffman and Martin",Randy Williams,kyle74@white.com,+1-940-977-7809x733,1990 Nicole Harbors Apt. 022,Lake Michaelberg,PR,04751,US,GOVERNMENT,50000,NET60,SUSPENDED,2026-03-30,2026-04-30T04:36:50.726872
CUST-000123,"Evans, Knapp and Williams",Christopher Powers,tammycurry@huynh-davis.com,856-516-8147x21458,019 Timothy Spurs,Ronaldmouth,KS,69365,US,GOVERNMENT,250000,NET60,INACTIVE,2026-03-20,2026-04-30T04:36:50.726872
CUST-000124,"Gomez, Anderson and Hart",Lynn Vasquez,nicolehall@krause-smith.com,513.696.6055x830,44885 Daniel Isle Suite 699,Port Gregorymouth,MP,44795,US,RETAIL,25000,PREPAID,INACTIVE,2025-05-26,2026-04-30T04:36:50.726872
CUST-000125,Robles-Brewer,Mr. Steven Herrera,steven60@evans.net,7398551240,962 Michelle Terrace,Janetmouth,VT,04646,US,ECOMMERCE,25000,NET30,ACTIVE,2023-08-20,2026-04-30T04:36:50.726872
CUST-000126,Miller-Wiley,Ronald Turner,gregory50@gentry.net,7784235784,230 Hughes Way,North Larryton,TX,78395,US,ENTERPRISE,10000,NET60,ACTIVE,2022-01-24,2026-04-30T04:36:50.726872
CUST-000127,Owens-Williams,Mary Edwards,danielle35@lee.net,771-742-2410x98813,49321 Austin Junction Suite 020,Bergerton,CT,50780,US,RETAIL,5000,NET60,ACTIVE,2021-10-13,2026-04-30T04:36:50.726872
CUST-000128,Simmons and Sons,Stephanie Soto,tjensen@roth-marquez.net,979-921-7174,29456 Holly Shores,Kristinamouth,NH,64399,US,ECOMMERCE,5000,COD,ACTIVE,2021-08-01,2026-04-30T04:36:50.726872
CUST-000129,Alvarez LLC,Ryan Campbell,cassandra28@sullivan.com,981-848-7696x39382,3966 Stephens Freeway,Lake Elizabeth,WA,93812,US,ECOMMERCE,10000,COD,ACTIVE,2026-03-17,2026-04-30T04:36:50.726872
CUST-000130,Wilson-Carlson,Brent Wallace,stephanie19@jennings.biz,970-513-2902x27846,549 Sellers Mews,Veronicashire,AL,80650,US,GOVERNMENT,10000,NET60,INACTIVE,2025-08-31,2026-04-30T04:36:50.726872
CUST-000131,Abbott-Phelps,Steven Faulkner,warnerlori@rodriguez-campbell.com,569.465.6666,38656 Keith Well Apt. 201,East Jenniferfort,TN,57744,US,RETAIL,5000,COD,ACTIVE,2022-06-24,2026-04-30T04:36:50.726872
CUST-000132,Taylor Group,Stephanie Dominguez,dhanson@coleman.com,(869)709-7384,97519 Nixon Common,Lake Jessica,PR,98881,US,WHOLESALE,250000,PREPAID,ACTIVE,2023-09-14,2026-04-30T04:36:50.726872
CUST-000133,Black-Mills,Danielle Mccoy,suttonamber@edwards.com,678.679.5654x4209,792 Diana Highway,West Toddberg,NY,10575,US,RETAIL,100000,NET60,ACTIVE,2023-09-09,2026-04-30T04:36:50.726872
CUST-000134,Anderson-Campbell,Alexis Rodriguez,reneestevenson@griffin.com,928.405.1292x7663,504 Brian Mountain,Alvarezfort,WA,99123,US,GOVERNMENT,10000,COD,INACTIVE,2025-11-08,2026-04-30T04:36:50.726872
CUST-000135,James Ltd,Dennis Moreno,zsmith@reyes-stewart.net,+1-801-985-6945x44149,938 Byrd Falls,Amytown,MP,09407,US,ECOMMERCE,100000,PREPAID,ACTIVE,2021-06-05,2026-04-30T04:36:50.726872
CUST-000136,Davis-Garcia,Daniel Campbell,austinharvey@mays.com,+1-611-919-2692x124,746 Scott Tunnel,West Kimberlyfurt,MS,44102,US,GOVERNMENT,100000,PREPAID,ACTIVE,2021-11-01,2026-04-30T04:36:50.726872
CUST-000137,Sosa-Baker,John Mcfarland,fwhite@thomas.com,+1-917-441-0119x470,64256 Zachary Trail,Mendozafurt,PR,95890,US,ECOMMERCE,50000,NET60,INACTIVE,2021-12-02,2026-04-30T04:36:50.726872
CUST-000138,"Perez, Cruz and Norris",Barbara Nichols,mathew46@chen.com,(685)817-4328x063,571 Moss Dam,East Anthonyshire,IA,64625,US,GOVERNMENT,50000,NET15,ACTIVE,2024-08-18,2026-04-30T04:36:50.726872
CUST-000139,Sparks Ltd,Joseph Flowers,blevy@morgan.com,(213)987-8293x1027,20204 Stephen Extension,Port Lisaville,NM,78485,US,ENTERPRISE,100000,COD,INACTIVE,2023-03-15,2026-04-30T04:36:50.726872
CUST-000140,Brock Group,Russell Rojas,rnguyen@gardner.com,001-909-525-1142x62582,19620 Miller Avenue,North Jasmine,OR,37690,US,WHOLESALE,25000,COD,ACTIVE,2024-11-12,2026-04-30T04:36:50.726872
CUST-000141,"Aguirre, Barton and Schwartz",Mark Mills,lallen@holt.org,345-760-8331,3403 Laura Spur,Jimenezburgh,TN,06152,US,ENTERPRISE,10000,NET15,ACTIVE,2021-10-13,2026-04-30T04:36:50.726872
CUST-000142,"Diaz, Clark and King",Stefanie Chavez,yangsara@moore.info,511.337.9956x35315,636 Charles Prairie,Brownchester,FL,28834,US,ENTERPRISE,100000,NET30,ACTIVE,2025-03-12,2026-04-30T04:36:50.726872
CUST-000143,Hughes and Sons,Cory Howard,james20@carroll.info,562.353.4929x298,739 Hood Harbors Apt. 633,Ryanbury,MH,78065,US,WHOLESALE,10000,COD,INACTIVE,2022-08-04,2026-04-30T04:36:50.726872
CUST-000144,"Villanueva, Butler and Williams",Morgan Gordon MD,zmendoza@nicholson.net,001-206-932-5431x07427,62570 Paul Spurs Suite 804,Mullinsside,OK,27652,US,WHOLESALE,250000,NET60,ACTIVE,2022-01-05,2026-04-30T04:36:50.726872
CUST-000145,"Gilmore, Fitzgerald and Brown",Megan Barron,reyessteven@diaz.net,001-518-732-5381x793,8640 Nathan Mission Suite 881,Mckinneyside,MH,38808,US,GOVERNMENT,50000,NET15,SUSPENDED,2025-03-03,2026-04-30T04:36:50.726872
CUST-000146,"Richardson, Nunez and Steele",Sonya Lopez,zmiller@roberts.com,(641)827-2380,5670 Lopez Brooks,Port Stacey,SD,44525,US,GOVERNMENT,50000,NET30,ACTIVE,2024-10-29,2026-04-30T04:36:50.726872
CUST-000147,"Cooper, Lucas and Nguyen",Melissa Wilkinson,kellis@villanueva.com,437-654-0254x729,22310 Andrews Mill,Mikeborough,OH,93186,US,GOVERNMENT,50000,PREPAID,INACTIVE,2021-08-14,2026-04-30T04:36:50.726872
CUST-000148,"Stewart, Cooper and Watson",Carla Turner,sullivanvictor@gould.com,9887547492,702 Kyle Locks,South Michael,MD,07714,US,RETAIL,100000,COD,ACTIVE,2022-12-26,2026-04-30T04:36:50.726872
CUST-000149,"Fox, Harrington and Wang",Bradley Atkinson,daughertypreston@stewart-jacobs.com,+1-356-526-5650x45547,674 Linda Manors Suite 299,East Jaredfort,VI,69353,US,RETAIL,25000,NET15,ACTIVE,2024-03-06,2026-04-30T04:36:50.726872
CUST-000150,Fitzpatrick PLC,Ann Ortiz,robert87@bradley.biz,487-604-9478x7300,714 White Spurs Apt. 014,Gambleland,PA,98223,US,GOVERNMENT,100000,PREPAID,SUSPENDED,2024-05-26,2026-04-30T04:36:50.726872
CUST-000151,"Castillo, Graham and Scott",Valerie Cardenas,william90@martin-brown.com,325.520.4565x044,92855 Nelson Square,Codyshire,MI,19338,US,WHOLESALE,50000,NET60,ACTIVE,2021-06-08,2026-04-30T04:36:50.726872
CUST-000152,Holmes LLC,Jennifer Mccall,curtismoore@decker.org,001-788-681-6711x207,79852 Johnson Via Apt. 322,West David,DC,10803,US,GOVERNMENT,50000,NET30,ACTIVE,2024-12-08,2026-04-30T04:36:50.726872
CUST-000153,"Hines, Rodriguez and Smith",Mr. Craig Johnson,harrisonrebekah@jones.com,001-711-793-9325x01249,938 Cory Prairie,New Jayborough,LA,23015,US,ENTERPRISE,250000,COD,INACTIVE,2025-11-22,2026-04-30T04:36:50.726872
CUST-000154,Beltran Inc,Tami York,lrichardson@gonzales.com,(466)938-3615x171,480 Mark Crescent Suite 479,Gloriamouth,IN,73103,US,WHOLESALE,50000,NET60,SUSPENDED,2024-10-15,2026-04-30T04:36:50.726872
CUST-000155,Mercer-Patterson,Stephanie Lang,harry71@kim-barrett.com,526-769-1215,613 Hardy Harbors,Katelynfurt,MI,62868,US,ECOMMERCE,5000,COD,SUSPENDED,2024-10-06,2026-04-30T04:36:50.726872
CUST-000156,Dixon-Hernandez,Bryan Burns,courtneytaylor@rojas.info,+1-902-569-5249x91187,778 Daniels Valleys Apt. 061,Colefurt,NV,60749,US,ECOMMERCE,250000,NET30,ACTIVE,2021-08-18,2026-04-30T04:36:50.726872
CUST-000157,Thompson Ltd,Elizabeth Mccarthy,tjordan@price.info,+1-888-797-7828x06479,0090 Mary Keys Apt. 561,Reedstad,MT,46542,US,GOVERNMENT,10000,COD,ACTIVE,2021-10-21,2026-04-30T04:36:50.726872
CUST-000158,"Sanchez, Young and Collins",Michael Melton,morganandrew@johnson-barrett.biz,001-886-840-7905,171 Matthew Parkway Suite 294,Taraborough,NM,83789,US,RETAIL,25000,COD,ACTIVE,2021-12-19,2026-04-30T04:36:50.726872
CUST-000159,"Lewis, Baker and Evans",Regina Weber,robbinsbelinda@rogers.info,(935)414-8468x53664,829 Lewis View,Adamsside,AS,81034,US,WHOLESALE,50000,NET15,ACTIVE,2025-01-05,2026-04-30T04:36:50.726872
CUST-000160,"Barber, Brown and Gonzalez",David Francis,megan65@walters.com,924-993-6312x3034,0324 Anthony Turnpike Suite 820,Caseyton,VI,11501,US,GOVERNMENT,25000,COD,ACTIVE,2023-12-30,2026-04-30T04:36:50.726872
CUST-000161,"Evans, Brown and Friedman",Megan Blackwell,uhahn@young.net,389-784-7139,636 Drew Extensions Apt. 476,Michelleton,NM,70423,US,RETAIL,50000,NET30,INACTIVE,2024-07-06,2026-04-30T04:36:50.726872
CUST-000162,"Fry, Stewart and Coleman",Tracey Suarez,michaelbaldwin@smith-rasmussen.org,5039486451,64413 Clark Estates Suite 560,Michellefort,NJ,97093,US,ECOMMERCE,5000,NET15,ACTIVE,2024-11-02,2026-04-30T04:36:50.726872
CUST-000163,Love-Mcdowell,Samantha Hale,bellcarrie@rojas.com,+1-527-420-6345x9112,7724 Grace Views Suite 431,Richardsonfurt,FM,49957,US,RETAIL,250000,NET30,ACTIVE,2026-03-06,2026-04-30T04:36:50.726872
CUST-000164,Smith Inc,Maria Sims,mccannjames@christian.org,321-552-9108x677,44762 Gates Rapid,Port Justin,TX,25321,US,WHOLESALE,10000,NET30,SUSPENDED,2024-11-18,2026-04-30T04:36:50.726872
CUST-000165,Ortiz and Sons,William Young,xsolomon@sutton.com,963-766-9411x80053,48964 Lambert Curve,New Harryburgh,NY,65098,US,WHOLESALE,10000,NET60,ACTIVE,2024-03-17,2026-04-30T04:36:50.726872
CUST-000166,Anderson-Stewart,Brenda Wilson,goodvictor@adkins-howe.com,294-585-6257x287,32074 Janice Mews,South Billystad,VT,74013,US,RETAIL,100000,NET60,ACTIVE,2025-06-14,2026-04-30T04:36:50.726872
CUST-000167,Vasquez-Singleton,Becky Davis,henry28@elliott-alvarado.com,001-308-792-6137,1659 Mary Drives,North Stevefort,NH,82860,US,ENTERPRISE,25000,NET60,SUSPENDED,2023-08-13,2026-04-30T04:36:50.726872
CUST-000168,"Barrett, Rivera and Williams",Jody Meza,jasonwilliams@campbell.net,+1-861-864-2361x032,214 Owen Street Suite 925,Port Michaelborough,NM,58886,US,ECOMMERCE,250000,NET30,ACTIVE,2024-08-16,2026-04-30T04:36:50.726872
CUST-000169,Adams-Burke,Jay Richardson,ryansimmons@palmer.com,+1-427-688-1476x1742,649 Andrea Cape,New Rogerville,NH,87120,US,ENTERPRISE,5000,PREPAID,ACTIVE,2026-02-28,2026-04-30T04:36:50.726872
CUST-000170,Kelly-Richards,Alexis Yang,lwhite@williams-butler.com,897-279-4523x21941,1027 Holt Ways,Turnerstad,UT,88817,US,ENTERPRISE,100000,COD,ACTIVE,2024-09-07,2026-04-30T04:36:50.726872
CUST-000171,Miller-Taylor,Robert Horton,micheleclark@thomas.net,414.472.7601,7079 James Port Suite 050,Lake Melaniechester,MT,65473,US,WHOLESALE,5000,PREPAID,INACTIVE,2026-03-31,2026-04-30T04:36:50.726872
CUST-000172,"Simon, Duarte and Johnson",Jose Hardy,dhall@smith.com,+1-967-717-9576x0243,83959 Anderson Hill Suite 657,New Jared,UT,98707,US,WHOLESALE,5000,NET15,INACTIVE,2022-01-21,2026-04-30T04:36:50.726872
CUST-000173,"Webb, Thompson and Moore",Ricky Hahn MD,jasonwilliams@howard.com,+1-922-680-1561x93183,0842 Jasmine Mill Suite 119,Port Annahaven,CT,22396,US,ECOMMERCE,5000,PREPAID,ACTIVE,2022-04-30,2026-04-30T04:36:50.726872
CUST-000174,Bartlett and Sons,Michelle Gill,goconnor@holland.com,437-360-3754,6532 Cobb Dam Suite 667,Sherrymouth,FL,01804,US,ENTERPRISE,100000,COD,INACTIVE,2025-09-22,2026-04-30T04:36:50.726872
CUST-000175,Miller LLC,Raymond Hamilton,qmalone@hernandez.net,966-584-5504x8926,563 Miller Plain Suite 628,Jasonhaven,OH,41428,US,ENTERPRISE,5000,PREPAID,INACTIVE,2025-10-04,2026-04-30T04:36:50.726872
CUST-000176,Sherman-Moore,Robert Vargas,marilyntorres@benitez-rodriguez.com,(748)551-0174x907,4492 Stone Gateway,West Zacharyborough,GU,47853,US,ENTERPRISE,5000,COD,ACTIVE,2025-03-10,2026-04-30T04:36:50.726872
CUST-000177,Thomas Group,Angela Brown,thomasgriffin@rhodes-powell.net,964.497.6776x22827,377 Julie Points,Sandraville,PA,54059,US,RETAIL,50000,NET15,INACTIVE,2022-04-06,2026-04-30T04:36:50.726872
CUST-000178,Wood LLC,Christian Watson,kevin70@thomas.biz,7443327018,7949 Mccullough Tunnel,Alvarezberg,WV,18657,US,GOVERNMENT,250000,NET60,ACTIVE,2025-08-14,2026-04-30T04:36:50.726872
CUST-000179,"Murray, Cole and Cole",Erika Marsh,zhughes@weaver-rubio.info,001-241-520-9481x8139,018 Suzanne Harbor Apt. 397,Port Amandamouth,MO,77688,US,WHOLESALE,250000,PREPAID,INACTIVE,2021-09-15,2026-04-30T04:36:50.726872
CUST-000180,Atkins-Johnson,Jason Heath,patrick11@weaver.com,(741)424-6209,046 Luke Loop,Jonathanville,AR,27050,US,ENTERPRISE,100000,PREPAID,ACTIVE,2023-05-13,2026-04-30T04:36:50.726872
CUST-000181,"Willis, Vasquez and Goodwin",Brian Brown,etran@johnson-schultz.com,589-413-8249x671,238 Ali Point Suite 007,Deniseburgh,AL,08388,US,GOVERNMENT,50000,PREPAID,ACTIVE,2025-06-05,2026-04-30T04:36:50.726872
CUST-000182,Harper-Franco,Gregory Chen,brandon89@turner.com,(684)963-9855,55379 Smith Square Apt. 097,North Emilychester,OH,91791,US,ENTERPRISE,10000,NET30,ACTIVE,2025-06-26,2026-04-30T04:36:50.726872
CUST-000183,Medina-Cobb,Angela Johnson,wchambers@carey-howard.com,001-601-575-3703x04531,5047 Adrian View,Rodriguezview,OK,66079,US,GOVERNMENT,10000,COD,SUSPENDED,2025-07-11,2026-04-30T04:36:50.726872
CUST-000184,Arnold Ltd,Megan Morrison,cameronanderson@anderson.com,843.608.9487x06056,877 Holmes Cape,North Joshua,MT,70285,US,ECOMMERCE,250000,COD,ACTIVE,2025-02-21,2026-04-30T04:36:50.726872
CUST-000185,Smith-Lee,Kenneth Johnson,tiffanycoleman@stark.com,541-710-7609x54317,8319 Duran Road,Rileyland,AR,04871,US,RETAIL,50000,NET15,ACTIVE,2024-07-14,2026-04-30T04:36:50.726872
CUST-000186,Wu-Steele,Amy Lang,turnerconnie@garcia.net,2469619639,6991 Curtis Spring Apt. 785,North Curtis,PA,93994,US,GOVERNMENT,10000,NET15,ACTIVE,2021-11-24,2026-04-30T04:36:50.726872
CUST-000187,"Clarke, Lee and Berry",Dawn Fisher,ilopez@brown.org,(285)449-8227x49545,88065 Tiffany Route,Port Casey,ID,88038,US,ENTERPRISE,25000,PREPAID,INACTIVE,2025-05-16,2026-04-30T04:36:50.726872
CUST-000188,"Holt, Mcdonald and Schwartz",Kylie Rogers,robert21@walter-lozano.info,703.837.9337,2050 Michael Point,East Kellyborough,SC,77268,US,ENTERPRISE,100000,NET30,SUSPENDED,2024-05-21,2026-04-30T04:36:50.726872
CUST-000189,Hester and Sons,Christopher Mcclure,matthewspencer@gonzalez.com,502-761-5347,289 Johns Circles Apt. 223,New Nicholas,MN,42175,US,WHOLESALE,5000,NET60,INACTIVE,2024-12-23,2026-04-30T04:36:50.726872
CUST-000190,"Sanchez, Williams and Jensen",Joseph Clarke,john42@schmitt.com,791.928.6857x8725,4969 Jamie Flats Suite 363,Ronaldfurt,OK,21106,US,GOVERNMENT,50000,PREPAID,ACTIVE,2024-07-04,2026-04-30T04:36:50.726872
CUST-000191,Pierce-Taylor,Jeremy Bell,marshallchristine@hayes-reynolds.com,354.660.2734x1514,11508 Matthew Spring,Johnview,ID,92990,US,GOVERNMENT,250000,COD,ACTIVE,2022-07-01,2026-04-30T04:36:50.726872
CUST-000192,"Singh, Gaines and Smith",Rodney Logan,lbautista@smith.com,(733)537-3898x7751,637 Farrell Burgs Suite 292,Sherrytown,NM,86857,US,RETAIL,5000,NET15,ACTIVE,2024-05-04,2026-04-30T04:36:50.726872
CUST-000193,Perez-Simmons,Pamela Vaughn,mark09@weeks.com,001-899-596-6361,59741 Damon Plaza Apt. 097,East Jamesfurt,LA,27487,US,GOVERNMENT,250000,NET60,ACTIVE,2023-04-23,2026-04-30T04:36:50.726872
CUST-000194,Keller-Jones,Joseph Jackson,hmyers@herrera.com,(932)634-6729x9493,27169 Alicia Port,Stevensshire,AZ,97139,US,ECOMMERCE,25000,COD,SUSPENDED,2022-02-06,2026-04-30T04:36:50.726872
CUST-000195,Lucas-Ellison,Ryan Sparks,zaustin@perry.org,001-667-362-9160x3248,6815 Karina Parkways,Robertburgh,KS,27681,US,ECOMMERCE,25000,COD,INACTIVE,2025-08-18,2026-04-30T04:36:50.726872
CUST-000196,Murray Inc,Megan Murray,julie36@smith.com,277-371-1837x27422,1862 Emily Branch,Ericstad,HI,28900,US,ECOMMERCE,25000,NET15,INACTIVE,2021-08-14,2026-04-30T04:36:50.726872
CUST-000197,"Patel, Ramos and Williams",Kelly Bates,myerskyle@george.biz,001-533-353-3106x00531,206 Lisa Islands,New Jamie,ND,52282,US,GOVERNMENT,25000,NET15,ACTIVE,2024-12-18,2026-04-30T04:36:50.726872
CUST-000198,Hall Inc,Christopher Morales,alexander37@jones.org,(601)336-4971x892,625 Cynthia Spurs Suite 715,New Rhondamouth,MS,67482,US,WHOLESALE,5000,NET60,ACTIVE,2023-04-21,2026-04-30T04:36:50.726872
CUST-000199,"Matthews, Mcneil and Hall",Stephanie Parker,ntodd@brown.info,232-863-0397x5245,35533 Rebecca Shores Apt. 396,Isaiahtown,CA,64941,US,RETAIL,250000,PREPAID,INACTIVE,2021-12-02,2026-04-30T04:36:50.726872
CUST-000200,Williams and Sons,Beth Thompson,joelmiller@mcdonald.biz,(993)344-9734,6277 Wagner Street Suite 270,Simmonsland,WV,39852,US,WHOLESALE,10000,NET60,INACTIVE,2025-11-23,2026-04-30T04:36:50.726872
CUST-000201,Tran and Sons,John Chavez,ehart@cook.info,823.800.8576,7491 Dyer Crossing Suite 923,Kruegerstad,NY,93447,US,GOVERNMENT,25000,PREPAID,SUSPENDED,2025-06-25,2026-04-30T04:36:50.726872
CUST-000202,"Barker, Horton and Curtis",Nancy Allen,dorseymichael@rhodes.com,+1-872-343-9920x116,2644 Willis Street,Goodwinland,CT,83886,US,ECOMMERCE,25000,NET30,ACTIVE,2026-03-13,2026-04-30T04:36:50.726872
CUST-000203,Olsen-Adams,Paul Hale,benitezlisa@davis.biz,964.562.2522x37281,02346 Sims Road,Port Danaland,LA,11734,US,ENTERPRISE,10000,NET15,ACTIVE,2024-07-15,2026-04-30T04:36:50.726872
CUST-000204,Hill LLC,David Washington,smithjoseph@ortega.com,780.869.8477,5535 Gray Centers Suite 510,Harrellfurt,VA,18702,US,ENTERPRISE,5000,PREPAID,ACTIVE,2021-07-17,2026-04-30T04:36:50.726872
CUST-000205,"Martinez, Schmidt and Tapia",Danielle Hayes,qrobertson@smith.com,3507573976,1649 Jennifer Ways Apt. 271,Marisaside,VI,61685,US,ENTERPRISE,5000,NET30,SUSPENDED,2022-10-03,2026-04-30T04:36:50.726872
CUST-000206,Friedman-Olson,Dana Jackson,garciavictoria@martin.biz,001-343-747-1287x15399,686 Jeffrey Crescent Suite 111,Joyborough,WA,15719,US,ENTERPRISE,250000,NET60,INACTIVE,2026-03-13,2026-04-30T04:36:50.726872
CUST-000207,Anderson-Edwards,Norman Collins,melaniewhitney@wise-salinas.com,999.431.6087x52437,09548 Joshua Vista Suite 374,Brownmouth,FL,94448,US,GOVERNMENT,5000,NET30,SUSPENDED,2023-02-12,2026-04-30T04:36:50.726872
CUST-000208,"Michael, Walker and Fitzgerald",Patty Gates,qevans@ritter.biz,467-756-6184x43861,472 Scott Orchard,Phyllisborough,IL,98592,US,ENTERPRISE,50000,COD,ACTIVE,2022-12-27,2026-04-30T04:36:50.726872
CUST-000209,"Curtis, Cox and Chase",Richard Garrison,bclements@skinner.info,(501)285-9626,67492 Parsons Underpass,Port Stevenfurt,KY,83382,US,ENTERPRISE,10000,NET30,ACTIVE,2025-02-09,2026-04-30T04:36:50.726872
CUST-000210,Smith-Wilson,Martin Kerr,andrewberry@mendoza.org,(367)464-9215,068 Brown Villages Apt. 312,North Angela,AS,41696,US,GOVERNMENT,5000,NET30,ACTIVE,2022-05-16,2026-04-30T04:36:50.726872
CUST-000211,Anderson and Sons,Anita Scott,millerdavid@cox-stephens.biz,+1-703-540-8487x29758,030 Donald Walks,East Carrie,IL,78067,US,GOVERNMENT,5000,PREPAID,INACTIVE,2024-05-18,2026-04-30T04:36:50.726872
CUST-000212,Anderson-Dean,David James,ricardomiller@rhodes-bentley.com,+1-431-843-5989,6609 Chris Crossing,Lake Amyland,MA,84410,US,RETAIL,10000,NET60,SUSPENDED,2022-01-30,2026-04-30T04:36:50.726872
CUST-000213,Blankenship-Strickland,Robert Hill,bennetttanya@lynn-patton.com,(684)697-1859,25625 Woods Crossroad,Alberthaven,VT,20881,US,ENTERPRISE,5000,NET60,ACTIVE,2022-05-26,2026-04-30T04:36:50.726872
CUST-000214,Gray Ltd,Thomas Fowler,jasmine39@mann-white.com,384.346.8341x465,312 Christopher Heights,Stokestown,NE,89241,US,ECOMMERCE,50000,PREPAID,SUSPENDED,2025-08-26,2026-04-30T04:36:50.726872
CUST-000215,"Taylor, Jimenez and Jennings",Kim Martinez,jensenrhonda@smith.com,489.309.7283,85067 Jackson Creek Suite 381,Kevinport,KS,28427,US,ECOMMERCE,10000,PREPAID,ACTIVE,2021-05-05,2026-04-30T04:36:50.726872
CUST-000216,"Welch, Long and Leblanc",Tina Robertson,wallspatricia@brown-smith.info,345-410-5265x01673,70243 Foster Hills Suite 628,Danielmouth,TN,58088,US,GOVERNMENT,50000,NET15,SUSPENDED,2022-09-13,2026-04-30T04:36:50.726872
CUST-000217,Gomez Group,Stephen Fletcher,lopezbilly@fisher-rivera.com,(437)741-6787,621 Laura Crossroad Apt. 580,North Erika,MA,56818,US,GOVERNMENT,25000,PREPAID,SUSPENDED,2021-05-23,2026-04-30T04:36:50.726872
CUST-000218,Castillo-Campbell,Jeffrey Williamson,johnwang@gamble-wright.biz,571.389.2392,0432 Smith Flats,Port Brentchester,NC,40667,US,RETAIL,100000,NET30,ACTIVE,2023-04-18,2026-04-30T04:36:50.726872
CUST-000219,Rogers Group,Jeffery Williams,adamsjuan@dawson-wright.com,(300)805-3474,7554 Collin Bridge,West Michael,AS,47868,US,WHOLESALE,25000,NET30,ACTIVE,2025-10-28,2026-04-30T04:36:50.726872
CUST-000220,"Watson, Santos and Clark",Stephen Anderson,williamstanya@roth.com,289-454-7382,8485 West Stravenue,South Carloschester,NC,66544,US,WHOLESALE,10000,PREPAID,ACTIVE,2021-07-05,2026-04-30T04:36:50.726872
CUST-000221,Greene Ltd,Donna Sosa,bauerheather@olsen.net,627-586-8669,29390 Gordon Stravenue,Kevinbury,LA,93333,US,WHOLESALE,5000,COD,ACTIVE,2023-08-11,2026-04-30T04:36:50.726872
CUST-000222,"Wilson, Walker and Ferguson",Mark Mcmahon,sara40@whitney.com,8596551842,05342 Bonilla Plain Apt. 649,Port Scott,MD,35732,US,ECOMMERCE,50000,NET15,ACTIVE,2023-01-22,2026-04-30T04:36:50.726872
CUST-000223,"Soto, Garrison and Foster",Nicholas Hamilton,racheldavis@stevens.com,001-572-340-4226,63761 Jessica Valley,New Coryfurt,AK,14923,US,WHOLESALE,25000,NET15,INACTIVE,2021-06-10,2026-04-30T04:36:50.726872
CUST-000224,"Michael, Anderson and Carrillo",Todd Greene,rosariodaniel@meyers.com,397.224.5723x0848,84186 Aaron Fork,East Ronaldberg,MI,86400,US,GOVERNMENT,5000,NET60,ACTIVE,2023-10-07,2026-04-30T04:36:50.726872
CUST-000225,Dorsey Ltd,Stephen Carson,vasquezvicki@garcia.com,495-815-1092,262 Weber Heights Suite 147,Sarahland,WY,00786,US,ECOMMERCE,250000,NET60,ACTIVE,2022-08-03,2026-04-30T04:36:50.726872
CUST-000226,"Thomas, Hernandez and Griffin",Vanessa Briggs,lanesusan@thomas-morris.com,(765)457-6769,6878 Patel View,South Christopher,VT,55792,US,RETAIL,100000,NET60,INACTIVE,2025-10-22,2026-04-30T04:36:50.726872
CUST-000227,"Frank, Shepherd and Robinson",Isaiah Harris,coxthomas@mccall.com,(324)472-8633x302,065 Jacqueline Shore Apt. 792,East Michaelland,IA,10602,US,WHOLESALE,25000,NET60,ACTIVE,2021-06-06,2026-04-30T04:36:50.726872
CUST-000228,"Guerra, Butler and Cannon",Charles Rose,theodore57@dominguez.com,+1-628-520-6678x498,41862 Richard Centers Apt. 628,Port Heatherfort,MD,86051,US,RETAIL,10000,NET15,SUSPENDED,2024-10-08,2026-04-30T04:36:50.726872
CUST-000229,Martin-Pratt,Chloe Rodriguez,coxkimberly@johnson-campbell.net,213-590-4383,99097 Brandon Course Suite 054,Portermouth,WV,51703,US,ECOMMERCE,25000,COD,ACTIVE,2024-05-08,2026-04-30T04:36:50.726872
CUST-000230,Park Inc,Steven Gordon,andrewflynn@willis-christian.com,(727)911-3322,4596 Pamela Trail,Allenland,FL,74805,US,GOVERNMENT,250000,NET15,INACTIVE,2025-07-22,2026-04-30T04:36:50.726872
CUST-000231,Ballard and Sons,Emily Dillon,portershawn@villa.com,495-351-1274x747,54669 Scott Passage Suite 516,Bakerton,RI,84893,US,GOVERNMENT,25000,PREPAID,SUSPENDED,2021-10-23,2026-04-30T04:36:50.726872
CUST-000232,"Gibbs, Lyons and Castro",Brian Bennett,onash@sawyer-caldwell.com,778.371.1216x636,9737 Joshua Camp Apt. 723,Ashleyfurt,AR,47882,US,GOVERNMENT,50000,NET30,SUSPENDED,2024-12-25,2026-04-30T04:36:50.726872
CUST-000233,Lewis-Lewis,Peter Henderson,cynthia12@hill.com,001-476-583-4201x654,7782 Gomez Square Suite 089,North Jennifer,OR,81308,US,RETAIL,50000,NET15,SUSPENDED,2022-07-22,2026-04-30T04:36:50.726872
CUST-000234,Beck-Colon,Samantha Quinn,hernandezstephen@porter.com,+1-464-880-7279x10336,3390 Cervantes Brook,Peggyhaven,GU,16851,US,ENTERPRISE,5000,NET30,ACTIVE,2025-07-27,2026-04-30T04:36:50.726872
CUST-000235,"Duarte, Gutierrez and Bell",Jessica Dickson,daniel27@brooks-tran.com,+1-366-346-4911,617 Cynthia Parkway,Lake Kellychester,IL,29714,US,ECOMMERCE,100000,NET30,INACTIVE,2025-03-11,2026-04-30T04:36:50.726872
CUST-000236,"James, Gonzalez and Harrison",Walter Sloan,podonnell@mueller.com,744.744.6306x00025,638 Lee Row,Pooleshire,NE,17392,US,ENTERPRISE,100000,NET30,ACTIVE,2024-08-23,2026-04-30T04:36:50.726872
CUST-000237,"Thompson, Strong and Holmes",Brett Owen,welchkristen@rangel.com,311.806.0920,275 John Forges,Jamesbury,VA,50060,US,GOVERNMENT,100000,COD,ACTIVE,2023-07-17,2026-04-30T04:36:50.726872
CUST-000238,"Williams, Miller and Thomas",William Camacho,stevenscaitlin@thomas.com,817-353-6170,136 Preston Roads Suite 224,East Donnaton,DE,45433,US,WHOLESALE,100000,COD,INACTIVE,2024-04-10,2026-04-30T04:36:50.726872
CUST-000239,Cooley-Greene,Joseph Scott,leeanthony@holmes.com,(513)305-2312x447,847 Graham Locks Apt. 423,Suzanneville,OR,77516,US,GOVERNMENT,5000,COD,ACTIVE,2023-12-23,2026-04-30T04:36:50.726872
CUST-000240,Bauer Ltd,Stephen Henderson DDS,cindy96@gonzalez-gomez.com,220.384.9649x856,6253 Jason Landing,Dustinmouth,DE,01763,US,GOVERNMENT,25000,NET15,INACTIVE,2024-01-13,2026-04-30T04:36:50.726872
CUST-000241,"Smith, Murphy and Marshall",Stephanie Hoffman,ncampbell@robinson.com,001-966-255-3307,1172 Garza Freeway Apt. 409,South Justinfurt,AZ,70423,US,RETAIL,10000,NET15,ACTIVE,2025-10-23,2026-04-30T04:36:50.726872
CUST-000242,Rogers Inc,Brandon Lang,joshua56@hawkins.info,+1-206-247-7159x103,56321 Jennifer Valleys,Lisaside,AL,90710,US,GOVERNMENT,25000,COD,SUSPENDED,2021-10-09,2026-04-30T04:36:50.726872
CUST-000243,Ware-Williams,Eric Baker,knelson@silva.com,929-567-1883x97745,4158 Donna Street,Lake Christian,NM,08400,US,RETAIL,50000,NET30,ACTIVE,2023-02-18,2026-04-30T04:36:50.726872
CUST-000244,Santiago Group,Chelsea Garcia,lisagill@garrison.info,+1-528-312-3567x9836,2491 Steven Coves Apt. 307,West Anthony,TN,70085,US,ENTERPRISE,25000,NET30,ACTIVE,2025-03-05,2026-04-30T04:36:50.726872
CUST-000245,Baker-Mcintosh,Jeffrey Hernandez,dromero@nelson-davis.biz,001-863-343-6294x8978,313 Brian Camp,Johnside,CT,36606,US,ECOMMERCE,5000,PREPAID,ACTIVE,2023-04-02,2026-04-30T04:36:50.726872
CUST-000246,"Lyons, Sullivan and Long",Roger Holt,yharris@bailey.org,401-728-9743x2512,07650 Terri Club Apt. 095,Aguilarfort,VI,32942,US,GOVERNMENT,5000,NET60,SUSPENDED,2025-05-06,2026-04-30T04:36:50.726872
CUST-000247,Williams Inc,Wanda Conley,karirowe@torres.com,775.984.7457x054,8026 Donna Divide,Tylerbury,OK,97626,US,ENTERPRISE,100000,COD,INACTIVE,2024-12-27,2026-04-30T04:36:50.726872
CUST-000248,Clark-Davis,Jamie Rodriguez,natalie87@thompson.com,(996)744-3098x5916,07272 Hanson Shores Apt. 474,Port Kennethmouth,AZ,28986,US,GOVERNMENT,5000,NET60,ACTIVE,2023-09-25,2026-04-30T04:36:50.726872
CUST-000249,"Martinez, Freeman and Smith",Roy Williams,michaelcampbell@ortega.com,001-542-836-9143x075,1449 Thompson Mews Suite 923,Derekside,ID,39961,US,ECOMMERCE,10000,NET15,ACTIVE,2023-12-02,2026-04-30T04:36:50.726872
CUST-000250,Evans Ltd,Clifford Patton,hdavis@benson-gordon.com,456.676.6708x061,852 Brown Vista,Martineztown,NH,68397,US,GOVERNMENT,5000,NET30,INACTIVE,2025-03-28,2026-04-30T04:36:50.726872
CUST-000251,Miller LLC,Marie Cook,shortariana@rivera.net,001-903-582-8723x2440,02918 John Cove,Johnsonhaven,NV,51712,US,ECOMMERCE,10000,NET60,ACTIVE,2021-10-18,2026-04-30T04:36:50.726872
CUST-000252,Evans Group,Dr. Sarah Payne,nvillarreal@reynolds.com,(623)628-8377,754 Cruz Union,South Robertchester,FL,04167,US,ECOMMERCE,5000,PREPAID,ACTIVE,2023-09-26,2026-04-30T04:36:50.726872
CUST-000253,Wilson-Price,Amanda Santos,wwilliams@mcdonald.info,402-458-8358x681,957 Joshua Track Suite 617,Estesburgh,OK,93365,US,RETAIL,10000,NET30,ACTIVE,2025-08-21,2026-04-30T04:36:50.726872
CUST-000254,"Fox, Anderson and Nguyen",Hannah Williamson,bjones@moore.info,933-712-6610x94101,51762 James Overpass,Sheltonbury,ID,97776,US,RETAIL,250000,NET60,ACTIVE,2022-09-14,2026-04-30T04:36:50.726872
CUST-000255,Cervantes-Stokes,Kevin Soto,harrislisa@ward.org,+1-915-728-7339,821 Patterson Lane Apt. 912,Craigfort,IN,07248,US,ENTERPRISE,100000,NET15,ACTIVE,2025-12-03,2026-04-30T04:36:50.726872
CUST-000256,Johnson-Nicholson,Ronald Myers,carlos24@ferguson.net,+1-284-769-0819x740,3502 Amy Street Suite 037,Port Stacyton,MI,09776,US,GOVERNMENT,50000,NET60,ACTIVE,2024-11-12,2026-04-30T04:36:50.726872
CUST-000257,"Stevenson, Noble and Clay",Carl Cummings,johnsonwilliam@bell.com,9002389608,2668 Darrell Crest Suite 535,Hullbury,IN,12558,US,ECOMMERCE,10000,COD,ACTIVE,2021-05-30,2026-04-30T04:36:50.726872
CUST-000258,Gutierrez PLC,Wendy Smith,lisajones@gonzales.com,559-934-2967x11148,74584 Alison Grove Suite 881,West Rachelfort,KY,10783,US,ECOMMERCE,100000,NET60,ACTIVE,2023-01-21,2026-04-30T04:36:50.726872
CUST-000259,Skinner PLC,Patrick Clark,jenny20@hale.info,307-204-4964,670 Cruz Cape Apt. 362,Patelport,AZ,71482,US,ENTERPRISE,50000,NET15,SUSPENDED,2024-04-13,2026-04-30T04:36:50.726872
CUST-000260,Kent LLC,Susan Patrick,katherinepeterson@hamilton.com,686-448-7699,3204 Miller Gateway Suite 596,New Joshuaview,TN,33336,US,ENTERPRISE,5000,NET15,INACTIVE,2021-06-06,2026-04-30T04:36:50.726872
CUST-000261,Parker Ltd,Dennis White,asmith@johnson-howard.net,360.991.4985,4472 Crystal Drive,East Dannyton,HI,90212,US,ENTERPRISE,100000,PREPAID,INACTIVE,2025-08-20,2026-04-30T04:36:50.726872
CUST-000262,Riley-Williams,Amy Klein,theresa05@higgins.com,471.281.3359x56164,556 Ruiz Hill Apt. 250,Sarahshire,AK,14425,US,GOVERNMENT,10000,COD,SUSPENDED,2023-02-15,2026-04-30T04:36:50.726872
CUST-000263,Dixon-Norman,Lauren Cooper,nicholasaguilar@barber.com,239-989-8681,4394 Mark Union Suite 375,Lake Johnchester,MN,10946,US,GOVERNMENT,25000,NET15,SUSPENDED,2024-04-26,2026-04-30T04:36:50.726872
CUST-000264,"Wagner, Melendez and Valdez",Joann Barnes,sarasanchez@craig-wade.org,545-451-1668x297,21648 Newton Crossroad Apt. 602,East Zacharyhaven,PW,51371,US,ECOMMERCE,50000,COD,ACTIVE,2024-12-01,2026-04-30T04:36:50.726872
CUST-000265,Anderson-Terry,Edward Rogers,brittany91@williams.info,(776)947-2298x12099,7289 Duffy Court Apt. 475,New Zacharyhaven,OR,67115,US,WHOLESALE,250000,NET60,SUSPENDED,2024-12-14,2026-04-30T04:36:50.726872
CUST-000266,Morris-Flores,Charles Cervantes,russellramirez@edwards.com,377-532-4491x342,90883 Tracy View,West Jamesshire,NE,96457,US,GOVERNMENT,10000,COD,ACTIVE,2025-02-09,2026-04-30T04:36:50.726872
CUST-000267,"Martinez, Chavez and Hardin",Tamara Wilson,fsnyder@kaiser.com,(713)215-2854x781,85380 John Radial Suite 334,Hernandezburgh,VA,65607,US,ENTERPRISE,250000,COD,INACTIVE,2023-09-24,2026-04-30T04:36:50.726872
CUST-000268,Gonzalez Inc,Shannon Curry,hamiltontravis@clark.com,+1-969-835-7824x347,741 Daniel Throughway Suite 675,Lake Roger,HI,61414,US,GOVERNMENT,50000,NET60,ACTIVE,2024-01-14,2026-04-30T04:36:50.726872
CUST-000269,"Wilson, Terry and Bush",Karen Ballard,rburke@johnson.net,960.885.4566,0473 Fields Cape Suite 763,New Jamie,SC,14960,US,RETAIL,10000,PREPAID,SUSPENDED,2024-02-17,2026-04-30T04:36:50.726872
CUST-000270,Jacobs Inc,Alisha Gray,rhonda81@williams.com,+1-563-242-5563,81867 Eric Hollow,East Crystalbury,AZ,36212,US,ENTERPRISE,5000,COD,ACTIVE,2022-05-18,2026-04-30T04:36:50.726872
CUST-000271,Rios-Anderson,Debra Miller,wagnerjade@perry.org,(219)663-9456,3149 Bennett Meadow Apt. 368,Timothyside,NY,32563,US,ECOMMERCE,50000,NET30,INACTIVE,2024-07-30,2026-04-30T04:36:50.726872
CUST-000272,Kaiser Ltd,Jake Payne,chavezbecky@sanders.info,(979)514-5211x823,69789 Brian Park,Robertmouth,MP,20242,US,WHOLESALE,50000,NET60,ACTIVE,2021-08-20,2026-04-30T04:36:50.726872
CUST-000273,Barker-George,Debra Clark,ugardner@young.net,001-911-361-6202x8123,7287 Kaitlyn Plaza,Rossport,DE,57580,US,GOVERNMENT,25000,NET15,SUSPENDED,2023-10-30,2026-04-30T04:36:50.726872
CUST-000274,"Weeks, Rhodes and Mills",Jacqueline Santos,kellycohen@crane.info,935.322.8705x622,3318 Rivera Circle,Wheelerland,MI,83907,US,GOVERNMENT,250000,NET30,ACTIVE,2026-01-30,2026-04-30T04:36:50.726872
CUST-000275,Cooper Inc,Denise Hoover,tsilva@weber-powell.com,+1-483-619-2134,89659 Levy Street,Clarktown,WY,30887,US,ECOMMERCE,50000,NET15,INACTIVE,2023-03-02,2026-04-30T04:36:50.726872
CUST-000276,Noble PLC,Christopher Baxter,christian02@aguirre.com,513.486.6675x48581,268 Henry Turnpike Suite 186,Gregorystad,PR,61590,US,GOVERNMENT,100000,NET30,SUSPENDED,2024-04-07,2026-04-30T04:36:50.726872
CUST-000277,"Coleman, Jensen and Walter",Cheryl Brooks,gonzalezmichael@smith.com,954-880-9404,440 Michelle Mountains,Henryfort,WA,85376,US,RETAIL,10000,NET15,ACTIVE,2025-12-19,2026-04-30T04:36:50.726872
CUST-000278,Johnson Inc,Michelle Thornton,monicaanderson@flowers-wilson.info,+1-705-218-4390x5529,0138 Jessica Corner Apt. 704,Lake William,HI,83771,US,RETAIL,50000,NET30,INACTIVE,2021-05-09,2026-04-30T04:36:50.726872
CUST-000279,Hill-Bell,Keith Horton,fdavis@blair.com,001-602-503-5713,0642 Taylor Island,Perezborough,KY,26613,US,RETAIL,50000,NET60,INACTIVE,2022-10-31,2026-04-30T04:36:50.726872
CUST-000280,Green-Gonzales,Henry Cox,rgallegos@johnson.biz,(689)336-5435,3740 Zachary Roads,South Donald,OR,42836,US,ENTERPRISE,5000,NET30,ACTIVE,2024-06-28,2026-04-30T04:36:50.726872
CUST-000281,"Gray, Chapman and Johnson",Lori Booth,moorethomas@wong-garcia.com,927-582-0797x9966,595 Gregory Hills Apt. 381,Simmonsview,OK,53028,US,RETAIL,25000,NET15,ACTIVE,2021-07-26,2026-04-30T04:36:50.726872
CUST-000282,Hunt LLC,Traci Bender,stephaniebradley@anderson.com,442-557-6270,4123 Samuel Stream,East Gail,PR,49555,US,GOVERNMENT,10000,NET60,SUSPENDED,2021-05-14,2026-04-30T04:36:50.726872
CUST-000283,Moore-Garcia,Jennifer Lewis,dbarnett@sanchez.com,001-526-454-6968x15790,5580 Melendez Rue,East Vincent,AZ,28187,US,GOVERNMENT,100000,NET60,ACTIVE,2023-11-23,2026-04-30T04:36:50.726872
CUST-000284,Davis-Cruz,Chris Collins,ajohnson@martin.net,471-851-6025,76604 Green Roads Apt. 978,Kimberlymouth,PR,70627,US,WHOLESALE,5000,PREPAID,ACTIVE,2024-06-05,2026-04-30T04:36:50.726872
CUST-000285,Floyd Group,Janet Leonard,adamvaughan@lawrence.info,(707)640-1775x09546,424 Butler Mission,Kennethton,PA,15139,US,ECOMMERCE,250000,NET60,ACTIVE,2024-05-12,2026-04-30T04:36:50.726872
CUST-000286,"Johnson, Rodgers and Wright",Brandon Acosta,rjordan@bonilla-barker.com,001-389-770-1550x2916,6024 Mary Meadows Apt. 394,Christinaside,PR,32450,US,ECOMMERCE,10000,NET60,ACTIVE,2021-09-27,2026-04-30T04:36:50.726872
CUST-000287,Berry-Lewis,Denise Barker,joshuapowers@ross.com,(730)562-4479x51330,497 Walters Isle,Alvarezside,AL,45452,US,ENTERPRISE,50000,NET15,INACTIVE,2024-03-22,2026-04-30T04:36:50.726872
CUST-000288,Reed-Wallace,Patrick Clark,emilyscott@guerrero.com,+1-278-451-3854x4577,596 Forbes Brooks,Angelafort,IA,49690,US,RETAIL,50000,NET15,INACTIVE,2025-11-24,2026-04-30T04:36:50.726872
CUST-000289,Gray Inc,Daniel Gay,gregory26@ortiz.org,955-615-8886x367,26408 Hines Shoal Apt. 169,Mccannchester,ID,83917,US,ECOMMERCE,10000,NET30,ACTIVE,2021-07-28,2026-04-30T04:36:50.726872
CUST-000290,"Walker, Lynch and Gordon",Kenneth Ortiz,nguyenjohn@garrett.com,001-796-488-3275x3273,03977 Gabriela Mills Apt. 278,Port Cassandramouth,VI,21376,US,ENTERPRISE,100000,NET15,INACTIVE,2023-05-29,2026-04-30T04:36:50.726872
CUST-000291,Bowen-Jones,Melanie Russell,eatkins@rosario-ware.net,298-707-7046,876 Dale Vista Suite 912,Robertmouth,FL,32360,US,GOVERNMENT,250000,NET15,ACTIVE,2025-06-06,2026-04-30T04:36:50.726872
CUST-000292,Baker LLC,Angela Nolan,wgoodwin@peterson-norris.com,749.749.0228x403,2947 Nunez Drives Apt. 294,Scottbury,AK,28243,US,ENTERPRISE,10000,COD,ACTIVE,2026-04-15,2026-04-30T04:36:50.726872
CUST-000293,Hernandez-Smith,Jordan Berg,kwoods@schneider-matthews.net,585-667-2872x76015,24913 Porter Port,Port Juliehaven,MH,30434,US,RETAIL,10000,COD,SUSPENDED,2023-01-18,2026-04-30T04:36:50.726872
CUST-000294,Beck-Ross,Gary Jones,wallerbrian@mills.com,001-333-472-0948x413,33399 Marshall Plain Apt. 513,Wilsonland,NJ,26374,US,ENTERPRISE,100000,NET15,INACTIVE,2022-03-05,2026-04-30T04:36:50.726872
CUST-000295,"Lawrence, George and Evans",Jeffrey Stein,mwaters@shaffer.com,669-547-2587x844,8847 Tiffany Falls Suite 058,Simpsonburgh,CA,57126,US,ENTERPRISE,5000,COD,ACTIVE,2023-12-01,2026-04-30T04:36:50.726872
CUST-000296,Schaefer Group,Michael Carson,kimberlyhines@parker.com,001-487-414-9392x52362,796 Perez Greens Suite 452,Matthewstad,MP,98177,US,RETAIL,100000,NET30,SUSPENDED,2024-01-03,2026-04-30T04:36:50.726872
CUST-000297,Parker-Elliott,Abigail Case,schmittmichael@proctor.com,001-533-544-5056x658,1132 Sharp Stravenue Suite 067,West Valerie,OR,49655,US,GOVERNMENT,25000,NET60,SUSPENDED,2021-10-30,2026-04-30T04:36:50.726872
CUST-000298,Brown LLC,Jacob Mclean,ruiznicole@nguyen.biz,(529)749-3817,840 Kelsey Cliff Suite 573,West Taylor,NH,47975,US,ENTERPRISE,10000,NET60,SUSPENDED,2024-02-27,2026-04-30T04:36:50.726872
CUST-000299,Byrd Ltd,Larry Cantu,davidjenkins@shaffer-yates.net,9856096085,119 Terri Tunnel Apt. 828,New Sandraborough,WV,10080,US,ENTERPRISE,250000,NET60,INACTIVE,2024-12-27,2026-04-30T04:36:50.726872
CUST-000300,Owens-Preston,Brittany Rivera MD,shawn60@andrews-smith.biz,7039562439,592 Kendra Ford,Huntertown,ND,79396,US,RETAIL,250000,NET30,ACTIVE,2021-08-29,2026-04-30T04:36:50.726872
CUST-000301,Fernandez Inc,Ethan Hall,jamesmartin@hall-gillespie.com,2279160736,3369 Christopher Extensions Apt. 231,Yangstad,WA,42035,US,GOVERNMENT,5000,PREPAID,ACTIVE,2024-11-08,2026-04-30T04:36:50.726872
CUST-000302,Clark Inc,Heather Scott,duffyallen@lara-ross.com,(754)216-4316x704,29028 Donald Mountains,North Caitlynborough,VI,97474,US,WHOLESALE,5000,NET15,ACTIVE,2023-10-26,2026-04-30T04:36:50.726872
CUST-000303,Williamson-Morrow,Christopher Stone,judypatrick@diaz.com,2732465495,70260 Farmer Stravenue Apt. 210,Phyllisland,MT,09194,US,GOVERNMENT,10000,NET60,ACTIVE,2022-04-13,2026-04-30T04:36:50.726872
CUST-000304,Marshall-Perry,Jessica Vincent,collinsterrance@anderson-douglas.com,+1-317-379-3238x223,9133 Lopez Shoals Suite 579,Kathleenberg,MD,55816,US,ECOMMERCE,25000,PREPAID,SUSPENDED,2024-07-06,2026-04-30T04:36:50.726872
CUST-000305,"Thomas, Doyle and Rosales",Rebecca Welch,tiffanysmith@johnson.com,5979753967,714 Rogers Ferry Suite 578,Alvaradomouth,WV,68536,US,ENTERPRISE,10000,NET15,ACTIVE,2023-07-24,2026-04-30T04:36:50.726872
CUST-000306,Casey Group,Traci Martinez,theresagreer@pierce.com,(547)268-1826x832,589 Anna Pines,Port Amandaside,IN,91424,US,ENTERPRISE,250000,NET15,ACTIVE,2025-11-03,2026-04-30T04:36:50.726872
CUST-000307,Brooks Inc,Madison Trevino,meganpotter@fernandez.biz,940.764.6867,401 Erickson Skyway,Jasonland,AR,99482,US,GOVERNMENT,5000,NET60,ACTIVE,2024-10-24,2026-04-30T04:36:50.726872
CUST-000308,Thomas and Sons,Renee Tapia,petermoore@myers-lee.com,934-426-1923,0184 Kelsey Rapid Suite 374,New Juliamouth,FL,09728,US,GOVERNMENT,100000,NET15,ACTIVE,2024-03-24,2026-04-30T04:36:50.726872
CUST-000309,Herring-Williams,Dawn Sims,trichards@glenn.net,219-395-3766,448 Barnes Villages Suite 510,Lake Lindabury,OR,65378,US,GOVERNMENT,5000,NET15,SUSPENDED,2023-03-17,2026-04-30T04:36:50.726872
CUST-000310,"Hamilton, Baker and Osborn",Katherine Obrien,qobrien@williams-rodriguez.com,001-211-735-9966,9806 Caldwell Burg Apt. 920,Coreychester,AS,04220,US,RETAIL,50000,NET15,INACTIVE,2025-03-17,2026-04-30T04:36:50.726872
CUST-000311,Howard-Vega,Vincent Hill,nguyenholly@baker.net,+1-656-352-7155x9835,659 Fowler Throughway,Harrisfort,MI,44672,US,ENTERPRISE,100000,COD,INACTIVE,2025-01-18,2026-04-30T04:36:50.726872
CUST-000312,Fischer-Chung,Brian Perkins,katherine82@montgomery-jones.com,496-842-5856,499 Mario Fork,Mckenziebury,OH,20818,US,ENTERPRISE,5000,NET60,ACTIVE,2023-08-27,2026-04-30T04:36:50.726872
CUST-000313,Simpson Ltd,Mrs. Courtney Wong,dustinphillips@mathews.info,(688)893-6289x69645,3585 Susan Dale Suite 389,North Tina,WY,67013,US,RETAIL,100000,PREPAID,ACTIVE,2025-05-16,2026-04-30T04:36:50.726872
CUST-000314,"Edwards, Aguirre and Munoz",Michelle Newman,stevenandrews@stevens.info,001-761-920-8780,51494 Jennifer Overpass,Padillaberg,MO,28708,US,ECOMMERCE,10000,NET30,INACTIVE,2025-03-03,2026-04-30T04:36:50.726872
CUST-000315,Ryan-Leonard,Kelly Liu,ithomas@matthews.com,001-459-411-9186x233,715 Clinton Lodge,Ballardfurt,UT,62682,US,GOVERNMENT,250000,NET15,INACTIVE,2022-07-03,2026-04-30T04:36:50.726872
CUST-000316,White-Collins,Jeffrey King,lopezrichard@bell.com,271-284-0908x05120,4099 Villarreal Extensions Apt. 972,West Collin,TX,20774,US,GOVERNMENT,5000,NET60,ACTIVE,2024-07-04,2026-04-30T04:36:50.726872
CUST-000317,"Thompson, Alexander and Singleton",Katie Olsen,cjohnson@beasley.com,715-929-8217x3929,1815 Michael Garden Suite 360,Brianfort,AS,86963,US,RETAIL,25000,COD,ACTIVE,2022-03-01,2026-04-30T04:36:50.726872
CUST-000318,"Davis, Pena and Buck",Michaela Boyd,justintaylor@carter.biz,(666)917-0715x8796,080 Stacey Inlet Apt. 508,North Tammyfurt,ID,46607,US,RETAIL,10000,PREPAID,ACTIVE,2025-11-24,2026-04-30T04:36:50.726872
CUST-000319,Colon Ltd,Nancy Warren,williammaldonado@lozano.info,(235)213-7399,14035 Valerie Views Apt. 560,East Carol,RI,88126,US,GOVERNMENT,50000,NET15,INACTIVE,2023-07-10,2026-04-30T04:36:50.726872
CUST-000320,Becker-Mckinney,Emily Bentley,robert06@bennett-kirby.com,001-974-390-6072x31112,524 Mitchell Heights,Melissaview,CT,16151,US,ECOMMERCE,50000,PREPAID,INACTIVE,2024-09-06,2026-04-30T04:36:50.726872
CUST-000321,Clements PLC,Christina Holmes,harrisondaniel@johnson.com,213-569-5727,509 Stacy Junctions,Sandrastad,NH,26800,US,WHOLESALE,50000,NET30,ACTIVE,2021-10-21,2026-04-30T04:36:50.726872
CUST-000322,James-Arroyo,Courtney Burton,diane70@jones-sanchez.net,482-728-5011x6880,21306 Anna Via Suite 913,New Amytown,SD,62947,US,ECOMMERCE,50000,NET15,ACTIVE,2026-03-09,2026-04-30T04:36:50.726872
CUST-000323,"Hughes, Jennings and Hughes",Cynthia Henry,michael77@gibson.com,(642)464-2506,6836 Mary Knoll,South Robert,MT,60870,US,ENTERPRISE,10000,COD,ACTIVE,2025-03-04,2026-04-30T04:36:50.726872
CUST-000324,Farley-Ford,Maurice Anderson,johnmarquez@lee.org,(978)665-4362x718,33582 Giles Meadows Apt. 703,Bradleyburgh,KY,98277,US,WHOLESALE,25000,NET30,INACTIVE,2026-02-12,2026-04-30T04:36:50.726872
CUST-000325,Davidson PLC,Christina Jenkins,vsanchez@farmer.com,+1-798-701-1100x051,234 Michael Island,Alvarezburgh,LA,40247,US,ENTERPRISE,100000,NET15,ACTIVE,2022-03-10,2026-04-30T04:36:50.726872
CUST-000326,"Moore, Gilmore and Martin",Thomas Ortiz,rgraves@charles.com,910.426.7672x095,79551 Jones Dale Suite 621,Lake Malik,VT,11389,US,GOVERNMENT,25000,NET60,ACTIVE,2024-05-05,2026-04-30T04:36:50.726872
CUST-000327,"Terrell, Simpson and Howell",Wendy Diaz,james48@burns.com,+1-234-447-6504x7158,904 Gonzalez Mountains,Priceview,UT,49671,US,GOVERNMENT,5000,NET60,INACTIVE,2024-03-06,2026-04-30T04:36:50.726872
CUST-000328,Pratt-Nash,Jennifer Peterson,jennifer83@campbell-miller.info,+1-515-381-0213x12512,05912 Welch Isle,New Davidberg,ID,98289,US,ECOMMERCE,5000,NET30,ACTIVE,2022-01-06,2026-04-30T04:36:50.726872
CUST-000329,Davis Inc,Rickey Hall,lovepaul@moreno.info,+1-527-649-0728x012,931 Jacob Vista,Katelynbury,GA,52230,US,WHOLESALE,10000,PREPAID,ACTIVE,2023-11-06,2026-04-30T04:36:50.726872
CUST-000330,"Gutierrez, Davidson and Robinson",Gregory Allen,penatammy@campbell-martin.com,375-709-6170,919 Acosta Island Suite 575,Evansfort,MD,72055,US,RETAIL,100000,NET60,SUSPENDED,2022-12-11,2026-04-30T04:36:50.726872
CUST-000331,Matthews Inc,Jennifer Hobbs,sandra67@hayes-thomas.biz,(502)356-2650x62292,7245 Andrew Lock,West Maria,PR,72502,US,WHOLESALE,10000,NET15,ACTIVE,2023-09-08,2026-04-30T04:36:50.726872
CUST-000332,Lee PLC,Jessica Valentine,tonywade@ali-jones.com,001-679-442-3873x670,496 Carol Pines Suite 552,Annettefort,CA,02822,US,ECOMMERCE,5000,NET15,ACTIVE,2025-02-16,2026-04-30T04:36:50.726872
CUST-000333,Butler-Clark,David Wiggins,cynthia74@peterson.com,893-499-3379x70581,87794 Shannon Tunnel Apt. 425,South Johntown,MD,47184,US,WHOLESALE,100000,NET15,ACTIVE,2025-06-06,2026-04-30T04:36:50.726872
CUST-000334,"Thomas, Nelson and Flores",Miss Kimberly Holloway,susanharper@phillips.com,884.336.6044x32400,2768 Brittney Trace Suite 147,Jamesmouth,LA,21852,US,RETAIL,250000,NET30,ACTIVE,2026-04-25,2026-04-30T04:36:50.726872
CUST-000335,Morris Inc,Sean Tran,donald68@fuller.com,(925)390-4599x0802,21823 Karen Knolls,Christophermouth,WV,09620,US,RETAIL,25000,NET60,SUSPENDED,2025-07-07,2026-04-30T04:36:50.726872
CUST-000336,Gardner-Warren,Jennifer Moore,olsenshane@farmer.com,508.500.3700,85566 William Highway,Johnsonchester,OH,09408,US,ENTERPRISE,5000,NET60,ACTIVE,2021-08-31,2026-04-30T04:36:50.726872
CUST-000337,Lawrence and Sons,John Bailey,perkinsmicheal@sanders.net,5946485862,54614 Johnson Rapids Suite 321,South Lindaborough,ID,75239,US,RETAIL,10000,COD,SUSPENDED,2023-11-12,2026-04-30T04:36:50.726872
CUST-000338,"Craig, Tanner and Meyers",Anthony Sims,jay04@robinson.com,976.657.6927,91009 Mercedes Harbor,West Seanshire,GA,13245,US,RETAIL,250000,NET30,ACTIVE,2021-10-12,2026-04-30T04:36:50.726872
CUST-000339,Lewis-Lee,Shawn Jones,tvaldez@roach.com,673-610-7201x137,971 Jason Locks,Johnsonfort,NE,61541,US,GOVERNMENT,25000,PREPAID,SUSPENDED,2024-10-31,2026-04-30T04:36:50.726872
CUST-000340,Dudley PLC,Mary Chung,jennifer73@johnson-nelson.com,270.609.6873,95778 Nathaniel Landing Apt. 556,New Richard,NH,46040,US,RETAIL,50000,PREPAID,ACTIVE,2023-10-24,2026-04-30T04:36:50.726872
CUST-000341,Olsen Group,Jennifer Ali,guzmannicole@middleton-brewer.info,001-882-305-8295x82923,88081 Jonathan Plaza Apt. 357,West Jessicastad,OH,52269,US,ECOMMERCE,5000,PREPAID,ACTIVE,2025-10-10,2026-04-30T04:36:50.726872
CUST-000342,"Weiss, Robinson and Bell",Paul Rodriguez,smoore@moran.com,221.643.6438x1300,21147 Robert Knolls,Smithport,MA,51323,US,GOVERNMENT,250000,NET30,ACTIVE,2024-07-06,2026-04-30T04:36:50.726872
CUST-000343,Torres PLC,Karen Mendez,sheltontiffany@flores-johnson.info,(981)669-9570x6071,31765 Cassandra Mountains,West Kylemouth,IL,80942,US,GOVERNMENT,50000,COD,INACTIVE,2024-10-25,2026-04-30T04:36:50.726872
CUST-000344,Smith and Sons,Megan Johnson,ljones@hill-cunningham.net,+1-704-891-8727x4204,213 Tucker Avenue,Parsonsburgh,WI,49878,US,RETAIL,50000,COD,ACTIVE,2021-09-12,2026-04-30T04:36:50.726872
CUST-000345,White-Peterson,Sarah Perez,hstokes@martin.org,001-307-875-6085,46861 Christopher Wells Suite 768,East David,GA,11822,US,RETAIL,25000,PREPAID,ACTIVE,2026-03-06,2026-04-30T04:36:50.726872
CUST-000346,Ortega Group,Kimberly Grant,yjones@lopez.com,224.326.0508,804 Luis Gardens Suite 337,Mendozaville,HI,51338,US,RETAIL,10000,NET15,SUSPENDED,2026-01-11,2026-04-30T04:36:50.726872
CUST-000347,"Sims, Trevino and Jones",Shannon Thomas,woodsveronica@knight.biz,+1-853-946-0605x6035,279 Lucas Throughway,East Carol,LA,65661,US,ECOMMERCE,100000,NET15,ACTIVE,2021-12-18,2026-04-30T04:36:50.726872
CUST-000348,Greene-Butler,Michele Waters,woodphillip@santos-hatfield.com,489-954-7876x9899,75889 John Grove Suite 498,West Sara,MD,31881,US,ECOMMERCE,100000,NET15,ACTIVE,2026-02-20,2026-04-30T04:36:50.726872
CUST-000349,Bailey LLC,George Lowe,joseph63@zamora.com,458.385.3798,339 White Rue Suite 536,Loveshire,NH,70940,US,ECOMMERCE,100000,COD,ACTIVE,2024-03-24,2026-04-30T04:36:50.726872
CUST-000350,Scott Inc,Vincent Li,msmith@reilly-gibson.net,001-948-396-3406,6512 David Trace Apt. 014,New Amandaberg,WY,13069,US,RETAIL,250000,PREPAID,INACTIVE,2024-12-04,2026-04-30T04:36:50.726872
CUST-000351,Williams Ltd,Alexandra Morgan,justin33@montgomery.com,+1-453-820-8953,902 Ashley Ridges,Lisaville,CT,32770,US,WHOLESALE,50000,COD,ACTIVE,2024-10-12,2026-04-30T04:36:50.726872
CUST-000352,Allen PLC,Christopher Robinson,smithemily@riley-greene.biz,233.611.6772x696,768 Morris Parks,Masseyborough,MN,19442,US,GOVERNMENT,25000,COD,ACTIVE,2021-12-25,2026-04-30T04:36:50.726872
CUST-000353,"Hood, Vega and Jackson",Daniel Gomez,john43@burke-harrison.com,+1-993-817-0695x56076,4534 Buck Green,Moorebury,PR,77242,US,GOVERNMENT,250000,NET30,ACTIVE,2025-09-21,2026-04-30T04:36:50.726872
CUST-000354,"Schmidt, Gonzalez and Johnson",Anthony Perez,christopherdominguez@wright.com,324.526.4236x428,092 Kelley Manors,East Andre,ID,79489,US,GOVERNMENT,25000,NET15,ACTIVE,2021-12-24,2026-04-30T04:36:50.726872
CUST-000355,Mejia LLC,Cassandra Martinez,xtran@white.com,424-580-8806x22072,473 Thompson Creek Apt. 290,South Derekport,NH,69824,US,WHOLESALE,250000,COD,ACTIVE,2025-06-29,2026-04-30T04:36:50.726872
CUST-000356,"Webster, Pierce and Barber",Julie Holland,kristin96@mills-russell.net,620.731.9541x9666,7303 Hampton Terrace,South Michelle,WY,98703,US,RETAIL,5000,NET30,ACTIVE,2022-07-07,2026-04-30T04:36:50.726872
CUST-000357,"Leon, Sanders and Thomas",Stephanie King,dowens@khan-ford.biz,8328145057,458 Williams Ways,Jonesmouth,ID,41178,US,RETAIL,250000,NET15,ACTIVE,2025-08-20,2026-04-30T04:36:50.726872
CUST-000358,Smith Inc,Michael Nelson,hickscrystal@johnson-powell.org,859.254.5089x177,65742 Kathleen Flat,New Patrickfurt,IN,05991,US,ECOMMERCE,5000,PREPAID,SUSPENDED,2021-09-12,2026-04-30T04:36:50.726872
CUST-000359,Smith-Anderson,Cory Lloyd,ronaldcarroll@smith.com,3479137271,574 Welch Islands Apt. 984,East Lisa,NE,63860,US,ECOMMERCE,25000,NET30,ACTIVE,2023-08-22,2026-04-30T04:36:50.726872
CUST-000360,Case-Turner,Wendy Williams,laurie41@peters.com,321.588.5666x954,715 Ryan Via,Moorefort,AK,44250,US,ENTERPRISE,250000,COD,INACTIVE,2024-06-22,2026-04-30T04:36:50.726872
CUST-000361,Parker Group,Katherine Mullen,richardatkinson@sanchez-ballard.com,(295)496-1111,1200 Thompson Dale Suite 559,North Frederickport,MA,13604,US,RETAIL,25000,PREPAID,ACTIVE,2021-08-27,2026-04-30T04:36:50.726872
CUST-000362,"Miller, Williams and Smith",Rachel Prince,lrodriguez@gilbert-fox.org,221-879-4281x7934,277 Lynn Inlet Suite 663,Elizabethborough,IA,60962,US,ENTERPRISE,5000,PREPAID,SUSPENDED,2022-08-04,2026-04-30T04:36:50.726872
CUST-000363,"Moore, Miller and Matthews",Brian Cole,jennifercampbell@watts-riley.info,(361)289-4370x52635,6277 Bowers Wall,Shannonmouth,WA,93219,US,WHOLESALE,10000,COD,ACTIVE,2024-12-01,2026-04-30T04:36:50.726872
CUST-000364,"Edwards, Sexton and Knight",Adrienne Logan,robert75@williams.com,297.343.2600x55955,332 Becker Walks Suite 868,South Kayla,VA,05668,US,RETAIL,25000,PREPAID,ACTIVE,2025-03-12,2026-04-30T04:36:50.726872
CUST-000365,"Garza, Roberts and Shea",Duane Smith,wellsnatalie@sloan-lynch.com,593-274-4039x46408,3606 Susan Unions,Amandaside,MT,02643,US,RETAIL,25000,PREPAID,ACTIVE,2025-08-04,2026-04-30T04:36:50.726872
CUST-000366,"Norton, Bowman and Torres",Amber Zhang,amandatran@wyatt.net,001-452-683-0615x3701,446 Rebecca Ford,West Connor,LA,41066,US,GOVERNMENT,100000,PREPAID,SUSPENDED,2025-12-08,2026-04-30T04:36:50.726872
CUST-000367,"Dunn, Jones and Mcgrath",Sarah Smith,camerontownsend@sanford-wilson.info,418-887-8179x41515,409 Victoria Estates,West Ethan,GU,90879,US,ECOMMERCE,5000,PREPAID,INACTIVE,2025-11-15,2026-04-30T04:36:50.726872
CUST-000368,Mendoza Ltd,Gerald Price,ggarcia@lewis-lee.info,001-591-237-8765x53007,55605 Miller Ville Apt. 988,New Derekfort,OH,72800,US,ENTERPRISE,5000,NET60,ACTIVE,2024-03-22,2026-04-30T04:36:50.726872
CUST-000369,Weber Inc,Margaret Sanchez,gcarter@crosby.com,001-646-624-5618x517,04521 Sarah Rapids Apt. 511,Katrinamouth,FM,16718,US,ENTERPRISE,25000,NET15,ACTIVE,2022-11-17,2026-04-30T04:36:50.726872
CUST-000370,"Lewis, Mcbride and Hall",Ryan Pierce,cainana@berg.com,460-346-1540,017 Taylor Lake,Weaverview,GA,77945,US,WHOLESALE,10000,PREPAID,INACTIVE,2026-02-05,2026-04-30T04:36:50.726872
CUST-000371,Miller and Sons,Thomas Haynes,mccoyandre@daniel.com,001-883-560-8493x7830,84526 Bartlett Heights Suite 391,Scottfort,AL,15523,US,GOVERNMENT,5000,NET60,INACTIVE,2024-10-09,2026-04-30T04:36:50.726872
CUST-000372,"Lee, King and Anderson",Martin Wilson,davidwilliams@mcgee.com,+1-562-934-1903x10615,15566 Ramos Flats,East Paul,ID,87776,US,RETAIL,5000,PREPAID,ACTIVE,2023-05-23,2026-04-30T04:36:50.726872
CUST-000373,Burns-Hill,Aaron Ford,harringtonmartha@ellis.com,(944)726-0781,373 Franco Loaf Suite 273,Conwaytown,WI,31227,US,GOVERNMENT,50000,COD,ACTIVE,2025-06-16,2026-04-30T04:36:50.726872
CUST-000374,Robinson-Fry,Taylor Rodriguez,alexa14@black.com,001-413-944-3899,05869 Smith Fields,North Jessica,VA,56186,US,WHOLESALE,25000,NET15,INACTIVE,2023-06-18,2026-04-30T04:36:50.726872
CUST-000375,"Ballard, Willis and Fuller",Toni Cunningham,cody79@zamora.com,457-538-5736x80119,37681 Erin Plaza Suite 233,West Collin,KS,02034,US,ENTERPRISE,100000,PREPAID,ACTIVE,2026-04-28,2026-04-30T04:36:50.726872
CUST-000376,Martinez-Ramirez,Joanna Clark,sandra91@trujillo.net,001-330-574-8207x3651,65578 Anthony Court Apt. 432,East Joan,VA,24014,US,RETAIL,10000,NET60,SUSPENDED,2022-12-28,2026-04-30T04:36:50.726872
CUST-000377,Gonzalez LLC,Matthew Perez,anthonyswanson@harris.com,+1-362-312-7602x50826,12616 Holly Expressway,Jenniferside,FM,89255,US,RETAIL,250000,NET30,ACTIVE,2025-11-03,2026-04-30T04:36:50.726872
CUST-000378,"Nolan, Stark and Joyce",Brooke Osborn,stephaniecoleman@copeland.org,303.464.6871,81876 Brian Falls,Port David,PW,07153,US,GOVERNMENT,250000,COD,ACTIVE,2025-08-25,2026-04-30T04:36:50.726872
CUST-000379,"Stephens, Jones and Ryan",Joseph Davis,martin22@patterson.com,318.729.7168,45000 Kimberly Spurs Apt. 015,Port Judy,SC,77288,US,ECOMMERCE,50000,COD,ACTIVE,2022-01-05,2026-04-30T04:36:50.726872
CUST-000380,Watts Group,Annette Bowers,brian90@hernandez.com,344.442.1829x98747,8905 Harrison Parkways,Mcdonaldton,PA,06904,US,WHOLESALE,100000,NET30,ACTIVE,2021-05-07,2026-04-30T04:36:50.726872
CUST-000381,"Green, Sanchez and Reed",Isaiah Black,richardhart@gutierrez.net,255.205.4296,63369 Montgomery Turnpike Apt. 982,North Bruce,AS,06659,US,GOVERNMENT,5000,NET15,INACTIVE,2022-05-14,2026-04-30T04:36:50.726872
CUST-000382,King-Rice,Suzanne Rodgers,connie42@fry.net,363.481.6432,428 Russell Estate Apt. 362,Jenniferhaven,NE,28533,US,ECOMMERCE,50000,PREPAID,INACTIVE,2022-03-18,2026-04-30T04:36:50.726872
CUST-000383,Yu-King,Andrew Price,wmoore@todd-cline.com,(263)355-8243,4644 Kelsey Street Apt. 538,Port Toni,MA,95593,US,ENTERPRISE,5000,NET60,ACTIVE,2022-06-20,2026-04-30T04:36:50.726872
CUST-000384,Bishop-Terry,Gina Roberts,kaiserkelly@hendricks.com,384.395.1632,978 Griffith Turnpike,New Brandonborough,IA,78268,US,ECOMMERCE,5000,NET30,ACTIVE,2022-02-07,2026-04-30T04:36:50.726872
CUST-000385,"Shelton, Vasquez and Taylor",Yvonne Williams,ubond@huber.net,256.217.8688x0023,6182 John Lane,Thomasfort,KS,96086,US,ENTERPRISE,10000,NET60,ACTIVE,2023-09-27,2026-04-30T04:36:50.726872
CUST-000386,"Wilson, Hardy and Perry",Marc Lewis,chelsea52@jones.com,889-941-8433,92632 Shelly Rest Apt. 137,Matthewchester,CA,12589,US,ENTERPRISE,25000,NET30,ACTIVE,2023-06-30,2026-04-30T04:36:50.726872
CUST-000387,Dominguez Ltd,Joseph Russell,gallegoscrystal@young-walls.biz,(808)811-2600x30835,62715 Cory Extensions,West Priscilla,MI,07323,US,GOVERNMENT,250000,COD,ACTIVE,2024-12-24,2026-04-30T04:36:50.726872
CUST-000388,"Pierce, Graham and Rodriguez",Karina Hines,christineriggs@roberts-mccarty.com,548.908.7354,0335 Brian Shores,Shannontown,PA,06725,US,WHOLESALE,50000,PREPAID,INACTIVE,2025-08-22,2026-04-30T04:36:50.726872
CUST-000389,Kaiser-Carpenter,Dylan Andrews,espinozashawn@aguilar-martin.org,001-399-669-9648x997,596 Dylan Port,West Andrewhaven,FM,41080,US,WHOLESALE,100000,PREPAID,INACTIVE,2026-03-03,2026-04-30T04:36:50.726872
CUST-000390,"Sparks, Vincent and Ashley",Ashley Combs,kellythomas@powell-castro.com,(690)587-2617x60723,9538 Diane Points,Port Loriport,GU,00903,US,ENTERPRISE,5000,COD,INACTIVE,2024-04-03,2026-04-30T04:36:50.726872
CUST-000391,Clay-Wilson,Michael Bishop,anthony26@hines.com,286-996-5613,23859 Hooper Terrace Apt. 434,Weaverbury,OR,41230,US,RETAIL,50000,NET30,ACTIVE,2025-08-27,2026-04-30T04:36:50.726872
CUST-000392,Garrett-Williams,Tyler Mendoza,aaroncontreras@hamilton.com,7162831139,68094 Kelly Rest,Port Joanton,NH,53950,US,RETAIL,25000,PREPAID,ACTIVE,2022-10-31,2026-04-30T04:36:50.726872
CUST-000393,"Boyd, Wiggins and Avery",Lori Williams,jeffrey44@huang.info,+1-746-220-7266x292,776 Tina Port,Port Kimberlytown,MO,69180,US,ECOMMERCE,50000,COD,ACTIVE,2025-11-11,2026-04-30T04:36:50.726872
CUST-000394,Jones-Lee,David Pineda,michael23@moon-morales.info,+1-417-203-2119,36385 Taylor Plains Suite 613,South Charles,TN,71959,US,RETAIL,50000,NET30,ACTIVE,2023-11-06,2026-04-30T04:36:50.726872
CUST-000395,Baker-Williams,Sharon Morris,michellecarter@dudley.biz,440-937-3416x781,822 Alexis Estates Apt. 798,North Courtney,KS,68583,US,WHOLESALE,100000,COD,INACTIVE,2024-11-23,2026-04-30T04:36:50.726872
CUST-000396,Armstrong LLC,Katherine Simon,bhall@baxter.com,982-285-6053,986 Becker Crest Suite 706,Youngfurt,NC,19708,US,ENTERPRISE,5000,COD,ACTIVE,2021-06-16,2026-04-30T04:36:50.726872
CUST-000397,Duran-Bennett,Matthew Jackson,crystalmurphy@miller.com,3584714692,259 Novak Throughway,New Brittanyview,IA,56856,US,WHOLESALE,50000,PREPAID,ACTIVE,2025-12-07,2026-04-30T04:36:50.726872
CUST-000398,Logan-Parrish,Beth Sellers,lauren93@wilkinson.com,942.249.5988x11457,52386 Myers Flat Apt. 097,Omarland,RI,08821,US,ECOMMERCE,5000,COD,ACTIVE,2025-04-01,2026-04-30T04:36:50.726872
CUST-000399,Bishop-Vasquez,Shannon Andrews,twagner@hood.com,693.270.8580x62350,6957 Anthony Crossing Apt. 482,Melissaview,KS,24428,US,ENTERPRISE,10000,NET15,ACTIVE,2025-10-11,2026-04-30T04:36:50.726872
CUST-000400,Murray-Long,Ronald Carr,daniellewalters@sutton.org,763-438-9156x241,725 Jackson Ports Apt. 693,West Alyssa,WY,90473,US,RETAIL,100000,NET30,SUSPENDED,2024-06-21,2026-04-30T04:36:50.726872
CUST-000401,Walker PLC,Michael Wood,lynntracy@huber-herring.net,309-357-4430x34918,720 Adrienne Squares Suite 934,North Maryborough,MO,40816,US,ECOMMERCE,10000,NET15,ACTIVE,2022-01-28,2026-04-30T04:36:50.726872
CUST-000402,Carter-Rodriguez,Christina Robinson,michaelmercado@alvarez-singleton.net,436-375-0094,05276 Heather Pine Suite 809,Port Timothy,KY,47816,US,WHOLESALE,10000,NET30,ACTIVE,2022-06-06,2026-04-30T04:36:50.726872
CUST-000403,Kirk PLC,Pamela Morales,savannahgrant@butler-sosa.org,767.887.4422x75854,9428 Kevin Ridges Apt. 165,East Sarahtown,FM,05665,US,ENTERPRISE,10000,NET60,SUSPENDED,2021-09-09,2026-04-30T04:36:50.726872
CUST-000404,Solis LLC,Laurie Johns,mullendavid@lloyd.com,405.357.0836,4889 Cruz River Suite 273,Colemouth,VA,38861,US,WHOLESALE,250000,NET30,ACTIVE,2024-11-03,2026-04-30T04:36:50.726872
CUST-000405,Burgess and Sons,Jose Rodgers,samantharoberts@fox.net,623-312-3920,0183 Baker Estate,Lake Angela,MI,03676,US,GOVERNMENT,50000,PREPAID,SUSPENDED,2025-11-08,2026-04-30T04:36:50.726872
CUST-000406,Wang Group,Anita Bryant,rachelcastillo@green-mcpherson.net,+1-947-826-2905x2918,160 Jennifer Crest,Thompsonmouth,TX,28690,US,GOVERNMENT,250000,PREPAID,INACTIVE,2023-01-05,2026-04-30T04:36:50.726872
CUST-000407,Cobb-Chandler,Mary Levy,nguyengerald@moses.biz,(416)559-1438,5398 Luke Inlet,Robertfort,VA,84990,US,ECOMMERCE,25000,NET15,ACTIVE,2025-04-06,2026-04-30T04:36:50.726872
CUST-000408,"Manning, Snyder and Martin",David Smith,jose49@carr-hardy.com,799.570.2927x120,713 Zimmerman Viaduct Suite 298,East Edward,AS,89003,US,GOVERNMENT,5000,COD,ACTIVE,2022-03-01,2026-04-30T04:36:50.726872
CUST-000409,Mcguire Group,Molly Brown,glenware@juarez-burns.info,288.297.5358x52386,44361 Rodriguez Cliff,Maryburgh,IL,95915,US,ENTERPRISE,25000,PREPAID,ACTIVE,2026-03-06,2026-04-30T04:36:50.726872
CUST-000410,Johnson and Sons,Carol Mcintosh,elizabeth14@woods.net,509.930.9671,126 Cynthia Street,North Jared,DE,90519,US,ENTERPRISE,100000,NET30,ACTIVE,2025-03-29,2026-04-30T04:36:50.726872
CUST-000411,Owens-Keller,Larry Reese,wilsonpatrick@anderson.com,590-572-5873,9366 Clark Bridge,South Debra,TN,40014,US,GOVERNMENT,50000,NET30,ACTIVE,2025-10-03,2026-04-30T04:36:50.726872
CUST-000412,Hernandez LLC,Brandon Johnson,igarrett@heath-ray.com,(729)746-2093,03995 Kimberly Prairie Suite 013,Wilsonview,ID,56057,US,ENTERPRISE,25000,NET30,INACTIVE,2024-05-18,2026-04-30T04:36:50.726872
CUST-000413,"Nguyen, Richardson and Parker",Christy Johnson,beasleykimberly@thomas.com,(215)992-7387x40299,6906 David Wall,Amandaville,MA,42370,US,RETAIL,100000,PREPAID,SUSPENDED,2023-07-19,2026-04-30T04:36:50.726872
CUST-000414,Carey Ltd,Adrienne Haynes,antonio01@jensen.info,001-775-764-9157,2347 Derrick Valleys Suite 760,North Angelaville,AS,67895,US,GOVERNMENT,50000,PREPAID,SUSPENDED,2022-05-15,2026-04-30T04:36:50.726872
CUST-000415,Clark Ltd,Kristen Garcia,fhill@martin-black.net,3817571290,1380 Chavez Gateway,South Jennifermouth,CO,06766,US,RETAIL,50000,PREPAID,INACTIVE,2023-10-09,2026-04-30T04:36:50.726872
CUST-000416,Booker-Finley,Curtis Morales Jr.,angelcunningham@bailey.com,566.594.7031x805,74666 Christian Prairie Apt. 832,Smithton,KY,53320,US,WHOLESALE,25000,PREPAID,ACTIVE,2024-11-07,2026-04-30T04:36:50.726872
CUST-000417,Garcia-Hanna,Allison Jones,williamsbrianna@mcdonald.com,001-738-581-9490,2049 Lindsey Hills,Noblefurt,WY,79944,US,ECOMMERCE,10000,NET30,ACTIVE,2025-10-29,2026-04-30T04:36:50.726872
CUST-000418,Fowler-Wong,Kevin Jennings,jreyes@carter.com,(537)540-7794,6238 Aguilar Crescent,Romanland,VT,35118,US,RETAIL,25000,NET30,SUSPENDED,2022-09-24,2026-04-30T04:36:50.726872
CUST-000419,Charles-Sosa,Daniel Williams,iweiss@garcia.com,(904)418-1359,70889 Reilly Pass,Port Loriland,ND,52798,US,WHOLESALE,5000,NET60,INACTIVE,2023-07-15,2026-04-30T04:36:50.726872
CUST-000420,Nichols-Martin,Travis Stephenson,ashleyalexander@brooks.com,4485067571,149 Davis Rue Apt. 287,Laceychester,OH,66651,US,GOVERNMENT,50000,PREPAID,SUSPENDED,2022-08-09,2026-04-30T04:36:50.726872
CUST-000421,Barber-Myers,Meagan Charles,adamsbrianna@reeves.com,001-461-956-0783,883 Sharp Knoll Apt. 796,West Danielle,FM,79766,US,ECOMMERCE,10000,NET15,ACTIVE,2024-11-28,2026-04-30T04:36:50.726872
CUST-000422,"Bowman, Conley and Bennett",Michelle Walls,cjohnson@edwards.net,516-622-5936x48820,839 Nicole Dam Suite 672,Guzmanland,NE,03391,US,ENTERPRISE,50000,COD,ACTIVE,2021-11-12,2026-04-30T04:36:50.726872
CUST-000423,Evans and Sons,Mrs. Stephanie Gamble MD,yolandamarks@russell.biz,3528304588,025 Christensen Park Apt. 419,South Louiston,VI,25830,US,ECOMMERCE,5000,NET15,ACTIVE,2023-10-14,2026-04-30T04:36:50.726872
CUST-000424,Johnson-Bradley,Arthur Campos,vmosley@barton.com,+1-389-680-8806x782,4681 Mary Road,South Courtney,KS,72055,US,ENTERPRISE,5000,PREPAID,INACTIVE,2024-11-30,2026-04-30T04:36:50.726872
CUST-000425,"Alvarado, Williamson and Herman",Lauren Horton,gcollins@bradley-barker.com,759-545-0119x29207,051 Thomas Manors Apt. 398,Clarkmouth,IA,54344,US,GOVERNMENT,25000,NET15,INACTIVE,2022-05-24,2026-04-30T04:36:50.726872
CUST-000426,Robertson LLC,Kyle Gray,williamsbrooke@armstrong.org,820-246-6489x667,4204 Henderson Lakes Suite 758,New Shannonport,WI,42304,US,ECOMMERCE,10000,NET15,ACTIVE,2023-03-15,2026-04-30T04:36:50.726872
CUST-000427,Harrington PLC,Carlos Vincent,jonathan66@dickerson.biz,440-316-5995x30062,42767 Collins Dale,Christinafurt,AK,14087,US,ECOMMERCE,250000,NET60,ACTIVE,2021-12-30,2026-04-30T04:36:50.726872
CUST-000428,Campbell Inc,Thomas Christian,amanda86@smith.com,579-386-7782,957 Sarah Groves,Taylorchester,WY,34988,US,ENTERPRISE,250000,COD,ACTIVE,2022-09-20,2026-04-30T04:36:50.726872
CUST-000429,"Burnett, Jones and Cross",Amy Rice,jillwilkerson@perez-reed.org,001-468-307-8525x4824,545 Williams Springs,Scottstad,LA,85987,US,ECOMMERCE,250000,NET30,ACTIVE,2025-04-19,2026-04-30T04:36:50.726872
CUST-000430,Singh-Kane,Angela Taylor,ericmarquez@mitchell-medina.info,+1-891-477-6334x27203,5080 Catherine Loaf,Port Bobby,MA,94185,US,ECOMMERCE,50000,NET15,ACTIVE,2022-12-23,2026-04-30T04:36:50.726872
CUST-000431,Hughes and Sons,Joshua Gallegos,claudia35@ibarra.com,001-718-416-7784x816,4544 Brown Place Apt. 851,Morrisonborough,NV,92851,US,ECOMMERCE,5000,COD,SUSPENDED,2026-01-09,2026-04-30T04:36:50.726872
CUST-000432,Smith Ltd,Susan Barber,john91@herrera.net,+1-648-769-9969x88290,271 Franco Springs Apt. 463,Port Christopherside,WA,50483,US,ENTERPRISE,5000,NET15,ACTIVE,2023-06-22,2026-04-30T04:36:50.726872
CUST-000433,Adams and Sons,Mariah Vargas,adrienneallen@hernandez.net,406.429.3288x0983,10232 Allen Square,Murrayfurt,DE,06439,US,WHOLESALE,10000,NET15,ACTIVE,2021-07-30,2026-04-30T04:36:50.726872
CUST-000434,"Skinner, Carlson and Parrish",Megan Espinoza,smithchristopher@lopez-reyes.com,803-484-5319x8074,4695 Austin Flat,South Maryfurt,PW,24405,US,WHOLESALE,10000,NET60,ACTIVE,2021-05-09,2026-04-30T04:36:50.726872
CUST-000435,Roth-Ramirez,Patrick Gray,riverarebecca@graham.biz,(741)310-6541x13407,949 Williams Ridges Apt. 583,Barnesborough,LA,73109,US,RETAIL,25000,NET30,SUSPENDED,2022-07-10,2026-04-30T04:36:50.726872
CUST-000436,Ferguson-Bradley,Caitlin Lawson,riceamber@peters.info,979.815.0596x25719,932 Sherry Curve,Ibarrastad,NH,83215,US,ECOMMERCE,250000,PREPAID,ACTIVE,2025-10-06,2026-04-30T04:36:50.726872
CUST-000437,"Hansen, Salas and James",Blake Bond,sarah17@rogers-edwards.com,377.441.2746x921,99626 Thompson Divide Suite 589,South Brianview,VA,96368,US,ENTERPRISE,100000,NET60,SUSPENDED,2024-06-10,2026-04-30T04:36:50.726872
CUST-000438,Hendricks-Garcia,Melanie Watson,floreskimberly@smith.com,(557)709-0016,0723 Joshua Way Suite 282,Paigeview,AL,08157,US,GOVERNMENT,10000,NET60,ACTIVE,2022-01-30,2026-04-30T04:36:50.726872
CUST-000439,Meyer-Dougherty,Catherine Barker,iallen@jones-david.net,001-450-971-0580x11950,152 Miller Cape,Jeremymouth,AR,75148,US,ECOMMERCE,10000,COD,ACTIVE,2022-06-26,2026-04-30T04:36:50.726872
CUST-000440,Williams Group,Jeffrey Edwards,smithtimothy@greer.org,585-843-2987x6989,94471 Huff Corners Apt. 734,East Rachelland,AZ,34293,US,GOVERNMENT,25000,NET60,ACTIVE,2024-02-25,2026-04-30T04:36:50.726872
CUST-000441,Hernandez PLC,Jennifer Cohen,mcdonaldkenneth@ward.com,526-680-6486x06739,838 Ponce Island Apt. 646,New Brandon,MA,07457,US,ECOMMERCE,25000,COD,ACTIVE,2025-02-11,2026-04-30T04:36:50.726872
CUST-000442,Mcintosh-Bush,Jerry Rogers,diazrandy@cunningham.com,+1-508-355-1074x091,78619 Douglas Valley,Janetmouth,TX,51496,US,ECOMMERCE,10000,NET15,ACTIVE,2021-10-13,2026-04-30T04:36:50.726872
CUST-000443,"Park, Jackson and Johnson",Jacqueline Hall,holly12@orozco.com,(275)395-0026,53259 Alexander River Suite 074,Port Travismouth,VT,25570,US,WHOLESALE,25000,PREPAID,ACTIVE,2022-06-04,2026-04-30T04:36:50.726872
CUST-000444,Larson-Williams,Patrick Craig,mcintyreelizabeth@williams.com,+1-893-240-3910x45203,18491 Veronica Junction Apt. 855,West Gina,MA,19704,US,GOVERNMENT,25000,COD,SUSPENDED,2021-09-17,2026-04-30T04:36:50.726872
CUST-000445,Hughes-Johnson,John Shepard,schneiderraymond@hahn-stout.net,9186677403,339 Parker Square,Michelletown,AL,51963,US,ECOMMERCE,50000,NET60,ACTIVE,2025-07-01,2026-04-30T04:36:50.726872
CUST-000446,Bennett-Charles,Garrett Robinson,maria17@galloway.com,(262)441-7842,34511 Jo Bypass,Lake Pattychester,MP,89206,US,ECOMMERCE,10000,NET15,ACTIVE,2021-09-20,2026-04-30T04:36:50.726872
CUST-000447,Sanchez-Walsh,Kristi Gutierrez,john21@cruz.com,(990)745-7598,29964 Randall Fort,South Emily,FM,23986,US,GOVERNMENT,25000,PREPAID,ACTIVE,2021-05-25,2026-04-30T04:36:50.726872
CUST-000448,"Thomas, Wood and Meyer",Joel Ford,nealdavid@wilson-owen.com,480.323.6219,189 Sharp Spur Suite 916,Port Danielchester,IL,70694,US,ECOMMERCE,5000,NET15,ACTIVE,2024-06-25,2026-04-30T04:36:50.726872
CUST-000449,Pierce-Miller,Emily Brady,sjackson@james.com,001-405-937-8931x869,454 Diane Passage,East Jennifer,NJ,21801,US,WHOLESALE,25000,COD,SUSPENDED,2021-05-02,2026-04-30T04:36:50.726872
CUST-000450,Thompson and Sons,Kimberly Garrett,derekdougherty@king.com,443.228.1165x9930,30423 David Mill,Howardberg,UT,14032,US,WHOLESALE,50000,NET30,ACTIVE,2023-05-26,2026-04-30T04:36:50.726872
CUST-000451,Robbins-Williams,Bianca Davis,olivia64@gonzalez-fleming.com,(593)477-7569x198,029 Robert Via,South Kennethton,VI,21357,US,GOVERNMENT,25000,NET30,ACTIVE,2026-04-11,2026-04-30T04:36:50.726872
CUST-000452,"Sosa, Robinson and Raymond",David Sanford,carl66@hernandez.com,767-808-0568,0636 Christopher Passage Suite 550,Biancaview,ME,86487,US,RETAIL,50000,PREPAID,ACTIVE,2021-08-19,2026-04-30T04:36:50.726872
CUST-000453,Sanford-Myers,Eric Carrillo,ashleycooper@holland-bennett.info,422.662.6114,2585 Nunez Courts,New Jessicaville,WA,82129,US,WHOLESALE,50000,NET30,ACTIVE,2024-10-16,2026-04-30T04:36:50.726872
CUST-000454,Fowler Ltd,Robert Miller,mbaker@morgan.com,525.305.8333x430,587 Johnson Stravenue,Mitchellmouth,WI,95890,US,WHOLESALE,5000,NET15,ACTIVE,2024-08-23,2026-04-30T04:36:50.726872
CUST-000455,"Elliott, Adams and Rivera",Kevin Jacobson,jennifer53@rasmussen-kim.org,446.769.8616x3421,0809 Schaefer River Suite 815,Port Raymond,FL,42849,US,ENTERPRISE,10000,NET60,ACTIVE,2024-06-25,2026-04-30T04:36:50.726872
CUST-000456,"James, Turner and Griffin",Thomas Smith,derrick59@baker.com,504-289-3326x1454,637 Damon Springs Apt. 081,Bentleystad,PW,22391,US,ENTERPRISE,50000,NET60,INACTIVE,2022-07-14,2026-04-30T04:36:50.726872
CUST-000457,Miller Ltd,Anna Cantu,lucas35@ramirez.net,744.470.1732x086,7729 Ross Islands,Lopezmouth,AL,15112,US,GOVERNMENT,50000,PREPAID,ACTIVE,2023-09-11,2026-04-30T04:36:50.726872
CUST-000458,Brewer Inc,Lori Howard,lisarandolph@johnson.com,+1-980-500-2722x1425,0943 Kayla Forge,Riceland,NM,22059,US,RETAIL,5000,NET15,ACTIVE,2021-08-15,2026-04-30T04:36:50.726872
CUST-000459,Martinez Group,Heather Moore,uthompson@burke.org,001-973-552-5953x3222,992 Justin Walk,Vazquezbury,WY,46905,US,WHOLESALE,100000,PREPAID,SUSPENDED,2023-03-30,2026-04-30T04:36:50.726872
CUST-000460,Perez Group,Gregory Johnson,ddavis@cherry.org,318.723.6010x7126,821 Wade Ville,Leblancview,ND,34353,US,GOVERNMENT,5000,NET15,ACTIVE,2024-09-30,2026-04-30T04:36:50.726872
CUST-000461,Gonzalez-Ramos,Charles Petty,tinahaas@farley.net,4194442589,560 White River,Jasonton,MH,51568,US,ENTERPRISE,5000,NET30,ACTIVE,2023-05-21,2026-04-30T04:36:50.726872
CUST-000462,"Tyler, Mendoza and Lindsey",Matthew Schmidt,randy74@carey.info,+1-853-284-1852x01362,639 Sandoval Lights Apt. 547,West Lucasshire,CA,23344,US,GOVERNMENT,250000,PREPAID,ACTIVE,2021-11-24,2026-04-30T04:36:50.726872
CUST-000463,Miller-Madden,Billy Miranda,mark40@mahoney.org,995.278.7520,42620 Cindy Run,Davisland,FL,40803,US,RETAIL,5000,COD,SUSPENDED,2021-12-12,2026-04-30T04:36:50.726872
CUST-000464,Duncan Ltd,Travis Powell,ksullivan@wells.info,719.922.7607,3394 Darius Course Suite 543,New Emilyshire,SC,44393,US,ECOMMERCE,5000,PREPAID,SUSPENDED,2022-11-14,2026-04-30T04:36:50.726872
CUST-000465,Martinez Inc,Kevin Bell,hamptontom@nelson-campbell.info,870-900-2687x6448,9797 Dyer Corners Suite 365,Vazquezton,KS,43836,US,WHOLESALE,250000,NET60,ACTIVE,2021-08-09,2026-04-30T04:36:50.726872
CUST-000466,Russell LLC,Daniel Gonzalez,kproctor@jensen-mccarty.info,519-252-9635,702 Bailey Estates Apt. 763,Evansland,PR,41659,US,GOVERNMENT,5000,PREPAID,ACTIVE,2023-10-16,2026-04-30T04:36:50.726872
CUST-000467,"Oliver, Hansen and Hudson",James Livingston,psandoval@compton-molina.com,001-534-641-4916x9993,743 Wiley Greens Apt. 882,East Brandon,MA,66103,US,WHOLESALE,100000,COD,ACTIVE,2024-11-24,2026-04-30T04:36:50.726872
CUST-000468,Jacobs Group,Colleen Johnston,cory21@cuevas.info,(702)517-0754,655 Mcbride Curve Apt. 030,West Joshuachester,PR,40397,US,RETAIL,100000,NET15,ACTIVE,2024-07-27,2026-04-30T04:36:50.726872
CUST-000469,Hernandez PLC,Anthony Johnson,daniel13@shields.com,596.335.9570x86199,584 Jordan Islands Suite 631,East Sarahside,MN,06800,US,ECOMMERCE,100000,PREPAID,SUSPENDED,2023-01-24,2026-04-30T04:36:50.726872
CUST-000470,Zamora-Lee,Timothy Yang,hodgejames@carter-baker.com,+1-710-443-7968x6800,9021 Kim Heights Apt. 743,West Jaredmouth,AR,20838,US,ECOMMERCE,5000,COD,ACTIVE,2023-04-08,2026-04-30T04:36:50.726872
CUST-000471,"Bauer, Davenport and Valentine",Robert Lynch,robert52@walton-blair.com,232.482.9302,9133 Jerry Forges Apt. 467,Jonesville,TN,56570,US,RETAIL,250000,COD,ACTIVE,2025-03-16,2026-04-30T04:36:50.726872
CUST-000472,Cantu-Smith,Brenda Mendoza,karen53@brown.com,223-598-4723,202 Ellis Union Apt. 172,Lake Laura,LA,07332,US,ENTERPRISE,250000,NET30,ACTIVE,2024-07-01,2026-04-30T04:36:50.726872
CUST-000473,Gonzales Ltd,Ronald Guerrero,gblair@may-vazquez.com,961-499-2406x583,258 Hector Island Apt. 956,Changport,VT,33887,US,RETAIL,25000,NET60,INACTIVE,2025-08-21,2026-04-30T04:36:50.726872
CUST-000474,"Stevenson, Valentine and Washington",Jocelyn Hammond,bauercory@miller.com,678.203.5869x01707,251 Benson Fall,Jillville,NM,13873,US,RETAIL,100000,NET15,ACTIVE,2022-10-17,2026-04-30T04:36:50.726872
CUST-000475,Thomas Group,Nicole Wright,bwhite@vincent-hernandez.com,(626)654-9633x0833,0488 Romero Prairie Suite 047,Port Gabrielstad,RI,90038,US,RETAIL,25000,PREPAID,ACTIVE,2024-07-14,2026-04-30T04:36:50.726872
CUST-000476,"Cohen, Jones and Miranda",Richard West,claire26@walters-clark.org,001-456-234-2777x5225,65812 Anthony Land Apt. 294,North Marcuschester,IL,06011,US,WHOLESALE,250000,COD,INACTIVE,2022-08-13,2026-04-30T04:36:50.726872
CUST-000477,"Stewart, Todd and Haynes",Jeffrey Ford,debbiejackson@sharp.com,(561)254-9808x51331,9832 Lori Corner,Port Edwin,MP,23162,US,GOVERNMENT,250000,NET60,ACTIVE,2021-12-21,2026-04-30T04:36:50.726872
CUST-000478,Curry-Dixon,Ashley Watson,mollystephens@porter.com,001-291-885-4880x64420,877 Sanchez Island,Kimberlyfurt,SC,53156,US,RETAIL,250000,COD,ACTIVE,2023-09-21,2026-04-30T04:36:50.726872
CUST-000479,Curry-Hampton,Jeffrey Anderson,donna19@espinoza.com,(413)620-4104,47891 Thomas Ridges,Hernandezchester,OR,80377,US,ENTERPRISE,10000,NET30,ACTIVE,2023-09-08,2026-04-30T04:36:50.726872
CUST-000480,"Vazquez, Davis and Martin",Ashley Dunn,robinsonryan@smith-watts.com,001-500-305-3285x386,0524 Olivia Freeway,West Angelaburgh,MT,81234,US,RETAIL,25000,NET15,SUSPENDED,2022-10-12,2026-04-30T04:36:50.726872
CUST-000481,"Osborne, Saunders and Brown",Joseph Reynolds,pavila@thompson.com,896.933.7618x51862,68410 James Shore,East Rachel,VT,80294,US,GOVERNMENT,100000,COD,ACTIVE,2022-08-15,2026-04-30T04:36:50.726872
CUST-000482,Nunez PLC,Courtney Hurst,umclaughlin@rice.com,(377)661-0659x2088,92797 Wilson Parkway,West Tarachester,OR,70393,US,RETAIL,250000,NET60,ACTIVE,2023-06-05,2026-04-30T04:36:50.726872
CUST-000483,"Schwartz, Bell and Jimenez",Alice Moran,jacquelinebennett@ashley.com,+1-459-712-5734x989,94607 Tanner Prairie Apt. 747,Port Christina,NE,77868,US,ENTERPRISE,5000,NET15,ACTIVE,2023-12-01,2026-04-30T04:36:50.726872
CUST-000484,Duran PLC,Kari Hart,rparker@scott-bell.org,001-646-341-8398,3478 Clark Street Apt. 649,West Kellytown,WY,79790,US,RETAIL,25000,COD,ACTIVE,2022-09-28,2026-04-30T04:36:50.726872
CUST-000485,"Bowman, Drake and Liu",Christopher Houston,martindonald@williams-ross.net,+1-200-582-4845x813,7488 Christine Street,Greenville,OH,46065,US,GOVERNMENT,50000,NET15,ACTIVE,2024-11-11,2026-04-30T04:36:50.726872
CUST-000486,Smith Group,Suzanne Williams,brandoncooper@wolf-powell.org,001-695-830-5641x84937,087 Desiree Pines Suite 260,North Crystalborough,NE,49307,US,GOVERNMENT,250000,COD,ACTIVE,2022-05-15,2026-04-30T04:36:50.726872
CUST-000487,Hall LLC,Wayne Anderson,longjoshua@blevins-hansen.biz,(824)906-2215x599,6222 Chelsea Isle,East Sarah,SD,86996,US,ECOMMERCE,25000,NET30,INACTIVE,2023-11-01,2026-04-30T04:36:50.726872
CUST-000488,Mcguire-Green,Steven Torres,gail55@walker.com,+1-735-507-1245,90036 Dominique Course,Lake Kimberlybury,WI,84399,US,GOVERNMENT,5000,COD,SUSPENDED,2022-07-17,2026-04-30T04:36:50.726872
CUST-000489,"Booker, Simpson and Coleman",Marvin Dennis,angela58@jackson-silva.com,(952)751-6185,1050 Michael Rapid,West Shaneport,KY,62316,US,WHOLESALE,100000,NET15,ACTIVE,2023-04-14,2026-04-30T04:36:50.726872
CUST-000490,Fowler-Kelly,Jeffrey Rice,daniel71@carpenter-park.org,234.549.3053x788,83611 John Row,South Sharon,NY,62686,US,RETAIL,5000,NET15,INACTIVE,2025-08-18,2026-04-30T04:36:50.726872
CUST-000491,"Preston, Burnett and Hawkins",Christopher Daniels,alecwilcox@white-sutton.com,(917)246-5353,915 Jennings Field,Joshuafurt,NM,11985,US,ENTERPRISE,25000,COD,SUSPENDED,2025-05-26,2026-04-30T04:36:50.726872
CUST-000492,Newton-Mahoney,Jennifer Frederick,jeffrey62@jacobs.biz,750-999-9900x108,083 Martin Squares,New Brookehaven,LA,38182,US,GOVERNMENT,10000,COD,ACTIVE,2022-10-09,2026-04-30T04:36:50.726872
CUST-000493,"Phillips, Hill and Pace",Elizabeth Potter,caguilar@hoffman.info,995-382-8190x22179,8839 Roach Mountain,West Karenhaven,ME,34932,US,GOVERNMENT,5000,NET15,SUSPENDED,2024-02-14,2026-04-30T04:36:50.726872
CUST-000494,Tyler and Sons,Philip Moore,ghendrix@white.com,588.956.8119,5900 Martha Mills,Raystad,MD,19874,US,GOVERNMENT,25000,NET30,ACTIVE,2026-02-02,2026-04-30T04:36:50.726872
CUST-000495,Middleton-Richards,Richard Davis,julie80@marshall.com,326.201.1939,297 Taylor Way,Michaelbury,VA,56415,US,GOVERNMENT,25000,PREPAID,INACTIVE,2021-09-07,2026-04-30T04:36:50.726872
CUST-000496,"Brown, Schmidt and Mckenzie",Savannah Love,campbellbruce@evans.info,461.958.7366,58969 Jason Garden,Lake Adrianmouth,ND,42674,US,WHOLESALE,5000,NET60,SUSPENDED,2024-12-25,2026-04-30T04:36:50.726872
CUST-000497,Richardson LLC,David Curtis,phoover@freeman.com,564-936-9028,70289 Barajas Run Suite 605,West Gregory,CO,50008,US,GOVERNMENT,5000,NET60,ACTIVE,2023-06-29,2026-04-30T04:36:50.726872
CUST-000498,Jones-Bush,Andrew Garcia,uhaley@snow.com,(640)451-0388x02730,3628 Jose Green Suite 718,New Logan,IL,03333,US,WHOLESALE,250000,NET15,ACTIVE,2026-03-21,2026-04-30T04:36:50.726872
CUST-000499,Andrews-Williams,David Avila DVM,hudsonglen@gallagher.info,001-545-251-3587x27174,811 Combs View Suite 034,New William,NC,09021,US,GOVERNMENT,100000,NET30,SUSPENDED,2025-08-21,2026-04-30T04:36:50.726872
CUST-000500,Harris-Harrison,Heather Hunt,jasoncampbell@cole-calderon.com,809.209.1538,262 Baker Expressway,West Carlosburgh,VI,30994,US,WHOLESALE,250000,COD,ACTIVE,2022-01-18,2026-04-30T04:36:50.726872
